:1000000000000220097E0000317E0000090E000081
:10001000357E0000377E0000397E000000000000C1
:100020000000000000000000000000003B7E000017
:100030003D7E0000000000003F7E0000417E000089
:10004000AB750000215200002D290000ED2E0000AC
:10005000FD2E0000437E000091270000812A000051
:10006000E92C0000F92C0000437E0000437E0000D4
:10007000437E0000437E0000437E0000437E00007C
:10008000437E0000350A0000437E0000437E0000EE
:10009000D10A0000437E0000437E0000437E000042
:1000A000437E0000437E0000437E0000437E00004C
:1000B000492A0000437E000000000000000000000C
:1000C000437E0000592A0000437E0000392C0000C6
:1000D000597B0000437E0000437E0000437E000009
:1000E000553D00000000000000000000000000007E
:1000F00000000000437E000000000000437E00007E
:1001000000000000000000000000000000000000EF
:1001100000000000000000000000000000000000DF
:1001200000000000000000000000000000000000CF
:1001300000000000000000000000000000000000BF
:1001400000000000000000000000000000000000AF
:10015000000000000000000000000000000000009F
:10016000000000000000000000000000000000008F
:10017000000000000000000000000000000000007F
:10018000000000000000000000000000000000006F
:10019000000000000000000000000000000000005F
:1001A000000000000000000000000000000000004F
:1001B000000000000000000000000000000000003F
:1001C000000000000000000000000000000000002F
:1001D000000000000000000000000000000000001F
:1001E000000000000000000000000000000000000F
:1001F00000000000000000000000000000000000FF
:100200000348044B834202D0034B03B118477047A5
:10021000E4090020E4090020000000000548064928
:100220000B1AD90F01EBA301491002D0034B03B104
:1002300018477047E4090020E4090020000000008E
:1002400010B5064C237843B9FFF7DAFF044B13B11E
:100250000448AFF300800123237010BDE80900209B
:1002600000000000981D010008B5044B1BB10449B3
:100270000448AFF30080BDE80840CFE7000000006D
:10028000EC090020981D0100A3F5803A704700BFDB
:10029000154B002B08BF114B9D46FFF7F5FF0021C2
:1002A0008B460F461148124A121A07F0ABFF0C4B4F
:1002B000002B00D098470B4B002B00D09847002014
:1002C000002104000D000B4807F0E2FD07F02EFEB0
:1002D0002000290000F08CF807F0E0FD0000080085
:1002E000000000000000000000000220E8090020DB
:1002F000841E0020BD7E000000B58BB00DF10F0301
:10030000069344F20103ADF81C30012300218DF85F
:100310000F008DF81E300E4800910DF11703089361
:1003200044F20113ADF8243000688DF81710022351
:1003300006AA8DF8261002F097F9014610B105487B
:1003400007F0C2FF9DF817000BB05DF804FB00BF7B
:10035000040A0020ACF3000008B5054B186000202B
:10036000FFF7CAFFBDE808400146024807F0ACBFEE
:10037000040A0020D0F3000038B50320FFF7BCFFCB
:1003800005460420FFF7B8FF40EA05208511052047
:10039000FFF7B2FF04460620FFF7AEFF40EA042055
:1003A000841122461148294607F08EFFB5F5FA7FE1
:1003B00006DD312C15DDB4F57A7F09DD022006E07B
:1003C000312D10DCB4F5FA7FD4BF0520032038BDF1
:1003D000B5F57A7F07DDB4F5FA7FD4BF0520042098
:1003E000F5E70120F3E70520F1E700BFE2F30000A5
:1003F0002DE9F0413848394D394F3A4EACB007F04D
:1004000063FF394B0FCB08AC84E80F001A2220237E
:10041000CDE908232146002334488DF82C3002F022
:10042000B7F83248FFF798FF314807F04DFF03F067
:1004300052FF304807F048FF0B2003F039FF4AF61F
:10044000CD3302A8ADF8083003F041FF2A4807F089
:100450003BFF2A4A1068516804AB03C304A803F0A9
:1004600038FF274A1068516806AB03C345F0010501
:10047000FFF782FF03AB00248DF80E00009306AA5D
:100480000CAB02A904A88DF80C408DF80D4000F0CB
:100490004FF8384607F018FF0DF130089DF830305E
:1004A000023BA3420FDC01210CA803F039FF88B9FD
:1004B000144807F009FF4FF47A744FF47A40A847C4
:1004C000013CFAD1D4E718F8011B304607F0FCFED6
:1004D0000134E3E70C48ECE7FAF30000B0F4000065
:1004E00042F400004DF400009CF40000B8F4000059
:1004F0000AF400001FF400002FF4000088F400004C
:1005000091F4000053F4000072F40000014807F079
:10051000DBBE00BFD0F40000014807F0D5BE00BF2D
:10052000DCF40000014807F0CFBE00BFF1F400008A
:10053000F8B51C461C23237001236370CC23A370E1
:100540000023E370FF232371637106460F46A01D4D
:1005500011460822069D07F03FFD0222394604F1AC
:100560000E0007F039FD0822314604F1100007F0B3
:1005700033FD2B7823766B786376AB78A376F8BD62
:1005800010B50368292B044604D9074940F2CD1061
:1005900000F054FC23681F2B83BF03F01F030348A4
:1005A00023604FF0A04010BD09F50000000300508B
:1005B00007B5019001A8FFF7E3FF019A01239340DB
:1005C000C0F80C3503B05DF804FB07B5019001A835
:1005D000FFF7D6FF019A01239340C0F8083503B016
:1005E0005DF804FB38B5054D044645F001054FF4B0
:1005F0007A40A847013CFAD138BD00BF20FC00007A
:100600002DE9F3413D4F3E4E0524022517F8013BED
:10061000019301A8FFF7B4FF019B03F5E07340F8D5
:10062000235001A816F8013B0193FFF7A9FF019B96
:1006300003F5E073013C40F82350E7D1152501A8EC
:100640000195FFF79DFF019B03F5E07340F2032640
:1006500040F82360132401A80194FFF791FF019B48
:1006600003F5E07340F2031840F823601C2601A84C
:100670000196FFF785FF019B03F5E0731E2740F805
:10068000238001A80197FFF77BFF019B03F5E0732F
:1006900040F823802846FFF798FF2046FFF795FF94
:1006A0003046FFF785FF3846FFF782FF1C20FFF733
:1006B0007FFF1E20FFF77CFF4FF4FA70FFF792FFD9
:1006C0001C20FFF782FF1E20FFF77FFF3220FFF77D
:1006D00089FF1C20FFF76CFF1E20FFF769FF4FF416
:1006E000FA70FFF77FFF1C20FFF76FFF1E20FFF758
:1006F0006CFFFA20FFF776FFD8E700BFADFB0000E4
:10070000A8FB00007FB506460D46144672B601F000
:1007100007FB01F045F90028FBD1134807F0D4FD91
:1007200044F201039E420AD044F202039E4215D1D4
:10073000228861680D4807F0C7FDFFF761FFA168D7
:100740000391084601F016FE2368019500930246C6
:1007500063680399064807F0B7FDEEE729460548A8
:1007600007F0B2FDE9E700BF4CF5000065F50000B9
:1007700080F50000AAF500002DE9F743054601F0D9
:10078000CFFA01F00DF90028FBD12A4C2A482B4B57
:10079000241AE40824049E6A44F00104002D44D085
:1007A000AA692749204601F06DFAEB680193AB680E
:1007B0000093D5E900232349204601F078FAEB693C
:1007C0000093D5E904232049204601F064FA1B4B2D
:1007D000DB6A990703D51D49204601F04FFADFF87F
:1007E0007C80DFF87C900025012707FA05F333426F
:1007F00006D058F825201AB14946204601F042FAA1
:1008000001351A2DF1D1320605D50C4B10495A6B22
:10081000204601F037FA330405D5084B0D499A6B91
:10082000204601F02FFAFFF7EBFE0B49204601F0BE
:1008300025FACCE7EC1D01009C1D010000ED00E055
:10084000C4F50000D9F500000EF6000069F60000BE
:10085000B8F60000D8F6000036F60000B4FB000041
:10086000ADF600007047704770477047704770479B
:1008700038B50E4B1B680021986807F05FFD4FF4F8
:100880000041002001F032F818B1094A142100F0AB
:10089000BBF8084D00F052FF0A2445F001054FF463
:1008A0007A40A847013CFAD138BD00BF280000209B
:1008B00026FC000080FC00007047000007B5044BD8
:1008C0000093044A402300F0D7FE03B05DF804FB18
:1008D0002D090000390A002030B50F4D0FCD89B029
:1008E0006C460FC495E80F0084E80F000622282309
:1008F000CDE9002309480A4B06930022694600F01F
:100900006FFC18B1074A462100F07EF8064B002222
:100910001A7009B030BD00BFDCFC000000000020F0
:1009200000509D0086FC0000380A002038B50E48B3
:100930000E4C0F4D002323700378EB5CD2B273B1E1
:10094000043003F08FFB18B10A4A562100F05CF81E
:10095000094B1A7812B12378002BFBD038BD0C302C
:1009600003F024F8EFE700BF00000020790A002020
:10097000C40B002086FC0000380A002008B5084897
:10098000084A0378D35C33B1043003F0E9FABDE8D8
:100990000840FFF7A1BF0C3002F09CFFF7E700BF53
:1009A00000000020C40B0020FFF796BF10B50848D8
:1009B000D4B20378074AD35C224623B1043003F053
:1009C00051FB204610BD0C3002F0F0FFF9E700BFEC
:1009D00000000020C40B002008B50948094A03782C
:1009E000D35C012243B1043003F0B8FB00280CBFF4
:1009F00001204FF0FF3008BD0C3003F047F8F5E759
:100A000000000020C40B002000B583B002900091CC
:100A1000019244F2010071466A46FFF773FE03B08B
:100A200000BD0000024B4FF43C6043F00103184747
:100A300010FD0000F8B51F491F4B0025C1F84051BB
:100A4000C1F84451C1F84851C1F84C51C1F80051A6
:100A5000C1F804511B684BB3D1F804451749096824
:100A6000641A24F07F442F461A68A24209D8A41AB7
:100A700015441A7CDE691AB1D3E905201F7490472A
:100A8000AEB90F4A0F4B11781B788B4205D1013359
:100A9000DBB2022B08BF0023137012780A4B43F815
:100AA00022500A4B4FF48012C3F80021F8BD3346A0
:100AB000DAE700BF001001409C0B0020980B0020DB
:100AC000950B0020940B00208C0B002000E100E02F
:100AD0002DE9F04FA14AA24913780978A14D994216
:100AE00085B03CD00133DBB2022B08BF002313706A
:100AF0009D4912789D4B0F6853F822003B1823F054
:100B00007F4300220B602B6816461446944613B9A7
:100B100042B12B6006E0196881420ED902B12B6008
:100B2000091A196001272B68DFF848A201934FF0DA
:100B30000008BEB9DFF844B262E0401A0C44D9683C
:100B4000D3F81CE0C3F800C031B13A1922F07F425B
:100B5000C3E90121DE611E4673460122D7E7002664
:100B60003746E0E73446F6697F4B60681B68DFF87C
:100B700010C2A168C21A22F07F42624500F2A8802A
:100B80000A442260012222742A680023C4E9013346
:100B9000E361002A40F0A5802C60CAE79BF80210B0
:100BA0005A1CD2B291428BF8002004BF00228BF86D
:100BB0000020182202FB03B32A6819799C680229D5
:100BC00077D0032900F08180012919D1207CB8B9A0
:100BD000D96861601A69A2605A69E2609B69A36181
:100BE000634B1B78002B18BF01466160BCE78C4249
:100BF00000F091808946C9690029F8D10023237447
:100C00009BF800309BF801209A42C7D12B68B8F1BD
:100C1000000F04D1019A9A4201D1002F43D0002B3A
:100C200041D0D3F800A0534D4F4BD5F804751C6844
:100C3000DFF850813E1B98F8003026F07F460336DF
:100C40009BB94FF48033C5F84433C5F804334A4B9D
:100C50004FF40032C3F880211A604FF00109C5F843
:100C60000090FFF7DFFE88F80090B2452CBF544497
:100C7000A41924F07F44C5F84045D5F80435DB1BA2
:100C800023F07F43E41B033324F07F44A3420AD9BB
:100C9000D5F80435C5F84035FFF7C4FE364B4FF4A0
:100CA0000032C3F80021324B00221A7005B0BDE8B3
:100CB000F08F114691469FE71174D2690123002AF3
:100CC000FAD1002B9CD02A609AE700231946F6E758
:100CD0001B1A23F07F438B4234BFCB1A00232360BF
:100CE00050E721681368994213D85B1A1360E261D8
:100CF00052E7091AD8691A4638B10346186888427B
:100D0000F7D3401A1860184613462160E061DC6191
:100D10000FE71346F2E74C4511D1D3692B6073B945
:100D2000DFF844E00120CDE90212CAF80800CEF84D
:100D300000300F4B1870FFF775FEDDE902120B68EB
:100D4000C969C9F81C1011B1086803440B602B680D
:100D5000934218BF4FF0010850E700BF940B0020EA
:100D6000950B00209C0B0020980B00208C0B002082
:100D7000880B00200010014000E100E07C0A002008
:100D8000FEFF7F00890B002072B6024A1368013310
:100D900013607047A00B0020034A1368013B1360E7
:100DA00003B962B6704700BFA00B0020EFF30583C4
:100DB000C3F308032BB9EFF31480C04300F0010024
:100DC000704701207047000008B5FFF7EFFF0128CA
:100DD00003D00449432000F031F8BDE80840FFF794
:100DE000D3BF00BF16FD000008B5FFF7DFFF0128E5
:100DF00003D00449512000F021F8BDE80840FFF776
:100E0000CBBF00BF16FD00001EF0040F1CBFEFF3A8
:100E100009800AE0EFF308800549064A884201D8B4
:100E2000904202D88D464FF00000034B1847000057
:100E30000000022000E001207907000007B5ADF8AE
:100E4000000001916A46002144F20200FFF75AFCBB
:100E500003B05DF804FB10B5034653E8000F0A46E3
:100E600043E8002494F0000FF7D110BD10B50346FD
:100E700053E8002F42EA010043E8000494F0000F19
:100E8000F6D110BD10B5034653E8000F00EA010289
:100E900043E8002494F0000FF6D110BD10B50346CE
:100EA00053E8002F02EB010043E8000494F0000F28
:100EB000F6D110BD10B5034653E8002FA2EB010098
:100EC00043E8000494F0000FF6D110BD0121FFF7B4
:100ED000CDBF0021FFF7D6BF10B50446002834D09F
:100EE00003681BB91A49FF20FFF7A8FF636823B9FD
:100EF00017494FF48070FFF7A1FFA36823B9144985
:100F000040F20110FFF79AFFE36823B910494FF44C
:100F10008170FFF793FF238A23B90D4940F2031034
:100F2000FFF78CFFD4E9012321689B1ADBB20A602A
:100F3000013BDBB2FF2B226802D10020107110BDF3
:100F40001168481C10600B70F2E70E20F7E700BF35
:100F50006BFD000038B5044620B912494FF4927079
:100F6000FFF76CFF0020FFF72FFF2268616813680E
:100F70008B4215D9591E116013F8013C228AE5688D
:100F800002FB03552268A36811685B1A1179DBB272
:100F9000994200D213710020FFF726FF284638BD82
:100FA0000025F8E76BFD000038B50C46054620B972
:100FB0000E4940F24710FFF741FF24B90B494FF4A7
:100FC000A470FFF73BFF0020FFF7FEFE2A681368BE
:100FD000591C1160E968641A298AB4FBF1F41C7089
:100FE000BDE838400020FFF7FFBE00BF6BFD0000EA
:100FF0001FB503788DF800308388ADF8043083681E
:101000008DF80630C3688DF8073003690293436991
:10101000054A0393054B684653F8213052F82110D6
:10102000984705B05DF804FBA40B0020AC0B002032
:1010300010B50368292B044604D9074940F2CD10A6
:10104000FFF7FCFE23681F2B83BF03F01F03034839
:1010500023604FF0A04010BD09F5000000030050D0
:1010600007B5019001A8FFF7E3FF019A0123934020
:10107000C0F8083503B05DF804FB0000024B4FF4E4
:10108000807043F001031847D0FD00002DE9F743BD
:10109000154690F80080354A42F82850344A42F804
:1010A00028304B7B06460C4683B30B684FF0A047B5
:1010B00003F5E07340F20C6247F823204B6803F518
:1010C000E0734FF0010947F823200868FFF7C8FFD5
:1010D0006068FFF7C5FF236803F5E07340F20D6217
:1010E00047F82320636803F5E07347F82320FFF7F0
:1010F000C5FF00276368019301A8FFF799FF019AD4
:10110000D0F81035D340DB070CD5FFB9194A002DB4
:10111000434608BF2A462146301D03B0BDE8F043D0
:1011200001F0F4BE2368019301A8FFF781FF019B42
:1011300009FA03F3C0F80C35FFF7A0FF0137206868
:10114000FFF78EFFFFF79AFF092FD3D16368019352
:1011500001A8FFF76DFF019A01239340C0F80C35F9
:10116000FFF78CFF6068FFF77BFFCFE7AC0B002039
:10117000A40B0020F10F00001FB503788DF800309C
:101180004368019383688DF80830C368054A039368
:10119000054B684653F8213052F82110984705B0A6
:1011A0005DF804FBB40B0020BC0B00201FB50378D6
:1011B0008DF800304368019383688DF80830C36868
:1011C000054A0393054B684653F8213052F8211025
:1011D000984705B05DF804FBB40B0020BC0B002061
:1011E000F0B5194B90F800C0DFF86CE043F82C2004
:1011F000164B16460A6943F82C204B7F0EF80C302C
:101200000C4607460FCC89B06D460FC594E80F0019
:1012100085E80F003B78CDF810C01EF803304BB1C5
:10122000002E0B4A694608BF3246381D02F09AFD6F
:1012300009B0F0BD002E074A694608BF324607F1E3
:101240000C0002F057FAF3E7BC0B0020B40B0020AF
:1012500079110000AD110000C40B002010B5044648
:1012600018B906493120FFF7E9FDA2682AB1636980
:101270002168206998470023A36010BDD6FD0000B7
:101280000EB433B5059D044618B911494220FFF745
:10129000D5FD63691BB90E494320FFF7CFFD2368D5
:1012A0001BB90B494420FFF7C9FD63681BB9084906
:1012B0004520FFF7C3FD35B106AB01AA29462046FC
:1012C000019300F071F802B0BDE8304003B0704700
:1012D000D6FD0000826830B40468551C8560A154B6
:1012E000D0E901329A4202D330BCFFF7B7BF30BC1D
:1012F000704700002DE9F84F9846DDE90A4315468E
:1013000082460F460A464FF00109AA420FD2C14554
:1013100038BFC14613F0010B01D16CB9002401267E
:10132000B8F1010F1BD908F1FF386E43F8E709F156
:101330000109B2FBF5F2E8E79B070ED5B8F1000F03
:101340000CBF30262026A145E9D2013C314650464B
:10135000FFF7C0FF002CF6D1E0E72026F3E7B7FB4C
:10136000F6F39D42E1D9DFF83C80B7FBF6F3504637
:1013700018F8031006FB1377FFF7ACFF3346AB42B8
:10138000B6FBF5F6F1D2BBF1000F02D00CB1A145CE
:1013900001D3BDE8F88F20215046013CFFF79AFFAA
:1013A000F4E700BF69FE00002DE9F74F88461746B5
:1013B000054620B9AF4940F25220FFF73FFD6B6967
:1013C00023B9AC494FF41570FFF738FD2B6823B9EA
:1013D000A84940F25520FFF731FD6B6823B9A549B4
:1013E00040F25620FFF72AFDB8F1000F00F03E81D1
:1013F00018F8011B49B92B7B002B00F037812846D8
:1014000003B0BDE8F04FFFF729BF252940F0B780B2
:10141000002698F800302D2B424608F1010823D011
:10142000302B24D02B2B25D000242A2B02F10101B4
:1014300023D13B681A1D3A601B680A461C44137886
:101440002E2B26D101324FF0000A104610F8011B56
:10145000A1F1300CBCF1090F1DD80A2303FB0A13BC
:10146000A3F1300A0246F0E746F00106D1E746F064
:101470000206CEE746F00406CBE711F8013CA3F1E3
:1014800030000928DBD80A2202FB0434303C0A462B
:10149000CBE74FF0000A12F8011B01F0FB006828AF
:1014A0009046F8D0782909D86F290CD8632962D0E2
:1014B00022D8252963D0582900F0888098F8003078
:1014C000002B95D197E770390829F7D801A353F875
:1014D00021F000BF47160000BD140000BD1400003D
:1014E000DD150000BD140000BB150000BD14000098
:1014F000BD140000CD150000642901D06929DDD19B
:101500003A68111D3960D2F8009089EAE972A2EBBD
:10151000E9724FF0010B092A35DCD34538BFD346B9
:101520002CB1B9F1000F01DB720700D5013CB30704
:1015300002D5BAF1000F03D0F00701D44CBB002450
:10154000B9F1000F2DDAC9F100092D212846FFF766
:10155000C1FE06F00302022A04D1BAF1000F01D144
:101560001CBB0024CDE9004653460A2249462846C2
:10157000FFF7C0FEA2E73B681A1D3A6019782846BB
:10158000FFF7A8FE9AE70A230BF1010BB2FBF3F277
:10159000C1E7A345D4D220212846013CFFF79AFE9B
:1015A000CCE77107D5D52B21D0E7A345DAD230217E
:1015B0002846013CFFF78EFED2E73968CDE90046A8
:1015C0000A1D3A6053460A220968D0E739680A1DA5
:1015D0003A60CDE9004653461022F5E73B681A1DF4
:1015E0003A6016F00106D3F8009024D1B9F1000F4B
:1015F00003D0484606F064FF0646B4421DD809F100
:10160000FF3919F8011F00293FF458AF2846FFF7AA
:1016100061FEF6E728460136FFF75CFE19F8061072
:101620000029F7D1A642BFF449AF20212846013C4A
:10163000FFF750FEF6E70026F0E720212846013CA0
:10164000FFF748FED9E73B681A1D3A60302128466B
:101650001C68FFF73FFE78212846FFF73BFE00227B
:101660000823CDE900322146102280E703B0BDE80F
:10167000F08F00BF1CFE0000F0B595B01D46164669
:1016800008460C4600F01FFD1A9B0D93CDE9086536
:1016900000252B46082205A920460A958DF82C50D6
:1016A0000C9500F037FD079B0293069B03939DF872
:1016B00014308DF8115003F00302012A1DD1BDF83A
:1016C0001420059DC3F3C203C2F383168DF81030B6
:1016D000B20008230EA9204600F01CFDC5F3952595
:1016E00008AB0093324602AB0EA9284600F08CFBF3
:1016F000204600F0ECFC15B0F0BD022AF8D1BDF890
:101700001650C3F3C203C5F389158DF810300827AE
:10171000082D2E4628BF08263B4632460EA92046F5
:1017200000F0F8FCAD1B08AB02AA31460EA8374406
:1017300000F0CEFB002DEBD1DAE7000008B5FFF793
:1017400033F90748042100F0C1FA002803DA0549FB
:101750004820FFF773FB044B01225A7108BD00BFFC
:101760002C1E010079FE000014000020037813F005
:10177000040216D003F00303012B03D0022B09D07F
:10178000012070470A6800880232C0F383100244C7
:101790000A60F5E70B684288023303EB92130B6093
:1017A000EEE71046704700002DE9F04FDFF838A152
:1017B0000F4687B00446861C00201546FFF704FB41
:1017C000DAF800103960DAE90132134401335B1AA8
:1017D0000AF21C470AF583690AF21448B3421BD384
:1017E0000020002D7AD004F00F039B0143F0050385
:1017F00063F30F00DAF80020DAF8083013400333FF
:1018000032444AF823000020CAF80020FFF7ECFA1F
:10181000012007B0BDE8F08F01213846FFF73EFBFD
:101820004846FFF753FB4046FFF750FBDAF8040049
:10183000DAF808B0029000EA0B0003300AEB8000EF
:1018400002A9FFF793FF029B0246F8B90BEA0301D6
:101850000AEB810103F1020CC8680390013303EA2B
:101860000B0B0AEB8B0B00F003000128DBF80C10CC
:10187000CDF808C02AD002280BD01A49019240F2B4
:101880008910FFF7DBFA019A93460CE00BEA03009C
:10189000D3E7BDF80E30C3F3891303334FEA114B7E
:1018A0000CEB930302934046FFF713FB10B1029B2E
:1018B000CAF8043059463846FFF7F0FADAE901234E
:1018C0001344DAF8002001339B1A87E7BDF80C3087
:1018D000C3F383134FEA114B6344E3E7A40544F0D9
:1018E000060087E7E9FE0000980C00200B4B0C482F
:1018F000FF2210B59A600022C3F81824C3E9002221
:10190000C3F81424012283F8202400F095FB044638
:1019100010B9044800F002FD204610BD980C0020CC
:10192000041E010058FF000030B50A4C71B10A4A8C
:101930000A49121BD20800239A4201D1002030BD6F
:1019400031F82350854202D00133F5E7034654F8BD
:101950003300F4E79C1D0100041E0100E40900208F
:10196000094B013903EBC000032909D8DFE801F076
:101970000A020406042070470079704740797047D6
:1019800000207047022070479C1D0100034BD3E9E3
:101990000030C31A58425841704700BF980C0020CD
:1019A0002DE9F04385B0FFF7F1FF0646002840F02F
:1019B000FA807E4CC4F81804BFF34F8F6368A568A3
:1019C00000932B40033304EB83006946FFF7CEFE00
:1019D000009B18B1D4F81824002A62D005EA03024B
:1019E000991C013304EB82022B4004EB8303D26881
:1019F000DB68029302F00303022B0192009163D192
:101A0000BDF806306A48C3F38917502FB84628BF7F
:101A10004FF0500808F1080168F38F13C1F3090172
:101A2000ADF8063000F020FB0646002800F0A68046
:101A300000F049FB0023082201A9304600F056FBC4
:101A4000009925EA01020132B8EB820F4FEA8203C6
:101A500033D95FFA88F863B32940DDB2A8EB0508F3
:101A600003315FFA88F9A846524D04EB810108233F
:101A70004246304600F03AFB3DB108F10803DBB2C4
:101A80004A462946304600F031FB009B033703EB02
:101A900097070097D4F81834002B4BD1D4F8105482
:101AA0005BE0226893428CD36260304605B0BDE8AB
:101AB000F08340491D469946D9E729400331082360
:101AC000424604EB8101DDE7012B57D1BDF804301C
:101AD0003748C3F38311062928BF062161F3891310
:101AE000023101F00F018900ADF8043000F0BCFABA
:101AF0000646002842D000F0E6FA0023082201A999
:101B0000304600F0F3FA0027BDF80420C2F3831238
:101B1000BB00974203F10803BCD200994A1C29403C
:101B20000331009204EB81010422304600F0DEFA1A
:101B30000137E9E7304600F0CAFAFFF727FF80F0E7
:101B40000100C6B2B1E7EB685B7923B12B6831467F
:101B50001B6828469847EB681D68002DF3D1304676
:101B600000F0B5FA2846FFF72FF9D4F818340BB96E
:101B7000009B63600020FFF737F9DEE7D4F81044DC
:101B800054B90D4B0D480E49C01AC008000440F06E
:101B9000020000F073F8D0E7236820469B6898475E
:101BA000E3681C68ECE700267FE700BF980C002084
:101BB000041E0100A40C00209C1D0100EC1D01006E
:101BC00040FF00002DE9F74F274E04460F4691468F
:101BD00001A901221846D6F808A09846FFF7E4FDAF
:101BE00078B3019D0023A81C434503EB000132D1CB
:101BF00000211E48FFF72FF94FEA144980F3100B1C
:101C00001B4B1C4A9B1AB9EBD30F04D31A494FF450
:101C1000D770FFF713F96B1C03EA0A03E40006EB25
:101C2000830304F0380449EA0B4005EA0A0544F04E
:101C30000104D860033544EA881343EA872346F851
:101C4000253096F820341BB1FFF7AAFE0028FBD1FF
:101C500003B0BDE8F08F0AEA010106EB810159F8F3
:101C60002320CA600133BFE7980C0020B410002085
:101C7000041E01009C1D0100E9FE000000231A461D
:101C8000FFF7A0BF07B50123019201AAFFF79AFF52
:101C900003B05DF804FB1FB5CDE90123069B039358
:101CA00001AA0323FFF78EFF05B05DF804FB1FB503
:101CB000CDE90023069B0293079B03936A46042306
:101CC000FFF780FF05B05DF804FB000030B5134955
:101CD000D1F810440346002022464AB9DC6820713E
:101CE000D1F8104454B9C1F81034DB681A6030BD23
:101CF000D268157985420AD01268EEE7E468DA689E
:101D000024681460D1F81024D2681360EFE7013022
:101D10000A28E1D14FF0FF30E9E700BF980C00201E
:101D200038B5084B0125D3F8104483F8205404B982
:101D300038BDE3685D71236820465B689847E368B7
:101D40001C68F4E7980C002030B5C38885B00446C1
:101D50000D4633B1144A00921449154A2846FFF73C
:101D60008FFA217A05291DD0637A4BB1A088FFF73D
:101D7000F7FD104B104953F820202846FFF780FA52
:101D8000227A0E4BA08853F8222003920021FFF7FD
:101D9000CBFD039A0A490346284605B0BDE830400A
:101DA000FFF76EBA05B030BD84FF00006CFF000085
:101DB00064FF0000F0FF000089FF00001400010034
:101DC0008CFF000007B503460846197A052911D093
:101DD0005B7A2BB1094A0A490190FFF751FA019841
:101DE00008490190FFF74CFA019803B05DF804EB45
:101DF000FFF734BA002AF8D0F2E700BF84FF0000F2
:101E000089FF000081FF00002DE9F04385B01F46E7
:101E10000C9D002395F80C902B7306460C469046BB
:101E200029463846FFF790FFB8F1060F09D8DFE8DA
:101E300008F00412181F2833400031462846FFF7E7
:101E40001FFA002229463846FFF7BCFF85F80C90A0
:101E500005B0BDE8F083226831462846FFF710FA46
:101E6000EFE7D4E9002331462846FFF709FAE8E70F
:101E7000A36800933146D4E900232846FFF700FA0F
:101E8000DFE7E3680193A36800933146D4E90023B8
:101E90002846FFF7F5F9D4E723690293E368019335
:101EA000A36800933146D4E900232846FFF7E8F9F8
:101EB000C7E76369039323690293E3680193A36807
:101EC00000933146D4E900232846FFF7D9F9B8E753
:101ED00008292DE9F84F80460E4617461C463DD886
:101EE000002593F80C901D7319461046FFF72CFF40
:101EF000DFF890A0DFF890B0AE4231D918F8052095
:101F000059462046FFF7BCF90135082DF4D11A498E
:101F10001A4DDFF878A02046FFF7B2F94FF0000B1A
:101F20005E4524D918F80B207E2A1ED8511C144B6C
:101F3000C9B2C95C11F0970F08BF2E225146204646
:101F4000FFF79EF90BF1010BBBF1080FE8D101225D
:101F500021463846FFF736FF84F80C90BDE8F88F2D
:101F600051462046FFF78CF9CEE72E22E6E72946B8
:101F70002046FFF785F9E5E7A0FF00009EFF00007F
:101F8000441A01009CFF000096FF0000A2FF000021
:101F90002DE9F74F99469DF83030009388469346D7
:101FA000064618B92349B620FEF748FFF288717932
:101FB0004A43043A4A4505D81E490192C420FEF717
:101FC0003DFF019ADBF80070B6F806A007EB0901A7
:101FD000914209F1040488BFA2EB0907B4FBFAF5AA
:101FE000CBF800700AFB154445B9AAEB040BBB45BE
:101FF00028BFBB462FB903B0BDE8F08F3668013D5E
:10200000F2E7009B043408EB050034445A466BB1F8
:102010002146A7EB0B0705F0DFFFBA455D443668A4
:10202000D3464FF0000428BFBB46E3E701462046F5
:10203000EFE700BF28000100FEF74EBFF8B5467974
:102040000146721E0546002393422D6803D30024E7
:10205000A64202D8F8BD0133F6E70F682846FEF71E
:10206000A3FF01343946F3E72DE9F843CD1C068A76
:102070000746FEF76FFF043E35440446B5FBF6F510
:10208000F0B14FF48073EDB28380C680013D0760EC
:1020900081464FF00008A84512D23846FEF75AFF95
:1020A000064648B163790133637108F10108C9F844
:1020B000000007608146EEE72046FFF7BFFF344689
:1020C0002046BDE8F88301210430FEF7E7BE10B5D5
:1020D000012104460430FEF7EDFEC0B220B92046CF
:1020E000BDE81040FFF7AABF10BD00001FB51446A1
:1020F00003920022009203AAFFF74AFF039BA34228
:1021000003D00349F620FEF799FE04B010BD00BFCE
:10211000280001001FB5144603920122009203AA71
:10212000FFF736FF039BA34204D003494FF48070AE
:10213000FEF784FE04B010BD280001000268136899
:102140005268934291BFD01A80680130801888BFCE
:10215000C01A704738B50C46054618B904498320A3
:10216000FEF76CFEAB68A3428CBF601C002038BD3C
:102170008100010038B5044618B907499820FEF7D8
:102180005DFE236820461D685968FFF7E3FF431B87
:102190005842584138BD00BF810001002DE9F0418F
:1021A0000D46044618B92C49A320FEF747FE1DB979
:1021B0002949A420FEF742FE0020FEF705FE204636
:1021C000FFF7D8FF074610B1237C002B3DD1D4F890
:1021D00000802046D8F80460D8F80410FFF7BAFF52
:1021E000C8F804002FB1276820463968FFF7B2FF0E
:1021F0003860E2686068531E072B20D8DFE803F0E0
:1022000004101F141F1F1F182B7883552046FFF73B
:1022100095FF23689A68824200D29860002415E0F6
:102220002B8820F81630F1E72B6840F82630EDE7D0
:10223000D5E9002300EBC600C0E90023E6E7294604
:1022400006FB020005F0C8FEE0E704240020FEF7CC
:10225000CBFD2046BDE8F0818100010010B50446A9
:1022600020B9064940F22B20FEF7E8FD23681868E4
:102270005B68C31A5842584110BD00BF810001007D
:102280002DE9F0410C469046054618B92249E72051
:10229000FEF7D4FD1CB92049E820FEF7CFFD002051
:1022A000FEF792FD2846FFF7D9FF002832D12F68AC
:1022B0003E68B8F1000F04D139682846FFF74AFF9D
:1022C0003860EA686968531E072B1DD8DFE803F001
:1022D000040D1C111C1C1C158B5D23700024002098
:1022E000FEF782FD2046BDE8F08131F816302380EC
:1022F000F4E751F826302360F0E701EBC601D1E99D
:102300000023C4E90023E9E706FB0211204605F09B
:1023100063FEE3E70524E2E7810001008268002311
:10232000936082681361826853618268D3608268B7
:10233000536082681360704710B50D49A1F58C7227
:10234000914201D800200FE08C1AE30F03EBE40365
:102350005B1002EBC30452F83330834205D802D23B
:1023600004F10802ECE7606810BD2146E8E700BF11
:102370008C05010008B5FFF7DFFF024B002808BFFE
:10238000184608BD60040100C0B2002348700B70FD
:102390007047000070B50D46044618B90849712011
:1023A000FEF74CFD23681A6812683AB11A681B6878
:1023B00051681B682846BDE87040184770BD00BFD3
:1023C0008C050100F0B5044687B018B92D493720B7
:1023D000FEF734FD21680A7E0B689E6806EBC20E8C
:1023E0005FFA82FC56F832609EF805309EF8047061
:1023F000D0009EF8062012F0010F4FEA530503F0BB
:10240000010337D0B3BBD1F800E09EF80CE00CF12B
:10241000010CF4452EDAD1F800C0DCF808C0083011
:1024200084449CF805C0B5EB5C0F23D10B689B6816
:102430001A1853F800C05379087E92F804E0927994
:1024400003F001030130C3F103035201C0B2DBB258
:1024500002F02002087601A904F10C00CDE9027E09
:10246000CDE9046C8DF804308DF8055000F094FE31
:1024700007B0F0BD52014FF0000C02F02002E6461A
:10248000E9E700BF8C0501002DE9F84F0E46044630
:1024900018B927498720FEF7D1FC2568DFF894900A
:1024A0004FF000080020FEF78FFC16B923681B6868
:1024B00043B9606800222946FFF7E2FE88B3C5F8F9
:1024C000008000260020FEF78FFC7EB32B681B697E
:1024D0004BBB2F1D68691022394605F04BFDA8B192
:1024E00004F10C0B584604F1080A00F0FBFD2346EA
:1024F0004A4639465046FEF7C9FD18B10C49B4208A
:10250000FEF79CFC584600F0A3FD6F6185F818802B
:102510002046FFF757FF014640B12046FFF73AFF3C
:10252000C0E70126CEE72B681F69D3E7BDE8F88F27
:102530008C0501003925000038B50C46054618B950
:102540001249D220FEF77AFC23681B681BB90F4999
:10255000D820FEF773FC287868B92268137E1168CA
:102560000133097BDBB2994206D913762046FFF787
:1025700029FF08B938BD032001462046FFF70AFFAE
:1025800020460121BDE83840FFF77EBF8C050100E1
:10259000F8B50D46044620B919494FF48470FEF78A
:1025A0004DFC636823B9164940F20910FEF746FC5A
:1025B00063689B6823B912494FF48570FEF73EFCAF
:1025C00025B90F4940F20B10FEF738FC0D4A23469F
:1025D000294604F10800FEF759FD074670B904F1D9
:1025E0000C0000F035FD23681F6095E80F00266899
:1025F000043686E80F0023681A1D5A613846F8BD74
:102600008C0501003925000037B50546019120B938
:10261000144940F22D10FEF711FC019B23B911491A
:102620004FF49770FEF70AFC019B9B6823B90D4994
:1026300040F22F10FEF702FC019B1B7B23B90949D6
:102640004FF49870FEF7FAFB686801A9FFF7A6FD42
:10265000044618B901462846FFF716FF204603B086
:1026600030BD00BF8C0501002DE9F04186B00F465A
:10267000DDF8308016461D46044620B9194940F25F
:102680004F10FEF7DBFB26B916494FF4A870FEF792
:10269000D5FB25B9134940F25110FEF7CFFB0023BB
:1026A000ADF8003001238DF8003001A90E4B0193E5
:1026B0002046CDF808D003968DF810500597FFF707
:1026C000A3FF30B106B0BDE8F081B8F1000F00D033
:1026D000C0479DF80030002BF7D19DF80100C0B233
:1026E000F0E700BF8C0501008923000000F1804065
:1026F00000F5C040002382B0036003680193019B92
:1027000002B07047C208012300F0070003FA00F08E
:102710008B5C18438854704710B50368292B044616
:1027200004D9074940F2CD10FEF788FB23681F2B20
:1027300083BF03F01F03034823604FF0A04010BD88
:1027400009F500000003005013B5019001A80C46E4
:10275000FFF7E2FF019B00EB8300D0F8003723F482
:102760004033C0F80037D0F8003743EA0443C0F8DC
:10277000003702B010BD00004FF0A043D3F8103571
:102780000360024BD3F810354360704700030050DC
:102790002DE9F04F00248BB0CDE90244604D4FF499
:1027A0008072012102F1804303F5C04390B21B689F
:1027B000012B06D1D5F804330B4202D0FFF796FF68
:1027C0000C430432B2F5907F4FEA4101EAD1544BF9
:1027D000D3F87C31012B08D14FF4BE70FFF786FF90
:1027E00002A844F00044FFF7C7FFE3B2D3B14D4F56
:1027F00000250126344210D0AB0003F1804303F5DD
:10280000C043D3F81005D3F8101557F8253023B17D
:10281000C1F30141C0F3052098470135082D4FEA67
:102820004606E7D1002C78DA0023CDE904334FF0D7
:10283000FF33CDE90633DFF8ECA03B4B01930026D4
:102840003546019B13F9014B0193631C4FD0C4F330
:10285000C2070122E3B204F03F0B04F0070402FABE
:1028600004F407F128020DEB020717F8101C2142AF
:102870003DD00AEB0B014FEA931991F930105AF849
:102880002180B8F1000F07D1B9F1030F2FD104A9AE
:102890005846FFF737FF02E0B9F1030FF7D008A859
:1028A000CDF820B0FFF738FF089901F5E07150F836
:1028B000211017F8200C2042C1F3014106D0022953
:1028C00015D1B9F1030F0CD1494605E003290ED10A
:1028D000B9F1030F05D102215846FFF735FF013545
:1028E000EDB2B8F1000F02D049465846C047013654
:1028F000042EA6D18DB108A8FFF73EFF029B089ACF
:102900009A42099B02D103998B4206D0029203930B
:10291000049A059B069207938FE70BB0BDE8F08FF2
:102920000060004054110020AE11002010B5054C8D
:1029300023681BB904495120FEF780FA2368BDE8DB
:1029400010401847BC110020EB05010038B50D46BA
:1029500028B90C497720FEF771FA002038BD0A4BE0
:102960009842FAD10020FEF72FFA084B1C7914B9CF
:1029700001221D601A710020FEF736FA002CECD0FF
:102980001120EBE7EB05010000200040BC11002006
:1029900018B906499B20FEF751BA054B984201BF72
:1029A000044B00221A601A71704700BFEB0501004A
:1029B00000200040BC1100200023435082B0435847
:1029C0000193019B02B0704770B5D0F810310546F5
:1029D0000C4653B14FF48871FFF7EEFF63795A0745
:1029E00003D523680BB101209847D5F814315BB1AA
:1029F0004FF48A712846FFF7DFFF63791B0703D581
:102A000023680BB102209847D5F81C315BB12846EA
:102A10004FF48E71FFF7D0FF607910F0100002D1F3
:102A2000236803B19847D5F8043163B14FF482713C
:102A30002846FFF7C1FF0123237123681BB1BDE8BE
:102A400070400320184770BD01490248FFF7BCBF22
:102A5000C411002000C0014001490248FFF7B4BF83
:102A6000CC1100200010024000F1804000F5E04051
:102A7000002382B0036003680193019B02B070479A
:102A8000F0B5524B524CD3F8043185B0002B3DD0F9
:102A900094F82E204FF48270FFF7E6FF2AB394F8E3
:102AA0002F3013BB494AD2F80031002B32D04FF4FB
:102AB0008070FFF7D9FF638B94F82D00834250D9C3
:102AC00021891B1A9BB289B26383CB1A616801EB1F
:102AD0004303C2F82C36C2F830064FF48270FFF779
:102AE000C3FF3A4B01225A6014E0636802932389C2
:102AF000ADF80C30E36800218DF8041033BB23746B
:102B0000236801A89847002384F82F3094F82E30CA
:102B1000002BC7D12D4BD3F810315BB14FF4887027
:102B2000FFF7A2FF0023237402238DF8043001A8CD
:102B300023689847254BD3F81431EBB14FF48A70D2
:102B4000FFF792FF0023237405B0F0BD208B608354
:102B500063602081E160002AD2D11C4B01221A60FF
:102B6000CEE7BAD1E368012184F82F1013B1002118
:102B70006183AEE76383B0E766694FF000470125E4
:102B8000002EE1D0B6FA86F227FA02F3463292001E
:102B900026EA030602F1804303F5E0431B68002B9D
:102BA000EED01046A2F58C72FFF75EFFD30882F0DC
:102BB0000402C2F380028DF808308DF804502368B7
:102BC0008DF8092001A89847DAE700BF007000409F
:102BD000D411002010B50368292B044604D90749F5
:102BE00040F2CD10FEF72AF923681F2B83BF03F0B4
:102BF0001F03034823604FF0A04010BD09F50000FB
:102C00000003005007B5019001A8FFF7E3FF019A08
:102C100001239340C0F80C3503B05DF804FB07B501
:102C2000019001A8FFF7D6FF019A01239340C0F855
:102C3000083503B05DF804FB13B5144BD3F8182125
:102C400012B30022C3F81821D3F81831104C0193A5
:102C5000019B236823B90F494FF42770FEF7EEF864
:102C6000E07FFF2803D0A37F5BB1FFF7CBFF0023FA
:102C700063772372D4E90031074802B0BDE8104001
:102C80001847FFF7CCFFF2E702B010BD003002405A
:102C900004120020480601000C1200202DE9F74321
:102CA000002406460F4600F5A0754FF48038A14673
:102CB0002B688BB1D6F8043308FA04F21A420BD011
:102CC000C5F800902B680193019BA30003F5A07346
:102CD00098B2D7E9003198470134042C05F1040576
:102CE000E6D103B0BDE8F08301490248FFF7D6BF43
:102CF000281200200080004001490248FFF7CEBFA3
:102D000034120020009000400023435082B043580A
:102D10000193019B02B070470B7B032B2DD8DFE89A
:102D200003F025291D028A68154B9A4204D1D0F878
:102D30004C350A699A4209D18A6840F202239A42C4
:102D40001BD1D0F84C354A699A4216D0002306228E
:102D5000C0F80035C0F8002518467047D0F84C354B
:102D60000A699A42F2D1D0F83C35ECE7D0F84C35FC
:102D70000A69E9E7D0F83C35FAE70120704700BF5F
:102D80000002040010B50368292B044604D9074942
:102D900040F2CD10FEF752F823681F2B83BF03F0DB
:102DA0001F03034823604FF0A04010BD09F5000049
:102DB00000030050F0B50B6887B005460C4623B9F8
:102DC000484940F28620FEF739F8D5F82431B3B1EE
:102DD0004FF492712846FFF797FFD5F8043173B985
:102DE000A368C5F808330223A360A368C5F80433B9
:102DF00001232B626B6184F82E3007B0F0BDD5F84B
:102E000004316BB34FF48271284604F10C07FFF7CD
:102E10007BFF0FCF01AE0FC63B68336094F82E30B6
:102E20003BB921462846FFF777FF80F0010084F880
:102E30002E004FF4B0712846FFF766FF4FF4AE71D5
:102E4000FFF762FF94F8303013B194F82E30CBB115
:102E50000023C5F80032A360234BC5F8083311E006
:102E60004FF4A4712846FFF74FFF237BEBB904F121
:102E70000C070FCF01AE0FC63B68336094F83030BB
:102E8000002BE6D0D5F8C434C5F8C4349A071ED553
:102E900001238DF8003094F830300BB984F82F30CE
:102EA000D4E9003168469847A7E74FF40073C5F8A6
:102EB000003240F20223A36003F1CE73C5F8083359
:102EC000A368C5F804330123AB602B6295E713F0C8
:102ED000050F01D00223DCE794F82E30002BD8D068
:102EE0000423D6E79F06010002029C010149024823
:102EF000FFF760BF401200200030004002494FF051
:102F00004020FFF757BF00BF741200202DE9F04F9B
:102F100085B08146934601930C4619B94649E22093
:102F2000FDF78CFFD4E900239A4203D14249E32004
:102F3000FDF784FF99F80480404F342303FB08FA1F
:102F400007EB0A0696F82D20002A71D13C4AD9F8E1
:102F5000000052F82810FFF7F9FC0546002869D157
:102F6000019B47F80AB07360B06086F8300086F8BD
:102F70002F00627B86F832202268039203A8FFF7B5
:102F800001FF039A02F5E07240F20C6640F82260FD
:102F900003A862680392FFF7F5FE039A57F80A3018
:102FA00002F5E07240F82260D4E90010D9F8002060
:102FB000C2F80815C2F80C05A168C2F824156BB355
:102FC000247BD9F80060072C4FEA163A46F30736FF
:102FD00003D91C496B20FDF731FF002EAEBF06F16F
:102FE0006043194B0AF00F0A4FEA4414A8BF03F5D7
:102FF0006143E4B2B4BF03F80A4083F80043D9F850
:1030000000301A0B43F30733002B07DB02F01F01DC
:1030100001228A405B090D4941F82320342303FB38
:103020000877012387F82D30284605B0BDE8F08FDA
:103030000825F9E71125F7E79F0601004012002057
:1030400034070100EB06010014ED00E000E100E0B0
:1030500070B50D4C0679342303FB0643054693F8FF
:103060002D30012B04D009494FF4A570FDF7E6FE81
:103070002B680622C3F80025342303FB06440223F1
:1030800084F82D3070BD00BF401200209F06010063
:1030900070B5114C0679342303FB0643054693F8BB
:1030A0002D3023B90D4940F25510FDF7C7FE3422EB
:1030B0002B6802FB06440021094AA160C3F80823DB
:1030C000D3F8002222F4BC52C3F80022C3F8001542
:1030D000012384F82D3070BD401200209F060100AE
:1030E00002029C01F7B5294D0679342303FB0653F0
:1030F000044693F82D3023B9254940F23110FDF7ED
:103100009DFE34237343EB5893B123681A0B43F3AA
:103110000733002B0CDB02F01F015B0901228A4000
:1031200020331C4941F82320BFF34F8FBFF36F8F2B
:103130002046FFF7ADFF2068FFF72AFC342303FB8E
:10314000065393F83230C3B9236801A8D3F8083581
:103150000193FFF717FE019B03F5E073022740F888
:103160002370236801A8D3F80C350193FFF70AFEFA
:10317000019B03F5E07340F82370342303FB0655ED
:10318000002385F82D3003B0F0BD00BF40120020B1
:103190009F06010000E100E02DE9F8430379012BCF
:1031A00004460D46174607D84B68B3F5803F03D257
:1031B0008B68B3F5803F04D3BF4940F22F20FDF761
:1031C0003DFE94F80490DFF8FC82342606FB09F6F5
:1031D00058F80630A3B92B78022B08D02B78032B94
:1031E0000ED1B5494FF40E70FDF728FE08E0B24944
:1031F00040F23720FDF722FE58F80630002BEDD0C4
:10320000342606FB09860023246886F82E30EB68F6
:1032100003F06043B3F1005F03D010263046BDE8F1
:10322000F883A64BC4F8083396F82F3023B1B3685F
:10323000C4F804331126F1E717F0140F0CBF012373
:10324000002386F82F30AE46BEE80F0006F10C0CC6
:10325000ACE80F00DEF80030CCF80030C7F3001304
:1032600086F830306B78C4F888354FF48271204688
:10327000FFF74AFD4FF49271FFF746FD17F0010387
:1032800018BF0123C4F8503517F0020318BF0123FB
:10329000C4F840352B78032B00F2E380DFE803F01D
:1032A000A5CB8602FE0604D5834940F2AB10FDF79C
:1032B000C5FD380704D580494FF4D670FDF7BEFD33
:1032C000790704D57C4940F2AD10FDF7B7FD2B69B5
:1032D00003F06043B3F1005F9FD14FF48073C4F8F3
:1032E00000326B68EA68C4F844252046C4F84835C3
:1032F0004FF4A871FFF708FD4FF4B071FFF704FD1C
:103300004FF4A471FFF700FD01232362A360D4F8FA
:103310005031002BFBD04FF4A8712046FFF7F4FC8E
:10332000AB682A69C4F84425C4F84835342303FB44
:103330000983634A9A604FF48271082300263A0792
:1033400004D42A78032A1CBF0122E250342303FB51
:1033500009F308EB030258F80330002B40F0868095
:10336000012221440B68002B00F08D803421D4F819
:10337000C434C4F8C43401FB0982002082F82F0051
:10338000002B00F08F8013F0010F14BF4FF40246A2
:10339000032648F2012213F0020F18BF164613F05D
:1033A000040F48F2022318BF1E4637E76B68EA682D
:1033B000C4F84425C4F848352B6903F06042B2F1E3
:1033C000005F7FF42AAFAA68C4F834354FF4845301
:1033D000C4F83825C4F80032342303FB098340F2D3
:1033E00002229A6001232362A5E76B68EA68C4F8A9
:1033F000442517F0200FC4F848354FF034030ED0A1
:103400004FF4807203FB0983C4F800222C4A9A60AF
:103410004FF4A471FFF778FC012323628DE74FF48A
:10342000007203FB0983C4F8002240F202229A6072
:103430004FF48271F0E76B68EA68C4F83425C4F889
:1034400038354FF48053C4F80032342303FB09832A
:1034500040F202229A60012323624FF4827100231A
:103460006CE74FF482710823072668E77B0744BFA7
:103470004FF400739360342303FB0988D8F80830B5
:10348000C4F80433CAE6D4F82431002B3FF46AAF01
:103490004FF492712046FFF737FC22624FF482719D
:1034A00062615EE709FB01812046FFF735FC0028D9
:1034B00008BF0326B2E600BF9F06010002029C017E
:1034C00000020400401200200023435082B0435801
:1034D0000193019B02B070470A4610B54FF48E71FC
:1034E000FFF7F2FF136A9168C95C136A0133136234
:1034F000C0F81C1510BD08B502464FF49271006863
:10350000FFF7E2FF10684FF48471FFF7DDFF1368E7
:1035100001221A6008BD000010B50368292B04467B
:1035200004D9074940F2CD10FDF788FC23681F2B12
:1035300083BF03F01F03034823604FF0A04010BD7A
:1035400009F500000003005007B5019001A8FFF73E
:10355000E3FF019B03F5E073022240F8232003B050
:103560005DF804FB10B58B690A464FF4847123B9EA
:10357000FFF7AAFFD0F8183510BDFFF7A5FF536A73
:10358000D168D0F81805C854536A01335362F3E781
:103590001FB501238DF80030044BCDE90110D3E9AC
:1035A00000126846904705B05DF804FBA8120020A1
:1035B00030B54E4DD5F804339A0585B051D5D5F8C0
:1035C0002431002B4DD04FF492712846FFF77CFF39
:1035D0004FF40173C5F80833454B93F829200AB915
:1035E00001226A60414902228DF80020D1F880242E
:1035F000C1F8802403929A690292DA68019200224B
:10360000C3E906226846D3E9001290473748D0F84C
:103610001C315BB1364A5169136A99424ED992F80E
:103620002830002B4AD11146FFF756FF2F48D0F81B
:103630004431002B57D04FF4A271FFF745FF2C4BBC
:1036400093F829200AB1012202609A69002A4AD01F
:10365000586AD96800229A6105B0BDE83040FFF78A
:1036600097BFD5F804335B07D0D5D5F80831002BC8
:10367000CCD01F4C1D482146FFF774FF636AA26936
:103680009A42C3D1E36953B1A3612369E168E3605E
:103690000023606AE3616362FFF77AFFB6E794F89C
:1036A00029300BB901236B60104B4FF40172C3F842
:1036B00008230023606AE168A361EDE70B484FF43B
:1036C0008E71FFF701FF5369002BAFD05169029152
:1036D000002391688DF80030019153616846D2E96A
:1036E00000139847A2E705B030BD00BF002000409E
:1036F000A81200202DE9F347054691460C4619B95A
:103700006D49AA20FDF79AFB95F804806B4E2C2397
:1037100003FB086393F82A30002B40F0C980684906
:103720002868FFF713F90746002840F0C380236894
:103730005A1C14D001A80193FFF7EEFE019B012251
:1037400002FA03F3C0F808352368019301A8FFF7D4
:10375000E3FE019B03F5E073032240F82320636836
:10376000581C09D001A80193FFF7D6FE019B03F571
:10377000E073002240F823202B68A269C3F82425B7
:10378000217D637D2A680B43C2F86C35D4E90012B1
:103790002B68C3F81425C3F80C15237D012B2BD1FE
:1037A000A368591C09D001A80193FFF7B5FE019B3E
:1037B00003F5E073002240F82320E3685A1C14D07C
:1037C00001A80193FFF7A8FE019B012202FA03F36F
:1037D000C0F80835E368019301A8FFF79DFE019B3F
:1037E00003F5E073032240F82320D4E902122B688A
:1037F000C3F80825C3F810152C2303FB08F3F218AF
:10380000C2F804902269F250B9F1000F3CD0286848
:1038100094F81C902B4A4FF48E71FFF755FE2868E0
:103820004FF4A271FFF750FE2B68C3F804232C68F5
:10383000B9F1070F4FEA143A44F3073403D9224988
:103840006B20FDF7FBFA002CAEBF04F160431F4B69
:103850000AF00F0A4FEA4919A8BF03F561435FFA5E
:1038600089F9B4BF03F80A9083F800932B681A0B08
:1038700043F30733002B07DB02F01F0101228A40CC
:103880005B09134941F823202B680422C3F8002563
:103890002C2303FB08630022C3E9062283F82920B6
:1038A0005A61012283F82A20384602B0BDE8F08729
:1038B0000827F9E71127F7E73C070100A8120020C5
:1038C000B135000080000200EB06010014ED00E0BD
:1038D00000E100E02DE9F843036806792A4D002253
:1038E000C3F800252C2303FB065304465B68B3B1E1
:1038F0000368264AC3F8082303681A0B43F3073307
:10390000002B0CDB02F01F015B0901228A402033EF
:103910001F4941F82320BFF34F8FBFF36F8F2368F8
:103920004FF0FF32D3F80C05D3F81495D3F808758F
:10393000D3F81085C3F81425C3F80C2523689042EA
:10394000C3F80825C3F8102501D0FFF7FDFDB9F134
:10395000FF3F02D04846FFF7F7FDB8F1FF3F02D026
:103960004046FFF7F1FD7B1C02D03846FFF7ECFD27
:103970002068FFF70DF82C2303FB0655002385F87C
:103980002A306B60BDE8F883A81200208402020090
:1039900000E100E00279044B2C2101FB023358695D
:1039A000003818BF01207047A81200202DE9F84FF9
:1039B000344F90F804802C2303FB0873064693F8D9
:1039C0002A30012B8946924604D02F494FF48C703F
:1039D000FDF734FAB9F1000F04D12B4940F2191068
:1039E000FDF72CFABAF1000F04D127494FF48D707E
:1039F000FDF724FA3046FFF7CDFF044600283CD1FE
:103A00002C2508FB057B4FF48E71CBF814A0CBF866
:103A10000890CBF820008BF828003068FFF754FDA1
:103A2000336801229A6030685946FFF755FDDBF88C
:103A300004305D461BBB3068DBF814402B6A9C42A7
:103A400011D83368D3F81C21002AFBD00122DA6098
:103A500000202C2303FB087700237B61BDE8F88F4F
:103A600095F828303BB9D0F81C31002BF8D05946D6
:103A7000FFF732FDE2E70F20EBE71120EEE72046EB
:103A8000ECE700BFA81200203C0701002DE9F04739
:103A9000494C07792C2303FB0743064693F82A3049
:103AA000012B8846154604D044494FF4B670FDF703
:103AB000C5F9B8F1000F04D1404940F26D10FDF78F
:103AC000BDF925B93D494FF4B770FDF7B7F92C237F
:103AD00003FB07435A6822B133684FF40171C3F8FE
:103AE00008132C2303FB0743986950B1D9690029B7
:103AF00042D022B133684FF40172C3F80423112578
:103B000037E09D61C3F80C805862D8612C2303FB19
:103B1000074393F829301BB910B93046FFF7EBFC87
:103B20004FF02C0808FB074A3068DAF80430002B05
:103B300038D14FF4A271D046FFF7C6FC3068D0F8F8
:103B40002491D0F80831D0F84451D3B915B9B9F15E
:103B5000000FF3D02C2303FB07440023A361B9F12A
:103B6000000F25D135BB94F8291033680122B9B173
:103B70001A602846BDE8F087C3F81080DD61012097
:103B8000C4E7B9F1000FE5D1002DE3D14146FFF7BD
:103B9000E9FCDAF82430DAF818209A42CED8D9E7CE
:103BA0005A60E6E74FF40173C0F804330025E0E7FC
:103BB0000325DEE70F25DCE7A81200203C07010003
:103BC0000023435082B043580193019B02B07047D9
:103BD0001FB50123CDE901218DF80030D0E9001394
:103BE0006846984705B05DF804FB000010B503680F
:103BF000292B044604D9074940F2CD10FDF71EF9E0
:103C000023681F2B83BF03F01F03034823604FF07B
:103C1000A04010BD09F500000003005007B5019059
:103C200001A8FFF7E3FF019B03F5E073022240F8D0
:103C3000232003B05DF804FB7FB5D0F8246105466E
:103C40000C46002E5CD04FF49271FFF7B9FF0223AF
:103C50008DF80030D0F88034C0F880340393D0F869
:103C60003C350293E36801930023C4E906336846B8
:103C7000D4E900139847D5F844317BB14FF4A271D1
:103C80002846FFF79DFFA36943B10023C4E906332B
:103C9000E268D5F83C152046FFF79AFFD5F82031A9
:103CA000ABB14FF490712846FFF78AFF0123EB6018
:103CB000636963B1D5F84C2502920023A2688DF8A0
:103CC000003063610192D4E9001368469847D5F843
:103CD00058319BB14FF4AC712846FFF771FF63690F
:103CE00063B1D5F84C2502920023A2688DF800300C
:103CF00063610192D4E900136846984704B070BD2F
:103D0000D0F81031002BB6D04FF48871FFF758FF70
:103D1000D0F83C35A1699942ADD1E369E26873B14D
:103D2000D0F8003223F02003C0F80032E369A36129
:103D30002369E360E6612046FFF74AFF9BE7A36142
:103D4000F9E7000001490248FFF776BFD4120020CE
:103D50000020004001490248FFF76EBFF812002022
:103D6000008002402DE9F347054691460C4619B9FB
:103D70007449CF20FDF762F895F80480724E242331
:103D800003FB086393F82030002B40F0D6806F4B84
:103D9000286853F82810FEF7D9FD0746002840F0A0
:103DA000CE8023685A1C13D001A80193FFF71EFF91
:103DB000019A01239340C0F808352368019301A8B4
:103DC000FFF714FF019B03F5E073032240F8232063
:103DD0006368581C09D001A80193FFF707FF019BF6
:103DE00003F5E073002240F823202B68A269C3F892
:103DF0002425217D637D2A680B43C2F86C35D4E904
:103E000000122B68C3F80C15C3F81425237D012B71
:103E10002AD1A368591C09D001A80193FFF7E6FE37
:103E2000019B03F5E073002240F82320E3685A1C4D
:103E300013D001A80193FFF7D9FE019A0123934003
:103E4000C0F80835E368019301A8FFF7CFFE019B96
:103E500003F5E073032240F82320D4E902212B6804
:103E6000C3F80815C3F81025242303FB08F3F21840
:103E7000C2F804902269F250B9F1000F4BD02868C3
:103E800094F81C90324A4FF48871FFF799FE286825
:103E90004FF49071FFF794FE28684FF49271FFF78A
:103EA0008FFE28684FF4A271FFF78AFE28684FF44E
:103EB000AC71FFF785FE2B68C3F804232C68B9F1B9
:103EC000070F4FEA143A44F3073403D921496B2012
:103ED000FCF7B4FF002CAEBF04F160431E4B0AF0A8
:103EE0000F0A4FEA4919A8BF03F561435FFA89F940
:103EF000B4BF03F80A9083F800932B681A0B43F3BE
:103F00000733002B07DB02F01F0101228A405B0907
:103F1000124941F823202B680822C3F800252423E6
:103F200003FB08660023C6E906337361012386F8A4
:103F30002030384602B0BDE8F0870827F9E711279E
:103F4000F7E700BF8D070100D4120020E007010051
:103F500010034200EB06010014ED00E000E100E078
:103F60002DE9F843364D0679242303FB0653044616
:103F70005B68B3B10368334AC3F8082303681A0BBC
:103F800043F30733002B0CDB02F01F015B09012216
:103F90008A4020332C4941F82320BFF34F8FBFF3D1
:103FA0006F8F2268D2F8003223F02003C2F800326B
:103FB000236801225A6020684FF4AC71FFF700FEBD
:103FC0002368DA602368D3F85821002AFBD0002246
:103FD000C3F8002523684FF0FF32D3F80C05D3F85F
:103FE0001495D3F80875D3F81085C3F80C25C3F8D9
:103FF000142523689042C3F80825C3F8102501D082
:10400000FFF70CFEB9F1FF3F02D04846FFF706FE6E
:10401000B8F1FF3F02D04046FFF700FE7B1C02D004
:104020003846FFF7FBFD2068FEF7B2FC242303FBB4
:104030000655002385F820306B60BDE8F88300BF8B
:10404000D41200201003420000E100E00279044B8A
:10405000242101FB02335869003818BF0120704742
:10406000D41200202DE9F0473A4F90F804A0242301
:1040700003FB0A73054693F82030012B88469146CE
:1040800004D0354940F22D10FCF7D8FEB8F1000FEE
:1040900004D131494FF49770FCF7D0FEB9F1000F0D
:1040A00004D12D4940F22F10FCF7C8FE2B79012BCB
:1040B00002D8B9F5803F04D327494FF49870FCF734
:1040C000BDFE08F06043B3F1005F3CD12846FFF726
:1040D000BDFF0446002838D1242606FB0A764FF49B
:1040E0009071C6F81490C6F808802868FFF768FD3C
:1040F0004FF4AC712868FFF763FD2B687269B168F3
:10410000C3F84415C3F848252B6801229A607368E8
:10411000EBB92B68D3F82021D3F858011AB900283D
:10412000F8D00F2008E00028FBD10122DA602A68CD
:10413000D2F85831002BFBD0242303FB0A7700234D
:104140007B61BDE8F0871020FBE71120F9E72046EE
:10415000F7E700BFD41200208D0701002DE9F041E0
:10416000494E0579242303FB0563044693F8203068
:10417000012B8846174604D044494FF4C070FCF721
:104180005DFEB8F1000F04D1404940F28110FCF708
:1041900055FE27B93D494FF4C170FCF74FFE237916
:1041A000012B02D8B7F5803F04D3384940F2831081
:1041B000FCF744FE08F06043B3F1005F61D12423B3
:1041C00003FB0563596821B123684FF40472C3F8F7
:1041D0000823242303FB05639A6952B1DA69002A94
:1041E0003DD021B123684FF40472C3F80423112099
:1041F00033E09F61C3F80C80DA6120684FF4887166
:10420000FFF7DEFC20684FF4A271FFF7D9FC2368AA
:10421000C3F83485C3F8387523682ABB01221A60B5
:1042200025792368242202FB056252681ABBD3F861
:104230001011D3F84421D3F82401114302D10028EE
:10424000F5D00A46242303FB05660023984218BFD5
:1042500003209A42B36118BF0F20BDE8F081C3F874
:104260001080DF610122C8E7D3F8002242F020026B
:10427000C3F80022D4E74FF40472C3F804230020EB
:10428000EBE71020E9E700BFD41200208D07010002
:1042900007B501A801F0F2FE20B90190019803B022
:1042A0005DF804FB019B002BF8D101230193F5E796
:1042B00038B5044601F0D8FD0546204601F0DAFD88
:1042C000A54203D0BDE8384003F0E8B838BD01F09E
:1042D0000BBE01F015BE08B502F0C8FB00F080FE71
:1042E00003F02CF901F078FC01F088FD03F0B4F83C
:1042F00003F008FB01F084FD03F0BFF803F080FC3D
:1043000003F0BFF802F0E6FE02F06EFE01F048FE98
:1043100003F088FC01F064FEBDE8084002F0D6BF5F
:1043200007B50B4600210246CDE90011084603F00F
:10433000ABF803B05DF804FB08B590F8803033B1FA
:10434000074B084A4FF4F871074803F07BFD03F070
:10435000A3F820B9054B034A4FF4FB71F4E708BDFD
:10436000E80701006708010000080100AB0901002F
:104370007047FFF7E1BF13B50446CDE90021FFF711
:1043800087FFDDE9002103462046FFF7F2FF02B078
:1043900010BD7047704770477047704700F180400C
:1043A00000F58050002382B0036003680193019BF5
:1043B00002B07047034B186808B190F8800000F015
:1043C000010070472C13002008B5FFF7F3FF08B178
:1043D000014B186808BD00BF2C13002000BF00BFB0
:1043E00000BF00BF00BF00BF70470000134B144A5E
:1043F000C3F8482500F1804000F58050C3F84C0513
:1044000021B102F5FD424832C3F82C290D4AC3F808
:10441000402502F5AF3202F59672C3F8442529B162
:10442000D3F8002842F08002C3F80028034B802212
:10443000C3F804254022C3F80425704700F001406A
:104440003C71014010110040074B01221A61D3F862
:10445000002222F48072C3F8002203F5B0334FF437
:104460008072C3F80825704700900040034B1B780A
:104470001BB1034B1022C3F80823704725130020FB
:104480000010004010B5044602F010FEB0F5C07FE9
:104490000B4A12D3C009811EB1EBD41F4FEAD413CB
:1044A00096BFA4EBC1140024C31E1460054AC3F3D5
:1044B0001403C2F86436012010BD14600020FBE72D
:1044C000201300200010004013B501A801F024FDC6
:1044D0009DF805009DF8044001F05AFD9DF8073055
:1044E0009DF806201B0643EA0243234343EA0020CB
:1044F000024BC3F86C0602B010BD00BF00100040B4
:1045000008B501F09FFDBDE80840002002F0E8BDBD
:1045100008B5054BD3F8480500F07F0001F023FDF6
:10452000404240B208BD00BF0010004013B5044631
:10453000FFF7EEFF23780190234413F8010C01F0FC
:1045400019FD02B29200FF2A28BFFF220199D2B2C0
:10455000204602B0BDE8104002F07FBF13B5084B03
:1045600001901C680146204601F0D0FA019928B15B
:10457000204602B0BDE8104002F075BF02B010BD89
:104580003013002007B5019001F012FC019802F0F1
:1045900066FF03B05DF804EB01F03CBB07B501908A
:1045A00001F006FC0198FFF7C1FF03B05DF804EBD2
:1045B00001F030BB144B4022C3F808258022C3F819
:1045C00008254FF48072C3F80825104A01211161B3
:1045D000D3F8000820F08000C3F800080020C3F8DA
:1045E0002C091161D2F8003223F48073C2F8003232
:1045F000074B1B783BB1074B4FF45052C3F80823CD
:10460000C3F800021961704700F0014000900040BB
:104610002513002000100040134908B54023C1F8BD
:1046200008358023C1F80835FFF70EFFD1F80038B0
:1046300023F08003C1F8003800220C4BC1F82C296C
:104640001B787BB10A4B0A21C3F808130121C3F878
:1046500000221961C3F84426BDE808404FF4AE704B
:10466000FFF79CBE08BD00BF00F0014025130020ED
:1046700000100040104908B54023C1F808358023D8
:10468000C1F80835FFF7E0FED1F8003823F08003C9
:10469000C1F800380022094BC1F82C291B784BB116
:1046A000074B4FF40041C3F80813C3F8002201225E
:1046B0009A621A6108BD00BF00F001402513002076
:1046C00000100040104908B54023C1F80835802388
:1046D000C1F80835FFF7B8FED1F8003823F08003A1
:1046E000C1F800380022094BC1F82C291B784BB1C6
:1046F000074B4FF4C021C3F80813C3F8002201226E
:104700001A631A6108BD00BF00F0014025130020A4
:104710000010004008B50E4B01211961D3F80022AA
:1047200022F44072C3F800220A4A1278043A8A42FC
:1047300006D9094B094A0A4840F29E3103F082FB30
:10474000196120B1074B4FF48072C3F8082508BDEA
:104750000090004026130020FA0701000B0A010018
:104760008208010000F0014010B5104C4023C4F84D
:1047700008358023C4F808350120FFF7CBFFD4F8B3
:10478000003823F08003C4F800380022084BC4F836
:104790002C291B7843B1074B0749C3F80813C3F80A
:1047A000002201221A631A6110BD00BF00F001400F
:1047B0002513002000100040020004080B3808B543
:1047C000C3B20F2B06D9094B094A0A4840F205210A
:1047D00003F038FB00EB800000F66510064B80B25A
:1047E000A0F51660C3F8080508BD00BFEE0801007B
:1047F000490A0100820801000010004008B5084B7A
:10480000D3F85035DBB243B9064BFFF7E7FDD3F8D9
:104810003C01003818BF012008BD0120FCE700BFA3
:104820000010004000700140F8B505460F461646DE
:1048300001F056F9044680B14F4B1B78092B00F26A
:104840009280DFE803F0050C0F22565660656E7704
:10485000022F02D0042002F043FC2046F8BDFFF7EF
:1048600005FEFAE7454B1B785B070BD5002D00F0E2
:104870008180FFF79FFE002EEFD0062002F0EFFDB3
:104880003446EAE7FFF796FEE7E7002D72D03C4B8F
:104890004022C3F808258022C3F808254FF480720F
:1048A000C3F80825374A01211161D3F8000820F028
:1048B0008000C3F800080020C3F82C091161D2F869
:1048C000003223F48073C2F800322F4B1B7833B1CF
:1048D0002E4B2F4AC3F80823C3F800021961002E9B
:1048E000BBD02C4B1868002380F88030FFF71EFEE9
:1048F000C6E7002D3ED0FFF737FF002EADD00620D3
:10490000FFF72CFEA9E7002D34D0FFF785FEF4E772
:1049100085B3FFF7AFFE002E9FD0012002F0A7FD68
:10492000AEE73DB3FFF7CEFE002E96D0012002F099
:10493000A2FDA5E7124B13494022C3F808258022A7
:10494000C3F8082501220A614FF48071C3F80815E5
:104950000D4B1B7803F0FF01002B3FF47EAF0B4B98
:104960000C461A6179E70C4B0C4A0D4840F2BC51D9
:1049700003F068FA2C4670E7261300202413002069
:1049800000F001400090004025130020001000407E
:10499000020000082C130020FA0701001C0A010085
:1049A00082080100054B002282B0C3F83C21D3F8F5
:1049B0003C310193019B02B0704700BF0070014081
:1049C000F8B52C4B1B7806460D4617460BB9002050
:1049D000F8BD047801F02AFE631C5B0100283ED17B
:1049E00003F1CE0015B100F1A80398B202F034FB38
:1049F00004460028EBD001F045FA1F4B1F4AC3F8CC
:104A00000C05002D08BF4FF4A012C3F804654FF445
:104A1000B670C3F80022FFF7C1FC1DB34FF4A470B9
:104A2000FFF7BCFC164A144E4FF48270FFF7B6FC39
:104A3000144B197842F002026FF3C3011970C6F8E3
:104A40000423FFF7AFFF002D14BF04200020012135
:104A5000FFF7CCFC4FB9012333612046B8E703F2DE
:104A60002E40BFE74FF00062DDE7FFF7C7FE0028EA
:104A7000F1D0ADE7251300200010004000381400ED
:104A8000000004082413002038B5144B1B78054699
:104A9000EBB1AE2002F0E0FAC8B1114C4FF4205354
:104AA000C4F800324FF4A470FFF778FC4FF4A27002
:104AB000FFF774FC4FF4C023C4F804330121042031
:104AC000FFF770FFFFF792FC15B90123236138BD92
:104AD000FFF794FE0028F8D0F9E700BF2513002067
:104AE00000100040144938B54023C1F8083518B10A
:104AF000124B5222C3F80022114B124A0F4C0125CF
:104B00001D618023C1F80435137823F00703137067
:104B10004FF49470FFF742FC1823C4F86035FFF798
:104B200041FF40230848C1F8043501F093FAFFF72C
:104B300065FE00B9256138BD00F00140001000405D
:104B400000900040241300203011004038B5044686
:104B500001F098F9084D0021C5F80C050846FFF74B
:104B600021FFFFF743FC14B901232B6138BDFFF788
:104B700045FE0028F8D0F9E70010004038B5114B89
:104B80001B780546C3B1104B1868FFF77BFC98B142
:104B90000E4C4FF40042C4F800224FF49E70FFF711
:104BA000FDFB0121C4F804230420FFF7FBFEFFF7FF
:104BB0001DFC15B90123236138BDFFF71FFE002836
:104BC000F8D0F9E725130020201300200010004042
:104BD000084B0222C3F88020BFF34F8FBFF36F8FC3
:104BE000C3F88021002283F80123BFF34F8FBFF366
:104BF0006F8F704700E100E008B5064B1B7833B1BA
:104C000002F054FA3B2894BF0020012008BD012087
:104C1000FCE700BF2513002010B501F0C7F80446DB
:104C200028B1FFF7E9FF044608B901F05FF8204614
:104C300010BD000038B5464B1B780546002B7FD0D1
:104C4000444A137823F01703137001F01BF9424A0A
:104C5000C2F80C05FFF7AEFB0446002871D0FFF741
:104C6000B3FB3E4BC2F80405C2F800321823C2F869
:104C700060354FF49A70FFF791FB4FF49470FFF793
:104C80008DFB4FF49870FFF789FB354935484FF499
:104C90005053C2F80433D1F8003243F48073C1F8A2
:104CA00000320123C1F840358223C1F84435FFF7B3
:104CB00079FE2D4B2D4AC3F84825C3F84C0500F565
:104CC000F030C3F82C09C3F85025C3F85415D3F8B5
:104CD000002842F08002C3F80028254AC3F8402586
:104CE00002F5AF3202F59672C3F844258022C3F86C
:104CF00004254FF48072C3F80425A0F5EF3040225C
:104D0000C3F80425D43801F0A5F9E5B9124B012206
:104D10001A61ACB901F052F9164B1860FFF74AFB63
:104D200070B1FFF751FB0C4B0C4AC3F80405C3F8F4
:104D30000022D3F85025D2B2022A04BF01229A6081
:104D400038BD522390E7FFF759FD0028DED0E0E799
:104D500025130020241300200010004052000800FA
:104D6000009000400410004000F001403C71014000
:104D7000101100402C1300202DE9FF4104460028AB
:104D800000F0BC8002F092F93B2840F20881854E89
:104D9000337803F0FF07002B40F00181824C01259E
:104DA0000F233946C4F8FC7F0D22C4F8FC5F684627
:104DB000C4F8103503F026FA08238DF800307F235D
:104DC0008DF808309DF802309DF801208DF80650CE
:104DD0001B0443EA02239DF80320002A18BF4FF466
:104DE00080119DF8042008BF00210B4343EA825341
:104DF0009DF8072043EA427343F0C0634FF0020876
:104E000043F008038DF80580C4F814359DF80A3086
:104E10009DF809209DF80C101B0443EA02239DF81D
:104E20000B20002A14BF4FF080720022002914BF0B
:104E30004FF0007100210B43134343F07F03C4F88C
:104E4000183540F20223C4F85056C4F83435574B95
:104E5000C4F83835FFF738FB554BC4F84476C4F82E
:104E6000483601F001F8FFF7A9FC524B83F80173B3
:104E7000C3F88081D4F8003233B14F4B4F4A40F22F
:104E80002C714F4802F0DEFF357001F0CDF84D4B2C
:104E90001B78092B2DD8DFE803F0822C052C0B148E
:104EA0002C171D23002004B0BDE8F041FFF7C2BE5F
:104EB00000220121444B186804B0BDE8F041FFF71F
:104EC0007FBD00221146F5E7002004B0BDE8F041A7
:104ED000FFF754BE002004B0BDE8F041FFF7D4BD99
:104EE0003378002B5BD0002004B0BDE8F041FFF721
:104EF0002DBE364B314A40F25371C2E7294B1A7826
:104F00003AB3187002F0AAF838B1FFF761FE264BE9
:104F10000122C3F8FC4FC3F8FC2F01F093F80022E4
:104F200002210120FFF780FC20B9294B294A40F2D9
:104F30007171A6E7234B1A78092A2BD8DFE802F013
:104F400009050E1620202009090900221A70FFF712
:104F5000D7FA04B0BDE8F04102F07CB81E4B1B78D4
:104F60005B07F6D50520FFF70DFBF2E702221A706A
:104F70001A4B1868002380F88030FFF70FFBE8E732
:104F800002221A7000F014FF0420FFF7E7FA00F085
:104F900041FEDEE70D4B0F4A4FF4F36171E704B0B9
:104FA000BDE8F08125130020001000402110010011
:104FB000000700FF00E100E00D090100550A0100B3
:104FC000820801002613002030130020FA07010098
:104FD000AB090100380A0100241300202C13002023
:104FE0000D4A002313700D4A13700D4BD3F804259E
:104FF00022F00302C3F80425D3F8082542F0030287
:10500000C3F80825D3F8102522F00F0242F004025D
:10501000C3F8102501F0BCBD261300202513002085
:10502000009000402DE9F84307468846154699460A
:1050300000F0BCFE044600B3124E3378022B06D0BB
:105040003378032B03D0FFF7D7FD40B900240DB10F
:105050002046A84700F04AFE2046BDE8F8834A46AD
:1050600041463846FFF7E0FB04460028EED0022315
:1050700001203370FFF7DEFDE9E7002DECD0A847F3
:10508000EAE700BF261300202DE9F7430B9D0191AD
:105090009DF82890804617461E46FFF7BDFD0199F2
:1050A000044638B301224046FFF7BEFB044648B928
:1050B00000240DB12046A84700F018FE204603B09A
:1050C000BDE8F083DFF83880022388F800300B4B0E
:1050D0000122314638461F60FFF772FCB9F1000F1C
:1050E00001D00028E4D0002E14BF0423052388F843
:1050F0000030DEE7002DE1D0A847DFE730130020C5
:105100002613002010B50446FFF786FD012184F820
:10511000801058B1204B1B7833B1204B1B78022BE9
:10512000DAB205D0062A1FD000F0E0FD012010BD44
:105130001B4AD2F85035DBB2022BF5D1D2F800323F
:10514000522B06D0174B184A40F62E41174802F052
:1051500079FE174B1C60FFF737F9164BC2F80405B0
:10516000C2F800329160DFE70D4AD2F85035DBB269
:10517000022BD9D1D2F80032122B04D00E4B0A4A9E
:1051800040F63D41E2E70A4B1C60FFF71DF90B4B6F
:10519000C2F80405E4E700BF251300202613002011
:1051A0000010004033090100E809010082080100F5
:1051B0002C130020520008005709010012000800BB
:1051C00038B5FFF729FD044678B1124D2B781BB195
:1051D00000F04AFEFFF7F2FA0F4B1B78022BDAB20F
:1051E00005D0092A0ED000F081FD204638BD0122ED
:1051F00011460020FFF718FB0028F4D00120FFF72C
:1052000019FDF0E72B78002BEDD0044B01221A6139
:10521000E9E700BF251300202613002000100040FE
:105220002DE9F04F8FB000F0E3FCAA4BD3F8042334
:10523000920728D5D3F804312BB34FF48270FFF7CF
:10524000ADF8A54B1A78052AD3B209D8032B0CD890
:1052500038D0A24BA24A40F68521A24802F0F2FDC6
:10526000062BF6D100F07AFC0DE09F4B1C6820461F
:1052700000F060FC10B12046FBF748F99B4A137818
:1052800043F008031370934ED6F804335F0547D5F7
:10529000D6F82831002B43D04FF49470FFF77EF8F6
:1052A0008D4B1B78022B40F00A81D6F86075C7F34E
:1052B000C707022F8DF8207009D88D4B8D4A4FF407
:1052C000FA61CAE78C4B1868FFF752F8DBE7D6F8AB
:1052D00034312BBB854D2B7813F0010800F0B480DE
:1052E0004FF001082B789E071AD4B8F1000F17D0A1
:1052F000824E3068047801F099F9631C5B01002844
:1053000040F0D48003F1A00001F0A6FE002800F0D8
:10531000D0802B78306843F002032B7000F01CFC27
:105320006C4BD3F80423940412D5D3F834317BB1F9
:105330004FF49A70FFF732F8674B1B78022BDCB200
:1053400040F0C2800020FFF7CDFB2046FFF71AF99E
:10535000604BD3F80423D00440F11681D3F83031E8
:10536000002B00F011815C4E4FF49870FFF716F897
:105370003378022B40F0B3815C4F604C3B7825685A
:1053800043F01003D9073B7040F1BE80206801F064
:105390004DF9002800F0C18000F056FD002800F013
:1053A000BC80206801F0FCFB534B1860002800F023
:1053B000B480484A5249C2F804054FF4A013C2F819
:1053C00000324FF4AA70FEF7E9FF4E4BC3F85815B0
:1053D0004FF40071C3F85C25C3F80415A3F5B0338E
:1053E0000121D3F84405D964D3F84C15D3F84035DE
:1053F000884205D9984240F2B580994200F2B280C5
:10540000FEF7ECFFD2F85035DBB2092B00F0AA8092
:10541000D2F85431002B40F0A580226882F8803009
:10542000384A4FF40071C2F80815C2F85835C2F86E
:105430005C35C2F83439FFF7BDF80120FFF7FAFBFD
:105440002846FFF7ABF89FE0DFF8B09043F0040385
:10545000D9F800002B7008A900F0DAFF044660B903
:105460009DF820309F4203D0DB00C6F8603537E757
:105470002B7843F001032B7032E7092810D1FFF796
:1054800099F80120FFF7D6FBD9F800305B7803F0DC
:105490000703022B3FF426AF2046FFF773F821E7FE
:1054A00000F0CAFC00287FF41BAFE8E703F530707A
:1054B0002AE7FFF77FF8052001F0D1FF30E7074B1F
:1054C000074A40F69A21C8E6044B054A4FF42B617F
:1054D000C3E600BF0010004026130020FA070100B9
:1054E000DC09010082080100301300202413002091
:1054F0007F090100C7090100281300202C13002098
:105500004491004000F0014000F096FC002800F0BB
:10551000DD803B78DA073FF539AF0120FFF7E2FA8B
:105520006B7803F00703022B00F0BE802368002293
:1055300083F8802000F042FD2060FEF73BFF00284A
:105540003FF47EAFFEF740FFB94BBA4AC3F80405FB
:10555000C3F80022D3F85025D2B2022A04BF012298
:105560009A606DE7B24A032333704FF45053C2F888
:1055700008334FF4B670FEF711FF4FF48270FEF758
:105580000DFFAD4BC2F80433A94CD4F804331B0112
:1055900040F11081D4F86C31002B00F00B81A74E44
:1055A000A74F4FF4B670FEF7F9FE3278032AD3B254
:1055B00000F09A80043B012B00F273813B781F07B7
:1055C00040F1F8809F4F386801F030F80546002818
:1055D00000F05081FEF7EEFE9B4A9C4B051E08BF73
:1055E00012234FF04001C2F80815C4F8003203D06E
:1055F000FEF7EAFEC4F804054FF48670FEF7CEFE0F
:10560000934BC4F808334FF48270FEF7C7FE0A23A9
:10561000C4F804330020FFF77DF88B498D4BC1F8A7
:105620004835A3F5B033A3F59C73C1F84C3503F5A9
:10563000F033C1F82C39FFF7B5F98023C1F80435F0
:105640004023C1F8043506233370FFF7D7F808B9B3
:1056500001232361ADB900F0B1FC7F4B1860FEF768
:10566000A9FE70B1FEF7B0FE714B784AC3F804058D
:10567000C3F80022D3F85025D2B2022A04BF012277
:105680009A603A68937803F03003202B00F0928000
:105690004FF4AE70FEF782FED378654A1B0643F4E2
:1056A0000073C2F8443685E000F0C6FB00287FF4A2
:1056B0003DAF5F4B5F4AC3F80022D3F85025D2B20A
:1056C000022A7FF461AF01229A605DE7FEF772FF64
:1056D0000120FFF7AFFA0420FEF754FF54E75F4BB9
:1056E0005F4A40F6C421B8E557495E4ADFF8689141
:1056F0004FF0400B4FF0010A5223D9F80080C1F857
:1057000008B5C2F810A0C4F800321823C4F86035F8
:10571000494BC4F808334FF49A70FEF73FFE4FF43C
:105720009470FEF73BFE4FF49870FEF737FE4FF48F
:105730005053C4F804334FF40073C2F810A000258E
:10574000C1F808358023C1F85855C1F85C55C1F837
:105750003459C1F80435FFF725F94348C1F804B5B9
:1057600000F078FCFFF74AF808B9C4F810A0D9F89F
:10577000003083F8805000F021FCC9F80000FEF7EB
:1057800019FE70B1FEF720FE294B2A4AC3F8040522
:10579000C3F80022D3F85025D2B2022A04BF012256
:1057A0009A60022333703B7823F007033B70404636
:1057B000FEF7F4FE1E4AD2F804331D0740F1B8800C
:1057C000D2F80C31002B00F0B3801C4E4FF48670E1
:1057D000FEF7E4FD3378062B40F02D811E4FD2F802
:1057E0005C313D681BB1D2F80034DC0773D4154B33
:1057F0001868837803F03003202B69D1AB7803F06D
:105800003003202B64D16B7803F00703022B5FD1A8
:10581000074BD3F8004414F001045AD002A900F059
:10582000A3FF002842D1114B114A4FF4206114E527
:10583000001000405200080002000008261300205B
:10584000241300203013002000F001401200080053
:10585000020004083C7101402C130020FA070100EB
:10586000DC0901000090004030110040A509010052
:10587000B2090100FEF778FF022301203370FFF721
:10588000D9F93868009000F093FA009800F03CF9DC
:1058900000982B462A46294601F0E3FD00F0BAF9AC
:1058A00088E7884B884A40F6DC21D6E408A92846D8
:1058B00000F05AFF60B1059850B1099941B19DF8C7
:1058C0001D309DF834209A4202D102F053FB10B1F2
:1058D0000024254604E03D68002385F8803001243B
:1058E000FEF79AFE022701203770FFF7A3F9002C7C
:1058F00000F09B80FEF70CFE2B7801902B4413F8F0
:10590000010C00F037FB714B04B218680090BC40EA
:1059100000F04EFA009800F0F7F8FF2C28BFFF24A3
:10592000019A0098E3B2294601F09BFD00F072F95C
:10593000674BD3F80423D00610D5D3F810316BB1E0
:1059400064494FF48870FEF729FD0B78012B77D15D
:10595000FEF78CFD00230B70FEF7D2FD5C4BD3F8F5
:105960000423910318D5D3F84431ABB14FF4A2709E
:10597000FEF714FD57480378082B66D1FEF7A2FE08
:10598000022303700120FFF755F900F011FA0120FE
:1059900001F06FFD00F03EF94D4BD3F804235203A4
:1059A0001CD5D3F84831CBB14A4C4FF4A470FEF764
:1059B000F5FC2278052AD3B24FF002054AD8032B12
:1059C0004AD9FEF7D1FE01202570FFF733F900F028
:1059D000EFF90120FEF7C2FD00F01CF93C4CD4F8B1
:1059E00004331B041CD5D4F83C31CBB1394E4FF4F1
:1059F0009E70FEF7D3FC3378072B5DD1364DD4F87B
:105A000068362A78DBB2934238BF13462B70334B8B
:105A10001868002835D0FEF735FD78B3012363629E
:105A20000FB0BDE8F04F00F061B900F0C1F93846A1
:105A3000FEF794FD7AE7234B234A40F6EF210CE46E
:105A4000204B214A40F6023107E41E4B1E4A40F625
:105A5000153102E4082B05D01A4B1B4A40F62D31B4
:105A6000FFF7FBBB0120FEF72DFE2570FFF7E2F8E4
:105A700000F09EF9002001F0FCFCADE7FEF7E4FC2D
:105A8000CEE700F0F1F9FEF799FEFEF7F3FD0120F5
:105A900002233370FFF7CEF8287800F072FA00B2D4
:105AA000840000F085F9FF2C28BFFF24E0B201F04C
:105AB000DCFC00F0AFF8B3E7024B034A4FF434616B
:105AC000FFF7CBBBFA070100DC090100301300200F
:105AD00000100040261300201C130020201300207B
:105AE000F8B5084E05460F46002456F8043B33B17E
:105AF00039462846984718B10134042CF5D10120C5
:105B0000F8BD00BF680A010000F002BFF8B5084EFA
:105B100005460F46002456F8043B33B13946284663
:105B2000984718B10134032CF5D10120F8BD00BF0E
:105B3000780A010070B5074E0546002456F8043B6C
:105B40002BB12846984718B10134032CF6D1012017
:105B500070BD00BF840A010000F044BC00F0F4BE38
:105B600008B5174AD2E84F3FDBB2FF2B05D1154BE2
:105B7000154A16487B2102F065F90133DBB2C2E811
:105B8000413F0029EED101F0CFFA01F0FBFE0121E7
:105B9000084601F071FA38B10D4B0222C3F880209B
:105BA000BFF34F8FBFF36F8FBFF34F8FBFF36F8F75
:105BB000084A13780133DBB21370012008BD00BF1F
:105BC00037130020900A0100100D0100A00A010007
:105BD00000E100E035130020034B00221A70034B54
:105BE000FF221A70704700BF3713002036130020C1
:105BF00008B5FFF7B5FF28B9034B044A0448E5216F
:105C000002F020F908BD00BF180B0100E30C0100F1
:105C1000A00A010008B50B4B1A78120606D50A4BEC
:105C20000A4A4FF480710A4802F00CF9094A1278C6
:105C300022B9094B054A40F20111F4E7FF221A701C
:105C400008BD00BF36130020310B01007A0C0100A3
:105C5000A00A010037130020610B010008B51249AA
:105C60004A68C2F30803E3B112F4F87F06D10F4B80
:105C70000F4A104840F2171102F0E4F8103BDAB274
:105C80005BB2002BB5BF02F00F0303F16043043B8E
:105C900003F56143B6BF5B1893F80003187E400913
:105CA00008BD4FF0FF30FBE700ED00E0880B01007E
:105CB000430C0100A00A010008B50A4B1B781BB970
:105CC000BDE80840FFF74CBFFFF7C8FF431C064B79
:105CD0001B7808BF7F205BB240B29842F0D0002012
:105CE00008BD00BF37130020361300202DE9F04116
:105CF000244D2B7803F0FF046BB1DFF8AC80224E0B
:105D000098F80070012CFFB21AD133784BB11F4BB9
:105D10001F4A9E2102E01F4B1D4A95211E4802F09A
:105D200091F8347001F002FA2146204601F0A4F9FE
:105D300010B11A4B02221A6001F038FE00233370B2
:105D4000631EDBB2D5E84F2FD2B2944203D0144B7E
:105D50000F4AAC21E2E7C5E8423F002AF2D1012C0C
:105D60000ED101F0F3F918B998F800309F4207D02E
:105D7000FFF7A2FF0028C3D10A4B054AB921CDE79E
:105D8000BDE8F0813713002034130020C20B01005E
:105D9000CD0C0100BA0B0100A00A010000E100E0F7
:105DA000D50B0100AB09010035130020FFF784BFBC
:105DB00010B50C4C2378FF2B05D00B4B0B4AF6216A
:105DC0000B4802F03FF80B4B1B781BB90A4B074AF4
:105DD000F821F5E7FFF742FF431C08BF7F2040B2E0
:105DE000207010BD36130020E70B0100A30C01004A
:105DF000A00A010037130020610B0100704700006A
:105E000010B50C4C5A230222FF21601C637402F06F
:105E1000F9F9FE23E3700822FF230021601D23719E
:105E200002F0F0F9002363731423A373E3730223D6
:105E3000237410BD38130020024B587C00F0010081
:105E4000704700BF38130020024B587CC0F340005D
:105E5000704700BF38130020024B587CC0F380000D
:105E6000704700BF38130020014B587CC0087047B2
:105E700038130020024B5A7C60F3C7025A747047F3
:105E800038130020F0B5144B587C93F9001085B0FE
:105E9000C00800F0AFF9114B6A46044603F1080749
:105EA000154618685968164603C60833BB42324681
:105EB000F7D118689B883060072CB38009DC2B462B
:105EC000002213F8010B41B28C4203DD01320E2A8D
:105ED000F7D1082005B0F0BD38130020270D0100D0
:105EE000004870473913002001460222014802F0A1
:105EF00073B800BF39130020004870473D130020DD
:105F000001460822014802F067B800BF3D13002097
:105F1000004870473B1300200149042202F05CB89E
:105F20004513002008B501F07EFE10F11D0F0FDBB8
:105F300010F1090F0EDB0A280EDD1E280EDD3228B7
:105F40000EDD4728B4BF6FF001006FF0020008BDFE
:105F50000320FCE70220FAE70120F8E70020F6E73B
:105F60004FF0FF30F3E710B50446FFF7DBFF2044A6
:105F7000C0B210BD10B50446FFF7D4FF201AC0B25E
:105F800010BD10B50446FFF7CDFF201AC0B210BDFA
:105F900010B50446FFF7C6FF201AC0B210BD0000BE
:105FA000054A002301210133102B82F8801002F1F1
:105FB0008102F8D1704700BF4A130020074A00232E
:105FC000114692F8800018B103EBC313C81870474C
:105FD0000133102B02F18102F3D170474A130020E4
:105FE0000E4A002310B513600D4A137001F0FFFA3A
:105FF00001F0A2FD044601F01BFB0A4B4FF40052D6
:10600000C3F87845C3F87C05C3F80425D3F8042801
:1060100042F48042C3F8042810BD00BF5C1B00207E
:10602000601B002000F0014008B5054B00221A70EB
:1060300001F0DEFA01F000FBBDE8084001F028BDE8
:106040006C1B002008B501F0EDFABDE8084001F036
:1060500065BD000010B5044601F01CFB054B064A67
:10606000C3F88045C3F88405C3F8482901229A6023
:1060700010BD00BF00F001400CF001402DE9F041DF
:10608000064628B9244B254A2548992101F0DAFE15
:10609000244B1B7803F0FF0883B3234F01F0FEFA73
:1060A0007B68C51A214B187820B3214B1968CB1790
:1060B00011F58002A5FB010C05FB03CC43F10003A5
:1060C00011F5800FACBF00210121B1EBDC7F4FEA5D
:1060D000D37416D0A41843F10001640844EAC174D3
:1060E00064424FEA610161EB410120184CEB010170
:1060F00008F07EFF3B681D44281A30604046BDE82A
:10610000F081A41843F10001640844EAC174201826
:106110004CEB6101ECE700BF350D0100BC0D010047
:10612000490D01006C1B0020641B0020601B002037
:106130005C1B0020F7B501A801F08EFA00284CD0B6
:10614000284E294C294D01F0FBFC3378009013B305
:106150002268019FC2F500113A4467680144D21BCE
:10616000101A4FEAD1524FEA91534BBF801A801850
:1061700090FBF3F0B0FBF3F02B781D495BB30B6899
:10618000C3EBC3031B1821D51A1F00D5DA1CD2108C
:106190000A6001232B7000233370BFF35F8F02ABC3
:1061A00013E9030084E80300BFF35F8F012333701A
:1061B00001F042FA2B782068002B14BF4FF0807159
:1061C0004FF4800101F094FC03B0F0BD1A1D48BFEC
:1061D00003F10B02DBE70860DBE701F02DFA01F0C9
:1061E00057FCF1E76C1B0020641B0020601B0020A3
:1061F0005C1B00200846704770B501F011FD0C4B88
:106200000C4D1C780123A340013B184000260A4B8B
:10621000AB60C4B2EE6001F06BF828604FF4A07080
:1062200044436C6031462846BDE8704001F06CB8CC
:106230006D1B0020701B00207962000010B50B4A16
:106240000B4913780133DBB213700A78042A9CBF20
:1062500001320A70032B4FF0000403D8FFF7CCFF84
:10626000204610BD034B01201C70FAE76F1B002075
:106270006D1B00206E1B002013B50B4C23788BB1D7
:106280000A4B0B4A0193002000901268012303215E
:1062900001F0FAF830B9237823B102B0BDE810401C
:1062A000FFF7CCBF02B010BD6E1B0020B56200002E
:1062B000841B002040B9054B1B78022B04D9044BEA
:1062C0000121186801F0CFB8704700BF6F1B002094
:1062D000841B0020012910B507D8074C38B10748A6
:1062E000002101F075F800232370012002E02078DE
:1062F00080F0010010BD00BF6E1B0020701B00204D
:10630000054B1B68834204D1044B1B780BB1FFF78C
:1063100095BF0120704700BF841B00206E1B00202A
:1063200008B5094B1B6883420BD1084801F05AF8A5
:1063300028B1074B074A0848F92101F083FD074BB4
:106340001870012008BD00BF841B0020701B0020B6
:10635000750E0100A20E0100F90D01006E1B002058
:1063600013B50C4A531CD3E84F3FDBB28DF807300E
:106370009DF80730834204D0BFF32F8F002002B076
:1063800010BD541CC4E8431F002BEBD1BFF35F8F3B
:106390000120F4E7881B0020052910B5034615D01D
:1063A0000C4C6278022AD0B210D18BB10021FFF7D9
:1063B000D7FF10B10A2001F052F8637833B1064BD1
:1063C000064A07484FF4027101F03CFD012010BD60
:1063D0001846FCE7881B0020B10F0100EF0F0100F9
:1063E000F30E010038B5084B5B78022B044609D147
:1063F00000F07EFF054D2378286020462B7100F0C9
:1064000015F9687138BD00BF881B00208C1B002067
:10641000F0B50C784278032C89B006460D4602F0A0
:10642000070736D10378053B7A2B00F28880837802
:10643000052F03F030010BD020D812F0040201D058
:10644000012423E03029FBD0102903D0202917D0C4
:106450000029F5D103F00C03082B0ED00C2B0BD028
:10646000002BEDD1FFF7F8FC00B97FB996F90230A7
:10647000002BE5DA062300E00E232B70002405E054
:10648000144600F0F4F8FF28DAD02870204609B04E
:10649000F0BD02A900F068F90028D1D0029CECB14F
:1064A000FFF71EFD02220146204601F063FDA8B160
:1064B000244B02221D88ADF8045001A9204601F0AA
:1064C00059FD58B147B9FFF70BFD02226946ADF8F7
:1064D000005001F04FFD08B10324D7E79DF81C40A0
:1064E000022C09D0082C1DD014BBFFF7B5FC0028E6
:1064F000C4D1002FC2D0EFE7039DFFF709FD22466C
:106500000146284601F036FD0028B7D00D4B1B8808
:10651000ADF80430224601A9284601F02BFD0028E1
:10652000DAD1ABE7039DFFF7E7FC22460146F3E72C
:10653000054B064A06484FF4D97101F083FC092443
:10654000A4E700BF87100100FA07010089100100CD
:106550000C100100837803F030021F2A05D913F0D4
:10656000010F0CBF0420032070470420704780787F
:1065700000F0C000802807D0C02807D0003818BF1E
:1065800001204042C0B27047022070470820704787
:106590008378024A03F00C03D05C70479810010026
:1065A00082784378900602F00C0103D4081E18BFCD
:1065B000012070470C29C3F3801002F0C00204D1FF
:1065C000C02A08D180F001007047002AEED10029CE
:1065D000F8D1C0B27047002AE8D1F3E78378427857
:1065E0009906C2F3801203F0C00003D448B182F0D0
:1065F0000100704703F00C030C2BF7D1C028F5D134
:1066000000207047807800F0C000A0F1C00358421D
:1066100058417047807800F0C000A0F180035842D4
:1066200058417047807800F0010070474078C0F30F
:106630004010704710B50446FFF7B2FF20B1204666
:10664000BDE81040FFF786BF10BD10B5837813F08A
:106650000C03044609D0FFF7EDFF20B92046BDE842
:106660001040FFF777BF0230C3B2184610BD38B5EF
:106670000146FFF76FFF05460846FFF789FFFF2831
:10668000044607D00846FFF78BFF08B10235EDB28C
:106690002C44E4B2204638BD38B50546FFF7CAFFA2
:1066A00004462846FFF79AFFA0B12846FFF7CDFF22
:1066B00001462846FFF76CFF21B1FF2801D00B18D7
:1066C000D8B238BD0CB1A31CFAE72846BDE8384063
:1066D000FFF740BF2846FFF763FF002814BF20469E
:1066E0000020EEE738B5847814F0C00405460AD0DF
:1066F000FFF7D2FF04462846FFF770FF28B1FF2CB2
:1067000001D00234E4B2204638BD2846FFF79DFF91
:1067100001462846FFF73CFF044619B1FF28F2D096
:106720000C44EFE72846FFF785FF10B10230C4B2F2
:10673000E9E72846BDE83840FFF70CBF38B5044606
:106740000D46FFF7CFFF431EDBB2FD2B09D8A37820
:1067500003F0C003A3F1C0025342534120442B7005
:1067600038BD00231846FAE72DE9F0410646FFF749
:10677000F1FE044630460D46FFF712FF074630464D
:10678000FFF72CFF8046A7B131190234E4B229602B
:10679000B37813F00C030ED033196B603046FFF75B
:1067A000F7FE0444FF282875E4B206D10020BDE8B6
:1067B000F0813946EBE76B602B75B8F1000F1CD008
:1067C00033190234AB60E4B2B37813F0C00319D0CC
:1067D0003319EB603046FFF7CAFE0444FF286875A2
:1067E000E4B2E3D0AC757378C3F3C0001B074BBFB2
:1067F000A41928612C610120D9E7002F08BF394670
:10680000A960E1E7EB606B75ECE70000034B00214A
:106810001970BFF35F8F024800F0DABD941B0020AF
:10682000981B002020B1034B0521186800F01BBE07
:10683000704700BFAC1B002010B5104C237843B14B
:106840000F4A00230421012000F01CFE10B1002398
:10685000237010BD0B480C4A436803F5FA7393424A
:10686000436005D9094B0A4A0A485E2101F0EAFA59
:10687000BDE81040012100F047BD00BF941B00207F
:1068800025680000981B002040420F00A510010061
:106890000C120100C310010038B50E4C0E4D0F4B09
:1068A000A3600023E360286000F022FD2B682060D5
:1068B0001A780B4B1B6803EB421303F5C0730125D9
:1068C0006360084B204629461D7000F01DFD2846D8
:1068D00038BD00BF981B0020AC1B002039680000A9
:1068E0001C000020941B002010B5084B1B7803F0FF
:1068F000FF0433B1042902D028B1FFF787FF2046F7
:1069000010BD0124FBE70446F9E700BF941B0020FB
:1069100008B5084B1B68834208D0074B1B782BB186
:10692000064B074A0748A32101F08CFABDE808404E
:10693000FFF76CBFAC1B0020941B00204B11010023
:10694000E4110100C310010008B5064B1B782BB9F8
:10695000054B064A0648AA2101F074FABDE8084032
:10696000FFF754BF941B00207D110100B9110100F5
:10697000C310010008B5084B1B68834208D0074BC1
:106980001B782BB1064B074A0748B22101F05AFA8F
:10699000FFF73CFF012008BDAC1B0020941B00202A
:1069A0004B11010093110100C31001002DE9F843C0
:1069B000894642B1012A0CD0274B284A28484FF477
:1069C0009C7101F03FFA274A83BB976E0224013283
:1069D0002FE0254AD3BBD2F818710B2429E0ACEB89
:1069E000060506EB6505AF4228D905FB04FE02EB60
:1069F0000E0883B152F80EE001688E4511D813D30A
:106A0000D8F804E0416871450BD30DD8C9F800509F
:106A10000120BDE8F883B0F8008032F80EE0F045C0
:106A2000F2E705F1FF3C07E06E1C05E0D76E082495
:106A300015320025BC462E46B445D0DA6B1CB34255
:106A400008BF3546C9F800500020E2E7D2F81C71B3
:106A500011246E32EDE700BFFA070100D9120100E0
:106A600020120100D01C0020B01B002010B5094CE2
:106A700070220021204601F0C5FB4FF490720648B9
:106A8000002101F0BFFB01232370044B00221A7088
:106A900010BD00BFD01C0020B01B0020401D0020F6
:106AA00030B5234B1D78012D89B0044614D0022D3A
:106AB00015D0002D34D101A9FFF740FE1D4B1B78E6
:106AC0006BB130B19DF804302A4602A9FFF76EFF82
:106AD0000346184609B030BD164B1B780BB901238D
:106AE000F7E702A94578FFF73FFE0028F7D005F049
:106AF0000705032D12D19DF81E30E35C042B0DD148
:106B00009DF81D30022BEAD100231A46059801A9F1
:106B1000FFF74CFF80F00100C3B2DAE70023D8E7AB
:106B2000054B064A064840F2C22101F08BF900BF2E
:106B3000401D0020D01C0020FA070100AB1201000C
:106B40002012010073B50E461546044680B10B466F
:106B5000012201A9FFF72AFFA0B101980B4C56B101
:106B600000EB00102318763093F87E302B7004442D
:106B7000204602B070BD0B235843231802309B7A85
:106B80002B70F4E728700446F2E700BFB01B00202A
:106B900008B500F023F9BDE8084000F025B8000072
:106BA00008B542789206034605D40C4B0C4A0D48B2
:106BB0004F2101F047F9827802F03002102A02D00A
:106BC000202A05D042B91846BDE8084000F01AB99D
:106BD000BDE8084000F00AB8002008BDE912010035
:106BE000A71301001713010070470000F0B58FB024
:106BF00002A90546FFF7B8FD002800F093809DF834
:106C00001D106D4CA1F10800414241410DF10702F8
:106C10000598FFF797FF032206460021204601F062
:106C2000F1FA637843F0020363706A7802F00802B5
:106C3000134328466370FFF733FF18B1637843F0BE
:106C4000100363706B785B0648BF6378284644BFC7
:106C500043F040036370FFF7E5FC18B1A37843F0FD
:106C60000103A3701EB1A37843F00203A37028466A
:106C7000FFF7C8FC90B1A37843F00C03A370A3788E
:106C80004D4843F0200308A9A370FFF76DFD70B9CC
:106C90004A4B4B4A9A214B4801F0D4F82846FFF75B
:106CA000B9FC0028EBD0A37843F00803E6E79DF891
:106CB0003630284601332370FFF7B4FC08B9EB786F
:106CC000E370089B53B1049921B9029911B9FFF7F8
:106CD00007F901460898022201F07EF9059989B169
:106CE000099818B9384B394ABF21D4E79DF81D30AF
:106CF0009DF834209A4203D0354B344AC021CAE76C
:106D000001F06AF90C9B7BB99DF83650601946B1C9
:106D10009DF8075031462A4601F05EF92278154465
:106D2000257025480FB0F0BD069A1AB9294B2A4A9A
:106D3000D221B0E712781A7021784B1C23700C9B7B
:106D40001A7812F0200204BF053121700699FAB1B9
:106D500001315D1C1B7803F01803102B1BD0182B7E
:106D60001BD0082B1BD101273A46284601F034F9E5
:106D700023783B4423700C9B1B7803F00703013BF3
:106D8000062B11D8DFE803F00D1215100D121500B7
:106D900005315D1DDEE70527E6E70927E4E7002763
:106DA000E9E7237804332370E819B0E72378083340
:106DB000F9E723781033F6E7411D0020C7130100DF
:106DC000F3140100D513010069140100E31401005C
:106DD00083140100B2140100CE14010007B5074B63
:106DE000186800909B880648ADF804300622694672
:106DF00001F0F2F803B05DF804FB00BF05150100D7
:106E0000C11D002010B5064CC378E370FFF748FEA3
:106E1000002814BF122302236370204610BD00BF58
:106E2000C11D002008B5084B1B7803B959B9074BA1
:106E30001A5C8A4206D129B1054B064A0648B92197
:106E400001F000F8195408BD111E0020C71D0020D4
:106E50000B150100EF150100481501002DE9F04F59
:106E6000394EDFF8E88085B00123D6E84F5F15F092
:106E7000FF0509D0BFF32F8F344A13780133DBB2FB
:106E8000137005B0BDE8F08FC6E8443F002CECD18C
:106E9000BFF35F8FDFF8C09098F80030DFF8BCA038
:106EA0005FFA83FB99F80030019300F021FA07465E
:106EB000DAF80410DAF808300391029300F01AFAB5
:106EC0009AF800200399AA4209D9214A029B121A72
:106ED0001A44384600F010FA08B99AF80050012C0C
:106EE0000AF1200A26D11B4B1978019B8D4238BF2D
:106EF0000D46AB4215D089F80050EDB900F0BEFA4E
:106F000029462846FFF78EFF00F0E8FA294620467A
:106F1000FFF788FF284600F069FB29460220FFF7AB
:106F200081FFBFF35F8F0023337098F800305B451B
:106F30009AD1A6E70124BBE700F0A2FA00F014FB07
:106F400000F0B4FAE6E700BF0F1E0020101E00207C
:106F500020FEFFFFCA1D0020111E0020CC1D0020B6
:106F600070B51D4D1D4E0122D5E84F3FDBB23BB140
:106F7000BFF32F8F194A13780133DBB2137070BD42
:106F8000C5E8432F002BEFD1BFF35F8F144B34784C
:106F90001A78032A98BF18785A788CBF0420C0B298
:106FA000904288BF58789A7888BFC0B2824238BF72
:106FB00098780C4B1A7838BFC0B28242E4B202D043
:106FC000187000F08FF8BFF35F8F00232B703378B9
:106FD000A342C8D1D3E700BF0D1E00200E1E002023
:106FE000C71D00200C1E002008B500F059FA00F063
:106FF000FCFA0A4A00231370094A1370094A1370F5
:10700000094A1370094A1370094A137082F8203034
:10701000084A13705370937008BD00BF0D1E002006
:107020000F1E00200C1E0020CA1D0020111E002073
:10703000CC1D0020C71D002008B5054B1870BFF3FC
:107040005F8FFFF70BFFBDE80840FFF789BF00BF68
:10705000CA1D002000F058BA00F058BA054B1A7843
:1070600032B95A7822B99878003818BF0120704791
:1070700001207047C71D0020022808B506D9074B1C
:10708000074A084840F20E2100F0DCFE064B185C6F
:10709000884234BF0020012008BD00BFB91501009F
:1070A000CE15010048150100C71D002000F042BAAE
:1070B00008B504210120FFF7B5FEBDE80840FFF741
:1070C0004FBF08B504210020FFF7ACFEBDE8084023
:1070D000FFF746BF014BFF221A707047121E0020B7
:1070E000FFF7AABF13B50446FEF760FE0D4B50B183
:1070F0001A78FF2A07D12046FDF73EFE02B0BDE810
:107100001040FEF7F3BDD3E84F2FD2B28DF8072021
:107110009DF80720C3E8424F002AF4D10028EDD1A2
:1071200002B010BD121E002070470000064AFF2367
:10713000D2E84F0FC2E8413F0029F9D1C0B2FF2881
:1071400001D0FDF719BE7047121E0020024B1878BF
:10715000FF3818BF01207047121E002082B00122A4
:10716000D0E84F3FDBB28DF807309DF8073023B1F0
:10717000BFF32F8F002002B07047C0E8432F002BD1
:10718000EED1BFF35F8F0120F5E70000094A82B01E
:10719000D2E84F3FDBB28DF807309DF8073001335E
:1071A000DBB2C2E8413F0029F2D1BFF35F8F02B0EA
:1071B000704700BF141E0020F8B50E4E0E4F3578F4
:1071C0000E483C68EDB2FFF7C9FF38B154B900F082
:1071D00051FCBFF35F8F094B00221A703378AB422A
:1071E000EDD1F8BD3B6820686168A342F1D100F0A1
:1071F000F1FBEEE7141E0020181E0020151E0020D3
:107200002DE9F3410F4688B12A49DFF8BCC04FF0A1
:1072100000080A78CDF80480D2B2634653E8004FE4
:1072200054B1A04208D004F11003F7E7224B234ADF
:10723000BD21234800F006FE0D78AA42E9D1A04204
:1072400015D102690192DCF8002082421FD1019A17
:10725000002A15BF0025012501260026019A43E8D2
:10726000002EBEF1000FD4D1FFF790FF03E0BFF373
:107270002F8F00252E46A4B104F1100353E8003FE0
:107280009C4207D10F4B0D4A4FF48871D1E700257E
:107290002E46E3E704F1100141E80032002AEBD169
:1072A000012407B13C70002E14BF3046284602B0BE
:1072B000BDE8F081141E002006160100EC16010046
:1072C0001616010099160100181E0020044A00231A
:1072D0001360044A1370044A1370044A1370704711
:1072E000181E0020151E0020131E0020141E002052
:1072F00000F06ABB00F06CBB101A08440028D4BF31
:107300000020012070470000F8B5044630B9284B32
:10731000284A4FF4AA71284800F094FD836823B9E5
:10732000264B244A40F25511F5E729B100F050FBF5
:107330006368013B0344636000212046FFF760FF60
:1073400008B1FFF739FF1E4E1E4D30782946C0B2F6
:1073500051E8003F9C4204D11B4B164A4FF4B871D0
:10736000D9E75BB1D4E900273A441F68D21B5F68B4
:10737000D21B002A02DB03F11001E9E732788242D6
:10738000E3D1A34204D1114B0A4A40F28911C2E76A
:10739000236141E80043002BD7D1FFF7F7FE2B68AC
:1073A000A34203D1BDE8F840FFF706BFF8BD00BF18
:1073B00006160100F916010016160100AF160100AD
:1073C000141E0020181E0020C9160100DA16010044
:1073D00008B5FFF715FF18B1BDE80840FFF7ECBE90
:1073E00008BD000030B5094B09491D680A782B46D5
:1073F000D2B223B90C789442F8D1184630BD8342FA
:1074000001D01B69F5E70123F4E700BF181E002037
:10741000141E002037B50E48FFF7A0FE98B10D4BA3
:10742000186858B10DF10701D0E90245FFF7E8FEF1
:107430009DF8073013B10CB12846A047BFF35F8F0A
:10744000034B00221A7003B0BDE83040FFF7B4BE12
:10745000131E0020181E00207047FCF78CBFFCF79D
:1074600098BFF9F75FB8F9F757B8FCF793BFFCF787
:1074700092BFFCF791BFFCF790BF704700F082B855
:1074800070477047FDF7CEBD10B49DF804400194DD
:107490005DF8044BFDF7F8BDFDF734BEFDF790BE77
:1074A000014B00221A7070471C1E002008B5074BC4
:1074B0001A782AB1064B074A07483B2100F0C2FC64
:1074C00001221A70BDE80840FFF7F2BD1C1E002023
:1074D00014170100D61701002217010008B5064B4A
:1074E0001A782AB9054B064A0648432100F0AAFC3F
:1074F00000221A7008BD00BF1C1E002015170100D5
:10750000B8170100221701007047000008B5054BAD
:107510001B782BB9044B054A0548512100F092FC19
:10752000012008BD1C1E0020151701009E17010038
:10753000221701004FF0FF30704700004FF08043EA
:1075400008490022C3F81825E02281F8002301220F
:10755000C1F880210A60C3F804230222C3F804237F
:10756000704700BF00E100E04FF08043002282B08E
:10757000C3F80021D3F800210192019A01221A6078
:1075800002B070474FF0804301225A6070474FF0BD
:107590008043002282B0C3F80421D3F80421019271
:1075A000019A01229A6002B0704707B54FF08043FC
:1075B000D3F8002142B10022C3F80021D3F80031F2
:1075C0000093009BFFF77DFD4FF08043D3F804212B
:1075D00042B10022C3F80421D3F804310193019B86
:1075E00000F0B4FA03B05DF804FB704770477047D1
:1075F0000B4BD3F8042522F00302C3F80425D3F87B
:10760000082542F00302C3F80825D3F8102522F01C
:107610000F0242F00402C3F8102501221A607047DD
:1076200000800040014B01221A6170470080004039
:107630000048704748800040054A064901235364CA
:10764000D2F84435013B0B60C2F84835704700BFA3
:1076500000800040201E002008B5094BD3F84835B3
:1076600028B9084B084A09487B2100F0EBFB084A7F
:1076700012689A4216BF03600020012008BD00BFB7
:1076800000800040350D010077180100F51701005A
:10769000201E0020004870474C800040014BD3F86A
:1076A0004C05704700800040F8B51C4A430B43EA84
:1076B000C1434C0BA3FB023502FB04551B0F43EAED
:1076C00005132D0F6A0243F6095742EAD3525C02B2
:1076D000A3FB0736C31A124807FB056561EB0501DA
:1076E00098424FF00000884105D20E4B0E4A0F48D9
:1076F000902100F0A7FB0E4D40F23140584305FBAE
:107700000100A3FB0535013B284447F6FF7340EB1E
:107710000300C00B001942F10001F8BDD07B6308E3
:10772000452C160099180100B4190100A718010092
:107730007B2DE8BDF8B5224D05EB001C0446060183
:107740002048DCF80470C0F80873DCF80C70C0F84E
:107750004473D3E90073B9422AD9C81B002827DA39
:10776000013B8A184FF0000040EB000119448018DB
:10777000FFF79AFF43F60957A0FB073207FB0121E9
:1077800040F2FF129B18DFF840C00E4A41F10001A1
:107790005B0A43EAC1534CF83430AB590CEBC40ECE
:1077A00003F5A873490ACEF8041042F82300F8BD87
:1077B000B942D6D27F1A002FB8BF0133D1E700BF3C
:1077C000E419010000400240381E002000F1402072
:1077D00000F50030002382B0036003680193019B31
:1077E00002B0704737B526490122D1E84F3FDBB2DE
:1077F0008DF807309DF807306BB1BFF32F8F214B09
:10780000D3F80421204B12B91A68D20736D518686C
:107810000230400830E0C1E8432F002BE5D1194B7E
:107820000222C3F80823BFF35F8FD3F80431164A4E
:107830004BB1136801331360BFF35F8F4FF4827055
:10784000FFF7C4FF012310680E4C022501304008E9
:10785000C4F80453BFF35F8F00240C7063B1136846
:10786000D90706D4094B0A4A0A484FF4887100F038
:10787000E9FA13680133136003B030BD1868C8E734
:107880002C1E002000400240301E00201419010070
:10789000CF1901002C1901002DE9F04106460C46D4
:1078A000FFF7A0FF0546BFF35F8FDFF82080D8F811
:1078B0000475BFF35F8FFFF795FF3060854218BFF7
:1078C000D8F804752760BDE8F08100BF0040024091
:1078D00007B501A96846FFF7DFFF019A43F6095390
:1078E00040F2FF100021E2FB0301400A009A044B22
:1078F00040EAC150490AE2FB030103B05DF804FB12
:107900000080841E194A002310B51360184A194CD0
:1079100000200021C2E90001174A23701360FFF71D
:1079200036FE2378002BFCD0144BC02283F824238E
:107930001022C3F884215A60114A0023C2F8083586
:107940004FF48270FFF742FF0223C2F84433C2F8BB
:1079500004334FF48033C2F808334FF4A070C2F8F8
:107960004833FFF733FF0123136010BD301E0020A2
:10797000381E0020241E0020281E002000E100E008
:1079800000400240074B5A68D20642BF064A012116
:1079900011601022C3F88420BFF34F8FBFF36F8FA5
:1079A000704700BF00E100E0281E0020044B1A6869
:1079B00022B100221A60034B10225A60704700BFA8
:1079C000281E002000E100E008B5FFF781FF08BD98
:1079D0001F20704770B586B00546019102A803A923
:1079E000FFF75AFF039E019A002043F6095104460F
:1079F00040F2FF13E6FB01345B0A0299184E43EA9A
:107A0000C453640AE1FB0634CDE90434294604ABCF
:107A1000FFF790FE134B039AD3F804359A4203D034
:107A2000FFF756FFCDE904010F49049B059AD1E900
:107A300000013E3342F10002834272EB010308D39E
:107A40000A4B01221A700A4B1022C3F8042106B017
:107A500070BD044B4FF48032C3F80423F7E700BF36
:107A60000080841E00400240381E0020341E00208A
:107A700000E100E0054B4FF48032C3F848234FF497
:107A8000A070C3F80823FFF7A1BE00BF004002406A
:107A90007FB5154D154E0424694601A8FFF7FCFE7D
:107AA000009A43F6095040F2FF110023E2FB001355
:107AB000490A019A41EAC3515B0AE2FB0513CDE989
:107AC00002133E2202AB0120FFF734FE4FF40033D5
:107AD000C6F80433D6F80435009A9A4201D0013C26
:107AE000DAD104B070BD00BF0080841E00400240A7
:107AF0001FB504460191FFF7EBFE019ACDE90201A3
:107B000002AB21460120FFF715FE034B4FF4003274
:107B1000C3F8042304B010BD00400240054B4FF4ED
:107B20000032C3F848234FF4A270C3F80823FFF7CC
:107B30004DBE00BF00400240004870474441024033
:107B4000014B9868704700BF381E0020014B01228E
:107B50001A707047241E002010B5264BD3F804215C
:107B600022B10222C3F80823FFF73CFE224B1A7809
:107B700072B100224FF4A0701A70FFF727FE1D4B60
:107B80004FF48032C3F84823C3F80823FFF742FCC0
:107B9000184CD4F80433DA0317D5D4F84031A3B124
:107BA0004FF4A070FFF712FEFFF792FE134BD3E9DC
:107BB0000023904271EB030307D34FF48033C4F8E2
:107BC0004833C4F80833FFF725FC0A4AD2F80433D7
:107BD0009B030ED5D2F844315BB14FF4A270FFF78E
:107BE000F5FD4FF40033C2F84833C2F80833FEF70E
:107BF000A1FA10BD00400240341E0020381E0020B3
:107C0000064B01221A60D3F80021002AFBD0002283
:107C1000C3F80021D3F8080500F06ABB00D000408B
:107C200000F06EBB7047142070470000BFF34F8F09
:107C30000549064BCA6802F4E0621343CB60BFF308
:107C40004F8F00BFFDE700BF00ED00E00400FA0524
:107C50004FF08053D3F830210D2A03BFD3F83401FD
:107C6000B0FA80F0400900207047000008B5FFF727
:107C7000EFFF40B14FF080430022C3F80C21C3F85E
:107C80001021C3F83825FFF7E3FF002846D04FF056
:107C90008052584BD2F80414C3F82015D2F80814B7
:107CA000C3F82415D2F80C14C3F82815D2F8101410
:107CB000C3F82C15D2F81414C3F83015D2F81814E0
:107CC000C3F83415D2F81C14C3F84015D2F82014A8
:107CD000C3F84415D2F82414C3F84815D2F8281470
:107CE000C3F84C15D2F82C14C3F85015D2F8301440
:107CF000C3F85415D2F83414C3F86015D2F8381408
:107D0000C3F86415D2F83C14C3F86815D2F84014CF
:107D1000C3F86C15D2F84424C3F87025FFF798FF18
:107D200048B14FF08043D3F80024D10744BF6FF02F
:107D30000102C3F80024304AD2F8883043F47003BB
:107D4000C2F88830BFF34F8FBFF36F8F4FF010230F
:107D5000D3F80C22D2071DD5284B0122C3F80425E5
:107D6000D3F80024002AFBD04FF01022D2F80C32B6
:107D700023F00103C2F80C32204BD3F80024002A70
:107D8000FBD00022C3F80425D3F80024002AFBD03E
:107D9000FFF74CFFD3F80022002A03DBD3F80432AC
:107DA000002B22DA154B0122C3F80425D3F8002456
:107DB000002AFBD04FF010221221C2F80012D3F893
:107DC0000024002AFBD04FF010231222C3F8042213
:107DD0000A4BD3F80024002AFBD00022C3F8042564
:107DE000D3F80024002AFBD0D2E7054B054A1A60DD
:107DF00008BD00BF00C0004000ED00E000E0014011
:107E0000200000200090D0030649074A074B9B1A28
:107E100003DD043BC858D050FBDCFFF727FFF8F721
:107E200037FA0000441E010000000020E80900208D
:107E3000FEE7FEE7FEE7FEE7FEE7FEE7FEE7FEE71A
:107E4000FEE7FEE700B50B4C25681446EE681A46BF
:107E500085B003460D464CB107490095CDE90114A4
:107E60003046064900F04EF802F00CFE04490C467C
:107E7000F3E700BF28000020041A0100141A0100D3
:107E8000101A010008B513460022FFF7DBFF00BF00
:107E9000002301461A46184602F05ABD08B50021D3
:107EA000044602F089FD044B1868C36B03B1984780
:107EB000204606F007FC00BF481B010038B5084B00
:107EC000084D5B1B9C1007D0043B1D44013C55F83A
:107ED00004399847002CF9D1BDE8384007F060BA62
:107EE000E4090020E00900200CB400B583B004AB25
:107EF00053F8042B019300F099FB03B05DF804EBF9
:107F000002B070470EB410B583B005AB064C53F801
:107F1000042B01930146206800F088FB03B0BDE804
:107F2000104003B0704700BF2800002070B50D4E10
:107F30000D4D761BB61006D0002455F8043B0134D5
:107F40009847A642F9D1094E094D761B07F022FA4F
:107F5000B61006D0002455F8043B01349847A642D9
:107F6000F9D170BDD4090020D4090020E009002017
:107F7000D4090020032A70B515D940EA010C1CF081
:107F8000030F04460B4621D1194620460E680568AA
:107F9000B54204F1040403F1040317D1043A032A9F
:107FA00020461946F0D8541EA2B100F1FF3C013919
:107FB00001E0C3180CD01CF801EF11F8012F964511
:107FC000A4EB0C03F5D0AEEB020070BD541EECE741
:107FD000184670BD104670BD844641EA000313F098
:107FE00003036DD1403A41D351F8043B40F8043BC0
:107FF00051F8043B40F8043B51F8043B40F8043B83
:1080000051F8043B40F8043B51F8043B40F8043B72
:1080100051F8043B40F8043B51F8043B40F8043B62
:1080200051F8043B40F8043B51F8043B40F8043B52
:1080300051F8043B40F8043B51F8043B40F8043B42
:1080400051F8043B40F8043B51F8043B40F8043B32
:1080500051F8043B40F8043B51F8043B40F8043B22
:1080600051F8043B40F8043B403ABDD2303211D3C2
:1080700051F8043B40F8043B51F8043B40F8043B02
:1080800051F8043B40F8043B51F8043B40F8043BF2
:10809000103AEDD20C3205D351F8043B40F8043BC2
:1080A000043AF9D2043208D0D2071CBF11F8013BC0
:1080B00000F8013B01D30B8803806046704700BF86
:1080C000082A13D38B078DD010F003038AD0C3F195
:1080D0000403D21ADB071CBF11F8013B00F8013B77
:1080E00080D331F8023B20F8023B7BE7043AD9D336
:1080F000013A11F8013B00F8013BF9D20B7803700B
:108100004B7843708B7883706046704788420DD9F6
:108110008B1883420AD900EB020CBAB1624613F8FD
:1081200001CD02F801CD9942F9D170470F2A0ED83E
:10813000034602F1FF3C4AB10CF1010C013B8C44B7
:1081400011F8012B03F8012F6145F9D1704740EA7E
:1081500001039B0750D1A2F1100370B501F1200C6F
:1081600023F00F0501F1100E00F11004AC441B09BF
:108170005EF8105C44F8105C5EF80C5C44F80C5C33
:108180005EF8085C44F8085C5EF8045C44F8045C43
:108190000EF1100EE64504F11004E9D1013312F09E
:1081A0000C0F01EB031102F00F0400EB031327D0B7
:1081B000043C24F003064FEA940C1E441C1F8E4618
:1081C0005EF8045B44F8045FB442F9D10CF1010499
:1081D00002F0030203EB840301EB840102F1FF3C94
:1081E0004AB10CF1010C013B8C4411F8012B03F84E
:1081F000012F6145F9D170BD02F1FF3C03469BE7B9
:108200002246EBE7830730B548D0541E002A3FD002
:10821000CAB2034601E0013C3AD303F8012B9D07A3
:10822000F9D1032C2DD9CDB245EA05250F2C45EA0D
:10823000054536D9A4F1100222F00F0C03F1200EEF
:10824000E6444FEA121C03F1100242E9045542E9E8
:10825000025510327245F8D10CF1010214F00C0FE6
:1082600003EB021204F00F0C13D0ACF1040323F063
:1082700003030433134442F8045B9342FBD10CF034
:1082800003042CB1CAB21C4403F8012B9C42FBD15D
:1082900030BD64461346002CF4D1F9E7034614467A
:1082A000BFE71A46A446E0E70EB400B582B003ABC0
:1082B000816853F8042B019301F012F802B05DF8C5
:1082C00004EB03B0704700BF0FB400B5074983B09B
:1082D00004AB086853F8042B8168019301F000F89F
:1082E00003B05DF804EB04B0704700BF2800002025
:1082F000024B1B680022C3E92A02704728000020B5
:108300000B4A0C4910B414680B4AD4E92A0300FB49
:1083100002F201FB0322A0FB0101431C42EB01001E
:10832000C4E92A3020F000405DF8044B704700BFDC
:10833000280000202D7F954C2DF4515800294FF432
:1083400080630CBF0222002200F000B82DE9F04348
:108350005A4CD4F8008083B004460E4617461D469A
:10836000B8F1000F03D0D8F83830002B68D0022FB6
:1083700005D0012F00F28E80002DC0F28B802146A7
:10838000404603F053FC216B41B104F14003994294
:1083900002D0404603F070FE00232363B4F90CC002
:1083A00000231CF0800FA361636051D12CF44A6C50
:1083B0002CF0030C022FA4F80CC057D001AB6A4676
:1083C0002146404604F0DAF9A3891843A08125B379
:1083D00026B3D8F838307BB3009BB4F90CC02660C4
:1083E000AB421CBF4CF4006CA4F80CC0012F04BFBE
:1083F0004CF0010CA4F80CC01CF00800C4E90465A2
:108400001FFA8CF320D013F001003FD000206D4202
:10841000A060A56103B0BDE8F083009D284604F08C
:10842000DDF90646002838D0A38943F08003A381F4
:10843000D8F83830002BCFD1404603F021FDCBE7F0
:10844000404603F01DFD92E7A06003B0BDE8F08355
:108450002169404603F010FEB4F90CC02CF44A6CBC
:108460002CF0030C022FA4F80CC0A7D1002004F1BB
:1084700043034CF0020C00210122C4E90432A4F8A9
:108480000CC0A160236003B0BDE8F083A56003B019
:10849000BDE8F0834FF0FF30D7E7DDF80090A94545
:1084A00004D0484604F09AF9064620B9B4F90CC045
:1084B0004FF0FF30DBE74D46B6E700BF2800002055
:1084C00090F800F06DE9024520F007016FF0000C14
:1084D00010F0070491F820F040F049804FF00004BC
:1084E0006FF00700D1E9002391F840F000F1080097
:1084F00082FA4CF2A4FA8CF283FA4CF3A2FA8CF3CF
:108500004BBBD1E9022382FA4CF200F10800A4FA35
:108510008CF283FA4CF3A2FA8CF3E3B9D1E9042389
:1085200082FA4CF200F10800A4FA8CF283FA4CF3C0
:10853000A2FA8CF37BB9D1E9062301F1200182FA7A
:108540004CF200F10800A4FA8CF283FA4CF3A2FA80
:108550008CF3002BC6D0002A04BF04301A4612BA8E
:10856000B2FA82F2FDE8024500EBD2007047D1E991
:10857000002304F00305C4F100004FEAC50514F020
:10858000040F91F840F00CFA05F562EA05021CBFF1
:1085900063EA050362464FF00004A9E72DE9F84FAE
:1085A0004B6E9C0490462DD59368126843B38B465E
:1085B000064602F1080959E9025A5FEA9A0715D0FE
:1085C000043D002401E0A7420ED055F8041F5A468E
:1085D000304603F0C9FC431C04F10104F3D100232D
:1085E000C8E90133BDE8F88FD8F808302AF0030A4B
:1085F000A3EB0A03C8F8083009F10809002BDAD107
:108600000020ECE703F03EFE0023C8E90133BDE89B
:10861000F88F00BF10B4946814B15DF8044BBDE747
:10862000204654605DF8044B704700BF2DE9F04FC1
:10863000ABB01C46884617460693834618B1836B39
:10864000002B00F02582B8F90C1088048AB20AD4F5
:10865000D8F8643041F4005223F40053A8F80C20F9
:10866000C8F8643092B2130740F1A480D8F81030F3
:10867000002B00F09F8002F01A020A2A00F0A88066
:108680001AAB0D930023CDE90E3309930DF1680960
:1086900005933B78002B00F00D813C4604E014F874
:1086A000013F002B00F0E880252BF8D1E51B40F0BE
:1086B000E5802378002B00F0FD804FF000020021C0
:1086C0008DF82F20637804914FF0FF32671C084625
:1086D00002928A460137A3F12002582A00F2F7805D
:1086E000DFE812F03302F500F5002F02F500F50087
:1086F000F500F500F500F500E5012B02F500F001AD
:10870000F401F50027025900590059005900590099
:108710005900590059005900F500F500F500F50021
:10872000F500F500F500F500F500F5000E02F50086
:10873000F500F500F500F500F500F500F500F50091
:10874000F5009400F500F500F500F500F500840053
:10875000F500F5004802F500F500F500F500F5001C
:10876000F500F500F500F500F5003A02A701F50067
:10877000F500F5008902A701F500F5007F02F5007C
:1087800069029600C902C502F500A402F500860040
:10879000F500F5008D02A3F13002002417F8013B2B
:1087A00004EB840402EB4404A3F13002092AF5D956
:1087B000049490E74146584602F060F8002840F0E3
:1087C0003585B8F80C2002F01A020A2A7FF458AF57
:1087D000B8F90E30002BFFF653AF23463A46414618
:1087E00058462BB0BDE8F04F00F044BD4AF0100AE7
:1087F0001AF0200100F00F81069B073323F00703D6
:10880000596853F8080B069301230EE04AF0100A4A
:108810001AF0200100F0F280069B073323F00703D3
:10882000596853F8080B069300234FF000028DF8A7
:108830002F2000220792029A541C00F02F822AF067
:108840008004019450EA010440F02682002A40F09E
:108850009584002B40F00E841AF00103039340F03E
:108860003E841AACDDE902639E42B8BF1E46079BF8
:10887000002B3ED001363CE0E51B1BD00E9B0F9A2F
:1088800001332A44072BC9E900750F920E9305DCCA
:1088900009F10809059B2B4405930AE7002A00F01B
:1088A000D1830DAA41465846FFF778FE30B90DF145
:1088B0006809EFE70F9B002B40F08584B8F80C3077
:1088C0005B0600F1B38405982BB0BDE8F08F00295A
:1088D00040F07584002BEDD08DF8403001264FF02C
:1088E00000038DF82F30039610AC0023CDF804A0C0
:1088F0000293019B13F002030793019B18BF0236FA
:1089000013F08403089304D1049B9D1B002D00F3F6
:10891000DB82DDE90E1001F1010C9DF82F3093B1DF
:1089200001300DF12F030121BCF1070FCDE90EC07D
:10893000C9F80030C9F8041000F3A682614609F1B5
:1089400008090CF1010C079BEBB10CAB0230C9F824
:108950000030BCF1070F4FF00203CDE90EC0C9F89B
:10896000043040F3AB82002800F066830DAA414634
:108970005846FFF713FE0028A0D1DDE90E100DF1D7
:10898000680901F1010C089B802B00F0C881DDE92A
:1089900002329D1A002D00F31C82039BC9F800408F
:1089A0001844BCF1070FCDE90EC0C9F8043040F3FC
:1089B000B381002800F0D2820DAA41465846FFF745
:1089C000EDFD00287FF47AAF0F980DF16809019B47
:1089D0005A0704D5049B9C1B002C00F3C982DDE9D7
:1089E0000423B242ACBF9B189B190593002840F0AA
:1089F000368200230E930DF168094AE61AF010033F
:108A000049D11AF0400146D0069A52F8040B06925A
:108A1000194680B209E71AF0100342D11AF040015A
:108A20003FD0069A52F8040B0692194680B20123F1
:108A3000FBE6002940F0E1831AF0200F069B68D086
:108A4000073323F007031A465B6852F8080B0692B7
:108A50001946002BC0F20483029B013300F08A8385
:108A60009DF82F30079350EA01032AF0800A00F0A6
:108A700054830A2871F1000380F0128330300123FF
:108A80008DF86700CDF804A003930DF16704E9E6C3
:108A900003F0F6F9D7E5069B53F8040B06930B4653
:108AA000C3E6069B53F8040B06930123BDE6069B21
:108AB00053F8042B0492002A80F20D83049A069343
:108AC000524204923B784AF0040A03E63C4614F80A
:108AD000013B2A2B00F0AF83A3F13002092A27467D
:108AE00098BF002400F28F8317F8013B04EB840445
:108AF00002EB4404A3F13002092AF5D90294EAE515
:108B0000002940F084834AF0100A1AF0200F069BD7
:108B100096D153F8040B06931AF0100F40F09B8285
:108B20001AF0400F00F0978240F3C0310B4600B2BC
:108B30008FE73B784AF0800ACCE53B7801212B2077
:108B4000C8E53B784AF0010AC4E53B7800287FF489
:108B5000C1AD01212020BDE5069B4FF000028DF83C
:108B60002F20012653F8042B8DF8402006930396FE
:108B700010ACBAE6002940F04D83BD4A09921AF0C4
:108B8000200144D0069A073222F00702516852F8B9
:108B9000080B06921AF0010F0BD050EA010208D020
:108BA0008DF8313030238DF830304AF0020A02233C
:108BB0003BE6022339E6002940F022831AF0200F19
:108BC00040F09A821AF0100F40F0CC821AF0400F59
:108BD00000F0C882069B059953F8042B0693118078
:108BE00057E53B786C2B03BF7B784AF0200A0137AE
:108BF0004AF0100A6EE53B784AF0400A6AE500291F
:108C000040F0F8829B4A09921AF02001BAD11AF07A
:108C1000100240F01B821AF0400100F01782069CFF
:108C200054F8040B0694114680B2B3E7069D55F83C
:108C3000044B4FF000038DF82F30002C00F0A4827D
:108C4000029B5E1C00F072821A460021204604F04E
:108C50009FF8002800F0BE82031B03939DF82F307D
:108C6000079300230695CDF804A00293FAE53B781C
:108C70004AF0200A2EE5069B53F8040B0693302396
:108C80008DF8303078238DF831307A4B09934AF0E3
:108C9000020A00210223C8E5DDF804A0012B3FF4FD
:108CA000E8AE022B1AAC12D1099A00F00F030009AA
:108CB000D35C04F8013D40EA0170090950EA010360
:108CC000F3D11AAB1B1BCDF804A00393CAE500F047
:108CD0000703C00840EA4170C908303350EA010573
:108CE000224604F8013DF2D11AF0010FE9D0302BF1
:108CF000E7D03023023A04F8013C1AAB9B1ACDF8B6
:108D000004A003931446ADE503981A9401231B9025
:108D10000F900E930DF1680909F1080957E6049BBD
:108D20009D1B002D7FF733AE102D40F37B82DFF8C3
:108D300048A152461023A246144607E001F1020E54
:108D400009F108091146103D102D1DDD4A1C103097
:108D5000072AC9E90043CDE90E20EFDD0DAA00285E
:108D600000F08C80414658460DF16809FFF716FC6B
:108D700000287FF4A3ADDDE90E10103D102D01F1A8
:108D8000010E4FF01003E1DC234654469A46284476
:108D9000BEF1070FCDE90EE0C9F800A0C9F80450F4
:108DA00040F3A481002800F0F8810DAA41465846FE
:108DB000FFF7F4FB00287FF481ADDDE90232DDE945
:108DC0000E109D1A002D01F1010C0DF168097FF7BD
:108DD000E4AD102DDFF8A0A02BDD52461023A246F3
:108DE000144607E001F1020C09F108091146103D93
:108DF000102D1BDD4A1C1030072AC9E90043CDE9BC
:108E00000E20EFDD0DAA414618B358460DF1680952
:108E1000FFF7C4FB00287FF451ADDDE90E10103DD3
:108E2000102D01F1010C4FF01003E3DC23465446F2
:108E30009A462844BCF1070FCDE90EC0C9F800A03E
:108E4000C9F8045000F3E38009F108090CF1010CA2
:108E5000A3E54FF0010C01460DF16809C7E70DAA23
:108E600041465846FFF79AFB00283FF4C2AD25E57E
:108E70004C1B0100601B01008C1B01004FF0010E18
:108E800001460DF168095EE7002800F0D2800DAAC6
:108E900041465846FFF782FB00287FF40FADDDE91D
:108EA0000E100DF1680901F1010C4CE502200CAB2C
:108EB0001B901A934FF0010C0DF16809614609F1FE
:108EC000080901F1010C5EE5102D40F38D81DFF8FA
:108ED00080A3DDE90EC052461023A2466146144627
:108EE00007E001F1020C09F108091146103D102DAF
:108EF0001BDD4A1C1030072AC9E90043CDE90E20CA
:108F0000EFDD0DAA20B3414658460DF16809FFF781
:108F100045FB00287FF4D2ACDDE90E10103D102D8A
:108F200001F1010C4FF01003E3DC23466146544687
:108F30009A4628440729CDE90E10C9F800A0C9F8BF
:108F4000045000F39C8009F1080901F1010CE4E4EC
:108F500001464FF0010C0DF16809C7E7019B0E9027
:108F600059074CD5049B9C1B002C48DD0DF168096A
:108F7000102C40F35281DFF8D8A20E9A53461025E8
:108F8000B2461E4606E0911C09F108091A46103C3B
:108F9000102C19DD531C1030072BC9E90065CDE9F1
:108FA0000E30F0DD0DAA28B341465846FFF7F6FA19
:108FB00000287FF483ACDDE90E20103C102C02F178
:108FC00001010DF16809E5DC334656469A46204416
:108FD0000729C9E900A4CDE90E107FF700AD70B1F3
:108FE0000DAA41465846FFF7D9FA00287FF466AC2F
:108FF0000F98F4E4012102460DF16809C7E7DDE9A5
:109000000423B242ACBF9B189B190593F1E40028DE
:109010003FF47AAE0DAA41465846FFF7BFFA002842
:109020007FF44CAC0E9B0F9803F1010C0DF1680915
:10903000B3E4079B002B69D14FF0010C01460DF101
:109040006809A0E40E920DF1680923E4069A52F82B
:10905000040B06929EE5C1170B46002BBFF6FCAC35
:109060002D2340428DF82F30079361EB41010123FE
:10907000FFF7E1BB029B03931AACFFF7F3BB002899
:1090800062D00DAA41465846FFF788FA00287FF4BF
:1090900015ACDDE90E100DF1680901F1010C3CE49D
:1090A0001AAC0A22002306460D4605F0F1FF3032C5
:1090B00004F8012D0023304629460A2205F0E8FF76
:1090C0000A2E75F10003ECD21AAB1B1BCDF804A0DD
:1090D0000393FFF7C7BB06933B78FFF7FBBA302338
:1090E0008DF867300DF16704FFF7BCBB09F1080983
:1090F0000EF1010C71464AE4DDE9050353F8041B47
:109100000693C217C1E90002FFF7C3BA02200CABF5
:109110001B901A930DF16809D1E6029B002B7FF496
:10912000ADACCDF804A00393FFF79BBB204606959A
:10913000CDF804A0FFF7C4F99DF82F300793002362
:1091400003900293FFF78EBB9DF82F3063B301238A
:109150009C461B930DF12F031A930DF1680960468D
:10916000FFF7ECBB069B059953F8042B116006939F
:10917000FFF78FBA9DF82F3007937AE4012BDDF8C3
:1091800004A07FF48EAD79E4029E304C0695062E45
:1091900028BF06260396FFF7A8BB4FF0010C014637
:1091A0000DF16809FFF7F3BB079B002B7FF47EAE40
:1091B00001464FF0010C0DF16809FFF7E8BB8DF88F
:1091C0002F00FFF787BB0DAA41465846FFF7E6F987
:1091D000FFF774BB029B03939DF82F300695CDE9F2
:1091E00001A00793FFF73EBB0E990F98DFF860A030
:1091F00001319EE68DF82F0004E58DF82F001BE469
:109200008DF82F00DAE400220292FFF764BA8DF89D
:109210002F0078E48DF82F00AFE40E99DFF830A02E
:109220000131D4E6DFF82CA0E646B0E54FF0FF337D
:109230000593FFF748BB069A7B78274652F8044B04
:10924000069244EAE4740294FFF744BA741B0100E6
:109250007C1B01008C1B010010B4054C8446134696
:1092600020685DF8044B0A466146FFF7DFB900BF8E
:109270002800002070B50C468989ADF58D6D21F070
:109280000201ADF80C10616E1991E189ADF80E1074
:10929000E1690791616A09911AA9009104914FF45B
:1092A0008061029105910021069169460646FFF70B
:1092B000BDF9051E07DB6946304602F0B7FC002801
:1092C00018BF4FF0FF35BDF80C305B0603D5A389FE
:1092D00043F04003A38128460DF58D6D70BD00BF9E
:1092E0002DE9F04F2DED068BBBB01C46884691460C
:1092F00009EE100A054603F0C9F9036810931846F1
:109300000994FFF7DDF80E901DB1AB6B002B00F058
:109310004282B8F90C20950493B20AD442F4005367
:10932000D8F86420A8F80C3022F400529BB2C8F898
:109330006420180740F1AB80D8F81020002A00F014
:10934000A68003F01A030A2B00F0B0809FED947BF7
:109350000023CDE91E338DED0C7B2AAA0B931D92C1
:1093600092460F931193079399F80030002B00F069
:10937000A4814C4604E014F8013F002B00F0E58086
:10938000252BF8D1B4EB090540F0E3802378002BBE
:1093900000F0938100234FF0FF32CDE9052365787B
:1093A0008DF8573004F1010918469B4609F101096F
:1093B000A5F12002582A00F2F780DFE812F07F02C0
:1093C000F500F5007A02F500F500F500F500F5006E
:1093D000F5002D027502F50038023D02F50070021D
:1093E00059005900590059005900590059005900B5
:1093F0005900F500F500F500F500F500F500F50061
:10940000F500F500F50057028901F5008901F50026
:10941000F500F500F500B602F500F5009800F5003E
:10942000F500F500F500F5008800F500F50095025F
:10943000F500F500F500F500F500F500F500F50084
:10944000F500F5008702F001890189018901BB025D
:10945000F001F500F500EC02F500D6029A00C50215
:10946000C002F5001B03F5008A00F500F500F902C3
:10947000A5F13002002119F8015B01EB810102EB3B
:109480004101A5F13002092AF5D9069190E719EEBC
:10949000100A414601F0F2F9002841F02681B8F89F
:1094A0000C3003F01A030A2B7FF450AFB8F90E30DA
:1094B000002BFFF64BAF19EE100A23464A464146F1
:1094C0003BB0BDEC068BBDE8F04F01F0A1B94BF00D
:1094D000100B1BF0200100F05081099B073323F093
:1094E0000703596853F8080B099301230EE04BF06A
:1094F000100B1BF0200100F03381099B073323F090
:109500000703596853F8080B0993002300248DF8CA
:109510005740059A561C00F091822BF08006039666
:1095200050EA010640F08882002A40F00D83002BAB
:1095300040F01E851BF00103089300F09485302352
:109540008DF8A7300DF1A7069DE2B4EB090500F0F8
:10955000B4801F9B2B441F931E9B0133072BCAE92A
:1095600000951E9305DC0AF1080A079B2B4407931C
:109570000CE719EE100A1DAA4146FFF74BF818B97F
:109580000DF1A80AF1E7B046B8F80C305B0601F11E
:10959000AC8007983BB0BDEC068BBDE8F08F00BFF8
:1095A0000000000000000000002B40F0E587002DC7
:1095B00000F0838000238DF8573001238DF8805010
:1095C0000493089320AE0023CDF80CB005930A93C2
:1095D000039B13F0020302D0049A02320492039A0E
:1095E00012F0840B05D1069A0499571A002F00F344
:1095F000A2831F9C9DF857208AB11E9A0DF1570136
:1096000001320134CAF80010072A4FF001011F94FB
:109610001E92CAF8041000F3DD830AF1080A83B130
:109620001E9B16AA01330234CAF80020072B4FF004
:1096300002021F941E93CAF8042000F3DA830AF191
:10964000080ABBF1800F00F09B82059B089AA3EBF0
:10965000020BBBF1000F00F3D682039BDF0500F184
:109660001B82089BCAF804301C441E9BCAF8006089
:109670000133072B1F941E9300F350830AF1080A4D
:10968000039B5A0705D5069B049A9D1A002D00F3EB
:10969000BD83DDE9062304998A42ACBF9B185B18A1
:1096A0000793002C40F0EA8200231E9399F80030C3
:1096B0000DF1A80A002B7FF45CAE1F9B002B3FF43A
:1096C00063AF19EE100A1DAA4146FEF7A3FF5BE740
:1096D000002B40F0F687099B073323F00703B3EC18
:1096E000027B8DED0C7BDDE90C67099327F00043CD
:1096F00008EE903A08EE106AB94B51EC180B4FF097
:10970000FF3205F037FC002840F0B484B44B51EC34
:10971000180B4FF0FF3205F00FFC002840F0AA8430
:10972000002200233046394605F0FCFB002840F0BB
:1097300002879DF85740AB4E2BF080030393AA4B52
:109740000022472DC8BF1E460323CDE904320893EB
:109750000A92002C3FF43CAF049B0133049337E79B
:109760001BF0100352D11BF040014FD0099A52F860
:10977000040B0992194680B2C8E61BF010033FD1D2
:109780001BF040013CD0099A52F8040B099219468B
:1097900080B20123BAE6284602F072FBB9E5002B3D
:1097A00040F09F871BF0200F099B68D0073323F000
:1097B00007031A465B6852F8080B09921946002BFA
:1097C000C0F23D84059B013300F005852BF080033A
:1097D000039350EA01039DF8574000F0C583DDF87C
:1097E0000CB00A2871F1000380F0FC8430300123B2
:1097F0008DF8A700CDF80CB008930DF1A70642E153
:10980000099B53F8040B099301237FE6099B53F846
:10981000040B09930B4679E6099A52F8041B06914A
:10982000002980F21B84069909924942069199F811
:1098300000504BF0040BB9E5494611F8015B2A2DA5
:1098400000F0C587A5F13002092A894698BF00219A
:1098500000F2338719F8015B01EB810102EB410152
:10986000A5F13002092AF5D90591A1E5002B40F0B8
:1098700030874BF0100B1BF0200F099B96D153F84B
:10988000040B09931BF0100F40F0D4831BF0400F22
:1098900000F0D08340F3C0310B4600B28FE799F857
:1098A00000504BF0800B81E599F8005001232B20EC
:1098B0007CE599F800504BF0010B77E599F80050E2
:1098C00000287FF473AD012320206FE5099B00225F
:1098D0008DF8572053F8042B099301238DF880202D
:1098E0000493089320AE6EE6002B40F0E2863F4BD7
:1098F0000F931BF0200163D0099B073323F007036C
:10990000596853F8080B09931BF0010F0BD050EA6C
:10991000010308D030238DF858308DF859504BF0A2
:10992000020B0223F2E50223F0E599F800504BF018
:10993000080B3BE599F800504BF0400B36E599F8E1
:1099400000504BF0200B31E5099B53F8040B0993B1
:10995000302378258DF85830254B0F934BF0020BB0
:109960008DF8595000210223D0E5002B40F0AD8640
:109970001BF0200F40F025841BF0100F40F09D8459
:109980001BF0400F00F09984099B079953F8042BB2
:1099900009931180E8E499F800506C2D03BF99F801
:1099A00001504BF0200B09F101094BF0100BFDE4C5
:1099B000002B40F092860E4B0F931BF020019BD1A1
:1099C0001BF0100340F031831BF0400100F02D83A9
:1099D000099A52F8040B0992194680B294E700BF25
:1099E000FFFFEF7F9C1B0100A01B01004C1B01002F
:1099F000601B0100099C059B54F8046B00278DF83F
:109A00005770002E00F027845A1C00F023851A4658
:109A10003946304603F0BCF9002800F03286831B3B
:109A2000089323EAE373099405979DF85740CDF80E
:109A30000CB004930A978CE6DDF80CB0012B3FF4D0
:109A4000D0AE022B00F088802AAE00F00703C008D9
:109A500040EA4170C908303350EA0107324606F83F
:109A6000013DF2D11BF0010F00F08480302B00F09B
:109A700081803023023A06F8013C2AAB9B1ACDF8CC
:109A80000CB008931646059B089A9342B8BF13463C
:109A9000049300230A935CE6652D40F3F980DDE929
:109AA0000C010022002305F033FA002800F0E981C0
:109AB0001E9BC54ACAF80020013301340122072B3E
:109AC0001F941E93CAF8042000F36B840AF1080A5D
:109AD000179B0B9A934280F2BC820E9B109A1C44F7
:109AE000CAE900231E9B1F940133072B1E9300F32A
:109AF000A5830AF1080A0B9B5D1E002D7FF7C0AD00
:109B0000102D1E9BB14F40F3408419EE10BA102661
:109B100005E00AF1080A103D102D40F336840133A8
:109B20001034072BCAE90076CDE91E34F1DD1DAAF9
:109B300041465846FEF76EFD00287FF425ADDDE96D
:109B40001E340DF1A80AE6E7012B00F04885022B30
:109B5000DDF80CB07FF478AF0F9A2AAE00F00F0357
:109B60000009D35C06F8013D40EA0170090950EA9A
:109B70000103F3D12AAB9B1BCDF80CB0089382E70D
:109B8000069B049AA3EB020BBBF1000F7FF75DADC0
:109B9000BBF1100F1E9A8D4F27DD2146102319EEC1
:109BA000104A06E0ABF1100BBBF1100F0AF1080AE6
:109BB0001ADD01321031072ACAE90073CDE91E21EE
:109BC000F0DD1DAA414620460DF1A80AFEF722FD50
:109BD00000287FF4D9ACABF1100BBBF1100FDDE91D
:109BE0001E214FF01003E4DC0C4601325C44072ACE
:109BF000CDE91E24CAF80070CAF804B000F3DF8370
:109C00000AF1080A21E5BBF1100F1E9A6F4F27DDFC
:109C10002146102319EE104A06E0ABF1100BBBF100
:109C2000100F0AF1080A1ADD01321031072ACAE9B9
:109C30000073CDE91E21F0DD1DAA41462046FEF746
:109C4000E9FC00287FF4A0ACABF1100BBBF1100FC6
:109C5000DDE91E210DF1A80A4FF01003E4DC0C46EB
:109C600001325C44072ACDE91E24CAF80070CAF804
:109C700004B000F3CC810AF1080AEEE419EE100AF0
:109C80001DAA4146FEF7C6FC00283FF40DAD7BE45B
:109C90000B9B012B40F371811E9DCAF800600135BA
:109CA00001340123072D1F941E95CAF8043000F3D8
:109CB0000C830AF1080A0E9B109A01351C44072DEB
:109CC000CAE90023CDE91E5400F30D830AF1080A06
:109CD000DDE90C010022002305F01AF9002840F00C
:109CE0006B810B9B0135013B01361C44072DCAF8E3
:109CF00000601E95CAF804301F9400F34F810AF1EA
:109D0000080A119BCAF8043001351C44072D19AB11
:109D1000CDE91E54CAF800307FF7B0AC19EE100A36
:109D20001DAA4146FEF776FC00287FF42DAC1F9C4F
:109D30000DF1A80AA4E4102FDDE91E2134DD1293F1
:109D4000CDF84C901024B1460B464646B8462F46F7
:109D500019EE105A06E0A8F11008B8F1100F0AF138
:109D6000080A19DD01321A491033072ACAE900141A
:109D7000CDE91E23EFDD1DAA314628460DF1A80AC4
:109D8000FEF748FC00287FF4FEABA8F11008B8F1FC
:109D9000100FDDE91E23E5DC3D4619464746129BC0
:109DA000B0464E46DDF84C90CAF8047001327C187B
:109DB000072A0749CAF80010CDE91E2400F3D5820E
:109DC0000AF1080A16E400BFAC1B0100C01B010029
:109DD000B01B010019EE100A1DAA41461293FEF7AE
:109DE00019FC00287FF4D0AB1F9C129B0DF1A80A30
:109DF00015E419EE100A1DAA4146FEF70BFC0028D7
:109E00007FF4C2AB1F9C0DF1A80A1AE4102D1E9B13
:109E100020DD19EE107A102604E0103D102D0AF115
:109E2000080A17DD0133914A1034072BCAE90026CE
:109E3000CDE91E34F1DD1DAA414638460DF1A80AD0
:109E4000FEF7E8FB00287FF49FAB103D102DDDE905
:109E50001E34E7DC0133854ACAF804502C44072B32
:109E6000CDE91E34CAF800207FF713AC19EE100AB2
:109E70001DAA4146FEF7CEFB00287FF485AB1F9C50
:109E800007E41799002940F33C82DDE90A379F4235
:109E9000A8BF1F46002F0BDD1E9B01333C44072B40
:109EA000CAE900671F941E9300F3CB830AF1080AE6
:109EB0000A9D002FA8BFED1B002D00F3D581179D33
:109EC0000B9B9D4280F2AE810E9B109A1C44CAE906
:109ED00000231E9B1F940133072B1E9300F3A383C3
:109EE0000AF1080A0B9B0A9A5D1B9F1AAF42A8BF92
:109EF0002F46002F0EDD1E9BCAF804700133164456
:109F00003C44072BCAF800601F941E9300F3A683FD
:109F10000AF1080A002FA8BFED1B002D7FF7B0AB98
:109F2000102D1E9B524F40F3308219EE10BA1026AE
:109F300005E00AF1080A103D102D40F32682013396
:109F40001034072BCAE90076CDE91E34F1DD1DAAD5
:109F500041465846FEF75EFB00287FF415ABDDE96D
:109F60001E340DF1A80AE6E7059B002B40F037836D
:109F70000023059308932AAE85E5039BD9073FF597
:109F80008BAE1E9DCAF80060013501340123072DF8
:109F90001F941E95CAF804307FF7B1AE19EE100A6F
:109FA0001DAA4146FEF736FB00287FF4EDAADDE945
:109FB0001E540DF1A80AA4E60B9B5E1E002E7FF72F
:109FC000A0AE102E2A4F40F35782CDF814904FF0D8
:109FD000100B19EE109A05E00AF1080A103E102E37
:109FE00040F3488201351034072DCAE9007BCDE9E2
:109FF0001E54F1DD1DAA41464846FEF70BFB002822
:10A000007FF4C2AADDE91E540DF1A80AE6E719EEB5
:10A01000100A1DAA4146FEF7FDFA00287FF4B4AAF3
:10A020001F9C0DF1A80AFFF718BB099B53F8040BFE
:10A03000099369E4C1170B46002BBFF6C3AB40423E
:10A040004FF02D0461EB41018DF857400123FFF7DC
:10A0500060BA039BDD077FF513AB3EE599F800502E
:10A060000992FFF7A3B92AAE0DE500BFB01B0100AE
:10A07000C01B0100DDE90C0102460B4604F07AFF2B
:10A08000002840F06583059B013325F0200700F090
:10A09000F582472F00F08182DDE90C014BF48072DC
:10A0A00000290392C0F24C829DED0C7B0023129399
:10A0B000B0EE47AAF0EE67AA662D00F0E981462DC2
:10A0C00000F0E681B0EE4A0AF0EE6A0A452F0ABFB8
:10A0D000059B059C5C1C1BAB019318AB009319EE10
:10A0E000100A17AB2246022100F06AFD672D0646D2
:10A0F00040F03D821BF0010F40F03C821B9B472F3C
:10A10000A3EB06030B9340F06E83179B0A93D91CB5
:10A1100003DB059A934240F37882023D0A9A8DF858
:10A120006450531E002B1793B6BFC2F101032B22BC
:10A130002D22092B8DF8652040F3F5820DF1730473
:10A14000C04F2246104687FB0321DA17C2EBA1025B
:10A1500002EB8201A3EB4101303100F8011C1946EA
:10A160006329134600F1FF32ECDC3033D9B2831E91
:10A170009C4202F8011C40F2278313460DF166024F
:10A1800001E013F8011B02F8011B9C42F9D10DF10B
:10A1900075030DF166021B1A134419AA9B1A119339
:10A1A0000B9A119B012A1344089340F3C882089B21
:10A1B0000E9A1344089323EAE373049300230A934B
:10A1C0009EE1099B079853F8041B0993C217C1E944
:10A1D0000002FFF7C9B80A2871F100039DF8574043
:10A1E000FFF404ABCDF80C902AAEA1460A2200235E
:10A1F00004460F4604F04CFF303206F8012D0023D0
:10A20000204639460A2204F043FF0A2C77F1000366
:10A21000ECD22AAB9B1B4C460893DDF80C90CDF892
:10A220000CB030E4039BD8073FF54EAEDDE90A23BE
:10A230009F1A5D1BAF42A8BF2F466BE619EE100AAE
:10A240001DAA4146FEF7E6F900287FF49DA91F9C50
:10A250000DF1A80A4FE4062B28BF0623CDE90834E8
:10A26000794E0493FFF7AFB9102D1E9B774F40F343
:10A2700055813A460596474619EE106A4FF0100B85
:10A28000904605E00AF1080A103D102D40F3428186
:10A2900001331034072BCAE9008BCDE91E34F1DD00
:10A2A0001DAA39463046FEF7B5F9002840F0448231
:10A2B000DDE91E340DF1A80AE6E7099B079953F87A
:10A2C000042B11600993FFF74FB819EE100A1DAA6D
:10A2D0004146FEF79FF900287FF456A9DDE91E5498
:10A2E0000DF1A80AE7E419EE100A1DAA4146FEF78F
:10A2F00091F900287FF448A9DDE91E540DF1A80A60
:10A30000E6E41E9B524ACAF80020013301340122C0
:10A31000072B1F941E93CAF8042000F31A810AF138
:10A32000080A002959D1039B0B9A03F00103134338
:10A330003FF4A6A90E9B10991A19CAE900131E9B97
:10A340001F920133072B1E9300F32D810AF1080A97
:10A350000B99CAF8006001338C18072BCDE91E3425
:10A36000CAF804107FF78AA9D8E419EE100A1DAACA
:10A3700041461293FEF74EF900287FF405A91F9C71
:10A38000129B0DF1A80AFFF735B901332C44072BB6
:10A39000CAF80070CAF80450CDE91E347FF76EA9E0
:10A3A000BCE419EE100A1DAA4146FEF733F9002855
:10A3B0007FF4EAA81F9C0DF1A80AFFF789BB19EEEC
:10A3C000100A1DAA4146FEF725F900287FF4DCA8F3
:10A3D0001F9C0DF1A80AFFF738B90E9B10981A19A7
:10A3E000CAE900031E9B1F920133072B1E9300F343
:10A3F000DA800AF1080A0029AADA4D421031134F17
:10A4000080F2788119EE10BA102405E00AF1080AEA
:10A41000103D102D40F36E8101331032072BCAE935
:10A420000074CDE91E32F1DD1DAA41465846FEF703
:10A43000F1F800287FF4A8A8DDE91E320DF1A80A82
:10A44000E6E700BF67666666741B0100C01B01007B
:10A45000AC1B0100304609940597CDF80CB0FEF70F
:10A460002FF820EAE0739DF85740089004930A976C
:10A47000FFF76FB9DDF81490CAF800700135344465
:10A48000072DCDE91E54CAF804607FF738AC85E586
:10A49000059CB0EE4A0AF0EE6A0A1BAB019318ABBA
:10A4A0000093224617AB19EE100A032100F088FB37
:10A4B000064604193378302B62D0179B1C4451ECAC
:10A4C0001A0B0022002304F023FD002800F08B80EB
:10A4D00023469B1B472F0B933FF417AE662D40F08E
:10A4E0008281179B059A0A93002B0BF0010B40F316
:10A4F0005C815BEA020140F045810A9B049308936A
:10A50000129B002B7BD02D238DF857300023059311
:10A51000FFF722B94246059EB846174601332C4440
:10A52000072BCDE91E34CAF80070CAF8045049DC84
:10A530000AF1080AC3E42D248DF85740FFF7FBB851
:10A5400001F100430AEE903A2D230AEE100A12930D
:10A55000B2E519EE100A1DAA4146FEF75BF8002885
:10A560007FF412A817991F9C0DF1A80AD9E6472D70
:10A570003FF4C0AD3444A2E78DF85700FFF717B899
:10A5800051EC1A0B0022002304F0C2FC002894D1E5
:10A59000059BC3F10103179390E7059B002B08BFB0
:10A5A0000123059378E519EE100A1DAA4146FEF72E
:10A5B00031F800287EF4E8AFDDE91E3217990DF17D
:10A5C000A80A18E719EE100A1DAA4146FEF722F85C
:10A5D00000287EF4D9AF1F9C0DF1A80A6FE4DDF8C6
:10A5E0000CB0FFF703B91B9BA342BFF472AF30213D
:10A5F0005A1C1B9219701B9B9C42F9D869E7129B4D
:10A600009DF857400593FFF7A4B8DDE90A3293425D
:10A6100043DB1BF0010F40F0AC8023EAE3720492AD
:10A62000089367256CE719EE100A1DAA4146FDF74D
:10A63000F1FF00287EF4A8AF179D1F9C0DF1A80A1A
:10A6400050E419EE100A1DAA4146FDF7E3FF002869
:10A650007EF49AAF1F9C0DF1A80A29E419EE100AA6
:10A660001DAA4146FDF7D6FF00287EF48DAF179D49
:10A670000B9B1F9C5D1B0DF1A80A4BE40623059361
:10A680000AE5059B0994CDF80CB09DF8574004935A
:10A69000089305900A90FFF75CB80E9A0B9B134441
:10A6A0000A9A0893002A75DD23EAE3730493672569
:10A6B00026E78DF85700FFF71AB900220592FEF73A
:10A6C00077BE8DF85700FFF706B88DF85700FFF7F3
:10A6D0004FB98DF85700FFF7CCB88DF85700FFF74A
:10A6E0006AB98DF85700FFF75DB84FF0FF33079355
:10A6F000FEF74FBF01332A44072BCDE91E32CAF8BB
:10A700000070CAF804507FF721AE19EE100A1DAA96
:10A710004146FDF77FFF00287EF436AFDDE91E32AB
:10A720000DF1A80A14E630338DF8673030238DF828
:10A7300066300423119333E5B846FEF725BF1BF0BE
:10A7400001020A927FF433AD23EAE3730493D7E660
:10A750000D9B264E002BB8BF2D242BF080030393B6
:10A76000A8BF9DF85740224BB8BF8DF85740FEF761
:10A77000E7BF0A9B0E9A1344089323EAE3730493FA
:10A780006725BDE60E990B441A4422EAE27308924B
:10A790000493B5E60A9B089AC3F101031A4422EA1E
:10A7A000E273089204936725AAE65BEA020303D1E9
:10A7B000012304930893A3E60E9B01331A4422EA73
:10A7C000E273089204939BE602231193E8E4099A4A
:10A7D00099F80150894652F8041B099241EAE17147
:10A7E0000591FEF7E3BD179B0A9397E4A41B0100B4
:10A7F000A81B010010B4054C8446134620685DF880
:10A80000044B0A466146FEF76BBD00BF28000020DE
:10A8100070B50C468989ADF58D6D21F00201ADF85A
:10A820000C10616E1991E189ADF80E10E169079184
:10A83000616A09911AA9009104914FF48061029113
:10A8400005910021069169460646FEF749FD051E61
:10A8500007DB6946304601F0E9F9002818BF4FF0E0
:10A86000FF35BDF80C305B0603D5A38943F04003E8
:10A87000A38128460DF58D6D70BD00BF38B5334BF3
:10A880001B6805460C460BB19A6B12B3B4F90C3039
:10A8900018079AB225D5216900292DD012F00100A0
:10A8A00007D00020A06060694042A06139B100205B
:10A8B00038BD950758BF6069A0600029F7D112061E
:10A8C00058BF0846F4D543F04003A3814FF0FF3052
:10A8D00038BD184601F0D4FAB4F90C3018079AB212
:10A8E000D9D4D1062AD5520714D4216943F00803DC
:10A8F000A3819AB20029D1D102F42070B0F5007F73
:10A90000CCD02146284601F0C9FEB4F90C302169AB
:10A910009AB2C3E7216B51B104F14002914204D0D5
:10A92000284601F0A9FBB4F90C300022226321690A
:10A930000022C4E9001223F02403D7E7092243F0E0
:10A9400040032A604FF0FF30A38138BD280000206B
:10A9500070B4184C2568D5F848411CB365681F2DA4
:10A9600025DC38B9AB1C0135656044F823100020A4
:10A9700070BC704704EB850C0228CCF88820D4F812
:10A9800088614FF0010202FA05F246EA0206C4F8B5
:10A990008861CCF80831E5D1D4F88C311343C4F880
:10A9A0008C31DFE705F5A674C5F84841D6E74FF0CE
:10A9B000FF30DDE7481B01002DE9F84F2B4B1F68E6
:10A9C000D7F848612DED028BC6B108EE100A8B4610
:10A9D0004FF001084FF000097468651E0ED4013471
:10A9E00006EB8404BBF1000F0CD0D4F800315B45BA
:10A9F00008D0013D6B1CA4F10404F3D1BDEC028B23
:10AA0000BDE8F88F73682268013BAB420CBF7560EC
:10AA1000C4F80090002AECD0D6F88801D6F804A03B
:10AA200008FA05F101420BD190477268524513D1E3
:10AA3000D7F84831B342DCD01E46002ECCD1DDE73A
:10AA4000D6F88C0101420CD1D4F8801018EE100A0F
:10AA5000904772685245EBD0D7F84861002EBBD1C1
:10AA6000CCE7D4F880009047DFE700BF481B010027
:10AA7000024B13B10248FDF70BBA7047000000000B
:10AA8000BD7E000008B5062003F0C0F9012003F0E8
:10AA900019FE00BF000000002DE9F04F03690C69AA
:10AAA000A34283B0C0F28780013C01F11405A300EA
:10AAB00000F11408009355F8243058F8242001338D
:10AAC00081469A4208EB840005EB84070190B2FBB3
:10AAD000F3F63BD30023AE4640469B465EF804ABFC
:10AAE00002681FFA8AFC06FB0C334FEA134C4FEA4C
:10AAF0001A4A06FB0ACA1FFA83FCABEB0C0C1FFABE
:10AB00008AF31CFA82FCC3EB124202EB2C421FFABE
:10AB10008CFC4CEA0243774540F8043B4FEA224B59
:10AB20004FEA1A43DAD2009B58F8033073B9019BFD
:10AB3000043B984504D307E0984504F1FF3403D261
:10AB400053F80429002AF7D0C9F81040484602F00B
:10AB500055FC00282BDB01364046002355F8041B2A
:10AB6000D0F800C08AB29A1A0B0C12FA8CF2C3EB1E
:10AB70001C4303EB224392B242EA0342AF4240F845
:10AB8000042B4FEA2343E9D258F8242008EB84032E
:10AB90006AB9043B984504D307E0984504F1FF34B3
:10ABA00003D253F80429002AF7D0C9F810403046E0
:10ABB00003B0BDE8F08F002003B0BDE8F08F00BF08
:10ABC0002DE9F04F2DED068B95B08DED020B019127
:10ABD000016C249D099259EC108B0446069341B1F7
:10ABE000426C4A60012393408B6002F04BF90023D2
:10ABF0002364B9F1000AB4BF012300232B607C4B0E
:10AC0000BCBF2AF0004ACDF80CA033EA0A0300F0DA
:10AC1000B2809DED027B002251EC170BB0EE479AFB
:10AC2000F0EE679A002304F073F9074680B1069AA4
:10AC300001231360259B002B00F0DB826D48186018
:10AC4000431E0093009815B0BDEC068BBDE8F08F55
:10AC500012AA13A92046B0EE490AF0EE690A02F0E2
:10AC600025FDB0EE498AF0EE698A5FEA1A5605467C
:10AC700040F09980DDE912763E4406F23240202809
:10AC800040F3AB83C0F140000AFA00FA06F212402A
:10AC900028FA00F04AEA000003F058FE0123013EC2
:10ACA0000D93A1F1F871544B002203F011FD4AA35A
:10ACB000D3E9002303F0C4FE49A3D3E9002303F042
:10ACC00009FD80463046894603F050FE46A3D3E98D
:10ACD000002303F0B5FE02460B464046494603F00A
:10ACE000F9FC8046894604F05BF900228346002384
:10ACF0004046494604F016F9002840F06D82BBF149
:10AD0000160F00F25C823D4B03EBCB03D3E900232B
:10AD100051EC190B04F006F9002875D00023BE1B76
:10AD20000C93731E0BF1FF3B049300F14F82002341
:10AD30000893BBF1000F6EDA089BCDF814B0A3EBBB
:10AD40000B030893CBF100030B93019B092B4FF0EE
:10AD5000000B69D8052B40F33E83043B019300268A
:10AD6000019B023B032B00F29986DFE813F04E04AF
:10AD70004B0443042604069A42F20F73CAF3130AE3
:10AD800013605AEA08031DD1259B002B00F07D8635
:10AD90001B4B00930833259A0098136015B0BDEC47
:10ADA000068BBDE8F08F18EE903AC3F3130351EC15
:10ADB000190B43F07F510D97A6F2FF36129F41F415
:10ADC000401170E7259B002B40F0DB830D4B009377
:10ADD00038E700BFAFF3008061436F63A787D23FBE
:10ADE000B3C8608B288AC63FFB799F501344D33F7A
:10ADF0000000F07FAD1B01000000F83F801C010047
:10AE0000D41B0100D01B0100BE1B731E049300F174
:10AE10009A840C900890049B5B44CDE9043B00238A
:10AE20000B93019B092B95D9002301264FF0FF328C
:10AE300001930A9607920993079B0F93002161647F
:10AE4000204601F0F9FF0090002800F02F86009BBB
:10AE50002364079B0E2B00F2F980002E00F0F68091
:10AE60000599002940F37184BD4B01F00F0203EBFB
:10AE7000C2034FEA2118C905D3E9006740F10384F2
:10AE8000B84B51EC190BD3E9082303F003FF41EC55
:10AE9000180B08F00F084FF0030AB8F1000F13D099
:10AEA000DFF8C09218F0010F09D030463946D9E9D1
:10AEB000002303F0C5FD0AF1010A06460F465FEACA
:10AEC000680809F10809EDD151EC180B32463B46F0
:10AED00003F0E0FE41EC1A0B0C9B5BB157EC1A6BD4
:10AEE000A14B1AEE100A0022394604F01BF8002884
:10AEF00040F05285504603F039FD53EC1A2B03F015
:10AF00009FFD9A4B002203F0E5FB079B8046A1F1D1
:10AF10005079002B00F0F383059B1093079B0E9351
:10AF20000A9B002B00F0C0840E9A8D4B9049DDF8EF
:10AF300000A003EBC20353E90223002003F0AAFEA2
:10AF400042464B4603F0C4FB59EC1A8B41EC180BFC
:10AF500049461AEE100A04F023F8074603F006FDEE
:10AF600002460B461AEE100A494603F0B1FB303791
:10AF70000AF8017B53EC182B06460F4603F0D2FF6C
:10AF8000002840F055854FF000080AEE105ACDF821
:10AF900044B055465BEC18AB08EE104A44462AE034
:10AFA0000E9B01349C424BDA724B504659460022AC
:10AFB00003F046FD6F4B002282468B4630463946F1
:10AFC00003F03EFD8946804603F0EAFF074603F0A2
:10AFD000CDFC02460B464046494603F079FB30372C
:10AFE00005F8017B52465B4606460F4603F09AFF82
:10AFF000002840F0188532463B465B49002003F0AC
:10B0000067FB52465B4603F08DFF0028C8D0109BBB
:10B01000009A0593AA4618EE104A1AEE105A02E05A
:10B02000924500F0EA84D1461AF8013D392BF7D059
:10B030000133DBB28AF80030059B01330593ABE1A5
:10B04000DDF844B01AEE105A18EE104A139B002B8C
:10B05000C0F29480059A0E2A00F39080404B03EBD7
:10B06000C203D3E90089099B002B1BDA079B002B45
:10B0700018DC40F05D83404B00224046494603F017
:10B08000DFFC02460B4651EC190B03F055FFDDF8CF
:10B090001CA05646002800F0D082099BDDF80080F5
:10B0A000DF43D2E242464B4651EC190B03F0F2FD6E
:10B0B00003F076FF0646834603F058FC42464B46B3
:10B0C00003F0BEFC0B46024651EC190B03F000FBEB
:10B0D000DDF800A0334630330AF8013B079B012B13
:10B0E00000F08E834FF0010B08EE105A08EE904AE4
:10B0F0001D465446DA461DE042464B463046394628
:10B1000003F0C8FD03F04CFF834603F02FFC4246DA
:10B110004B4603F095FC0AF1010A0B4602463946FC
:10B12000304603F0D5FA0BF13003AA4504F8013B91
:10B1300000F061830F4B002203F082FC0022002309
:10B1400006460F4603F0E4FE0028D5D0A24618EECE
:10B15000105A18EE904A059B01330593D1461BE126
:10B16000801C0100701D01000000F03F00001C4029
:10B170000000E03F00002440000014400A9A002A2A
:10B180003FD0019A012A40F39C82079B03F1FF38CC
:10B190000B9B4345C0F26E82A3EB0808079B002B74
:10B1A000C0F26683049A1A440492089A17461A4415
:10B1B00008920121204601F06DFF064625E001239B
:10B1C000BE1B0C93731E04937FF5B1ADC6F1010352
:10B1D000089300230493ACE5584603F0C7FB4246AE
:10B1E0004B4603F095FE00287FF489AD0BF1FF3B41
:10B1F00085E5874B0093009815B0BDEC068BBDE844
:10B20000F08FDDF82C80089F0A9E002F0CDD049A39
:10B21000002A09DD0899BA421346A8BF3B46C91A5D
:10B22000FF1AD31A089104930B9BDBB10A9B002BE6
:10B2300000F08282B8F1000F0FDD31464246204611
:10B2400002F004F82A4601460646204601F050FF67
:10B2500029460546204601F015FE0B9BB3EB08027C
:10B2600040F000830121204601F014FFBBF1000FE4
:10B27000824600F3B780019B012B40F386814FF09B
:10B2800000080120BBF1000F40F0B880049A104480
:10B2900010F01F0000F09680C0F12003042B40F353
:10B2A000F883089BC0F11C00034402440893074440
:10B2B0000492089B002B05DD29461A46204602F021
:10B2C00025F80546049B002B05DD51461A4620460D
:10B2D00002F01CF882460C9B002B40F03781079B44
:10B2E000002B40F31E810A9B002B40F0A180059BA0
:10B2F00001330593DDF80080DDF81C90012707E09D
:10B30000294600230A22204601F0C6FD01370546E2
:10B3100051462846FFF7C0FB4F4500F1300008F8C2
:10B32000010BEDDB079A002AC8BF9346009AD8BFED
:10B330004FF0010B03469344002729460122204683
:10B34000019301F0E3FF5146054602F057F800284B
:10B3500040F3A5811BF8013C009A0BF1FF3B04E090
:10B360005A4500F0A7811BF8013D392B0BF101096B
:10B37000F6D001338BF800305146204601F082FDB3
:10B3800056B12FB1B74203D03946204601F07AFDBD
:10B390003146204601F076FD2946204601F072FD37
:10B3A000002389F80030DDE905231A60259B002B76
:10B3B0003FF448AC0098C3F8009015B0BDEC068B84
:10B3C000BDE8F08F1C20089B03440893049B0344B2
:10B3D000074404936DE70126C2E4C0F1200008FA97
:10B3E00000F059E401465A46204601F02FFF019B28
:10B3F000012B824640F3D5814FF00008DAF8103077
:10B400000AEB8303186901F0F5FDC0F120003DE768
:10B41000AC1B0100314600230A22204601F03CFD0E
:10B420000F9B002B064640F32383CDF8149007931F
:10B43000002F00F31881B8F1000F40F0FC81B046F6
:10B44000029B009F079903F001027B1E1944019B98
:10B450000A9213430891099351462846FFF71CFBB3
:10B4600031468346284601F0C9FF4246514681468F
:10B47000204601F0E5FFC26801460BF13003002AC7
:10B4800042D104902846079301F0B8FF0499029036
:10B49000204601F0F7FC029A079B1AB90999002986
:10B4A00000F0D682B9F1000FC0F28781019949EA14
:10B4B00001090A9951EA090100F07F81002A00F38D
:10B4C000E781089A3B7007F101099742CB4600F0EB
:10B4D000E581294600230A22204601F0DDFC46458D
:10B4E000054631464FF000034FF00A02204612D0C5
:10B4F00001F0D2FC4146064600230A22204601F014
:10B50000CBFC4F468046A7E72046029301F0BAFCE9
:10B51000029B0122C6E701F0BFFC4F46064680466B
:10B520009AE7019B022B77DC0A9B002B80D1059BBD
:10B530005146013328460593FFF7AEFADDF800B017
:10B5400000F130030BF8013B0027F6E65146284690
:10B5500001F054FF0028BFF6C2AE294600230A229C
:10B56000204601F099FC059B03F1FF390A9B054633
:10B57000002B7FF44FAF0F9B002B40F3708207939B
:10B58000B8E6BD4B0093033305E4DDE90212002960
:10B590007FF475AEC2F31303002B7FF470AEB74B8C
:10B5A0001340002B00F03D82089B01330893049B5D
:10B5B000013304934FF0010863E601230A93099BCA
:10B5C000059A13440F930133012B1F460793B8BF0D
:10B5D00001270021172F61647FF732AC0122042379
:10B5E0005B0003F11400B842114602F10102F7D9E1
:10B5F000616425E401230A93099F002F4ADD0F9718
:10B600000797E6E700230A93D9E700230A93F3E7B5
:10B610000F9BCDF814900793079B002B7FF43DAD53
:10B6200051460522204601F037FC01468246284655
:10B6300001F0E4FE00287FF730AD0098059F31232C
:10B64000804600F8013B013700905146204601F04A
:10B6500019FC7B1CDDF800900593CDF80080002ECE
:10B660007FF496AE98E631463A46204601F04EFE0B
:10B670000646E0E60B9BCDF82C80A8EB03039B4429
:10B680004FF000088AE54FF0020AB0EE498AF0EE6A
:10B69000698A02E4012309930793FFF7CDBB03D125
:10B6A000019BDB073FF556AED9461BF8013D302B19
:10B6B000FAD061E6059B009A01330593312313709C
:10B6C0005AE60D9A002A00F0638103F23343049A8C
:10B6D000DDF82C801A440492089A17461A440892FE
:10B6E00067E5504603F042F953EC1A2B03F0A8F932
:10B6F000634B002202F0EEFF8046A1F15079614BCE
:10B70000002251EC1A0B02F0E3FF42464B4606467C
:10B710000F4603F025FC002840F07F813046394673
:10B72000424609F1004303F0FDFB00283FF48EACD4
:10B730004FF0000A5646B0E429460B9A204601F025
:10B7400085FD05468EE50C9040E500F04E81059A9A
:10B750004D4B564206F00F0203EBC203D3E9002320
:10B7600051EC190B03F06CF9361141EC1A0B00F097
:10B770008881464F00234FF0020AF20706D5D7E929
:10B78000002303F05DF90AF1010A0123761007F1A5
:10B790000807F2D1002B3FF49FAB41EC1A0BFFF7E7
:10B7A0009BBB029B002B7FF427AEDDE90212C2F3A4
:10B7B0001303002B3FF4F3AE1EE6002A12DD2946E8
:10B7C00001222046019301F0A1FD5146054601F0FA
:10B7D00015FE0028019B40F33581392B00F01381C1
:10B7E0000BF13103B94609F8013B059B013337469C
:10B7F00005934646C0E5A24618EE105A18EE904A48
:10B8000002460B4602F066FF42464B4606460F468E
:10B8100003F0A6FB60B942464B463046394603F07A
:10B8200077FB00283FF497AC5FEACB717FF593ACD0
:10B83000009AFFF7F8BB7168204601F0FDFA074651
:10B84000002800F03A81336902339A0006F10C01B6
:10B850000C30FCF7C1FB39460122204601F056FDB1
:10B860008046EDE52946204601F0F0FC0546F9E466
:10B87000DDE907239F1A9CE4D01B01000000F07F44
:10B8800000001C4000001440801C0100701D0100DD
:10B89000392B00F0B880B9460133A4E7059A01328C
:10B8A00037460592464648E50E988D4901EBC001A2
:10B8B00042464B4651E9020103F0C2F85AEC1A9B8A
:10B8C00041EC180B51461AEE100A03F069FB0746CB
:10B8D00003F04CF802460B461AEE100A514602F0ED
:10B8E000F7FE06460E98DDF800803037012808F88C
:10B8F000017B0F4600F0BA800E9B009ACDF838B05D
:10B9000013449B46C246774B00223046394603F02B
:10B9100097F88946804603F043FB074603F026F874
:10B92000303702460B464046494602F0D1FE0AF83F
:10B93000017BDA4506460F46E5D1DA46DDF838B038
:10B94000694B59EC188B002218EE100A494602F098
:10B95000C1FE32463B4603F0E5FA00286DD118EEF1
:10B96000102A4B466049002002F0B2FE32463B46A8
:10B9700003F0F6FA00283FF469ABD1460AF1FF3A2A
:10B9800019F8013C302BF8D0109B0133059303E5E7
:10B99000129BC3F136039AE6079B002B3FF4A1AE3E
:10B9A0000F9B002B7FF752AB059A0E93013A4D4B3C
:10B9B00010921AEE100A3946002203F041F80246AE
:10B9C00016460F460AF1010002F0D0FF32463B4610
:10B9D00003F036F8454B002202F07CFE47EC1A6B70
:10B9E0008046A1F15079FFF79BBA4FF0020AB0EE02
:10B9F00049AAF0EE69AAFFF76FBA059B01330593D8
:10BA00003123FFF717BB059BBB4601330593392351
:10BA100037460BF8013B46469EE44FF0000A564677
:10BA20000BE698462DE4AA4618EE104A1AEE105A74
:10BA3000109B01330593D146AEE4109B009A059309
:10BA4000FFF7F1BA7FF4CEAEDA077FF5CBAEC4E6EE
:10BA5000392BD8D0B9F1000F3FF7C2AEC2E6019B37
:10BA6000022B3FF7D5ADCDF8149060E5C24667E7ED
:10BA7000019B022B3FF7CCAD0F9BCDF814900793A1
:10BA8000D6E44FF0020AFFF727BA194B0093FFF7ED
:10BA9000D9B83FF40EACC0F13C0094E400266664D3
:10BAA0003146204601F0C8F9009068B9114B1248A0
:10BAB00000224FF4D571FCF7C5F90E4B0E483A46FB
:10BAC00040F2EA21FCF7BEF9009B236401224FF00B
:10BAD000FF3309960F930A920793FFF7B7BA00BF97
:10BAE000801C0100000024400000E03F00001C40DA
:10BAF000D41B0100E01B0100F41B0100B1F90C2074
:10BB00002DE9F0410C461107804647D4636842F4A2
:10BB10000062002BA2815EDDA56A002D58D00023B3
:10BB2000D8F80060C8F8003093B212F4805256D1B1
:10BB30000123E1694046A847431C67D0A389A56A51
:10BB40005F0705D56368C01A236B0BB1E36BC01A9E
:10BB5000E169024600234046A847411C41D1D8F87C
:10BB60000030002B3DD01D2B01D0162B56D1A389C0
:10BB70002269226023F4006300216160A381216BAC
:10BB8000C8F8006021B304F14003994202D0404656
:10BB900000F072FA00202063BDE8F0812669BEB192
:10BBA00093B2256826609A070CBF63690023AD1B1A
:10BBB000A3600BE02B463246E169676A4046B8470E
:10BBC000B0F1000CA5EB0C05664417DD002DF1DC8F
:10BBD0000020BDE8F081E36B002B9DDCF8E7206DD1
:10BBE000AEE7B4F90C302269226023F40063A3812C
:10BBF0000022DB046260C2D52065C0E7A38943F060
:10BC000040034FF0FF30A381BDE8F081D8F8003049
:10BC1000002B93D01D2B06D0162B04D0A38943F004
:10BC20004003A381D5E7C8F80060D1E738B50D46D9
:10BC3000044608B1836B1BB1B5F90C0030B938BDAF
:10BC400000F01EF9B5F90C000028F8D0294620466E
:10BC5000BDE83840FFF752BF38B5B8B10F4B1D688B
:10BC600004460DB1AB6B4BB1B4F90C0000B938BD53
:10BC700021462846BDE83840FFF740BF284600F07F
:10BC8000FFF8B4F90C000028F1D0F1E7044B0549A6
:10BC90001868BDE8384000F08DBC00BF28000020C7
:10BCA000481B01002DBC000000207047014900F036
:10BCB00081BC00BF91E50000002070472DE9F84FDE
:10BCC0002D4A4668C26300240323C0E9B8430746EF
:10BCD00000F53B720423C0F8E8222146C6E902437E
:10BCE0000822C6E90044C6E904447466B46106F15A
:10BCF0005C00FCF787FADFF88CB0BD68DFF888A03D
:10BD0000DFF88890DFF888801C4BC6F824A0C6E9CD
:10BD1000076BC6F82890C6F82C800822EB60C5E9AE
:10BD20000044C5E904446C66AC60AC61214605F191
:10BD30005C00FCF767FAC5E9075BC5E909A9C5F826
:10BD40002C80FD680E4BEB60C5E90044C5E9044456
:10BD50006C66AC60AC612146082205F15C00FCF722
:10BD600051FA0123C5E9075BC5E90A98C5F824A083
:10BD7000BB63BDE8F88F00BFADBC00000900010047
:10BD8000120002008DDF0000B5DF0000F5DF0000CB
:10BD900015E0000070B568224D1E02FB05F50E4649
:10BDA00005F1740100F02AFD044640B100210C3079
:10BDB000C4E90016A06005F16802FCF723FA2046EA
:10BDC00070BD00BF274B2DE9F0411E68B36B0746DD
:10BDD0005BB306F538764FF00408D6E90134013B31
:10BDE00004D51EE05A1C04F168041AD0B4F90C50B2
:10BDF000013B002DF6D11C4B6566C4E90055C4E932
:10BE00000253C4E90455A5610822294604F15C00E7
:10BE1000FCF7F8F9C4E90C55C4E911552046BDE812
:10BE2000F08135682DB12E46D7E73046FFF746FF43
:10BE3000CFE74FF4D671384600F0E0FC044668B115
:10BE40000560C0F804800C302946A06025464FF4F8
:10BE5000D072FCF7D7F934602E46BEE70C23306071
:10BE60003B60DBE7481B01000100FFFF024B034979
:10BE7000186800F09FBB00BF481B010091E500005F
:10BE8000836B03B1704719E7704700BF704700BF6D
:10BE9000704700BF704700BF024B0349186800F0AD
:10BEA00069BB00BF28000020A9BC0000024B034969
:10BEB000186800F05FBB00BF28000020B9BC00007C
:10BEC0002DE9F04782B082468846144600F0B6FB62
:10BED000012803D108F1FF33FE2B36D9424604F185
:10BEE0005C0301A9504602F06DFA421C064632D0AE
:10BEF00030B39DF804C00DF10509002509E0236861
:10BF00005A1C226083F800C00135B54218D219F8D6
:10BF100001CBA368013B002BA360F0DAA769BB4209
:10BF200061462246504602DBBCF10A0FE7D102F01F
:10BF3000E5F9431CE8D10646304602B0BDE8F0877B
:10BF40004646304602B0BDE8F0875FFA88FC8DF8BF
:10BF500004C00646CFE7A389304643F04003A381DF
:10BF600002B0BDE8F08700BFB2F90C3013F4005FF7
:10BF70000BD110B4546E43F4005344F4005454668F
:10BF800093815DF8044BFFF79BBFFFF799BF00BF9C
:10BF900030B5104B1D680C4683B001460DB1AB6B3C
:10BFA0008BB1B4F90C309A0406D4626E43F400539A
:10BFB00042F40052A38162662246284603B0BDE8DF
:10BFC0003040FFF77DBF01902846FFF759FF0199E8
:10BFD000E7E700BF28000020F8B5244F0C460646CE
:10BFE00000F026FFBA685568C4F57E630F3325F06C
:10BFF00003052B4423F47F6323F00F03A3F5805440
:10C00000B4F5805F07DB0021304601F051FEBB68CC
:10C010002B44984204D0304600F00CFF0020F8BDBD
:10C020006142304601F044FE01300DD0104ABB6839
:10C030002D1B45F001055D60136830461B1B136026
:10C0400000F0F8FE0120F8BD0021304601F030FE7E
:10C05000BA68831A0F2BDEDD43F001035360054BF2
:10C0600003491B68C01A0860D5E700BFC40500205B
:10C070004C1E0020CC090020002961D0F8B50C46E8
:10C08000064600F0D5FE54F8042C7B4FA4F10805B9
:10C0900022F0010105EB010CB868DCF804306045C2
:10C0A00023F0030300F08B80D207CCF8043032D4A5
:10C0B00054F8082CAD1A1144AA6807F1080082420E
:10C0C0006AD00CEB0304D4F804E0EC68D4601EF0F2
:10C0D000010FA26000F0978041F001036B60CCF883
:10C0E0000010B1F5007F35D27A68CB0848090121EC
:10C0F000013381401143796007EBC30257F83310D5
:10C10000083AC5E9021247F83350CD603046BDE821
:10C11000F84000F08FBE0CEB03025268D00710D439
:10C12000194407F10800DCF80830834273D0DCF8CA
:10C130000C20DA60936041F001036B606950D0E736
:10C14000704741F00103B1F5007F44F8043CCCF89E
:10C150000010C9D3B1F5206F4FEA512348D28B09A3
:10C1600003F1390003F13802C300F818FB5808380E
:10C17000984259D05A6822F003028A4202D99B6839
:10C180009842F7D1D868C5E902308560DD60304655
:10C19000BDE8F84000F04EBE0CEB03025268D20737
:10C1A00063D40B44DCE90212CA60916043F00102DF
:10C1B0006A603046EB50BDE8F84000F03BBE0B44EF
:10C1C000D10707D454F8082CAD1A1344D5E902124C
:10C1D000CA60916043F001026A60284ABD6012683B
:10C1E0009A4293D8264B30461968FFF7F5FE8DE743
:10C1F000142B0AD9542B1FD80B0B03F16F0003F13A
:10C200006E02C300B1E719448DE703F15C0003F14E
:10C210005B02C300A9E741F00103C7E90455C5E982
:10C2200002006B60695071E779689210012404FA8A
:10C2300002F20A437A60A6E7B3F5AA7F06D8CB0BD1
:10C2400003F1780003F17702C3008EE740F2545205
:10C25000934206D88B0C03F17D0003F17C02C300EE
:10C2600083E74FF47E737E227FE741F001036B602A
:10C27000CCF800104AE700BFC4050020D009002018
:10C28000481E00209368002B00F085802DE9F04FB8
:10C29000B1F90C300C461907804683B0174698B2A6
:10C2A00025D523691BB310F002033D682DD04FF054
:10C2B000000ADFF8BCB25646B9465E4533465246E0
:10C2C00028BF5B464046002E52D0E169676AB847F6
:10C2D000002856DDD9F808301B1A8244361AC9F8EE
:10C2E0000830002BE9D1002003B0BDE8F08F2146D3
:10C2F0004046FEF7C3FA002840F03681B4F90C300E
:10C300003D6898B210F00203D1D110F0010944D178
:10C310004E46009746B38205D4F808B040F18380BA
:10C32000B3455A4600F2B28010F4906F40F0BF80DF
:10C33000206801924946FBF7E9FEA368019AA3EB46
:10C340000B012368A1601344B24623600026009BC2
:10C350009868A0EB0A00D14498600028C3D0B4F9D3
:10C360000C0080B2002ED6D1D5E900960835D1E771
:10C37000D5E900A60835A0E721464046FFF756FC60
:10C3800080B3B4F90C3043F040034FF0FF30A38189
:10C3900003B0BDE8F08F002070471E46AA469946BC
:10C3A00018461D46009756B388B34A46D4E904138D
:10C3B0002068B24228BF3246884205D9A16803EB03
:10C3C000010B5A4500F3A680934263DCE169676A7A
:10C3D0002A464046B847B0F1000BD2DDB9EB0B0955
:10C3E000CAD00120009A9368A3EB0B035D44A6EB2F
:10C3F0000B069360002B3FF476AF002ED4D10AF1E8
:10C40000080353E902569A460833002EF9D0324603
:10C410000A21284600F0BCFC002800F09C80013076
:10C42000A0EB0509C1E720682369984216D8636923
:10C43000B34213D86FF00042B24228BF3246E169DE
:10C4400092FBF3F2676A02FB03F340464A46B847A1
:10C45000B0F1000A95DDA6EB0A0678E7B345DA46A7
:10C4600028BFB24652464946FBF750FEA3682268F1
:10C47000A3EB0A035244A3602260002BEBD12146B8
:10C480004046FFF7D3FB0028E5D07AE72068B346A3
:10C4900032464EE729460192FBF738FE019AA3681F
:10C4A0009B1AA360236813442360934696E723688E
:10C4B0002169A3EB010B636903EB430A0AEBDA7A08
:10C4C0000BF101034FEA6A0A33445345524684BFD5
:10C4D0009A46524643052CD51146404600F08EF947
:10C4E00000283BD05A4621690190FBF775FDA289CF
:10C4F000019B22F4906242F08002A28103EB0B00C8
:10C500002361AAEB0B03C4F814A0A3602060B34618
:10C5100032460EE729465A46FBF7F8FD23685B448E
:10C52000236021464046FFF781FB00283FF456AFC9
:10C5300027E7404601F0D0F903460028DED1216903
:10C540004046FFF799FDB4F90C300C2223F080032C
:10C55000C8F8002017E7721C914627E70C22B4F9AF
:10C560000C30C8F800200EE74FF0FF30BCE600BFEB
:10C5700000FCFF7F2DE9F041884600F53877002662
:10C58000D7E90154013D0FD4A389012B05F1FF35F3
:10C5900006D9B4F90E300133204601D0C047064316
:10C5A0006B1C04F16804EFD13F68002FE8D13046DE
:10C5B000BDE8F0812DE9F8430746884600F5387656
:10C5C0004FF00009D6E90154013D11D4A389012B94
:10C5D00005F1FF3508D9B4F90E300133214603D0F7
:10C5E0003846C04749EA00096B1C04F16804EDD1E4
:10C5F0003668002EE6D14846BDE8F88342B110B552
:10C600000B491046144601F00FFD18B9094810BD3A
:10C61000084870470749204601F006FD0028F5D07C
:10C620000549204601F000FD0028EFD0002010BD94
:10C630002C1C0100281C0100101A0100014B93F86A
:10C64000280170475804002041B110B50C4620461F
:10C650000A4901F0E9FC18B9094810BD08487047BB
:10C660000749204601F0E0FC0028F5D005492046A6
:10C6700001F0DAFC0028EFD0002010BD2C1C0100D6
:10C68000281C0100101A0100F03070470048704764
:10C690004805002000487047480500202DE9F0417A
:10C6A0008B890C46990796B008D504F14303012203
:10C6B000C4E90432236016B0BDE8F081B4F90E106D
:10C6C0000029064627DB6A4601F09AFF002821DB95
:10C6D000019D05F47045A5F50055B5FA85F54FF4B3
:10C6E00080686D094FF400674146304600F086F8D7
:10C6F000B4F90C30F0B1204AF26343F08003C4F87F
:10C700001480A3812060206135BB3B43A38116B018
:10C71000BDE8F081A38913F0800519D04FF04008DF
:10C720004146304600F06AF80025B4F90C302F4637
:10C730000028E0D19A05BED423F0030304F143029C
:10C7400043F002030121C4E90421A3812260B2E77E
:10C750004FF480682F46C7E7B4F90E10304601F059
:10C7600065FF10B9B4F90C30CFE7A38923F00303B8
:10C7700043F001031BB2C8E7ADBC000070B50C4626
:10C78000B1F90E10002996B015461E4614DB6A4614
:10C7900001F036FF00280FDB019A02F47042A2F587
:10C7A0000052B2FA82F24FF4806352094FF40060F3
:10C7B00032602B6016B070BDB4F90C10002311F07C
:10C7C0008000336004D0402218462A6016B070BD45
:10C7D0004FF480632B6016B070BD00BF024B014662
:10C7E000186800F00BB800BF28000020024B01467B
:10C7F0001868FFF741BC00BF280000202DE9F04F6A
:10C8000001F10B06162E83B0044624D8102900F23D
:10C81000BA8000F00DFB102618220220B74F3A44D0
:10C82000A2F1080153688B4200F0BA805A68D968B7
:10C8300022F003021A449D68E9608D60516841F05E
:10C8400001012046516003F1080500F0F3FA284683
:10C8500003B0BDE8F08F36F0070600F19480B142D6
:10C8600000F2918000F0E4FAB6F5FC7FC0F096810A
:10C87000730A00F08F80042B00F26B81B30903F17F
:10C88000390003F1380CC3009C4F3B44A3F1080569
:10C890005B689D4206D10CE0002980F22B81DB68A9
:10C8A0009D4206D05A6822F00302911B0F29F3DD46
:10C8B00060463D69DFF848C265457CD06A6822F071
:10C8C0000302931B0F2B00F37781002BC7E904CCE5
:10C8D00080F26881B2F5007F80F01681D308796814
:10C8E00001334FEA521E012202FA0EF20A4357F8B0
:10C8F00033E0C5F808E007EBC3010839E9607A6066
:10C9000047F83350CEF80C508310012199409142E2
:10C9100057D8114206D120F003004900114200F11E
:10C920000400FAD007EBC0094D468646D5F80C80C6
:10C93000454508D119E1002B80F22081D8F80C8000
:10C94000454500F01281D8F8042022F00302931B21
:10C950000F2BF0DD2046D8E9025408EB060146F023
:10C960000106C8F80460EC60A56043F00104C7E963
:10C970000411C1E902CC4C6048F8023000F05AFAC8
:10C9800008F1080502E00C2323600025284603B0C7
:10C99000BDE8F08F4FF4007340204FF03F0C73E779
:10C9A000D3689A4208BF02307FF440AF3D69DFF898
:10C9B00050C1654582D17A68831001219940914226
:10C9C000A7D9BD686B6823F00308464503D8A8EBD8
:10C9D00006030F2B7EDCDFF82C91D7F80824D9F85A
:10C9E00000300132334405EB080A00F02F8103F5D3
:10C9F00080530F3323F47F6B2BF00F0B59462046E7
:10CA000001F056F9411C024600F0EF80824500F229
:10CA1000EA80D9F804105944C9F804100B4600F014
:10CA20004B81D7F8081401311BBFA2EB0A0A53440B
:10CA3000C7F80824C9F8043012F0070300F0128187
:10CA4000C3F108010A44C3F5805193440831A1EBB6
:10CA50000B01C1F30B0A514620460192009301F0ED
:10CA600027F9421CDDE9003200F04B81831A03EB09
:10CA70000A0BD9F80400BA604BF001030AEB00017D
:10CA8000BD425360C9F8041000F02281B8F10F0FC5
:10CA900040F220816B68A8F10C0020F0070003F041
:10CAA000010303436B604FF0050C2B180F28C3E9FB
:10CAB00001CC00F22D8153681546D9F82C208A420A
:10CAC000D9F8302038BFC9F82C108A4238BFC9F8CD
:10CAD00030108CE0AA1943F0010346F001066E60A5
:10CAE0002046BA60536000F0A5F90835284603B027
:10CAF000BDE8F08FD9681A449DE600BFC405002048
:10CB0000CC050020481E0020B2F5206F4FEA5223CA
:10CB100063D3142B00F2B88003F15C01C9005B33CE
:10CB200007EB010E7958AEF1080E8E4500F09180AA
:10CB30004B6823F00303934202D989688E45F7D1ED
:10CB4000D1F80CE07A68C5E9021ECEF80850CD6035
:10CB5000DAE6142B59D9542B00F29E80330B03F1E3
:10CB60006F0003F16E0CC3008EE60EF1010E1EF095
:10CB7000030F05F108057FF4D9AE51E04244454664
:10CB80005368D8F80C1043F00103536055F8083F80
:10CB90002046D9608B6000F04DF9F7E6F00806F109
:10CBA00008023BE62A442046536843F001035360E1
:10CBB000083500F03FF9E9E6A919204646F00106DC
:10CBC00043F001046E60C7E90411C1E902CC4C6076
:10CBD000AB5000F02FF90835D8E6930903F139017D
:10CBE000C90038339CE7BD4260D0BD686B6823F054
:10CBF000030B5E45ABEB060302D80F2B3FF76AAF82
:10CC0000204600F017F90025C0E603F15C0003F1AF
:10CC10005B0CC30038E659F808394B4540F0968064
:10CC200010F0030F00F1FF30F5D17B6823EA010318
:10CC30007B60490099423FF6C4AE19B9C1E649008C
:10CC40000EF1040E1942FAD070466BE603F1100B98
:10CC5000D4E69A104FF001087B6808FA02F21A43F2
:10CC60007A6070E702EB0B014942C1F30B0A5146AF
:10CC700020460193009201F01BF8431CDDE90023DC
:10CC80007FF4F4AE9A46F4E6542B26D8130B03F146
:10CC90006F01C9006E3343E7B3F5AA7F26D8F30BC3
:10CCA00003F1780003F1770CC300EDE5D9F8043007
:10CCB0005B44C9F80430B4E6CAF30B0000287FF4E3
:10CCC000B0AEBD6808EB0B0343F001036B60F4E604
:10CCD0001546F2E60123536092E7B3F5AA7F21D807
:10CCE000D30B03F17801C900773319E740F25452AE
:10CCF000934221D8B30C03F17D0003F17C0CC300F7
:10CD0000C2E5083B9B44ABEB020B4FF0000AB0E6D8
:10CD100005F108012046FFF7AFF9BD68D9F8041006
:10CD20006B68CAE640F254518B420BD8930C03F166
:10CD30007D01C9007C33F3E64FF47E737F204FF012
:10CD40007E0CA1E54FF47E717E23E9E67B6870E7F7
:10CD500010B4034CD4F8E440A4465DF8044B60479B
:10CD60005804002082B049B15AB16BB113780B60FE
:10CD70001278101E18BF012002B0704701A9002AC6
:10CD8000F3D1104602B070476FF00100F4E700BF26
:10CD900001F0FF01102A2BDB10F0070F08D010F86C
:10CDA000013B013A8B422DD010F0070F42B3F6D170
:10CDB000F0B441EA012141EA014122F007047FF089
:10CDC00000070023F0E80256083C85EA010586EAE0
:10CDD000010685FA47F5A3FA87F586FA47F6A5FA1C
:10CDE00087F68EB9EED1F0BC01F0FF0102F0070228
:10CDF00032B110F8013B013A83EA010313B1F8D1D3
:10CE00000020704701387047002D06BF35460338B3
:10CE1000073815F0010F07D1013015F4807F02BFEC
:10CE2000013015F4C03F0130F0BC0138704700BF3D
:10CE3000704700BF704700BFC36C70B505460C4615
:10CE40004BB153F8240080B1026843F8242000233A
:10CE5000C0E9033370BD2122042101F025FB034604
:10CE6000E8640028EDD1002070BD012101FA04F62C
:10CE7000721D9200284601F017FB0028F3D0C0E98C
:10CE80000146E4E731B1C36C4A6853F822000860F8
:10CE900043F82210704700BFF0B50C69064683B016
:10CEA0000D4601F1140E0020DEF800101FFA81FC7F
:10CEB00002FB0C334FEA134C090C02FB01CC01308E
:10CEC0009BB203EB0C4384424EF8043B4FEA1C43F5
:10CED000EADC3BB1AA68A24207DD05EB840201341B
:10CEE00053612C61284603B0F0BD6968019301319C
:10CEF0003046FFF7A1FF019B0746B8B12A690193AD
:10CF0000023205F10C0192000C30FBF765F8F26C6F
:10CF10006968019B52F82100286042F821503D4683
:10CF200005EB8402013453612C61DBE7024B0348BB
:10CF30003A46B521FAF786FFE01B0100381C0100D4
:10CF40002DE9F8430C4628491F46164603F108020E
:10CF500081FB0231092F4FEAE2730546C3EB6103FF
:10CF600039DD4FF0010C00214FEA4C0C634501F113
:10CF70000101F9DC2846FFF75FFF014668B3089B13
:10CF80004361092E4FF00103036112DC0A340926C4
:10CF9000B7420BDDBE1B264414F8013B0A22303B8E
:10CFA0002846FFF779FFA6420146F5D10846BDE8BD
:10CFB000F88304F10909C846344418F8013B0A22F1
:10CFC000303B2846FFF768FFA0450146F5D1A6F1A2
:10CFD00008044C44DCE70021CCE70A46034B044834
:10CFE000CE21FAF72FFF00BF398EE338E01B010096
:10CFF000381C0100030C1B04D3B90004102310F0EB
:10D000007F4F04BF0002083310F0704F04BF0001CF
:10D01000043310F0404F04BF80000233002805DBCA
:10D0200010F0804F03F1010308BF2023184670471A
:10D030000023E4E7036813F00702014607D0DA078C
:10D040001FD4980721D55B080B600120704798B268
:10D05000A0B11046DAB20AB908301B0A1A0704BF99
:10D060001B0904309A0704BF9B080230DA0703D477
:10D070005B0800F1010006D00B6070471B0C10200C
:10D08000E8E700207047202070479B080B600220D3
:10D09000704700BF38B5C36C04460D464BB15868A5
:10D0A000B0B102685A6000220123C0E90435C260B1
:10D0B00038BD2122042101F0F7F90346E06400287D
:10D0C000EDD1094B094800224FF4A071FAF7BAFEDE
:10D0D0001C220121204601F0E7F90028F1D00122AD
:10D0E0000223C0E90123DEE7E01B0100381C010038
:10D0F0002DE9F04F0E691569AE4285B08846144699
:10D1000005DB2A46234635460C4616469846A36854
:10D110006168AF19BB42B8BF0131FFF78DFE0190C6
:10D12000002800F08780019B03F1140909EB870AAE
:10D13000D14505D24B46002243F8042B9A45FBD833
:10D1400008F1140808EB860B04F11403D8451A46BD
:10D1500003EB85055FD22B1B153B23F00303043340
:10D160001534A54238BF0423CDE902A7AC461F46BB
:10D17000924605E0000C29D1C34509F1040948D9BC
:10D1800058F8040B85B2002DF4D056464C460023C7
:10D1900056F8040B216882B21FFA81FE05FB02EEED
:10D1A000000C0A0C734405FB002202EB13429BB2F5
:10D1B00043EA0243B44544F8043B4FEA1243E7D83C
:10D1C00049F8073058F8040C000CD5D0D9F80030D5
:10D1D000544619464D4600222688090C00FB0611CC
:10D1E0000A449BB243EA024345F8043B54F8046BFB
:10D1F0002968360C8BB200FB063303EB1243A445BF
:10D200004FEA1342E8D8C34549F8073009F1040949
:10D21000B6D8DDE902A7002F02DC05E0013F03D00C
:10D220005AF8043D002BF9D0019B18461F6105B048
:10D23000BDE8F08F034B0448019A40F25D11FAF704
:10D2400001FE00BFE01B0100381C010012F00303C7
:10D250002DE9F0411446064632D10D46A41020D0E7
:10D26000D6F84880B8F1000F33D0E3074FF000073D
:10D2700007D4641015D0D8F80000A8B18046E307A1
:10D28000F7D5424629463046FFF732FFB5B1696807
:10D29000F36C641053F821202A6043F821500546AE
:10D2A000E9D12846BDE8F081424641463046FFF7C5
:10D2B0001FFFC8F8000007608046E0E70546D8E792
:10D2C000013B0F4A52F823200023FFF7E5FD0546F6
:10D2D000C4E701213046FFF7AFFD804640B101238E
:10D2E00040F27122C0E904320023B0640360BCE75D
:10D2F000044B054842464FF4A071FAF7A3FD00BF66
:10D30000701C0100E01B0100381C01002DE9F047F2
:10D310000C4690462669A368496806EB6216751CA0
:10D320009D4207464FEA621904DD5B009D4201F110
:10D330000101FADC3846FFF77FFD8446002851D012
:10D34000B9F1000F00F114000EDD09F105024FEAFA
:10D35000820E03460CEB8202002143F8041B934229
:10D36000FBD1AEF114031844216904F1140318F041
:10D370001F0803EB81012DD0C8F1200986464FF02C
:10D38000000A1A6802FA08F242EA0A024EF8042B6E
:10D3900053F8042B994222FA09FAF2D80B1B153BD9
:10D3A00023F00303043304F11502914238BF042330
:10D3B000BAF1000F18BF2E4640F803A0FB6C62685C
:10D3C000CCF8106053F822102160604643F82240E8
:10D3D000BDE8F087043853F8042B40F8042F994235
:10D3E000F9D8EBE7034B0448624640F2D911FAF74B
:10D3F00029FD00BFE01B0100381C01000B698446B9
:10D400000069C01A16D10CF1140C14310CEB830214
:10D4100010B401EB830301E0944508D252F8044DA7
:10D4200053F8041D8C42F7D005D24FF0FF305DF861
:10D43000044B7047704701205DF8044B704700BFF4
:10D440002DE9F84F0F691369FF1A002F0E46904619
:10D450007AD101F11405143202EB830205EB830348
:10D4600001E09D4273D253F8041D52F8044DA142CD
:10D47000F7D064D37168FFF7DFFC8146002872D0D3
:10D480003569D8F81020C76008F1140E06F11400B1
:10D4900009F1140A06F1100C0EEB820200EB85076D
:10D4A000564600215EF8044B5CF804BFA3B211FAA3
:10D4B0008BF1CB1A210CC1EB1B4101EB23419BB239
:10D4C00043EA0143724546F8043B4FEA2141E9D85B
:10D4D000A2EB0804153C08F11508424524F00306A8
:10D4E00006F1040638BF0426304424F0030238BF96
:10D4F000002287425244B24416D95646044654F894
:10D50000043B11FA83F10A1402EB134289B241EA97
:10D510000243A74246F8043B4FEA2241EFD87A1E65
:10D52000101A20F00302524423B952F8043D013D81
:10D53000002BFAD0C9F810504846BDE8F88F3346A2
:10D5400001274646984695E7F9DB002792E7002138
:10D55000FFF772FC814668B101220023C9E9042368
:10D560004846BDE8F88F074B07484A464FF410710C
:10D57000FAF768FC034B04484A4640F23221FAF7B6
:10D5800061FC00BFE01B0100381C010082B08DED82
:10D59000000B154B019A1340A3F15073002B05DDCE
:10D5A0000020194641EC100B02B070475B42B3F10A
:10D5B000A07F4FEA235208DA4FF40023002043FAF9
:10D5C00002F141EC100B02B07047143A1E2ADABF88
:10D5D0004FF0004323FA02F201220021104641ECF1
:10D5E000100B02B0704700BF0000F07FF8B504696F
:10D5F00000F1140606EB8404271F54F8045C284647
:10D60000FFF7F8FCC0F120030A280B6031DDBE42B1
:10D610001BD20B3854F8081C23D0C0F1200C8540D5
:10D6200021FA0CF72F43A4F1080547F07F53AE42CF
:10D6300043F4401336D2814054F80C0C20FA0CF01D
:10D640000843024643EC102BF8BD0B3808D005FA0E
:10D6500000F040F07F53002043F440130246F1E70E
:10D66000014645F07F5343F440130A4643EC102B28
:10D67000F8BDC0F10B0C25FA0CF1BE4241F07F530E
:10D6800038BF54F8081C00F1150034BF21FA0CF122
:10D69000002105FA00F043F4401340EA010243EC94
:10D6A000102BF8BD01FA00F00246CBE72DE9F0435C
:10D6B000884683B0012157EC106B1546FFF7BCFB81
:10D6C000044600284FD0C7F30A59C7F31303B9F132
:10D6D000000F01D043F48013002E019324D068463C
:10D6E0000096FFF7A7FC002839D0DDE90013C0F150
:10D6F000200203FA02F20A43C34062610193002B45
:10D7000014BF02220122A3612261B9F1000F16D0D9
:10D71000A9F233430344C0F13500C8F80030286053
:10D72000204603B0BDE8F08301A8FFF783FC019B0E
:10D730006361012220302261B9F1000FE8D104EBCE
:10D740008203A0F23240C8F800001869FFF752FCCB
:10D75000C0EB42102860204603B0BDE8F083009B78
:10D760006361019BCBE7034B0348224640F20A3139
:10D77000FAF768FBE01B0100381C01002DE9F043BB
:10D7800083B00E4669460746FFF730FF01A93046D1
:10D7900055EC104BFFF72AFF3B693169591ADDE957
:10D7A0000023D31A03EB4113002B51EC100B0DDDBA
:10D7B00005EB03594D4602460B462046294601F02B
:10D7C00069FA41EC100B03B0BDE8F083C3EB0333FF
:10D7D00001EB03573946EEE7172870B506460CDD16
:10D7E0000A490B4D0020002422462B4601F028F95F
:10D7F000013EF9D141EC100B70BD064B03EBC006A6
:10D80000D6E9040141EC100B70BD00BF0000F03FF1
:10D8100000002440701C01000139491101F1010C84
:10D82000116902F1140303EB81018B4200EB8C0CB4
:10D8300016D210B5A0F1040E53F8044B4EF8044F65
:10D840009942F9D88B1A153B23F00303043318448B
:10D85000844504D9002340F8043B8445FBD810BD1F
:10D86000844505D9002340F8043B8445FBD8704724
:10D87000704700BF03694A11934200F1140009DAAE
:10D8800000EB830302E053F8042DCAB98342FAD8AF
:10D890000020704711DD11F01F010ED010B450F8B8
:10D8A000224000EB820324FA01F202FA01F18C42D9
:10D8B0000CD001205DF8044B704700EB8203E5E7D4
:10D8C0000120704753F8042D002AF2D18342F9D881
:10D8D00000205DF8044B70472DE9F84F17460029EA
:10D8E00000F0988007F10B0580460C46FFF7A0FA80
:10D8F000162D5DD810252A46AF425ED854F8041C78
:10D9000021F003069642A4F1080962DABC4BD3F871
:10D9100008C009EB0600844500F09780D0F804C0E9
:10D920002CF0010303445B68DB0768D42CF0030C84
:10D9300006EB0C03934247DACB0710D454F8083CAB
:10D94000A9EB030ADAF8043023F003018C44B44451
:10D95000944580F211817318934280F2E880394631
:10D960004046FEF74BFF0746E0B154F8043C23F075
:10D9700001034B44A0F10802934200F0D280321F11
:10D98000242A00F2F580132A00F2AC8003462246D6
:10D99000116819605168596092689A602146404642
:10D9A000FEF76AFB4046FFF745FA3846BDE8F88FB8
:10D9B00025F00705002D2A469EDA0C23C8F8003012
:10D9C00000273846BDE8F88F1E46D0E90223D36011
:10D9D0009A60731B0F2B22D8D9F8043003F001038F
:10D9E00033434E44C9F80430736843F00103736055
:10D9F00040462746FFF71EFA3846BDE8F88FC907AC
:10DA0000ADD454F8083CA9EB030ADAF8041021F06D
:10DA10000301A0E7BDE8F84F1146FEF7EFBED9F8C5
:10DA2000041001F001012943C9F8041009EB0501B4
:10DA30004E4443F001034B60736843F00103083127
:10DA400073604046FEF718FBD2E7DCF8040020F0D4
:10DA5000030B06EB0B0C05F1100084454DDAC907EA
:10DA60003FF57DAF54F8081CA9EB010ADAF8041061
:10DA700021F003018B44B34458453FF76CAF574640
:10DA8000DAF80C1057F8080F321F242AC16088609A
:10DA900000F2DB80132A40F2D6802168CAF8081011
:10DAA0006168CAF80C101B2A00F2DF8008340AF102
:10DAB00010022168116061685160A16891600AEBF1
:10DAC0000501ABEB050242F0010299604A60DAF809
:10DAD000043003F001031D434046CAF80450FFF729
:10DAE000A9F96EE723680360636843601B2A68D85E
:10DAF00004F1080200F108034AE709EB05029A6005
:10DB0000ACEB050343F00103536054F8043C03F00D
:10DB100001031D43404644F8045CFFF78BF9274698
:10DB20004FE750F8043C23F003031E4451E75746E7
:10DB3000DAF80C1057F8080F321F242AC1608860E9
:10DB40004CD8132A48D92168CAF808106168CAF865
:10DB50000C101B2A56D808340AF110021E462368FE
:10DB6000136063685360A3689360D1463C4630E716
:10DB70002146FAF7CBFA11E7D0E902135746CB60FA
:10DB8000996057F8081FDAF80C30CB60321F242A4E
:10DB900099602DD8132A29D92368CAF808306368F8
:10DBA000CAF80C301B2A42D808340AF11003226844
:10DBB0001A6062685A60A2689A606646D1463C461E
:10DBC00007E7A3688360E368C360242A26D004F1D2
:10DBD000100200F11003DBE63A46BFE72146384663
:10DBE0001E46D146FAF792FA3C46F2E63B46DEE79D
:10DBF000214638466646D146FAF788FA3C46E8E6BA
:10DC0000C4050020A168CAF81010E168CAF8141011
:10DC1000242A20D010340AF118029FE723690361F7
:10DC20006169416104F1180200F11803B0E6A368CC
:10DC3000CAF81030E368CAF81430242A21D010340E
:10DC40000AF11803B3E73A4633E721463846FAF7B4
:10DC50005DFA164B33E72269CAF818206269CAF8E0
:10DC60001C2018340AF1200278E7A168CAF81010C5
:10DC7000E168CAF81410242A0DD010340AF11802F1
:10DC800017E72369CAF818306369CAF81C301834DA
:10DC90000AF120038BE72269CAF818206269CAF8E2
:10DCA0001C2018340AF1200203E700BFC40500203D
:10DCB00038B5074D0022044608462A6000F0F4FCFF
:10DCC000431C00D038BD2B68002BFBD0236038BD2F
:10DCD0007C1E002038B5D0F8DC420CB1002038BDE5
:10DCE00080210546FEF78AFD0246C5F8DC0230B108
:10DCF000031F7C3243F8044F9342FBD1EEE74FF011
:10DD0000FF3038BD1F29F8B5054609D8D0F8DC62C8
:10DD10000C4617464EB156F8240046F82470F8BD5C
:10DD2000162303604FF0FF30F8BD8021FEF766FD3B
:10DD30000646C5F8DC0240B1031F00F17C05002156
:10DD400043F8041F9D42FBD1E5E74FF0FF30F8BDDB
:10DD50001F2938B5054621D8D0F8DC220C466AB117
:10DD600052F8213053B1012B16D0591C10D0002588
:10DD7000204642F824509847284638BD284600F0EF
:10DD800003F9224601462846BDE8384000F0E6B8CF
:10DD900016230360012038BD002038BD1623036020
:10DDA0004FF0FF3038BD00BF1F292CD8D0F8DC223F
:10DDB00038B50C46054682B152F8243002EB840295
:10DDC0004BB1591C1AD0012B16D0002520461560E6
:10DDD0009847284638BD012038BD8021FEF70EFD4A
:10DDE0000246C5F8DC0258B1031F00217C3043F81D
:10DDF000041F9842FBD1DFE7032038BD022038BD65
:10DE00004FF0FF3038BD4FF0FF30704738B5154B3D
:10DE10001F281D6820D8D5F8DC22044662B152F8CC
:10DE200020304BB1012B15D0591C0FD0002542F8E2
:10DE300020509847284638BD284600F0A5F82246CD
:10DE400001462846BDE8384000F088B816232B600C
:10DE5000012038BD002038BD16232B604FF0FF3065
:10DE600038BD00BF28000020134B1F2870B51E6866
:10DE700009D80D46D6F8DC12044649B151F8240001
:10DE800041F8245070BD162333604FF0FF3070BD51
:10DE900080213046FEF7B2FC0146C6F8DC0240B1F4
:10DEA000031F00F17C0C002243F8042F6345FBD1D3
:10DEB000E4E74FF0FF3070BD2800002038B50C4B70
:10DEC0001D68D5F8DC420CB1002038BD8021284601
:10DED000FEF794FCC5F8DC0238B1031F00F17C02A8
:10DEE00043F8044F9342FBD1EEE74FF0FF3038BDCB
:10DEF0002800002038B5184B1F281D6828D8D5F8F1
:10DF0000DC22044682B152F8243002EB84024BB189
:10DF1000591C1BD0012B17D00025204615609847AF
:10DF2000284638BD012038BD80212846FEF766FC12
:10DF30000246C5F8DC0258B1031F00217C3043F8CB
:10DF4000041F8342FBD1DEE7032038BD022038BD29
:10DF50004FF0FF3038BD00BF2800002070B50C46E0
:10DF6000084D03460026204611461C462E60F2F757
:10DF70007DFC431C00D070BD2B68002BFBD02360C0
:10DF800070BD00BF7C1E0020F2F76EBC10B50C46C1
:10DF9000B1F90E1000F072FB002803DB236D03447F
:10DFA000236510BDA38923F48053A38110BD00BF56
:10DFB000002070472DE9F0410C46B1F90C101F46C6
:10DFC000CB05054616460BD421F48051A1813B4672
:10DFD000B4F90E1032462846BDE8F04100F04EBAC2
:10DFE000B4F90E100223002200F032FBB4F90C1039
:10DFF000EAE700BF10B50C46B1F90E1000F028FB9F
:10E00000A389421C0EBF23F4805343F48053206540
:10E01000A38110BDB1F90E1000F076BA0000000027
:10E02000A2EB0300704700BF02780B78012A28BFDB
:10E030009A42F5D16DE9044540EA0104CDE9026751
:10E040006FF0000C4FEA447212B380EA010414F03E
:10E05000070F6AD100F0070420F0070004F0030561
:10E0600021F007014FEAC505F0E8042314F0040F7E
:10E07000F1E804670CFA05F462EA040266EA0406B1
:10E080000AD063EA0403624667EA0407664603E0CF
:10E09000F0E80423F1E8046782FA4CF582EA06040A
:10E0A000A4FA8CF46CBB83FA4CF583EA0705A5FA55
:10E0B0008CF595B950E9022351E9026782FA4CF5D3
:10E0C00082EA0604A4FA8CF483FA4CF583EA070585
:10E0D000A5FA8CF52543DBD09CB92DBAB5FA85F4A9
:10E0E00024F0070427FA04F1DDE9026723FA04F3B8
:10E0F00003F0FF0001F0FF01FDE80445A0EB010083
:10E10000704724BAB4FA84F424F0070426FA04F120
:10E11000DDE9026722FA04F202F0FF0001F0FF01DC
:10E12000FDE80445A0EB0100704714F0030F3CD15B
:10E1300010F0030428D150F8082B51F8083B82FA5C
:10E140004CF582EA0305A5FA8CF55DB950F8042C6C
:10E1500051F8043C82FA4CF582EA0305A5FA8CF5E5
:10E16000002DE8D02DBAB5FA85F424F0070423FA7F
:10E1700004F122FA04F202F0FF0001F0FF01FDE8D1
:10E180000445A0EB010070474FEAC40420F00300EF
:10E1900050F8082B21F0030151F8083B0CFA04F465
:10E1A00062EA040263EA0403C9E710F003041AD028
:10E1B000A1EB040120F00300E40750F8042B06D083
:10E1C0000FD28B785FFAA2F4E41A06D12BB1CB7888
:10E1D0005FFAB2F4E41A00D11BB920465DF8104B87
:10E1E000704701F1040150F8042BCC0721F0030122
:10E1F00051F8043B48D824D222F07F4482FA4CF5EF
:10E2000094EA1325A5FA8CF50AD165B951F8043BB7
:10E2100084EA0204B4EB036F0ED150F8042BEBE751
:10E220004FEA132355E035F07F454DD10878FDE8DE
:10E230000445C0F1000070474FEA126203F0FF038B
:10E2400047E002EA1C4482FA4CF594EA1345A5FA29
:10E250008CF50AD165B951F8043B84EA0204B4EBA9
:10E26000034F0CD150F8042BEBE74FEA134330E097
:10E2700015EA1C4528D10B884FEA124229E04FEAE3
:10E28000124203EA1C4324E002F0FF0482FA4CF538
:10E2900094EA1365A5FA8CF50AD165B951F8043BE7
:10E2A00084EA0204B4EB032F09D150F8042BEBE706
:10E2B0004FEA13630DE015F0FF0F05D10B684FEA2D
:10E2C000122223F07F4304E04FF00000FDE80445F4
:10E2D000704712BA1BBA82FA4CF482EA0304A4FA19
:10E2E0008CF5B5FA85F402FA04F203FA04F34FEA66
:10E2F0001260FDE80445A0EB13607047F8B50D46C9
:10E300001446064610B1836B002B43D0B4F90C20A1
:10E31000A369A360170790B21BD52369CBB1EDB2F7
:10E3200081042F4622D522686169D31A994229DDDA
:10E330000133A1680139A160511C21601570626927
:10E340009A422AD0A389DB0701D50A2D25D0384669
:10E35000F8BD21463046FCF791FA20BBB4F90C20F9
:10E36000236990B2EDB281042F46DCD442F400520E
:10E37000A281626E616922F4005262662268D31A39
:10E380009942D5DC21463046FDF750FC58B9226849
:10E390000123CEE7FDF774FDB8E721463046FDF7CF
:10E3A00045FC0028D3D04FF0FF37D0E710B4044C21
:10E3B00003460A4620685DF8044B1946FFF79EBFE6
:10E3C0002800002070B5054684B01C4639B10B4EBC
:10E3D000D6F8E060B047431C09D004B070BD0A46CF
:10E3E0000649D1F8E06001A9B047431CF5D10022ED
:10E3F0008A2322602B6004B070BD00BF5804002047
:10E4000070B5104B84B01D68144658B10E4B0A46C7
:10E41000D3F8E060014623462846B047431C0BD0A2
:10E4200004B070BD084A2346D2F8E06001A9024654
:10E430002846B047431CF3D100228A2322602B6078
:10E4400004B070BD280000205804002010B4034C14
:10E45000D4F8E040A4465DF8044B6047580400201F
:10E4600049B1FF2A02D80A70012070478A2303604D
:10E470004FF0FF3070470846704700BF38B50C4674
:10E48000084D8446114620461A4600232B606446F8
:10E49000F2F78CFA431C00D038BD2B68002BFBD060
:10E4A000236038BD7C1E002010B502FB01F1FEF791
:10E4B000A5F9044668B150F8042C22F00302043A8E
:10E4C000242A18D8132A06D802460023C2E90033AA
:10E4D0009360204610BD00231B2AC0E900330FD9EA
:10E4E000242AC0E9023311BF00F11002036100F1D8
:10E4F00018024361E9E70021F9F784FE204610BDC8
:10E5000000F10802E1E700BF38B5074D00220446DC
:10E5100008462A60F2F7A6F9431C00D038BD2B68E4
:10E52000002BFBD0236038BD7C1E002070B50C464C
:10E530000646FDF7E3FAE36A054633B1E169304682
:10E5400098470028B8BF4FF0FF35A3891B0619D4A0
:10E55000216B41B104F14003994202D03046FDF7EE
:10E560008BFD00232363616C21B13046FDF784FDF0
:10E5700000236364FDF788FC0023A381FDF786FC7C
:10E58000284670BD21693046FDF776FDE0E700BF03
:10E59000B1B138B504460D4608B1836B4BB1B5F93E
:10E5A0000C300BB9002038BD29462046BDE8384064
:10E5B000BCE7FDF765FCB5F90C30002BF2D0F3E7B2
:10E5C00000207047C0B138B50C4B1D6804460DB132
:10E5D000AB6B4BB1B4F90C300BB9002038BD214600
:10E5E0002846BDE83840A1E72846FDF749FCB4F9C4
:10E5F0000C30002BF1D0F2E70020704728000020FB
:10E6000070B50C46084D03460026204611461C46B0
:10E610002E60F2F728F9431C00D070BD2B68002B48
:10E62000FBD0236070BD00BF7C1E002038B5074DB5
:10E630000022044608462A60F2F717F9431C00D06E
:10E6400038BD2B68002BFBD0236038BD7C1E00201A
:10E6500038B50C46084D8446114620461A4600231C
:10E660002B606446F2F703F9431C00D038BD2B68D9
:10E67000002BFBD0236038BD7C1E002038B50C4633
:10E68000084D8446114620461A4600232B606446F6
:10E69000F2F7A2F9431C00D038BD2B68002BFBD049
:10E6A000236038BD7C1E0020044A05491368002BF6
:10E6B00008BF0B461844106018467047801E0020A3
:10E6C000881E0020FEE700BF81F0004102E000BF8D
:10E6D00083F0004330B54FEA41044FEA430594EA22
:10E6E000050F08BF90EA020F1FBF54EA000C55EA5D
:10E6F000020C7FEA645C7FEA655C00F0E2804FEA2E
:10E700005454D4EB5555B8BF6D420CDD2C4480EA0F
:10E71000020281EA030382EA000083EA010180EA3F
:10E72000020281EA0303362D88BF30BD11F0004F8D
:10E730004FEA01314FF4801C4CEA113102D04042C3
:10E7400061EB410113F0004F4FEA03334CEA1333FE
:10E7500002D0524263EB430394EA050F00F0A78016
:10E76000A4F10104D5F1200E0DDB02FA0EFC22FA11
:10E7700005F2801841F1000103FA0EF2801843FA05
:10E7800005F359410EE0A5F120050EF1200E012AF6
:10E7900003FA0EFC28BF4CF0020C43FA05F3C01834
:10E7A00051EBE37101F0004507D54FF0000EDCF1AD
:10E7B000000C7EEB00006EEB0101B1F5801F1BD356
:10E7C000B1F5001F0CD349085FEA30004FEA3C0C5A
:10E7D00004F101044FEA445212F5800F80F09A8050
:10E7E000BCF1004F08BF5FEA500C50F1000041EB54
:10E7F000045141EA050130BD5FEA4C0C404141EB58
:10E800000101013C28BFB1F5801FE9D291F0000F52
:10E8100004BF01460020B1FA81F308BF2033A3F101
:10E820000B03B3F120020CDA0C3208DD02F1140CF8
:10E83000C2F10C0201FA0CF021FA02F10CE002F133
:10E840001402D8BFC2F1200C01FA02F120FA0CFC2C
:10E85000DCBF41EA0C019040E41AA2BF01EB045175
:10E86000294330BD6FEA04041F3C1CDA0C340EDC73
:10E8700004F11404C4F1200220FA04F001FA02F3B6
:10E8800040EA030021FA04F345EA030130BDC4F174
:10E890000C04C4F1200220FA02F001FA04F340EA69
:10E8A0000300294630BD21FA04F0294630BD94F01A
:10E8B000000F83F4801306BF81F480110134013D01
:10E8C0004EE77FEA645C18BF7FEA655C29D094EA72
:10E8D000050F08BF90EA020F05D054EA000C04BFF0
:10E8E0001946104630BD91EA030F1EBF00210020DB
:10E8F00030BD5FEA545C05D14000494128BF41F07A
:10E90000004130BD14F580043CBF01F5801130BDDD
:10E9100001F0004545F0FE4141F470014FF0000068
:10E9200030BD7FEA645C1ABF194610467FEA655C19
:10E930001CBF0B46024650EA013406BF52EA0335BB
:10E9400091EA030F41F4002130BD00BF90F0000FA9
:10E9500004BF0021704730B54FF4806404F13204E5
:10E960004FF000054FF0000150E700BF90F0000F9E
:10E9700004BF0021704730B54FF4806404F13204C5
:10E9800010F0004548BF40424FF000013EE700BF95
:10E9900042004FEAE2014FEA31014FEA02701FBF25
:10E9A00012F07F4393F07F4F81F06051704732F057
:10E9B0007F4208BF704793F07F4F04BF41F40021AE
:10E9C000704730B54FF4607401F0004521F000410C
:10E9D0001CE700BF50EA010208BF704730B54FF096
:10E9E00000050AE050EA010208BF704730B511F097
:10E9F000004502D5404261EB41014FF4806404F1CF
:10EA000032045FEA915C3FF4D8AE4FF003025FEA54
:10EA1000DC0C18BF03325FEADC0C18BF033202EBD8
:10EA2000DC02C2F1200300FA03FC20FA02F001FA32
:10EA300003FE40EA0E0021FA02F11444BDE600BFD5
:10EA400070B54FF0FF0C4CF4E06C1CEA11541DBF84
:10EA50001CEA135594EA0C0F95EA0C0F00F0DEF84F
:10EA60002C4481EA030621EA4C5123EA4C5350EA34
:10EA7000013518BF52EA033541F4801143F4801385
:10EA800038D0A0FB02CE4FF00005E1FB02E506F016
:10EA90000042E0FB03E54FF00006E1FB03569CF06B
:10EAA000000F18BF4EF0010EA4F1FF04B6F5007F71
:10EAB00064F5407404D25FEA4E0E6D4146EB0606E3
:10EAC00042EAC62141EA55514FEAC52040EA5E506C
:10EAD0004FEACE2EB4F1FD0C88BFBCF5E06F1ED816
:10EAE000BEF1004F08BF5FEA500E50F1000041EB4D
:10EAF000045170BD06F0004646EA010140EA0200FA
:10EB000081EA0301B4EB5C04C2BFD4EB0C0541EA1B
:10EB1000045170BD41F480114FF0000E013C00F330
:10EB2000AB8014F1360FDEBF002001F0004170BD54
:10EB3000C4F10004203C35DA0C341BDC04F114046D
:10EB4000C4F1200500FA05F320FA04F001FA05F2F9
:10EB500040EA020001F0004221F0004110EBD370C6
:10EB600021FA04F642EB06015EEA430E08BF20EAF2
:10EB7000D37070BDC4F10C04C4F1200500FA04F395
:10EB800020FA05F001FA04F240EA020001F0004127
:10EB900010EBD37041F100015EEA430E08BF20EA9A
:10EBA000D37070BDC4F1200500FA05F24EEA020EE2
:10EBB00020FA04F301FA05F243EA020321FA04F011
:10EBC00001F0004121FA04F220EA020000EBD370C8
:10EBD0005EEA430E08BF20EAD37070BD94F0000FC8
:10EBE0000FD101F00046400041EB010111F4801FFC
:10EBF00008BF013CF7D041EA060195F0000F18BFAD
:10EC0000704703F00046520043EB030313F4801FE8
:10EC100008BF013DF7D043EA0603704794EA0C0FA2
:10EC20000CEA135518BF95EA0C0F0CD050EA4106B8
:10EC300018BF52EA4306D1D181EA030101F0004135
:10EC40004FF0000070BD50EA410606BF104619465D
:10EC500052EA430619D094EA0C0F02D150EA013669
:10EC600013D195EA0C0F05D152EA03361CBF1046AA
:10EC700019460AD181EA030101F0004141F0FE4149
:10EC800041F470014FF0000070BD41F0FE4141F4CD
:10EC9000780170BD70B54FF0FF0C4CF4E06C1CEACD
:10ECA00011541DBF1CEA135594EA0C0F95EA0C0F82
:10ECB00000F0A7F8A4EB050481EA030E52EA03353D
:10ECC0004FEA013100F088804FEA03334FF080555E
:10ECD00045EA131343EA12634FEA022245EA11158B
:10ECE00045EA10654FEA00260EF000419D4208BF3C
:10ECF000964244F1FD0404F5407402D25B084FEAE9
:10ED00003202B61A65EB03055B084FEA32024FF494
:10ED100080104FF4002CB6EB020E75EB030E22BFF1
:10ED2000B61A754640EA0C005B084FEA3202B6EBB1
:10ED3000020E75EB030E22BFB61A754640EA5C0060
:10ED40005B084FEA3202B6EB020E75EB030E22BFF0
:10ED5000B61A754640EA9C005B084FEA3202B6EBF1
:10ED6000020E75EB030E22BFB61A754640EADC00B0
:10ED700055EA060E18D04FEA051545EA16754FEA12
:10ED800006164FEAC30343EA52734FEAC2025FEA30
:10ED90001C1CC0D111F4801F0BD141EA00014FF0BF
:10EDA00000004FF0004CB6E711F4801F04BF014390
:10EDB0000020B4F1FD0C88BFBCF5E06F3FF6AFAEAC
:10EDC000B5EB030C04BFB6EB020C5FEA500C50F13C
:10EDD000000041EB045170BD0EF0004E4EEA1131BF
:10EDE00014EB5C04C2BFD4EB0C0541EA045170BDC6
:10EDF00041F480114FF0000E013C90E645EA060E0A
:10EE00008DE60CEA135594EA0C0F08BF95EA0C0F37
:10EE10003FF43BAF94EA0C0F0AD150EA01347FF47F
:10EE200034AF95EA0C0F7FF425AF104619462CE756
:10EE300095EA0C0F06D152EA03353FF4FDAE1046B9
:10EE4000194622E750EA410618BF52EA43067FF40A
:10EE5000C5AE50EA41047FF40DAF52EA43057FF49A
:10EE6000EBAE12E74FF0FF3C06E000BF4FF0010CA5
:10EE700002E000BF4FF0010C4DF804CD4FEA410C09
:10EE80007FEA6C5C4FEA430C18BF7FEA6C5C1BD0D6
:10EE900001B050EA410C0CBF52EA430C91EA030F57
:10EEA00002BF90EA020F0020704710F1000F91EAB4
:10EEB000030F58BF994208BF90422CBFD8176FEA82
:10EEC000E37040F0010070474FEA410C7FEA6C5C50
:10EED00002D150EA013C07D14FEA430C7FEA6C5C57
:10EEE000D6D152EA033CD3D05DF8040B704700BF83
:10EEF0008446104662468C461946634600E000BFD1
:10EF000001B5FFF7B7FF002848BF10F1000F01BDA2
:10EF10004DF808EDFFF7F4FF0CBF012000205DF86D
:10EF200008FB00BF4DF808EDFFF7EAFF34BF0120F2
:10EF300000205DF808FB00BF4DF808EDFFF7E0FF8B
:10EF400094BF012000205DF808FB00BF4DF808EDDC
:10EF5000FFF7CEFF94BF012000205DF808FB00BF43
:10EF60004DF808EDFFF7C4FF34BF012000205DF825
:10EF700008FB00BF4FEA410C7FEA6C5C02D150EA0B
:10EF8000013C0AD14FEA430C7FEA6C5C02D152EAA1
:10EF9000033C02D14FF0000070474FF00100704772
:10EFA0004FEA410212F5001215D211D56FF47873B1
:10EFB000B3EB625212D94FEAC12343F0004343EA54
:10EFC000505311F0004F23FA02F018BF404270472F
:10EFD0004FF00000704750EA013005D111F00040B9
:10EFE00008BF6FF0004070474FF00000704700BF4F
:10EFF0007BB972B90029BEBF00204FF0004106E086
:10F0000008BF00281CBF6FF000414FF0FF3000F038
:10F01000BFB9ADF1080C6DE904CE002909DB002B66
:10F020001ADB00F04DF8DDF804E0DDE9022304B05E
:10F030007047404261EB4101002B1BDB00F040F8C0
:10F04000DDF804E0DDE9022304B0404261EB410158
:10F05000524263EB43037047524263EB430300F0B9
:10F060002FF8DDF804E0DDE9022304B0404261EB53
:10F0700041017047524263EB430300F021F8DDF891
:10F0800004E0DDE9022304B0524263EB430370471E
:10F0900053B94AB9002908BF00281CBF4FF0FF31FF
:10F0A0004FF0FF3000F074B9ADF1080C6DE904CEFB
:10F0B00000F006F8DDF804E0DDE9022304B0704753
:10F0C0002DE9F047089D04468E46002B4DD18A421B
:10F0D000944669D9B2FA82F252B101FA02F3C2F14E
:10F0E000200120FA01F10CFA02FC41EA030E9440DF
:10F0F0004FEA1C48210CBEFBF8F61FFA8CF708FB00
:10F1000016E341EA034306FB07F199420AD91CEBD7
:10F11000030306F1FF3080F01F81994240F21C8109
:10F12000023E63445B1AA4B2B3FBF8F008FB103351
:10F1300044EA034400FB07F7A7420AD91CEB040486
:10F1400000F1FF3380F00A81A74240F20781644456
:10F15000023840EA0640E41B00261DB1D4400023DB
:10F16000C5E900433146BDE8F0878B4209D9002D3F
:10F1700000F0EF800026C5E9000130463146BDE8C9
:10F18000F087B3FA83F6002E4AD18B4202D3824233
:10F1900000F2F980841A61EB030301209E46002DE2
:10F1A000E0D0C5E9004EDDE702B9FFDEB2FA82F237
:10F1B000002A40F09280A1EB0C014FEA1C471FFA95
:10F1C0008CFE0126200CB1FBF7F307FB131140EA7C
:10F1D00001410EFB03F0884208D91CEB010103F149
:10F1E000FF3802D2884200F2CB804346091AA4B20B
:10F1F000B1FBF7F007FB101144EA01440EFB00FEDF
:10F20000A64508D91CEB040400F1FF3102D2A64543
:10F2100000F2BB800846A4EB0E0440EA03409CE7E2
:10F22000C6F12007B34022FA07FC4CEA030C20FA8F
:10F2300007F401FA06F31C43F9404FEA1C4900FAAF
:10F2400006F3B1FBF9F8200C1FFA8CFE09FB18112C
:10F2500040EA014108FB0EF0884202FA06F20BD99F
:10F260001CEB010108F1FF3A80F08880884240F2EF
:10F270008580A8F102086144091AA4B2B1FBF9F033
:10F2800009FB101144EA014100FB0EFE8E4508D92E
:10F290001CEB010100F1FF346CD28E456AD90238B3
:10F2A000614440EA0840A0FB0294A1EB0E01A14298
:10F2B000C846A64656D353D05DB1B3EB080261EB06
:10F2C0000E0101FA07F722FA06F3F1401F43C5E9E0
:10F2D000007100263146BDE8F087C2F12003D84016
:10F2E0000CFA02FC21FA03F3914001434FEA1C4758
:10F2F0001FFA8CFEB3FBF7F007FB10360B0C43EA4A
:10F30000064300FB0EF69E4204FA02F408D91CEBF9
:10F31000030300F1FF382FD29E422DD902386344F7
:10F320009B1B89B2B3FBF7F607FB163341EA034197
:10F3300006FB0EF38B4208D91CEB010106F1FF38E6
:10F3400016D28B4214D9023E6144C91A46EA0046DD
:10F3500038E72E46284605E70646E3E61846F8E66F
:10F360004B45A9D2B9EB020864EB0C0E0138A3E7B8
:10F370004646EAE7204694E74046D1E7D0467BE799
:10F38000023B614432E7304609E76444023842E711
:10F39000704700BFF8B500BFF8BC08BC9E46704778
:10F3A000F8B500BFF8BC08BC9E4670474932432000
:10F3B0007472616E73616374696F6E206661696CEB
:10F3C000656421204572726F723A20256C580A00DC
:10F3D0004A6F79737469636B204944203D20257816
:10F3E0000A006469722078203D2025642020646929
:10F3F000722079203D2025640A00426F61726420EA
:10F4000073746172746564210A0041626F757420BF
:10F41000746F20696E697420726164696F0A0044B8
:10F420006F6E65207769746820696E69740A00528E
:10F430006164696F20636F6E6669677572656421C8
:10F440000A005061636B65743A205B2000253032FE
:10F450005820004661696C75726520746F20736571
:10F460006E6420726164696F207061636B657421E2
:10F470000A0053656E74206120726164696F2070A8
:10F4800061636B6574210A00DCA9357B7336CEF4A9
:10F490000050BECAC33C36CEF40000001F0000007E
:10F4A0001F0000000000980107000000000000009D
:10F4B0000338FDD870470000080A0020181E01001C
:10F4C00000000000003000400000000001000000CB
:10F4D000747820737461727465640A0074782066AD
:10F4E00061696C6564206572726F72202575210AEE
:10F4F000006672616D6520776173207472616E734E
:10F500006D6974746564210A002E2E2F2E2E2F6EC5
:10F5100072663532782D626173652F2F73646B2F9D
:10F520006E7266355F73646B5F31362E302E302F0E
:10F530006D6F64756C65732F6E7266782F68616C81
:10F540002F6E72665F6770696F2E68000A0A2A2A3A
:10F550002A2A2A20417070204572726F72202A2A4E
:10F560002A2A2A0A00415353455254494F4E2046F5
:10F5700041494C45442061742025733A25750A00A1
:10F580004552524F5220256C75205B25735D2061DA
:10F59000742025733A256C75090950432061743A2B
:10F5A0002030782530386C580A00554E4B4E4F5756
:10F5B0004E204641554C5420617420307825303817
:10F5C0006C580A0048415244204641554C54206131
:10F5D000742030782530385800202052303A2020CE
:10F5E000307825303858202052313A202030782584
:10F5F000303858202052323A202030782530385880
:10F60000202052333A2020307825303858002020EE
:10F610005231323A2030782530385820204C523A36
:10F62000202030782530385820205053523A20304E
:10F63000782530385800537461636B2076696F6C9D
:10F640006174696F6E3A20737461636B20706F69C7
:10F650006E746572206F757473696465207374616C
:10F66000636B20617265612E0043617573653A209A
:10F670004275734661756C74206F6E2061207665EB
:10F6800063746F72207461626C65207265616420BE
:10F69000647572696E6720657863657074696F6EF2
:10F6A0002070726F63657373696E672E00436175B6
:10F6B00073653A2025732E004D656D4D616E61674F
:10F6C00065204661756C7420416464726573733A99
:10F6D0002030782530385800427573204661756CAB
:10F6E0007420416464726573733A20307825303831
:10F6F00058005468652070726F636573736F722071
:10F7000068617320617474656D7074656420746FD2
:10F71000206578656375746520616E20756E64651B
:10F7200066696E656420696E737472756374696F5F
:10F730006E005468652070726F636573736F72201A
:10F74000617474656D707465642061206C6F6164B0
:10F75000206F722073746F72652061742061206C59
:10F760006F636174696F6E207468617420646F6583
:10F7700073206E6F74207065726D69742074686593
:10F78000206F7065726174696F6E00556E7374617D
:10F79000636B20666F7220616E206578636570749C
:10F7A000696F6E2072657475726E20686173206374
:10F7B0006175736564206F6E65206F72206D6F7266
:10F7C00065206163636573732076696F6C6174692A
:10F7D0006F6E7300537461636B696E6720666F723E
:10F7E00020616E20657863657074696F6E20656E48
:10F7F0007472792068617320636175736564206F2A
:10F800006E65206F72206D6F726520616363657332
:10F81000732076696F6C6174696F6E730041204D5F
:10F82000656D4D616E616765206661756C74206FF2
:10F830006363757272656420647572696E672066B1
:10F840006C6F6174696E672D706F696E74206C6186
:10F850007A7920737461746520707265736572764D
:10F860006174696F6E00496E737472756374696F49
:10F870006E20627573206572726F720044617461EC
:10F8800020627573206572726F7220285043207653
:10F89000616C756520737461636B656420666F725B
:10F8A0002074686520657863657074696F6E207276
:10F8B000657475726E20706F696E747320746F203A
:10F8C00074686520696E737472756374696F6E20F5
:10F8D0007468617420636175736564207468652061
:10F8E0006661756C742900446174612062757320CF
:10F8F0006572726F72202872657475726E20616411
:10F90000647265737320696E207468652073746116
:10F91000636B206672616D65206973206E6F742061
:10F9200072656C6174656420746F20746865206909
:10F930006E737472756374696F6E2074686174207D
:10F9400063617573656420746865206572726F7297
:10F950002900556E737461636B20666F7220616E4F
:10F9600020657863657074696F6E20726574757256
:10F970006E2068617320636175736564206F6E65C6
:10F98000206F72206D6F7265204275734661756CD1
:10F99000747300537461636B696E6720666F7220C5
:10F9A000616E20657863657074696F6E20656E7432
:10F9B00072792068617320636175736564206F6E6E
:10F9C00065206F72206D6F72652042757346617598
:10F9D0006C7473004120627573206661756C7420CD
:10F9E0006F6363757272656420647572696E6720F7
:10F9F000666C6F6174696E672D706F696E74206CD0
:10FA0000617A7920737461746520707265736572B0
:10FA1000766174696F6E005468652070726F6365FB
:10FA200073736F722068617320617474656D707494
:10FA3000656420746F206578656375746520616EF8
:10FA400020696E737472756374696F6E2074686177
:10FA500074206D616B657320696C6C6567616C20E7
:10FA6000757365206F662074686520455053520099
:10FA70005468652070726F636573736F722068617C
:10FA80007320617474656D7074656420616E2069A3
:10FA90006C6C6567616C206C6F6164206F662045DB
:10FAA00058435F52455455524E20746F2074686518
:10FAB0002050432C206173206120726573756C7433
:10FAC000206F6620616E20696E76616C69642063C8
:10FAD0006F6E746578742C206F7220616E20696E71
:10FAE00076616C6964204558435F52455455524EC7
:10FAF0002076616C7565005468652070726F63656F
:10FB000073736F722068617320617474656D7074B3
:10FB1000656420746F206163636573732061206383
:10FB20006F70726F636573736F72005468652070D5
:10FB3000726F636573736F7220686173206D6164A7
:10FB40006520616E20756E616C69676E6564206DFD
:10FB5000656D6F72792061636365737300546865C6
:10FB60002070726F636573736F72206861732065B4
:10FB70007865637574656420616E2053444956202E
:10FB80006F72205544495620696E737472756374A0
:10FB9000696F6E2077697468206120646976697383
:10FBA0006F72206F662030001C0B1F251E15160F6C
:10FBB00018130000F2F6000032F700000000000009
:10FBC0008BF70000D4F700001DF8000000000000D3
:10FBD0000000000066F800007CF80000E7F8000074
:10FBE00052F9000093F90000D4F900000000000071
:10FBF00000000000F2F6000017FA000070FA0000A2
:10FC0000F7FA000000000000000000000000000003
:10FC1000000000002BFB00005DFB00000000000066
:10FC20000338FDD870472F726F6F742F6E752D6D6E
:10FC30006963726F6269742D626173652F736F6699
:10FC400074776172652F626F617264732F6D69637F
:10FC5000726F6269745F76322F2E2F6D6963726FD7
:10FC60006269745F6265666F72655F7374617274F6
:10FC700075702E630000000000000000000000000E
:10FC80000338FDD870472F726F6F742F6E752D6D0E
:10FC90006963726F6269742D626173652F736F6639
:10FCA00074776172652F626F617264732F6D69631F
:10FCB000726F6269745F76322F2E2F6D6963726F77
:10FCC0006269745F6E72665F6C6F675F6261636BBF
:10FCD000656E645F756172742E630000FFFFFFFF45
:10FCE000FFFFFFFFFFFFFFFFFFFFFFFF0000000020
:10FCF000000000000000D60107010000BD08000060
:10FD00007D090000B90800000000000000000000AC
:10FD10000338FDD870472E2E2F2E2E2F6E7266358B
:10FD200032782D626173652F2F73646B2F6E72664C
:10FD3000355F73646B5F31362E302E302F636F6DFD
:10FD4000706F6E656E74732F6C6962726172696533
:10FD5000732F7574696C2F6170705F7574696C5F57
:10FD6000706C6174666F726D2E63002E2E2F2E2EB6
:10FD70002F6E72663532782D626173652F2F736432
:10FD80006B2F6E7266355F73646B5F31362E302E6B
:10FD9000302F636F6D706F6E656E74732F6C696258
:10FDA0007261726965732F62616C6C6F632F6E7222
:10FDB000665F62616C6C6F632E6300636C6F636B74
:10FDC0000000000000000000000000000000000033
:10FDD0000338FDD870472E2E2F2E2E2F6E726635CB
:10FDE00032782D626173652F2F73646B2F6E72668C
:10FDF000355F73646B5F31362E302E302F6578742B
:10FE000065726E616C2F667072696E74662F6E72A9
:10FE1000665F667072696E74662E63002E2E2F2EDA
:10FE20002E2F6E72663532782D626173652F2F73B7
:10FE3000646B2F6E7266355F73646B5F31362E3084
:10FE40002E302F65787465726E616C2F66707269E2
:10FE50006E74662F6E72665F667072696E74665F2E
:10FE6000666F726D61742E63003031323334353613
:10FE70003738394142434445462E2E2F2E2E2F6EC1
:10FE800072663532782D626173652F2F73646B2F24
:10FE90006E7266355F73646B5F31362E302E302F95
:10FEA000636F6D706F6E656E74732F6C69627261D3
:10FEB000726965732F6C6F672F7372632F6E726632
:10FEC0005F6C6F675F64656661756C745F626163C8
:10FED0006B656E64732E6300756172745F6C6F671F
:10FEE0005F6261636B656E64002E2E2F2E2E2F6E67
:10FEF00072663532782D626173652F2F73646B2FB4
:10FF00006E7266355F73646B5F31362E302E302F24
:10FF1000636F6D706F6E656E74732F6C6962726162
:10FF2000726965732F6C6F672F7372632F6E7266C1
:10FF30005F6C6F675F66726F6E74656E642E6300D0
:10FF40004261636B656E647320666C75736865648B
:10FF50000061707000000000BC1000207F000000F5
:10FF60003C1100201B5B313B33316D0025734C6F1E
:10FF700067732064726F707065642028256429257A
:10FF8000730D0A001B5B306D002573003C25733E2A
:10FF90002025733A200020253032780020202000D0
:10FFA0007C002563001B5B313B33306D001B5B31F4
:10FFB0003B33326D001B5B313B33336D001B5B31D8
:10FFC0003B33346D001B5B313B33356D001B5B31C4
:10FFD0003B33366D001B5B313B33376D007761720D
:10FFE0006E696E6700696E666F00646562756700B2
:10FFF00084FF0000A5FF000064FF0000ADFF0000CB
:020000021000EC
:10000000B5FF0000BDFF0000C5FF0000CDFF0000F0
:10001000D5FF00000000000076F80000DDFF0000C2
:10002000E5FF0000EAFF00002E2E2F2E2E2F6E720D
:10003000663532782D626173652F2F73646B2F6E76
:100040007266355F73646B5F31362E302E302F63EE
:100050006F6D706F6E656E74732F6C696272617212
:100060006965732F6D656D6F626A2F6E72665F6D65
:10007000656D6F626A2E63007077725F6D676D7475
:10008000002E2E2F2E2E2F6E72663532782D626145
:1000900073652F2F73646B2F6E7266355F73646B9D
:1000A0005F31362E302E302F636F6D706F6E656E40
:1000B00074732F6C69627261726965732F717565F3
:1000C00075652F6E72665F71756575652E63004E7E
:1000D00052465F53554343455353004E52465F4586
:1000E00052524F525F5356435F48414E444C455223
:1000F0005F4D495353494E47004E52465F45525259
:100100004F525F534F46544445564943455F4E4F07
:10011000545F454E41424C4544004E52465F455265
:10012000524F525F494E5445524E414C004E52463A
:100130005F4552524F525F4E4F5F4D454D004E52FC
:10014000465F4552524F525F4E4F545F464F554E99
:1001500044004E52465F4552524F525F4E4F545FDD
:10016000535550504F52544544004E52465F4552ED
:10017000524F525F494E56414C49445F50415241A3
:100180004D004E52465F4552524F525F494E5641C6
:100190004C49445F5354415445004E52465F4552CA
:1001A000524F525F494E56414C49445F4C454E4771
:1001B0005448004E52465F4552524F525F494E5688
:1001C000414C49445F464C414753004E52465F45BF
:1001D00052524F525F494E56414C49445F4441543C
:1001E00041004E52465F4552524F525F4441544186
:1001F0005F53495A45004E52465F4552524F525F37
:1002000054494D454F5554004E52465F4552524F4A
:10021000525F4E554C4C004E52465F4552524F5223
:100220005F464F5242494444454E004E52465F4558
:1002300052524F525F494E56414C49445F414444EB
:1002400052004E52465F4552524F525F42555359EB
:10025000004E52465F4552524F525F4D4F44554CEF
:10026000455F4E4F545F494E495449414C495A45A8
:1002700044004E52465F4552524F525F4D555445D1
:10028000585F494E49545F4641494C4544004E52DF
:10029000465F4552524F525F4D555445585F4C4F43
:1002A000434B5F4641494C4544004E52465F4552E0
:1002B000524F525F4D555445585F554E4C4F434B2E
:1002C0005F4641494C4544004E52465F4552524FAD
:1002D000525F4D555445585F434F4E445F494E4918
:1002E000545F4641494C4544004E52465F45525288
:1002F0004F525F4D4F44554C455F414C5245414430
:10030000595F494E495449414C495A4544004E525F
:10031000465F4552524F525F53544F524147455FDB
:1003200046554C4C004E52465F4552524F525F412B
:1003300050495F4E4F545F494D504C454D454E54CA
:100340004544004E52465F4552524F525F4645412A
:10035000545552455F4E4F545F454E41424C4544C3
:10036000004E52465F4552524F525F494F5F5045D3
:100370004E44494E47004E52465F4552524F525FDF
:100380004452565F5457495F4552525F4F5645524B
:1003900052554E004E52465F4552524F525F4452A4
:1003A000565F5457495F4552525F414E41434B009F
:1003B0004E52465F4552524F525F4452565F545719
:1003C000495F4552525F444E41434B004E52465F97
:1003D0004552524F525F424C455F495053505F5215
:1003E000585F504B545F5452554E4341544544005E
:1003F0004E52465F4552524F525F424C455F495004
:1004000053505F4348414E4E454C5F414C5245412D
:1004100044595F455849535453004E52465F455224
:10042000524F525F424C455F495053505F4C494ECA
:100430004B5F444953434F4E4E4543544544004E51
:1004400052465F4552524F525F424C455F495053AE
:10045000505F504545525F52454A4543544544001C
:10046000556E6B6E6F776E206572726F7220636F60
:100470006465000000000000CF00010001000000E2
:10048000DB00010002000000F90001000300000091
:100490001A010100040000002D0101000500000008
:1004A0003E010100060000005201010007000000AB
:1004B0006A0101000800000082010100090000003B
:1004C0009A0101000A000000B30101000B000000C6
:1004D000CB0101000C000000E20101000D00000052
:1004E000F60101000E000000080201000F000000EC
:1004F00017020100100000002B0201001100000093
:100500004202010080000000510201008100000051
:1005100072020100820000008E02010083000000D0
:10052000AA02010084000000C8020100850000004A
:10053000E9020100860000000E03010090000000A7
:100540002503010091000000430301009200000018
:1005500061030100008200007603010001820000B7
:100560009403010002820000B00301000084000037
:10057000CC03010001840000F003010002840000AC
:100580001A040100038400003F0401002E2E2F2EC8
:100590002E2F6E72663532782D626173652F2F7340
:1005A000646B2F6E7266355F73646B5F31362E300D
:1005B0002E302F636F6D706F6E656E74732F6C6964
:1005C000627261726965732F7477695F6D6E6772AD
:1005D0002F6E72665F7477695F6D6E67722E63004F
:1005E0004750494F544500505049002E2E2F2E2E73
:1005F0002F6E72663532782D626173652F2F7364AA
:100600006B2F6E7266355F73646B5F31362E302EE2
:10061000302F6D6F64756C65732F6E7266782F6402
:100620007269766572732F7372632F7072732F6E97
:100630007266785F7072732E630050525300505789
:100640004D005341414443002E2E2F2E2E2F6E720B
:10065000663532782D626173652F2F73646B2F6E50
:100660007266355F73646B5F31362E302E302F6DBE
:100670006F64756C65732F6E7266782F647269761D
:100680006572732F7372632F6E7266785F73706911
:100690006D2E63005350494D0054494D4552002E74
:1006A0002E2F2E2E2F6E72663532782D6261736575
:1006B0002F2F73646B2F6E7266355F73646B5F31BF
:1006C000362E302E302F6D6F64756C65732F6E7201
:1006D00066782F647269766572732F7372632F6EFA
:1006E0007266785F7477696D2E63002E2E2F2E2E22
:1006F0002F6E72663532782D626173652F2F7364A9
:100700006B2F6E7266355F73646B5F31362E302EE1
:10071000302F696E746567726174696F6E2F6E72C7
:1007200066782F6E7266785F676C75652E68005408
:1007300057494D00ED2E0000FD2E00002E2E2F2ECD
:100740002E2F6E72663532782D626173652F2F738E
:10075000646B2F6E7266355F73646B5F31362E305B
:100760002E302F6D6F64756C65732F6E7266782FE7
:10077000647269766572732F7372632F6E72667816
:100780005F756172742E630055415254002E2E2FF6
:100790002E2E2F6E72663532782D626173652F2F83
:1007A00073646B2F6E7266355F73646B5F31362EC8
:1007B000302E302F6D6F64756C65732F6E72667896
:1007C0002F647269766572732F7372632F6E72660F
:1007D000785F75617274652E63005541525445000F
:1007E000453D0000553D0000705F627566666572AC
:1007F0002D3E66726565203D3D2066616C73650027
:100800002E2E2F2E2E2F6E72663532782D6261734A
:10081000652F2F73646B2F6E7266355F73646B5F29
:1008200031362E302E305F7468726561642F6578C2
:100830007465726E616C2F6E52462D494545452D8B
:100840003830322E31352E342D726164696F2D644B
:1008500072697665722F7372632F6E72665F3830BD
:10086000323135342E63006E72665F383032313586
:10087000345F6275666665725F667265655F726138
:1008800077002E2E2F2E2E2F6E72663532782D6227
:100890006173652F2F73646B2F6E7266355F73649F
:1008A0006B5F31362E302E305F7468726561642F55
:1008B00065787465726E616C2F6E52462D494545A0
:1008C000452D3830322E31352E342D726164696FEA
:1008D0002D6472697665722F7372632F6E72665F14
:1008E0003830323135345F636F72652E6300636870
:1008F000616E6E656C203E3D2031312026262063DE
:1009000068616E6E656C203C3D203236006E72660A
:100910005F726164696F5F73686F7274735F67653C
:10092000742829203D3D2053484F5254535F494479
:100930004C45006E72665F726164696F5F73686FC9
:100940007274735F6765742829203D3D2053484FBA
:100950005254535F5258006E72665F726164696FE1
:100960005F73686F7274735F6765742829203D3DFB
:100970002053484F5254535F52585F41434B006ECF
:10098000756D5F646174615F6279746573203E3D6B
:10099000205048525F53495A45202B204643465F1A
:1009A00053495A450070617273655F726573756C67
:1009B00074006972715F656E645F73746174655F02
:1009C00072785F61636B006972715F62636D6174FD
:1009D00063685F73746174655F7278006972715FD8
:1009E00068616E646C6572006E72665F38303231B9
:1009F00035345F636F72655F6E6F746966795F62CD
:100A000075666665725F667265650066656D5F66D0
:100A10006F725F74785F726573657400637572726C
:100A2000656E745F6F7065726174696F6E5F746517
:100A3000726D696E61746500636F6E745F7072656C
:100A4000635F64656E696564006368616E6E656CA2
:100A50005F73657400636F6E745F707265635F616E
:100A60007070726F76656400D5620000E9680000FE
:100A70009963000000000000016300007569000038
:100A800000000000216300009968000000000000E1
:100A9000636E74203C2055494E54385F4D415800D8
:100AA0002E2E2F2E2E2F6E72663532782D626173A8
:100AB000652F2F73646B2F6E7266355F73646B5F87
:100AC00031362E302E305F7468726561642F657820
:100AD0007465726E616C2F6E52462D494545452DE9
:100AE0003830322E31352E342D726164696F2D64A9
:100AF00072697665722F7372632F6E72665F38301B
:100B0000323135345F637269746963616C5F736538
:100B10006374696F6E2E6300637269746963616CDC
:100B20005F73656374696F6E5F656E74657265642B
:100B3000006D5F6E65737465645F63726974696389
:100B4000616C5F73656374696F6E5F616C6C6F7706
:100B500065645F7072696F72697479203E3D203000
:100B6000006D5F6E65737465645F63726974696359
:100B7000616C5F73656374696F6E5F636F756E74CC
:100B80006572203E3D2031006163746976655F7651
:100B90006563746F725F6964203E3D20434D534925
:100BA000535F4952515F4E554D5F56454354414343
:100BB000544956455F4449464600636E74203E20C2
:100BC00030002165786974696E675F637269745F6C
:100BD000736563740061746F6D69635F636E742025
:100BE0003D3D20636E74006D5F6E65737465645F78
:100BF000637269746963616C5F73656374696F6E56
:100C00005F616C6C6F7765645F7072696F72697435
:100C100079203D3D204E45535445445F435249544D
:100C20004943414C5F53454354494F4E5F414C4CFF
:100C30004F5745445F5052494F524954595F4E4FA8
:100C40004E45006E72665F3830323135345F637204
:100C500069746963616C5F73656374696F6E5F610A
:100C600063746976655F766563746F725F707269CD
:100C70006F726974795F676574006E72665F383091
:100C8000323135345F637269746963616C5F7365B7
:100C90006374696F6E5F6E657374696E675F6465B8
:100CA0006E79006E72665F3830323135345F637250
:100CB00069746963616C5F73656374696F6E5F6E9D
:100CC000657374696E675F616C6C6F7700637269DE
:100CD000746963616C5F73656374696F6E5F657877
:100CE0006974006E72665F3830323135345F63721A
:100CF00069746963616C5F73656374696F6E5F6665
:100D00006F72636566756C6C795F656E7465720091
:100D1000637269746963616C5F73656374696F6E34
:100D20005F656E74657200D8ECF0F4F8FC000203A5
:100D30000405060708705F74696D657374616D70F2
:100D400020213D204E554C4C002E2E2F2E2E2F6E46
:100D500072663532782D626173652F2F73646B2F45
:100D60006E7266355F73646B5F31362E302E305F86
:100D70007468726561642F65787465726E616C2F3A
:100D80006E52462D494545452D3830322E31352E8F
:100D9000342D726164696F2D6472697665722F7388
:100DA00072632F6E72665F3830323135345F74692A
:100DB0006D65725F636F6F72642E63006E72665F43
:100DC0003830323135345F74696D65725F636F6FCF
:100DD00072645F74696D657374616D705F6765746B
:100DE000002170726F6365647572655F69735F720D
:100DF000756E6E696E672829002E2E2F2E2E2F6E8F
:100E000072663532782D626173652F2F73646B2F94
:100E10006E7266355F73646B5F31362E302E305FD5
:100E20007468726561642F65787465726E616C2F89
:100E30006E52462D494545452D3830322E31352EDE
:100E4000342D726164696F2D6472697665722F73D7
:100E500072632F6D61635F66656174757265732F70
:100E60006E72665F3830323135345F63736D615F47
:100E700063612E6300216E72665F38303231353423
:100E80005F74696D65725F73636865645F69735FE2
:100E900072756E6E696E6728266D5F74696D657216
:100EA00029006E72665F3830323135345F63736D9E
:100EB000615F63615F74785F737461727465645FAE
:100EC000686F6F6B006D5F646C795F6F705F7374D8
:100ED0006174655B525343485F444C595F54585D9D
:100EE000203D3D2065787065637465645F7374614F
:100EF0007465002E2E2F2E2E2F6E72663532782DB1
:100F0000626173652F2F73646B2F6E7266355F732A
:100F1000646B5F31362E302E305F746872656164A9
:100F20002F65787465726E616C2F6E52462D49453F
:100F300045452D3830322E31352E342D726164699D
:100F40006F2D6472697665722F7372632F6D6163A2
:100F50005F66656174757265732F6E72665F383097
:100F6000323135345F64656C617965645F747278C1
:100F70002E6300646C795F6F705F73746174655F7A
:100F800067657428525343485F444C595F5258294F
:100F900020213D2044454C415945445F5452585FFF
:100FA0004F505F53544154455F50454E44494E475E
:100FB00000646C795F6F705F73746174655F6765FF
:100FC0007428525343485F444C595F525829203D7E
:100FD0003D2044454C415945445F5452585F4F5061
:100FE0005F53544154455F53544F50504544006E35
:100FF00072665F3830323135345F64656C617965B3
:10100000645F7472785F61626F7274002E2E2F2E8F
:101010002E2F6E72663532782D626173652F2F73B5
:10102000646B2F6E7266355F73646B5F31362E3082
:101030002E305F7468726561642F65787465726EB6
:10104000616C2F6E52462D494545452D3830322E64
:1010500031352E342D726164696F2D647269766545
:10106000722F7372632F6D61635F66656174757251
:1010700065732F6E72665F3830323135345F666962
:101080006C7465722E6300FFFF6473745F61646447
:10109000725F636865636B0000FFFFFFFFFFFFFF88
:1010A00002FFFFFF086D5F74696D65722E64742026
:1010B0003C3D204D41585F52455452595F44454C88
:1010C0004159002E2E2F2E2E2F6E72663532782D1E
:1010D000626173652F2F73646B2F6E7266355F7359
:1010E000646B5F31362E302E305F746872656164D8
:1010F0002F65787465726E616C2F6E52462D49456E
:1011000045452D3830322E31352E342D72616469CB
:101110006F2D6472697665722F7372632F6D6163D0
:101120005F66656174757265732F6E72665F3830C5
:10113000323135345F707265636973655F61636B0B
:101140005F74696D656F75742E630028705F6672D9
:10115000616D65203D3D206D705F6672616D652932
:10116000207C7C2028216D5F70726F6365647572CE
:10117000655F69735F61637469766529006D5F708F
:10118000726F6365647572655F69735F61637469CB
:101190007665006E72665F3830323135345F616378
:1011A0006B5F74696D656F75745F74785F66616994
:1011B0006C65645F686F6F6B006E72665F383032AB
:1011C0003135345F61636B5F74696D656F75745F32
:1011D00072785F61636B5F737461727465645F687A
:1011E0006F6F6B006E72665F3830323135345F611D
:1011F000636B5F74696D656F75745F7472616E7334
:101200006D69747465645F686F6F6B0074696D6598
:101210006F75745F74696D65725F72657472790061
:101220002E2E2F2E2E2F6E72663532782D62617320
:10123000652F2F73646B2F6E7266355F73646B5FFF
:1012400031362E302E305F7468726561642F657898
:101250007465726E616C2F6E52462D494545452D61
:101260003830322E31352E342D726164696F2D6421
:1012700072697665722F7372632F6D61635F666545
:101280006174757265732F61636B5F67656E6572FC
:1012900061746F722F6E72665F3830323135345F31
:1012A00061636B5F646174612E63006E72665F38A8
:1012B00030323135345F61636B5F646174615F70DC
:1012C000656E64696E675F6269745F73686F756C81
:1012D000645F62655F73657400616464725F696E08
:1012E0006465785F66696E6400705F6672616D65E3
:1012F0005B41434B5F524551554553545F4F464602
:101300005345545D20262041434B5F52455155457E
:1013100053545F424954002E2E2F2E2E2F6E72668C
:101320003532782D626173652F2F73646B2F6E7267
:1013300066355F73646B5F31362E302E305F7468B4
:10134000726561642F65787465726E616C2F6E5280
:10135000462D494545452D3830322E31352E342D18
:10136000726164696F2D6472697665722F7372633E
:101370002F6D61635F66656174757265732F61635C
:101380006B5F67656E657261746F722F6E72665FF8
:101390003830323135345F61636B5F67656E65721B
:1013A00061746F722E63006E72665F383032313551
:1013B000345F61636B5F67656E657261746F725FE6
:1013C0006372656174650070617273655F726573E5
:1013D000756C7473002E2E2F2E2E2F6E7266353282
:1013E000782D626173652F2F73646B2F6E72663573
:1013F0005F73646B5F31362E302E305F74687265B8
:1014000061642F65787465726E616C2F6E52462D23
:10141000494545452D3830322E31352E342D7261F7
:1014200064696F2D6472697665722F7372632F6DB4
:1014300061635F66656174757265732F61636B5F6D
:1014400067656E657261746F722F6E72665F383099
:10145000323135345F656E685F61636B5F67656EFF
:10146000657261746F722E6300705F61636B2D3EF5
:10147000705F6473745F6164647220213D204E5517
:101480004C4C00705F61636B2D3E6473745F6164EC
:1014900064725F73697A65203D3D20705F6672619A
:1014A0006D652D3E7372635F616464725F73697A08
:1014B0006500705F6672616D652D3E705F73656378
:1014C0005F6374726C20213D204E554C4C00736557
:1014D0006375726974795F636F6E74726F6C5F733A
:1014E00065740064657374696E6174696F6E5F73AF
:1014F0006574006672616D655F636F6E74726F6CA8
:101500005F73657400051200000000286D5F617054
:1015100070726F7665645F7072696F735B7072650D
:10152000635D20213D207072696F29207C7C20281A
:101530007072696F203D3D20525343485F505249BD
:101540004F5F49444C4529002E2E2F2E2E2F6E72B0
:10155000663532782D626173652F2F73646B2F6E41
:101560007266355F73646B5F31362E302E305F7478
:1015700068726561642F65787465726E616C2F6E38
:1015800052462D494545452D3830322E31352E34C1
:101590002D726164696F2D6472697665722F737242
:1015A000632F727363682F6E72665F383032313525
:1015B000345F727363682E630070726563203C2031
:1015C000525343485F505245435F434E54006E723E
:1015D000665F3830323135345F727363685F7072C2
:1015E00065635F69735F617070726F7665640070C8
:1015F0007265635F617070726F7665645F70726947
:101600006F5F73657400705F74696D657220213D52
:10161000204E554C4C002E2E2F2E2E2F6E726635DE
:1016200032782D626173652F2F73646B2F6E726633
:10163000355F73646B5F31362E302E305F746872A5
:101640006561642F65787465726E616C2F6E5246A9
:101650002D494545452D3830322E31352E342D72E9
:101660006164696F2D6472697665722F7372632F7E
:1016700074696D65725F7363686564756C65722FFC
:101680006E72665F3830323135345F74696D657201
:101690005F73636865642E630028766F6964202A2F
:1016A0002974656D7020213D20705F637572007034
:1016B0005F74696D65722D3E63616C6C6261636B12
:1016C00020213D204E554C4C00705F6375722021E7
:1016D0003D20705F74696D657200705F6E6578742F
:1016E00020213D20705F74696D65720074696D65BD
:1016F000725F72656D6F7665006E72665F3830324C
:101700003135345F74696D65725F73636865645FFA
:1017100061646400216D5F636F6E74696E756F75CF
:1017200073002E2E2F2E2E2F6E72663532782D627C
:101730006173652F2F73646B2F6E7266355F7364F0
:101740006B5F31362E302E305F7468726561642FA6
:1017500065787465726E616C2F6E52462D494545F1
:10176000452D3830322E31352E342D726164696F3B
:101770002D6472697665722F7372632F727363685A
:101780002F7261616C2F73696E676C655F70687929
:101790002F73696E676C655F7068792E63006E7277
:1017A000665F7261616C5F74696D65736C6F745FA5
:1017B00072657175657374006E72665F7261616CDB
:1017C0005F636F6E74696E756F75735F6D6F64655F
:1017D0005F65786974006E72665F7261616C5F63E9
:1017E0006F6E74696E756F75735F6D6F64655F653D
:1017F0006E746572002E2E2F2E2E2F6E726635326D
:10180000782D626173652F2F73646B2F6E7266354E
:101810005F73646B5F31362E302E305F7468726593
:1018200061642F65787465726E616C2F6E52462DFF
:10183000494545452D3830322E31352E342D7261D3
:1018400064696F2D6472697665722F7372632F708D
:101850006C6174666F726D2F68705F74696D65720C
:101860002F6E72665F3830323135345F68705F7466
:10187000696D65722E63006E72665F383032313585
:10188000345F68705F74696D65725F73796E635FF2
:1018900074696D655F676574007431203C3D20316B
:1018A000343533313235002E2E2F2E2E2F6E7266A8
:1018B0003532782D626173652F2F73646B2F6E72D2
:1018C00066355F73646B5F31362E302E305F74681F
:1018D000726561642F65787465726E616C2F6E52EB
:1018E000462D494545452D3830322E31352E342D83
:1018F000726164696F2D6472697665722F737263A9
:101900002F6E72665F3830323135345F7574696CB2
:10191000732E68006D5F6F66667365745F636F75C5
:101920006E74657220262030783031002E2E2F2ED6
:101930002E2F6E72663532782D626173652F2F738C
:10194000646B2F6E7266355F73646B5F31362E3059
:101950002E305F7468726561642F65787465726E8D
:10196000616C2F6E52462D494545452D3830322E3B
:1019700031352E342D726164696F2D64726976651C
:10198000722F7372632F706C6174666F726D2F6C3F
:10199000705F74696D65722F6E72665F38303231B8
:1019A00035345F6C705F74696D65725F6E6F647201
:1019B000762E63004E52465F3830323135345F55F3
:1019C000535F544F5F5254435F5449434B53006F2E
:1019D000766572666C6F775F636F756E7465725F44
:1019E0006765740000000000000001004001000075
:1019F000000001000100000000000200440100009E
:101A0000000002002C2066756E6374696F6E3A20C8
:101A100000000000617373657274696F6E20222587
:101A20007322206661696C65643A2066696C652082
:101A3000222573222C206C696E6520256425732570
:101A4000730A0000002020202020202020202828A9
:101A5000282828202020202020202020202020206E
:101A600020202020208810101010101010101010AE
:101A700010101010100404040404040404040410DE
:101A8000101010101010414141414141010101016C
:101A90000101010101010101010101010101010136
:101AA0001010101010104242424242420202020242
:101AB0000202020202020202020202020202020206
:101AC00010101010200000000000000000000000B6
:101AD0000000000000000000000000000000000006
:101AE00000000000000000000000000000000000F6
:101AF00000000000000000000000000000000000E6
:101B000000000000000000000000000000000000D5
:101B100000000000000000000000000000000000C5
:101B200000000000000000000000000000000000B5
:101B300000000000000000000000000000000000A5
:101B4000000000000000000030000020303132337F
:101B500034353637383941424344454600000000A9
:101B60003031323334353637383961626364656613
:101B700000000000286E756C6C29000020202020D9
:101B80002020202020202020202020203030303015
:101B9000303030303030303030303030494E460028
:101BA000696E66004E414E006E616E0030000000AE
:101BB0002020202020202020202020202020202025
:101BC0003030303030303030303030303030303015
:101BD0004E614E00496E66696E69747900000000BE
:101BE00042616C6C6F6320737563636565646564E3
:101BF000000000002E2E2F2E2E2F2E2E2F2E2E2FB9
:101C00002E2E2F2E2E2F2E2E2F2E2E2F6E65776CF2
:101C100069622F6C6962632F7374646C69622F64EC
:101C2000746F612E6300000043000000504F534961
:101C3000580000002E0000002E2E2F2E2E2F2E2EAC
:101C40002F2E2E2F2E2E2F2E2E2F2E2E2F2E2E2FAE
:101C50006E65776C69622F6C6962632F7374646C54
:101C600069622F6D707265632E63000000000000D2
:101C700005000000190000007D00000000000000C9
:101C8000000000000000F03F0000000000002440C1
:101C900000000000000059400000000000408F409C
:101CA000000000000088C34000000000006AF84007
:101CB0000000000080842E4100000000D01263412B
:101CC0000000000084D797410000000065CDCD41A1
:101CD000000000205FA00242000000E87648374282
:101CE000000000A2941A6D42000040E59C30A24220
:101CF0000000901EC4BCD64200003426F56B0C4395
:101D00000080E03779C3414300A0D885573476433B
:101D100000C84E676DC1AB43003D9160E458E1439C
:101D2000408CB5781DAF154450EFE2D6E41A4B4411
:101D300092D54D06CFF08044F64AE1C7022DB54456
:101D4000B49DD9794378EA44BC89D897B2D29C3CF7
:101D500033A7A8D523F649393DA7F444FD0FA53292
:101D60009D978CCF08BA5B25436FAC642806C80AE0
:101D70000080E03779C34143176E05B5B5B8934687
:101D8000F5F93FE9034F384D321D30F94877825A53
:0C1D90003CBF737FDD4F157500000000A4
:101D9C00E005010000000000E70501000000000064
:101DAC003A060100000000003E06010000000000A1
:101DBC004206010000000000940601000000000033
:101DCC0099060100000000002F0701000000000030
:101DDC008807010000000000DA0701000000000085
:101DEC0051FF000000000303BBFD000000000000D9
:081DFC00780001000000000066
:101E0400C80B0020900C0020980C0020D00B002060
:041E140018000000B2
:101E18002C0A0020240A0020010000000400000011
:041E280001000000B5
:101E2C00FCFC000000000000D8FE000014000020A4
:081E3C004CE4FE7F01000000F0
:101E440000000000002000400000000000200040CE
:101E54000000000000000000FF000000D2000000AD
:101E64000090D003000000003000002000000000BB
:101E7400000000001C03002084030020EC03002069
:101E8400000000000000000000000000000000004E
:101E9400000000000000000000000000000000003E
:101EA400000000000000000000000000000000002E
:101EB400000000000000000000000000000000001E
:101EC400000000000000000000000000000000000E
:101ED40000000000000000000000000000000000FE
:101EE40000000000000000000000000000000000EE
:101EF40000000000000000000000000000000000DE
:101F040000000000000000000000000000000000CD
:101F140000000000000000000100000000000000BC
:101F24000E33CDAB34126DE6ECDE05000B00000081
:101F3400000000000000000000000000000000009D
:101F4400000000000000000000000000000000008D
:101F5400000000000000000000000000000000007D
:101F6400000000000000000000000000000000006D
:101F7400000000000000000000000000000000005D
:101F8400000000000000000000000000000000004D
:101F9400000000000000000000000000000000003D
:101FA400000000000000000000000000000000002D
:101FB400000000000000000000000000000000001D
:101FC400000000000000000000000000000000000D
:101FD40000000000000000000000000000000000FD
:101FE40000000000000000000000000000000000ED
:101FF40000000000000000000000000000000000DD
:1020040000000000000000000000000000000000CC
:1020140000000000000000000000000000000000BC
:1020240000000000000000000000000000000000AC
:10203400000000000000000000000000000000009C
:10204400000000000000000000000000000000008C
:10205400000000000000000000000000000000007C
:10206400000000000000000000000000000000006C
:10207400000000000000000000000000000000005C
:10208400000000000000000000000000000000004C
:10209400000000000000000000000000000000003C
:1020A400000000000000000000000000000000002C
:1020B400000000000000000000000000000000001C
:1020C400000000000000000000000000000000000C
:1020D40000000000000000000000000000000000FC
:1020E40000000000000000000000000000000000EC
:1020F40000000000000000000000000000000000DC
:1021040000000000000000000000000000000000CB
:1021140000000000000000000000000000000000BB
:1021240000000000000000000000000000000000AB
:10213400000000000000000000000000000000009B
:10214400000000000000000000000000000000008B
:10215400000000000000000000000000000000007B
:10216400000000000000000000000000000000006B
:10217400000000000000000000000000000000005B
:10218400000000000000000000000000000000004B
:10219400000000000000000000000000000000003B
:1021A400000000000000000000000000000000002B
:1021B400000000000000000000000000000000001B
:1021C400000000000000000000000000000000000B
:1021D40000000000000000000000000000000000FB
:1021E40000000000000000000000000000000000EB
:1021F40000000000000000000000000000000000DB
:1022040000000000000000000000000000000000CA
:1022140000000000000000000000000000000000BA
:1022240000000000000000000000000000000000AA
:10223400000000000000000000000000000000009A
:10224400000000000000000000000000000000008A
:10225400000000000000000000000000000000007A
:10226400000000000000000000000000000000006A
:10227400000000000000000000000000000000005A
:10228400000000000000000000000000000000004A
:1022940000000000000000004300000000000000F7
:1022A400000000000000000000000000000000002A
:1022B40000000000000000004300000000000000D7
:1022C400000000000000000000000000000000000A
:1022D40000000000000000004300000000000000B7
:1022E40000000000000000000000000000000000EA
:1022F4000000000000000000430000000000000097
:1023040000000000000000000000000000000000C9
:102314000000000000000000430000000000000076
:1023240000000000000000000000000000000000A9
:102334000000000000000000430000000000000056
:102344000000000000000000000000000000000089
:102354000000000000000000430000000000000036
:102364000000000000000000000000000000000069
:10237400000000000000000061E4000065CD0000E2
:1023840000000000441A0100341C0100101A01006E
:10239400101A0100101A0100101A0100101A01008D
:1023A400101A0100101A0100101A0100101A01007D
:1023B400FFFFFFFFFFFFFFFFFFFFFFFFFFFF000027
:1023C400010041534349490000000000000000009F
:1023D40000000000000000000000000000000000F9
:1023E4000000415343494900000000000000000080
:1023F40000000000000000000000000000000000D9
:10240400000000000000000000000000C4050020DF
:10241400C4050020CC050020CC050020D4050020F4
:10242400D4050020DC050020DC050020E4050020A4
:10243400E4050020EC050020EC050020F405002054
:10244400F4050020FC050020FC0500200406002003
:10245400040600200C0600200C06002014060020B0
:10246400140600201C0600201C0600202406002060
:10247400240600202C0600202C0600203406002010
:10248400340600203C0600203C06002044060020C0
:10249400440600204C0600204C0600205406002070
:1024A400540600205C0600205C0600206406002020
:1024B400640600206C0600206C06002074060020D0
:1024C400740600207C0600207C0600208406002080
:1024D400840600208C0600208C0600209406002030
:1024E400940600209C0600209C060020A4060020E0
:1024F400A4060020AC060020AC060020B406002090
:10250400B4060020BC060020BC060020C40600203F
:10251400C4060020CC060020CC060020D4060020EF
:10252400D4060020DC060020DC060020E40600209F
:10253400E4060020EC060020EC060020F40600204F
:10254400F4060020FC060020FC06002004070020FE
:10255400040700200C0700200C07002014070020AB
:10256400140700201C0700201C070020240700205B
:10257400240700202C0700202C070020340700200B
:10258400340700203C0700203C07002044070020BB
:10259400440700204C0700204C070020540700206B
:1025A400540700205C0700205C070020640700201B
:1025B400640700206C0700206C07002074070020CB
:1025C400740700207C0700207C070020840700207B
:1025D400840700208C0700208C070020940700202B
:1025E400940700209C0700209C070020A4070020DB
:1025F400A4070020AC070020AC070020B40700208B
:10260400B4070020BC070020BC070020C40700203A
:10261400C4070020CC070020CC070020D4070020EA
:10262400D4070020DC070020DC070020E40700209A
:10263400E4070020EC070020EC070020F40700204A
:10264400F4070020FC070020FC07002004080020F9
:10265400040800200C0800200C08002014080020A6
:10266400140800201C0800201C0800202408002056
:10267400240800202C0800202C0800203408002006
:10268400340800203C0800203C08002044080020B6
:10269400440800204C0800204C0800205408002066
:1026A400540800205C0800205C0800206408002016
:1026B400640800206C0800206C08002074080020C6
:1026C400740800207C0800207C0800208408002076
:1026D400840800208C0800208C0800209408002026
:1026E400940800209C0800209C080020A4080020D6
:1026F400A4080020AC080020AC080020B408002086
:10270400B4080020BC080020BC080020C408002035
:10271400C4080020CC080020CC080020D4080020E5
:10272400D4080020DC080020DC080020E408002095
:10273400E4080020EC080020EC080020F408002045
:10274400F4080020FC080020FC08002004090020F4
:10275400040900200C0900200C09002014090020A1
:10276400140900201C0900201C0900202409002051
:10277400240900202C0900202C0900203409002001
:10278400340900203C0900203C09002044090020B1
:10279400440900204C0900204C0900205409002061
:1027A400540900205C0900205C0900206409002011
:1027B400640900206C0900206C09002074090020C1
:1027C400740900207C0900207C0900208409002071
:1027D400840900208C0900208C0900209409002021
:1027E400940900209C0900209C090020A4090020D1
:1027F400A4090020AC090020AC090020B409002081
:10280400B4090020BC090020BC090020FFFFFFFF21
:102814000000020071AA00006902000071080000B3
:04282400410200006D
:0400000300007E0972
:00000001FF
