:1000000000000220A57D0000CD7D0000BD0D000098
:10001000D17D0000D37D0000D57D000000000000F0
:10002000000000000000000000000000D77D00007C
:10003000D97D000000000000DB7D0000DD7D0000B8
:1000400047750000BD510000E1280000A12E00000E
:10005000B12E0000DF7D000045270000352A00009A
:100060009D2C0000AD2C0000DF7D0000DF7D000036
:10007000DF7D0000DF7D0000DF7D0000DF7D000010
:10008000DF7D0000E9090000DF7D0000DF7D00006A
:10009000850A0000DF7D0000DF7D0000DF7D0000BD
:1000A000DF7D0000DF7D0000DF7D0000DF7D0000E0
:1000B000FD290000DF7D00000000000000000000BE
:1000C000DF7D00000D2A0000DF7D0000ED2B000029
:1000D000F57A0000DF7D0000DF7D0000DF7D00009D
:1000E000093D0000000000000000000000000000CA
:1000F00000000000DF7D000000000000DF7D000048
:1001000000000000000000000000000000000000EF
:1001100000000000000000000000000000000000DF
:1001200000000000000000000000000000000000CF
:1001300000000000000000000000000000000000BF
:1001400000000000000000000000000000000000AF
:10015000000000000000000000000000000000009F
:10016000000000000000000000000000000000008F
:10017000000000000000000000000000000000007F
:10018000000000000000000000000000000000006F
:10019000000000000000000000000000000000005F
:1001A000000000000000000000000000000000004F
:1001B000000000000000000000000000000000003F
:1001C000000000000000000000000000000000002F
:1001D000000000000000000000000000000000001F
:1001E000000000000000000000000000000000000F
:1001F00000000000000000000000000000000000FF
:100200000348044B834202D0034B03B118477047A5
:10021000E4090020E4090020000000000548064928
:100220000B1AD90F01EBA301491002D0034B03B104
:1002300018477047E4090020E4090020000000008E
:1002400010B5064C237843B9FFF7DAFF044B13B11E
:100250000448AFF300800123237010BDE80900209B
:1002600000000000F01F010008B5044B1BB1044959
:100270000448AFF30080BDE80840CFE7000000006D
:10028000EC090020F01F0100A3F5803A704700BF81
:10029000154B002B08BF114B9D46FFF7F5FF0021C2
:1002A0008B460F461148124A121A07F079FF0C4B81
:1002B000002B00D098470B4B002B00D09847002014
:1002C000002104000D000B4807F0B0FD07F0FCFD15
:1002D0002000290000F08CF807F0AEFD00000800B7
:1002E000000000000000000000000220E8090020DB
:1002F000841E0020597E000000B58BB00DF10F0365
:10030000069344F20103ADF81C30012300218DF85F
:100310000F008DF81E300E4800910DF11703089361
:1003200044F20113ADF8243000688DF81710022351
:1003300006AA8DF8261002F071F9014610B10548A1
:1003400007F090FF9DF817000BB05DF804FB00BFAD
:10035000040A00206CF3000008B5054B186000206B
:10036000FFF7CAFFBDE808400146024807F07ABF20
:10037000040A002090F3000038B50320FFF7BCFF0B
:1003800005460420FFF7B8FF40EA05208511052047
:10039000FFF7B2FF04460620FFF7AEFF40EA042055
:1003A000841122461148294607F05CFFB5F5FA7F13
:1003B00006DD312C15DDB4F57A7F09DD022006E07B
:1003C000312D10DCB4F5FA7FD4BF0520032038BDF1
:1003D000B5F57A7F07DDB4F5FA7FD4BF0520042098
:1003E000F5E70120F3E70520F1E700BFA2F30000E5
:1003F00070B52A48ACB007F035FF294B0FCB08ACDD
:1004000084E80F0000251A222146202325488DF874
:100410002C50CDE9082302F095F82248224CFFF732
:100420009BFF224807F01EFF03F02FFF204807F034
:1004300019FF102003F016FF4EF6BE7302A8ADF8A8
:10044000083003F01EFF1B4807F00CFF1A4A106823
:10045000516804AB03C304A803F015FF174A1068E2
:10046000516806AB03C344F00104FFF785FF03ABFB
:100470008DF80E00009306AA0CAB02A904A88DF813
:100480000C508DF80D5000F02DF84FF4FA764FF423
:100490007A40A047013EFAD1E7E700BFBAF3000077
:1004A00014F4000038F4000030F40000CAF3000037
:1004B000DFF30000EFF3000002F400000BF4000093
:1004C000014807F0CFBE00BF50F40000014807F01C
:1004D000C9BE00BF5CF40000014807F0C3BE00BF06
:1004E00071F40000F8B51C461C23237001236370CF
:1004F000CC23A3700023E370FF23237163710646AE
:100500000F46A01D11460822069D07F033FD02226A
:10051000394604F10E0007F02DFD0822314604F1A2
:10052000100007F027FD2B7823766B786376AB7885
:10053000A376F8BD10B50368292B044604D90749F2
:1005400040F2CD1000F054FC23681F2B83BF03F052
:100550001F03034823604FF0A04010BD89F4000042
:100560000003005007B5019001A8FFF7E3FF019ACF
:1005700001239340C0F80C3503B05DF804FB07B5C8
:10058000019001A8FFF7D6FF019A01239340C0F81C
:10059000083503B05DF804FB38B5054D044645F059
:1005A00001054FF47A40A847013CFAD138BD00BF9D
:1005B000C0FB00002DE9F3413D4F3E4E05240225CE
:1005C00017F8013B019301A8FFF7B4FF019B03F566
:1005D000E07340F8235001A816F8013B0193FFF7A0
:1005E000A9FF019B03F5E073013C40F82350E7D1DC
:1005F000152501A80195FFF79DFF019B03F5E07309
:1006000040F2032640F82360132401A80194FFF769
:1006100091FF019B03F5E07340F2031840F823605B
:100620001C2601A80196FFF785FF019B03F5E073E7
:100630001E2740F8238001A80197FFF77BFF019B4D
:1006400003F5E07340F823802846FFF798FF204623
:10065000FFF795FF3046FFF785FF3846FFF782FF2B
:100660001C20FFF77FFF1E20FFF77CFF4FF4FA707E
:10067000FFF792FF1C20FFF782FF1E20FFF77FFF8E
:100680003220FFF789FF1C20FFF76CFF1E20FFF7C9
:1006900069FF4FF4FA70FFF77FFF1C20FFF76FFF31
:1006A0001E20FFF76CFFFA20FFF776FFD8E700BFA8
:1006B00047FB000042FB00007FB506460D4614468E
:1006C00072B601F007FB01F045F90028FBD1134891
:1006D00007F0C8FD44F201039E420AD044F202032F
:1006E0009E4215D1228861680D4807F0BBFDFFF7D7
:1006F00061FFA1680391084601F016FE2368019589
:100700000093024663680399064807F0ABFDEEE7E5
:100710002946054807F0A6FDE9E700BFE6F400001A
:10072000FFF400001AF5000044F500002DE9F7433E
:10073000054601F0CFFA01F00DF90028FBD12A4C53
:100740002A482B4B241AE40824049E6A44F001042E
:10075000002D44D0AA692749204601F06DFAEB68C4
:100760000193AB680093D5E900232349204601F0AB
:1007700078FAEB690093D5E904232049204601F07B
:1007800064FA1B4BDB6A990703D51D49204601F02B
:100790004FFADFF87C80DFF87C900025012707FA0C
:1007A00005F3334206D058F825201AB149462046B1
:1007B00001F042FA01351A2DF1D1320605D50C4B64
:1007C00010495A6B204601F037FA330405D5084B1F
:1007D0000D499A6B204601F02FFAFFF7EBFE0B490B
:1007E000204601F025FACCE744200100F41F010067
:1007F00000ED00E05EF5000073F50000A8F50000D4
:1008000003F6000052F6000072F60000D0F500007A
:100810004CFB000047F60000704770477047704778
:100820007047704738B50E4B1B680021986807F079
:1008300053FD4FF40041002001F032F818B1094A8D
:10084000142100F0BBF8084D00F052FF0A2445F0D7
:1008500001054FF47A40A847013CFAD138BD00BFEA
:1008600028000020C6FB000020FC000070470000AC
:1008700007B5044B0093044A402300F0D7FE03B0B1
:100880005DF804FBE1080000390A002030B50F4D87
:100890000FCD89B06C460FC495E80F0084E80F00B7
:1008A00006222823CDE9002309480A4B069300229B
:1008B000694600F06FFC18B1074A462100F07EF847
:1008C000064B00221A7009B030BD00BF7CFC00004E
:1008D0000000002000509D0026FC0000380A002087
:1008E00038B50E480E4C0F4D002323700378EB5C97
:1008F000D2B273B1043003F08FFB18B10A4A56210B
:1009000000F05CF8094B1A7812B12378002BFBD069
:1009100038BD0C3003F024F8EFE700BF00000020E2
:10092000790A0020C40B002026FC0000380A0020B1
:1009300008B50848084A0378D35C33B1043003F0A3
:10094000E9FABDE80840FFF7A1BF0C3002F09CFFB8
:10095000F7E700BF00000020C40B0020FFF796BFA0
:1009600010B50848D4B20378074AD35C224623B1B5
:10097000043003F051FB204610BD0C3002F0F0FFB4
:10098000F9E700BF00000020C40B002008B50948AB
:10099000094A0378D35C012243B1043003F0B8FB69
:1009A00000280CBF01204FF0FF3008BD0C3003F0D1
:1009B00047F8F5E700000020C40B002000B583B025
:1009C00002900091019244F2010071466A46FFF7DD
:1009D00073FE03B000BD0000024B4FF43C6043F0D7
:1009E00001031847B0FC0000F8B51F491F4B002554
:1009F000C1F84051C1F84451C1F84851C1F84C51B7
:100A0000C1F80051C1F804511B684BB3D1F804453B
:100A100017490968641A24F07F442F461A68A242D5
:100A200009D8A41A15441A7CDE691AB1D3E9052045
:100A30001F749047AEB90F4A0F4B11781B788B4249
:100A400005D10133DBB2022B08BF002313701278EB
:100A50000A4B43F822500A4B4FF48012C3F800218E
:100A6000F8BD3346DAE700BF001001409C0B0020C0
:100A7000980B0020950B0020940B00208C0B00207D
:100A800000E100E02DE9F04FA14AA249137809786E
:100A9000A14D994285B03CD00133DBB2022B08BF97
:100AA000002313709D4912789D4B0F6853F8220064
:100AB0003B1823F07F4300220B602B681646144638
:100AC000944613B942B12B6006E0196881420ED9F1
:100AD00002B12B60091A196001272B68DFF848A2C0
:100AE00001934FF00008BEB9DFF844B262E0401A4B
:100AF0000C44D968D3F81CE0C3F800C031B13A19EE
:100B000022F07F42C3E90121DE611E4673460122C5
:100B1000D7E700263746E0E73446F6697F4B606842
:100B20001B68DFF810C2A168C21A22F07F4262453A
:100B300000F2A8800A442260012222742A6800235D
:100B4000C4E90133E361002A40F0A5802C60CAE7C4
:100B50009BF802105A1CD2B291428BF8002004BFBD
:100B600000228BF80020182202FB03B32A681979AF
:100B70009C68022977D0032900F08180012919D1CE
:100B8000207CB8B9D96861601A69A2605A69E260CC
:100B90009B69A361634B1B78002B18BF0146616002
:100BA000BCE78C4200F091808946C9690029F8D1E0
:100BB000002323749BF800309BF801209A42C7D190
:100BC0002B68B8F1000F04D1019A9A4201D1002F8D
:100BD00043D0002B41D0D3F800A0534D4F4BD5F854
:100BE00004751C68DFF850813E1B98F8003026F031
:100BF0007F4603369BB94FF48033C5F84433C5F8BC
:100C000004334A4B4FF40032C3F880211A604FF08E
:100C10000109C5F80090FFF7DFFE88F80090B245A3
:100C20002CBF5444A41924F07F44C5F84045D5F89E
:100C30000435DB1B23F07F43E41B033324F07F44A4
:100C4000A3420AD9D5F80435C5F84035FFF7C4FEEC
:100C5000364B4FF40032C3F80021324B00221A7099
:100C600005B0BDE8F08F114691469FE71174D26937
:100C70000123002AFAD1002B9CD02A609AE7002396
:100C80001946F6E71B1A23F07F438B4234BFCB1A79
:100C90000023236050E721681368994213D85B1A38
:100CA0001360E26152E7091AD8691A4638B103465F
:100CB00018688842F7D3401A186018461346216016
:100CC000E061DC610FE71346F2E74C4511D1D369CF
:100CD0002B6073B9DFF844E00120CDE90212CAF8B5
:100CE0000800CEF800300F4B1870FFF775FEDDE9F5
:100CF00002120B68C969C9F81C1011B108680344D5
:100D00000B602B68934218BF4FF0010850E700BFFB
:100D1000940B0020950B00209C0B0020980B0020CA
:100D20008C0B0020880B00200010014000E100E047
:100D30007C0A0020FEFF7F00890B002072B6024A69
:100D40001368013313607047A00B0020034A136837
:100D5000013B136003B962B6704700BFA00B0020CF
:100D6000EFF30583C3F308032BB9EFF31480C043FB
:100D700000F00100704701207047000008B5FFF740
:100D8000EFFF012803D00449432000F031F8BDE80B
:100D90000840FFF7D3BF00BFB6FC000008B5FFF75F
:100DA000DFFF012803D00449512000F021F8BDE8FD
:100DB0000840FFF7CBBF00BFB6FC00001EF0040FD9
:100DC0001CBFEFF309800AE0EFF308800549064AEB
:100DD000884201D8904202D88D464FF00000034B64
:100DE000184700000000022000E001202D0700004D
:100DF00007B5ADF8000001916A46002144F20200F7
:100E0000FFF75AFC03B05DF804FB10B5034653E846
:100E1000000F0A4643E8002494F0000FF7D110BDFC
:100E200010B5034653E8002F42EA010043E80004EE
:100E300094F0000FF6D110BD10B5034653E8000F33
:100E400000EA010243E8002494F0000FF6D110BD3F
:100E500010B5034653E8002F02EB010043E80004FD
:100E600094F0000FF6D110BD10B5034653E8002FE3
:100E7000A2EB010043E8000494F0000FF6D110BD8E
:100E80000121FFF7CDBF0021FFF7D6BF10B5044603
:100E9000002834D003681BB91A49FF20FFF7A8FFC8
:100EA000636823B917494FF48070FFF7A1FFA36867
:100EB00023B9144940F20110FFF79AFFE36823B900
:100EC00010494FF48170FFF793FF238A23B90D492E
:100ED00040F20310FFF78CFFD4E9012321689B1A2D
:100EE000DBB20A60013BDBB2FF2B226802D100209B
:100EF000107110BD1168481C10600B70F2E70E20D5
:100F0000F7E700BF0BFD000038B5044620B91249D1
:100F10004FF49270FFF76CFF0020FFF72FFF22685D
:100F2000616813688B4215D9591E116013F8013C92
:100F3000228AE56802FB03552268A36811685B1AE0
:100F40001179DBB2994200D213710020FFF726FF1E
:100F5000284638BD0025F8E70BFD000038B50C46E3
:100F6000054620B90E4940F24710FFF741FF24B96A
:100F70000B494FF4A470FFF73BFF0020FFF7FEFE84
:100F80002A681368591C1160E968641A298AB4FB3D
:100F9000F1F41C70BDE838400020FFF7FFBE00BF31
:100FA0000BFD00001FB503788DF800308388ADF885
:100FB000043083688DF80630C3688DF80730036904
:100FC00002934369054A0393054B684653F8213061
:100FD00052F82110984705B05DF804FBA40B0020DF
:100FE000AC0B002010B50368292B044604D907492F
:100FF00040F2CD10FFF7FCFE23681F2B83BF03F0E8
:101000001F03034823604FF0A04010BD89F4000087
:101010000003005007B5019001A8FFF7E3FF019A14
:1010200001239340C0F8083503B05DF804FB0000CD
:10103000024B4FF4807043F00103184780FD00001D
:101040002DE9F743154690F80080354A42F82850BC
:10105000344A42F828304B7B06460C4683B30B6873
:101060004FF0A04703F5E07340F20C6247F82320ED
:101070004B6803F5E0734FF0010947F82320086837
:10108000FFF7C8FF6068FFF7C5FF236803F5E0734B
:1010900040F20D6247F82320636803F5E07347F8D8
:1010A0002320FFF7C5FF00276368019301A8FFF71E
:1010B00099FF019AD0F81035D340DB070CD5FFB962
:1010C000194A002D434608BF2A462146301D03B069
:1010D000BDE8F04301F0F4BE2368019301A8FFF7D7
:1010E00081FF019B09FA03F3C0F80C35FFF7A0FF5D
:1010F00001372068FFF78EFFFFF79AFF092FD3D142
:101100006368019301A8FFF76DFF019A01239340E3
:10111000C0F80C35FFF78CFF6068FFF77BFFCFE767
:10112000AC0B0020A40B0020A50F00001FB5037816
:101130008DF800304368019383688DF80830C368E8
:10114000054A0393054B684653F8213052F82110A5
:10115000984705B05DF804FBB40B0020BC0B0020E1
:101160001FB503788DF800304368019383688DF8CC
:101170000830C368054A0393054B684653F821308D
:1011800052F82110984705B05DF804FBB40B00201D
:10119000BC0B0020F0B5194B90F800C0DFF86CE0F4
:1011A00043F82C20164B16460A6943F82C204B7F37
:1011B0000EF80C300C4607460FCC89B06D460FC5B3
:1011C00094E80F0085E80F003B78CDF810C01EF8BA
:1011D00003304BB1002E0B4A694608BF3246381D1A
:1011E00002F09AFD09B0F0BD002E074A694608BF1B
:1011F000324607F10C0002F057FAF3E7BC0B00206F
:10120000B40B00202D11000061110000C40B002060
:1012100010B5044618B906493120FFF7E9FDA26868
:101220002AB163692168206998470023A36010BD33
:1012300086FD00000EB433B5059D044618B911496A
:101240004220FFF7D5FD63691BB90E494320FFF724
:10125000CFFD23681BB90B494420FFF7C9FD636824
:101260001BB908494520FFF7C3FD35B106AB01AAFC
:1012700029462046019300F071F802B0BDE83040E5
:1012800003B0704786FD0000826830B40468551CC6
:101290008560A154D0E901329A4202D330BCFFF7F5
:1012A000B7BF30BC704700002DE9F84F9846DDE924
:1012B0000A43154682460F460A464FF00109AA42E4
:1012C0000FD2C14538BFC14613F0010B01D16CB933
:1012D00000240126B8F1010F1BD908F1FF386E4335
:1012E000F8E709F10109B2FBF5F2E8E79B070ED533
:1012F000B8F1000F0CBF30262026A145E9D2013CF1
:1013000031465046FFF7C0FF002CF6D1E0E720261B
:10131000F3E7B7FBF6F39D42E1D9DFF83C80B7FB7A
:10132000F6F3504618F8031006FB1377FFF7ACFFEF
:101330003346AB42B6FBF5F6F1D2BBF1000F02D05B
:101340000CB1A14501D3BDE8F88F20215046013CE6
:10135000FFF79AFFF4E700BF4DFE00002DE9F74FBD
:1013600088461746054620B9AF4940F25220FFF79C
:101370003FFD6B6923B9AC494FF41570FFF738FD99
:101380002B6823B9A84940F25520FFF731FD6B685F
:1013900023B9A54940F25620FFF72AFDB8F1000F06
:1013A00000F03E8118F8011B49B92B7B002B00F09F
:1013B0003781284603B0BDE8F04FFFF729BF252944
:1013C00040F0B780002698F800302D2B424608F1F7
:1013D000010823D0302B24D02B2B25D000242A2BFE
:1013E00002F1010123D13B681A1D3A601B680A46CD
:1013F0001C4413782E2B26D101324FF0000A1046E0
:1014000010F8011BA1F1300CBCF1090F1DD80A2303
:1014100003FB0A13A3F1300A0246F0E746F0010687
:10142000D1E746F00206CEE746F00406CBE711F816
:10143000013CA3F130000928DBD80A2202FB043466
:10144000303C0A46CBE74FF0000A12F8011B01F0CE
:10145000FB0068289046F8D0782909D86F290CD865
:10146000632962D022D8252963D0582900F08880CA
:1014700098F80030002B95D197E770390829F7D8F4
:1014800001A353F821F000BFFB1500007114000008
:101490007114000091150000711400006F15000018
:1014A000711400007114000081150000642901D03E
:1014B0006929DDD13A68111D3960D2F8009089EAB6
:1014C000E972A2EBE9724FF0010B092A35DCD34532
:1014D00038BFD3462CB1B9F1000F01DB720700D53C
:1014E000013CB30702D5BAF1000F03D0F00701D4D5
:1014F0004CBB0024B9F1000F2DDAC9F100092D21F0
:101500002846FFF7C1FE06F00302022A04D1BAF111
:10151000000F01D11CBB0024CDE9004653460A222E
:1015200049462846FFF7C0FEA2E73B681A1D3A600D
:1015300019782846FFF7A8FE9AE70A230BF1010B5A
:10154000B2FBF3F2C1E7A345D4D220212846013CE7
:10155000FFF79AFECCE77107D5D52B21D0E7A3453D
:10156000DAD230212846013CFFF78EFED2E73968F7
:10157000CDE900460A1D3A6053460A220968D0E7C1
:1015800039680A1D3A60CDE9004653461022F5E756
:101590003B681A1D3A6016F00106D3F8009024D17A
:1015A000B9F1000F03D0484606F06AFF0646B44280
:1015B0001DD809F1FF3919F8011F00293FF458AF70
:1015C0002846FFF761FEF6E728460136FFF75CFE86
:1015D00019F806100029F7D1A642BFF449AF20211F
:1015E0002846013CFFF750FEF6E70026F0E72021F1
:1015F0002846013CFFF748FED9E73B681A1D3A60D0
:10160000302128461C68FFF73FFE78212846FFF767
:101610003BFE00220823CDE900322146102280E75C
:1016200003B0BDE8F08F00BFE6FD0000F0B595B057
:101630001D46164608460C4600F01FFD1A9B0D93EA
:10164000CDE9086500252B46082205A920460A9504
:101650008DF82C500C9500F037FD079B0293069BEC
:1016600003939DF814308DF8115003F00302012A02
:101670001DD1BDF81420059DC3F3C203C2F3831628
:101680008DF81030B20008230EA9204600F01CFD92
:10169000C5F3952508AB0093324602AB0EA9284648
:1016A00000F08CFB204600F0ECFC15B0F0BD022AE7
:1016B000F8D1BDF81650C3F3C203C5F389158DF8F0
:1016C00010300827082D2E4628BF08263B463246F4
:1016D0000EA9204600F0F8FCAD1B08AB02AA31466B
:1016E0000EA8374400F0CEFB002DEBD1DAE7000066
:1016F00008B5FFF733F90748042100F0C1FA0028C4
:1017000003DA05494820FFF773FB044B01225A71A5
:1017100008BD00BF842001005DFE00001400002011
:10172000037813F0040216D003F00303012B03D057
:10173000022B09D0012070470A6800880232C0F3EA
:10174000831002440A60F5E70B684288023303EB1A
:1017500092130B60EEE71046704700002DE9F04F42
:10176000DFF838A10F4687B00446861C00201546D6
:10177000FFF704FBDAF800103960DAE901321344AC
:1017800001335B1A0AF21C470AF583690AF214480E
:10179000B3421BD30020002D7AD004F00F039B012D
:1017A00043F0050363F30F00DAF80020DAF808309D
:1017B0001340033332444AF823000020CAF80020C3
:1017C000FFF7ECFA012007B0BDE8F08F01213846A1
:1017D000FFF73EFB4846FFF753FB4046FFF750FB41
:1017E000DAF80400DAF808B0029000EA0B000330DF
:1017F0000AEB800002A9FFF793FF029B0246F8B9AB
:101800000BEA03010AEB810103F1020CC8680390A3
:10181000013303EA0B0B0AEB8B0B00F003000128EA
:10182000DBF80C10CDF808C02AD002280BD01A49DA
:10183000019240F28910FFF7DBFA019A93460CE01F
:101840000BEA0300D3E7BDF80E30C3F3891303336B
:101850004FEA114B0CEB930302934046FFF713FB47
:1018600010B1029BCAF8043059463846FFF7F0FA27
:10187000DAE901231344DAF8002001339B1A87E7E1
:10188000BDF80C30C3F383134FEA114B6344E3E715
:10189000A40544F0060087E7E7FE0000980C00204E
:1018A0000B4B0C48FF2210B59A600022C3F8182495
:1018B000C3E90022C3F81424012283F8202400F095
:1018C00095FB044610B9044800F002FD204610BD07
:1018D000980C00205C20010070FF000030B50A4C1D
:1018E00071B10A4A0A49121BD20800239A4201D157
:1018F000002030BD31F82350854202D00133F5E796
:10190000034654F83300F4E7F41F01005C200100A3
:10191000E4090020094B013903EBC000032909D871
:10192000DFE801F00A0204060420704700797047DE
:10193000407970470020704702207047F41F010073
:10194000034BD3E90030C31A58425841704700BFD7
:10195000980C00202DE9F04385B0FFF7F1FF064613
:10196000002840F0FA807E4CC4F81804BFF34F8F73
:101970006368A56800932B40033304EB830069463A
:10198000FFF7CEFE009B18B1D4F81824002A62D0CD
:1019900005EA0302991C013304EB82022B4004EB9D
:1019A0008303D268DB68029302F00303022B0192E7
:1019B000009163D1BDF806306A48C3F38917502FF0
:1019C000B84628BF4FF0500808F1080168F38F139C
:1019D000C1F30901ADF8063000F020FB06460028EF
:1019E00000F0A68000F049FB0023082201A9304640
:1019F00000F056FB009925EA01020132B8EB820F94
:101A00004FEA820333D95FFA88F863B32940DDB225
:101A1000A8EB050803315FFA88F9A846524D04EB9C
:101A2000810108234246304600F03AFB3DB108F1FF
:101A30000803DBB24A462946304600F031FB009BE2
:101A4000033703EB97070097D4F81834002B4BD1DA
:101A5000D4F810545BE0226893428CD36260304625
:101A600005B0BDE8F08340491D469946D9E72940B5
:101A700003310823424604EB8101DDE7012B57D1F6
:101A8000BDF804303748C3F38311062928BF062167
:101A900061F38913023101F00F018900ADF80430C0
:101AA00000F0BCFA0646002842D000F0E6FA002317
:101AB000082201A9304600F0F3FA0027BDF80420FF
:101AC000C2F38312BB00974203F10803BCD2009912
:101AD0004A1C29400331009204EB81010422304664
:101AE00000F0DEFA0137E9E7304600F0CAFAFFF706
:101AF00027FF80F00100C6B2B1E7EB685B7923B144
:101B00002B6831461B6828469847EB681D68002DF6
:101B1000F3D1304600F0B5FA2846FFF72FF9D4F894
:101B200018340BB9009B63600020FFF737F9DEE73C
:101B3000D4F8104454B90D4B0D480E49C01AC008D2
:101B4000000440F0020000F073F8D0E7236820465C
:101B50009B689847E3681C68ECE700267FE700BFB6
:101B6000980C00205C200100A40C0020F41F010050
:101B70004420010058FF00002DE9F74F274E04468E
:101B80000F46914601A901221846D6F808A09846AA
:101B9000FFF7E4FD78B3019D0023A81C434503EB48
:101BA000000132D100211E48FFF72FF94FEA1449F6
:101BB00080F3100B1B4B1C4A9B1AB9EBD30F04D3B9
:101BC0001A494FF4D770FFF713F96B1C03EA0A03A5
:101BD000E40006EB830304F0380449EA0B4005EA0D
:101BE0000A0544F00104D860033544EA881343EA47
:101BF000872346F8253096F820341BB1FFF7AAFE5C
:101C00000028FBD103B0BDE8F08F0AEA010106EB22
:101C1000810159F82320CA600133BFE7980C0020E6
:101C2000B41000205C200100F41F0100E7FE00005A
:101C300000231A46FFF7A0BF07B50123019201AAAE
:101C4000FFF79AFF03B05DF804FB1FB5CDE9012350
:101C5000069B039301AA0323FFF78EFF05B05DF8EF
:101C600004FB1FB5CDE90023069B0293079B03935A
:101C70006A460423FFF780FF05B05DF804FB00000F
:101C800030B51349D1F810440346002022464AB922
:101C9000DC682071D1F8104454B9C1F81034DB6805
:101CA0001A6030BDD268157985420AD01268EEE715
:101CB000E468DA6824681460D1F81024D2681360EC
:101CC000EFE701300A28E1D14FF0FF30E9E700BF2C
:101CD000980C002038B5084B0125D3F8104483F840
:101CE000205404B938BDE3685D71236820465B6801
:101CF0009847E3681C68F4E7980C002030B5C38867
:101D000085B004460D4633B1144A00921449154A71
:101D10002846FFF78FFA217A05291DD0637A4BB147
:101D2000A088FFF7F7FD104B104953F820202846F4
:101D3000FFF780FA227A0E4BA08853F822200392F4
:101D40000021FFF7CBFD039A0A490346284605B058
:101D5000BDE83040FFF76EBA05B030BD9CFF000013
:101D600084FF00007CFF000008000100A1FF0000CC
:101D70002C000100A4FF000007B503460846197AAD
:101D8000052911D05B7A2BB1094A0A490190FFF766
:101D900051FA019808490190FFF74CFA019803B0F5
:101DA0005DF804EBFFF734BA002AF8D0F2E700BF81
:101DB0009CFF0000A1FF000099FF00002DE9F04307
:101DC00085B01F460C9D002395F80C902B7306469A
:101DD0000C46904629463846FFF790FFB8F1060FAB
:101DE00009D8DFE808F00412181F283340003146F4
:101DF0002846FFF71FFA002229463846FFF7BCFFA6
:101E000085F80C9005B0BDE8F0832268314628467D
:101E1000FFF710FAEFE7D4E9002331462846FFF731
:101E200009FAE8E7A36800933146D4E9002328467D
:101E3000FFF700FADFE7E3680193A36800933146F8
:101E4000D4E900232846FFF7F5F9D4E72369029384
:101E5000E3680193A36800933146D4E90023284640
:101E6000FFF7E8F9C7E76369039323690293E3681F
:101E70000193A36800933146D4E900232846FFF775
:101E8000D9F9B8E708292DE9F84F80460E461746DC
:101E90001C463DD8002593F80C901D73194610463A
:101EA000FFF72CFFDFF890A0DFF890B0AE4231D9F9
:101EB00018F8052059462046FFF7BCF90135082DD2
:101EC000F4D11A491A4DDFF878A02046FFF7B2F98D
:101ED0004FF0000B5E4524D918F80B207E2A1ED83F
:101EE000511C144BC9B2C95C11F0970F08BF2E22C8
:101EF00051462046FFF79EF90BF1010BBBF1080F8D
:101F0000E8D1012221463846FFF736FF84F80C90CD
:101F1000BDE8F88F51462046FFF78CF9CEE72E2218
:101F2000E6E729462046FFF785F9E5E7B8FF000018
:101F3000B6FF00009C1C0100B4FF0000AEFF0000D3
:101F4000BAFF00002DE9F74F99469DF83030009315
:101F500088469346064618B92349B620FEF748FF3F
:101F6000F28871794A43043A4A4505D81E490192DC
:101F7000C420FEF73DFF019ADBF80070B6F806A01A
:101F800007EB0901914209F1040488BFA2EB09079C
:101F9000B4FBFAF5CBF800700AFB154445B9AAEB7F
:101FA000040BBB4528BFBB462FB903B0BDE8F08F7B
:101FB0003668013DF2E7009B043408EB0500344429
:101FC0005A466BB12146A7EB0B0705F0D3FFBA4584
:101FD0005D443668D3464FF0000428BFBB46E3E7B4
:101FE00001462046EFE700BF40000100FEF74EBF6C
:101FF000F8B546790146721E0546002393422D68C6
:1020000003D30024A64202D8F8BD0133F6E70F68D7
:102010002846FEF7A3FF01343946F3E72DE9F843DC
:10202000CD1C068A0746FEF76FFF043E3544044682
:10203000B5FBF6F5F0B14FF48073EDB28380C68046
:10204000013D076081464FF00008A84512D238468E
:10205000FEF75AFF064648B163790133637108F110
:102060000108C9F8000007608146EEE72046FFF747
:10207000BFFF34462046BDE8F88301210430FEF757
:10208000E7BE10B5012104460430FEF7EDFEC0B2F4
:1020900020B92046BDE81040FFF7AABF10BD0000E0
:1020A0001FB5144603920022009203AAFFF74AFFCD
:1020B000039BA34203D00349F620FEF799FE04B028
:1020C00010BD00BF400001001FB51446039201225D
:1020D000009203AAFFF736FF039BA34204D00349F3
:1020E0004FF48070FEF784FE04B010BD4000010084
:1020F000026813685268934291BFD01A8068013019
:10210000801888BFC01A704738B50C46054618B904
:1021100004498320FEF76CFEAB68A3428CBF601CB1
:10212000002038BDB300010038B5044618B907498E
:102130009820FEF75DFE236820461D685968FFF76A
:10214000E3FF431B5842584138BD00BFB3000100B4
:102150002DE9F0410D46044618B92C49A320FEF79D
:1021600047FE1DB92949A420FEF742FE0020FEF7D4
:1021700005FE2046FFF7D8FF074610B1237C002B51
:102180003DD1D4F800802046D8F80460D8F8041077
:10219000FFF7BAFFC8F804002FB127682046396856
:1021A000FFF7B2FF3860E2686068531E072B20D843
:1021B000DFE803F004101F141F1F1F182B7883552E
:1021C0002046FFF795FF23689A68824200D2986004
:1021D000002415E02B8820F81630F1E72B6840F832
:1021E0002630EDE7D5E9002300EBC600C0E9002367
:1021F000E6E7294606FB020005F0BCFEE0E7042402
:102200000020FEF7CBFD2046BDE8F081B3000100C1
:1022100010B5044620B9064940F22B20FEF7E8FD30
:10222000236818685B68C31A5842584110BD00BF44
:10223000B30001002DE9F0410C469046054618B95F
:102240002249E720FEF7D4FD1CB92049E820FEF71B
:10225000CFFD0020FEF792FD2846FFF7D9FF0028AA
:1022600032D12F683E68B8F1000F04D13968284692
:10227000FFF74AFF3860EA686968531E072B1DD8CC
:10228000DFE803F0040D1C111C1C1C158B5D237072
:1022900000240020FEF782FD2046BDE8F08131F8E1
:1022A00016302380F4E751F826302360F0E701EB85
:1022B000C601D1E90023C4E90023E9E706FB0211C6
:1022C000204605F057FEE3E70524E2E7B3000100EE
:1022D0008268002393608268136182685361826818
:1022E000D3608268536082681360704710B50D49EF
:1022F000A1F58C72914201D800200FE08C1AE30FF7
:1023000003EBE4035B1002EBC30452F83330834267
:1023100005D802D204F10802ECE7606810BD21463E
:10232000E8E700BFD805010008B5FFF7DFFF024B63
:10233000002808BF184608BDAC040100C0B2002345
:1023400048700B707047000070B50D46044618B910
:1023500008497120FEF74CFD23681A6812683AB1EB
:102360001A681B6851681B682846BDE8704018470A
:1023700070BD00BFD8050100F0B5044687B018B99C
:102380002D493720FEF734FD21680A7E0B689E68D0
:1023900006EBC20E5FFA82FC56F832609EF80530FA
:1023A0009EF80470D0009EF8062012F0010F4FEA4C
:1023B000530503F0010337D0B3BBD1F800E09EF81A
:1023C0000CE00CF1010CF4452EDAD1F800C0DCF879
:1023D00008C0083084449CF805C0B5EB5C0F23D1DD
:1023E0000B689B681A1853F800C05379087E92F85E
:1023F00004E0927903F001030130C3F103035201B9
:10240000C0B2DBB202F02002087601A904F10C0090
:10241000CDE9027ECDE9046C8DF804308DF80550CD
:1024200000F094FE07B0F0BD52014FF0000C02F036
:102430002002E646E9E700BFD80501002DE9F84F84
:102440000E46044618B927498720FEF7D1FC2568B7
:10245000DFF894904FF000080020FEF78FFC16B9CB
:1024600023681B6843B9606800222946FFF7E2FE33
:1024700088B3C5F8008000260020FEF78FFC7EB3ED
:102480002B681B694BBB2F1D68691022394605F06C
:102490003FFDA8B104F10C0B584604F1080A00F006
:1024A000FBFD23464A4639465046FEF7C9FD18B1A2
:1024B0000C49B420FEF79CFC584600F0A3FD6F6168
:1024C00085F818802046FFF757FF014640B12046A7
:1024D000FFF73AFFC0E70126CEE72B681F69D3E775
:1024E000BDE8F88FD8050100ED24000038B50C4692
:1024F000054618B91249D220FEF77AFC23681B68FA
:102500001BB90F49D820FEF773FC287868B92268F8
:10251000137E11680133097BDBB2994206D9137629
:102520002046FFF729FF08B938BD032001462046A1
:10253000FFF70AFF20460121BDE83840FFF77EBFC4
:10254000D8050100F8B50D46044620B919494FF4E5
:102550008470FEF74DFC636823B9164940F20910F8
:10256000FEF746FC63689B6823B912494FF48570F7
:10257000FEF73EFC25B90F4940F20B10FEF738FC80
:102580000D4A2346294604F10800FEF759FD074687
:1025900070B904F10C0000F035FD23681F6095E868
:1025A0000F002668043686E80F0023681A1D5A615A
:1025B0003846F8BDD8050100ED24000037B50546C2
:1025C000019120B9144940F22D10FEF711FC019B36
:1025D00023B911494FF49770FEF70AFC019B9B68E1
:1025E00023B90D4940F22F10FEF702FC019B1B7B23
:1025F00023B909494FF49870FEF7FAFB686801A9FE
:10260000FFF7A6FD044618B901462846FFF716FF56
:10261000204603B030BD00BFD80501002DE9F041D0
:1026200086B00F46DDF8308016461D46044620B9B8
:10263000194940F24F10FEF7DBFB26B916494FF45B
:10264000A870FEF7D5FB25B9134940F25110FEF7EB
:10265000CFFB0023ADF8003001238DF8003001A935
:102660000E4B01932046CDF808D003968DF81050FC
:102670000597FFF7A3FF30B106B0BDE8F081B8F1D0
:10268000000F00D0C0479DF80030002BF7D19DF817
:102690000100C0B2F0E700BFD80501003D230000F3
:1026A00000F1804000F5C040002382B00360036861
:1026B0000193019B02B07047C208012300F007009C
:1026C00003FA00F08B5C18438854704710B5036818
:1026D000292B044604D9074940F2CD10FEF788FBA8
:1026E00023681F2B83BF03F01F03034823604FF0B1
:1026F000A04010BD89F400000003005013B5019004
:1027000001A80C46FFF7E2FF019B00EB8300D0F825
:10271000003723F44033C0F80037D0F8003743EADD
:102720000443C0F8003702B010BD00004FF0A043D2
:10273000D3F810350360024BD3F81035436070476F
:10274000000300502DE9F04F00248BB0CDE9024486
:10275000604D4FF48072012102F1804303F5C043C4
:1027600090B21B68012B06D1D5F804330B4202D07E
:10277000FFF796FF0C430432B2F5907F4FEA410118
:10278000EAD1544BD3F87C31012B08D14FF4BE7001
:10279000FFF786FF02A844F00044FFF7C7FFE3B24B
:1027A000D3B14D4F00250126344210D0AB0003F1C8
:1027B000804303F5C043D3F81005D3F8101557F83C
:1027C000253023B1C1F30141C0F3052098470135FD
:1027D000082D4FEA4606E7D1002C78DA0023CDE930
:1027E00004334FF0FF33CDE90633DFF8ECA03B4B69
:1027F000019300263546019B13F9014B0193631C9D
:102800004FD0C4F3C2070122E3B204F03F0B04F03F
:10281000070402FA04F407F128020DEB020717F887
:10282000101C21423DD00AEB0B014FEA931991F99C
:1028300030105AF82180B8F1000F07D1B9F1030F19
:102840002FD104A95846FFF737FF02E0B9F1030F73
:10285000F7D008A8CDF820B0FFF738FF089901F5A8
:10286000E07150F8211017F8200C2042C1F301410B
:1028700006D0022915D1B9F1030F0CD1494605E064
:1028800003290ED1B9F1030F05D102215846FFF7F4
:1028900035FF0135EDB2B8F1000F02D04946584678
:1028A000C0470136042EA6D18DB108A8FFF73EFF20
:1028B000029B089A9A42099B02D103998B4206D047
:1028C00002920393049A059B069207938FE70BB03D
:1028D000BDE8F08F0060004054110020AE110020D0
:1028E00010B5054C23681BB904495120FEF780FA46
:1028F0002368BDE810401847BC11002051060100B4
:1029000038B50D4628B90C497720FEF771FA00203A
:1029100038BD0A4B9842FAD10020FEF72FFA084B37
:102920001C7914B901221D601A710020FEF736FAD5
:10293000002CECD01120EBE75106010000200040F4
:10294000BC11002018B906499B20FEF751BA054B6F
:10295000984201BF044B00221A601A71704700BFF1
:102960005106010000200040BC110020002343500C
:1029700082B043580193019B02B0704770B5D0F804
:10298000103105460C4653B14FF48871FFF7EEFF46
:1029900063795A0703D523680BB101209847D5F80E
:1029A00014315BB14FF48A712846FFF7DFFF63797A
:1029B0001B0703D523680BB102209847D5F81C31BB
:1029C0005BB128464FF48E71FFF7D0FF607910F0AD
:1029D000100002D1236803B19847D5F8043163B1E0
:1029E0004FF482712846FFF7C1FF0123237123684A
:1029F0001BB1BDE870400320184770BD0149024873
:102A0000FFF7BCBFC411002000C0014001490248CB
:102A1000FFF7B4BFCC1100200010024000F180404D
:102A200000F5E040002382B0036003680193019B3E
:102A300002B07047F0B5524B524CD3F8043185B018
:102A4000002B3DD094F82E204FF48270FFF7E6FF64
:102A50002AB394F82F3013BB494AD2F80031002B27
:102A600032D04FF48070FFF7D9FF638B94F82D00BC
:102A7000834250D921891B1A9BB289B26383CB1A36
:102A8000616801EB4303C2F82C36C2F830064FF4FC
:102A90008270FFF7C3FF3A4B01225A6014E063686B
:102AA00002932389ADF80C30E36800218DF80410FF
:102AB00033BB2374236801A89847002384F82F3080
:102AC00094F82E30002BC7D12D4BD3F810315BB1C9
:102AD0004FF48870FFF7A2FF0023237402238DF8C0
:102AE000043001A823689847254BD3F81431EBB183
:102AF0004FF48A70FFF792FF0023237405B0F0BDF6
:102B0000208B608363602081E160002AD2D11C4B5E
:102B100001221A60CEE7BAD1E368012184F82F10B0
:102B200013B100216183AEE76383B0E766694FF0BC
:102B300000470125002EE1D0B6FA86F227FA02F30B
:102B40004632920026EA030602F1804303F5E04391
:102B50001B68002BEED01046A2F58C72FFF75EFFCB
:102B6000D30882F00402C2F380028DF808308DF899
:102B7000045023688DF8092001A89847DAE700BFC0
:102B800000700040D411002010B50368292B0446C2
:102B900004D9074940F2CD10FEF72AF923681F2B0C
:102BA00083BF03F01F03034823604FF0A04010BD14
:102BB00089F400000003005007B5019001A8FFF759
:102BC000E3FF019A01239340C0F80C3503B05DF890
:102BD00004FB07B5019001A8FFF7D6FF019A012376
:102BE0009340C0F8083503B05DF804FB13B5144BEF
:102BF000D3F8182112B30022C3F81821D3F81831E2
:102C0000104C0193019B236823B90F494FF427709F
:102C1000FEF7EEF8E07FFF2803D0A37F5BB1FFF75C
:102C2000CBFF002363772372D4E90031074802B059
:102C3000BDE810401847FFF7CCFFF2E702B010BD27
:102C40000030024004120020C80601000C120020CF
:102C50002DE9F743002406460F4600F5A0754FF412
:102C60008038A1462B688BB1D6F8043308FA04F2F9
:102C70001A420BD0C5F800902B680193019BA3006A
:102C800003F5A07398B2D7E9003198470134042CBA
:102C900005F10405E6D103B0BDE8F083014902481F
:102CA000FFF7D6BF281200200080004001490248EB
:102CB000FFF7CEBF341200200090004000234350A5
:102CC00082B043580193019B02B070470B7B032BEA
:102CD0002DD8DFE803F025291D028A68154B9A429A
:102CE00004D1D0F84C350A699A4209D18A6840F279
:102CF00002239A421BD1D0F84C354A699A4216D029
:102D000000230622C0F80035C0F800251846704799
:102D1000D0F84C350A699A42F2D1D0F83C35ECE74C
:102D2000D0F84C350A69E9E7D0F83C35FAE70120DC
:102D3000704700BF0002040010B50368292B044649
:102D400004D9074940F2CD10FEF752F823681F2B33
:102D500083BF03F01F03034823604FF0A04010BD62
:102D600089F4000000030050F0B50B6887B00546F9
:102D70000C4623B9484940F28620FEF739F8D5F8C9
:102D80002431B3B14FF492712846FFF797FFD5F87D
:102D9000043173B9A368C5F808330223A360A3689C
:102DA000C5F8043301232B626B6184F82E3007B021
:102DB000F0BDD5F804316BB34FF48271284604F1AD
:102DC0000C07FFF77BFF0FCF01AE0FC63B683360E8
:102DD00094F82E303BB921462846FFF777FF80F064
:102DE000010084F82E004FF4B0712846FFF766FF0B
:102DF0004FF4AE71FFF762FF94F8303013B194F8DE
:102E00002E30CBB10023C5F80032A360234BC5F8A8
:102E1000083311E04FF4A4712846FFF74FFF237BDE
:102E2000EBB904F10C070FCF01AE0FC63B6833605E
:102E300094F83030002BE6D0D5F8C434C5F8C4344B
:102E40009A071ED501238DF8003094F830300BB965
:102E500084F82F30D4E9003168469847A7E74FF44B
:102E60000073C5F8003240F20223A36003F1CE7371
:102E7000C5F80833A368C5F804330123AB602B629F
:102E800095E713F0050F01D00223DCE794F82E300C
:102E9000002BD8D00423D6E73907010002029C0199
:102EA00001490248FFF760BF401200200030004097
:102EB00002494FF04020FFF757BF00BF74120020B7
:102EC0002DE9F04F85B08146934601930C4619B920
:102ED0004649E220FDF78CFFD4E900239A4203D152
:102EE0004249E320FDF784FF99F80480404F3423E2
:102EF00003FB08FA07EB0A0696F82D20002A71D189
:102F00003C4AD9F8000052F82810FFF7F9FC0546B2
:102F1000002869D1019B47F80AB07360B06086F859
:102F2000300086F82F00627B86F8322022680392F8
:102F300003A8FFF701FF039A02F5E07240F20C6666
:102F400040F8226003A862680392FFF7F5FE039A37
:102F500057F80A3002F5E07240F82260D4E9001018
:102F6000D9F80020C2F80815C2F80C05A168C2F80B
:102F700024156BB3247BD9F80060072C4FEA163A6E
:102F800046F3073603D91C496B20FDF731FF002EAD
:102F9000AEBF06F16043194B0AF00F0A4FEA441422
:102FA000A8BF03F56143E4B2B4BF03F80A4083F855
:102FB0000043D9F800301A0B43F30733002B07DB2B
:102FC00002F01F0101228A405B090D4941F82320CC
:102FD000342303FB0877012387F82D30284605B0FA
:102FE000BDE8F08F0825F9E71125F7E7390701005B
:102FF00040120020040801009F07010014ED00E0CA
:1030000000E100E070B50D4C0679342303FB064364
:10301000054693F82D30012B04D009494FF4A570D3
:10302000FDF7E6FE2B680622C3F80025342303FBD8
:103030000644022384F82D3070BD00BF40120020EA
:103040003907010070B5114C0679342303FB0643A0
:10305000054693F82D3023B90D4940F25510FDF780
:10306000C7FE34222B6802FB06440021094AA160F6
:10307000C3F80823D3F8002222F4BC52C3F800227C
:10308000C3F80015012384F82D3070BD40120020D4
:103090003907010002029C01F7B5294D0679342356
:1030A00003FB0653044693F82D3023B9254940F21B
:1030B0003110FDF79DFE34237343EB5893B1236821
:1030C0001A0B43F30733002B0CDB02F01F015B09E3
:1030D00001228A4020331C4941F82320BFF34F8F3F
:1030E000BFF36F8F2046FFF7ADFF2068FFF72AFC84
:1030F000342303FB065393F83230C3B9236801A885
:10310000D3F808350193FFF717FE019B03F5E07331
:10311000022740F82370236801A8D3F80C350193E7
:10312000FFF70AFE019B03F5E07340F82370342398
:1031300003FB0655002385F82D3003B0F0BD00BF1A
:10314000401200203907010000E100E02DE9F843BA
:103150000379012B04460D46174607D84B68B3F593
:10316000803F03D28B68B3F5803F04D3BF4940F260
:103170002F20FDF73DFE94F80490DFF8FC82342602
:1031800006FB09F658F80630A3B92B78022B08D0B5
:103190002B78032B0ED1B5494FF40E70FDF728FEA6
:1031A00008E0B24940F23720FDF722FE58F8063019
:1031B000002BEDD0342606FB09860023246886F810
:1031C0002E30EB6803F06043B3F1005F03D01026AC
:1031D0003046BDE8F883A64BC4F8083396F82F3084
:1031E00023B1B368C4F804331126F1E717F0140FC4
:1031F0000CBF0123002386F82F30AE46BEE80F0037
:1032000006F10C0CACE80F00DEF80030CCF8003012
:10321000C7F3001386F830306B78C4F888354FF464
:1032200082712046FFF74AFD4FF49271FFF746FD89
:1032300017F0010318BF0123C4F8503517F002033B
:1032400018BF0123C4F840352B78032B00F2E3802C
:10325000DFE803F0A5CB8602FE0604D5834940F2E1
:10326000AB10FDF7C5FD380704D580494FF4D67083
:10327000FDF7BEFD790704D57C4940F2AD10FDF79E
:10328000B7FD2B6903F06043B3F1005F9FD14FF4AA
:103290008073C4F800326B68EA68C4F8442520469D
:1032A000C4F848354FF4A871FFF708FD4FF4B0712A
:1032B000FFF704FD4FF4A471FFF700FD0123236223
:1032C000A360D4F85031002BFBD04FF4A8712046F6
:1032D000FFF7F4FCAB682A69C4F84425C4F8483504
:1032E000342303FB0983634A9A604FF482710823F5
:1032F00000263A0704D42A78032A1CBF0122E25090
:10330000342303FB09F308EB030258F80330002BC6
:1033100040F08680012221440B68002B00F08D8054
:103320003421D4F8C434C4F8C43401FB0982002029
:1033300082F82F00002B00F08F8013F0010F14BFD4
:103340004FF40246032648F2012213F0020F18BF81
:10335000164613F0040F48F2022318BF1E4637E743
:103360006B68EA68C4F84425C4F848352B6903F053
:103370006042B2F1005F7FF42AAFAA68C4F8343526
:103380004FF48453C4F83825C4F80032342303FBC7
:10339000098340F202229A6001232362A5E76B6849
:1033A000EA68C4F8442517F0200FC4F848354FF0F8
:1033B00034030ED04FF4807203FB0983C4F800225B
:1033C0002C4A9A604FF4A471FFF778FC0123236222
:1033D0008DE74FF4007203FB0983C4F8002240F22A
:1033E00002229A604FF48271F0E76B68EA68C4F8D1
:1033F0003425C4F838354FF48053C4F800323423F0
:1034000003FB098340F202229A60012323624FF4F6
:10341000827100236CE74FF482710823072668E766
:103420007B0744BF4FF400739360342303FB098888
:10343000D8F80830C4F80433CAE6D4F82431002B95
:103440003FF46AAF4FF492712046FFF737FC2262D7
:103450004FF4827162615EE709FB01812046FFF74C
:1034600035FC002808BF0326B2E600BF390701007B
:1034700002029C010002040040120020002343507D
:1034800082B043580193019B02B070470A4610B5C1
:103490004FF48E71FFF7F2FF136A9168C95C136AEB
:1034A00001331362C0F81C1510BD08B502464FF475
:1034B00092710068FFF7E2FF10684FF48471FFF724
:1034C000DDFF136801221A6008BD000010B5036813
:1034D000292B044604D9074940F2CD10FDF788FC9A
:1034E00023681F2B83BF03F01F03034823604FF0A3
:1034F000A04010BD89F400000003005007B5019002
:1035000001A8FFF7E3FF019B03F5E073022240F8F7
:10351000232003B05DF804FB10B58B690A464FF415
:10352000847123B9FFF7AAFFD0F8183510BDFFF753
:10353000A5FF536AD168D0F81805C854536A0133FF
:103540005362F3E71FB501238DF80030044BCDE93A
:103550000110D3E900126846904705B05DF804FBFE
:10356000A812002030B54E4DD5F804339A0585B029
:1035700051D5D5F82431002B4DD04FF49271284607
:10358000FFF77CFF4FF40173C5F80833454B93F800
:1035900029200AB901226A60414902228DF80020DF
:1035A000D1F88024C1F8802403929A690292DA68E3
:1035B00001920022C3E906226846D3E9001290472F
:1035C0003748D0F81C315BB1364A5169136A9942C9
:1035D0004ED992F82830002B4AD11146FFF756FFFA
:1035E0002F48D0F84431002B57D04FF4A271FFF789
:1035F00045FF2C4B93F829200AB1012202609A69F9
:10360000002A4AD0586AD96800229A6105B0BDE8FC
:103610003040FFF797BFD5F804335B07D0D5D5F816
:103620000831002BCCD01F4C1D482146FFF774FFFA
:10363000636AA2699A42C3D1E36953B1A361236962
:10364000E168E3600023606AE3616362FFF77AFF89
:10365000B6E794F829300BB901236B60104B4FF497
:103660000172C3F808230023606AE168A361EDE7F3
:103670000B484FF48E71FFF701FF5369002BAFD059
:1036800051690291002391688DF8003001915361D6
:103690006846D2E900139847A2E705B030BD00BFE5
:1036A00000200040A81200202DE9F347054691466E
:1036B0000C4619B96D49AA20FDF79AFB95F80480CC
:1036C0006B4E2C2303FB086393F82A30002B40F049
:1036D000C98068492868FFF713F90746002840F0B9
:1036E000C38023685A1C14D001A80193FFF7EEFE93
:1036F000019B012202FA03F3C0F808352368019305
:1037000001A8FFF7E3FE019B03F5E073032240F8F5
:1037100023206368581C09D001A80193FFF7D6FE47
:10372000019B03F5E073002240F823202B68A26977
:10373000C3F82425217D637D2A680B43C2F86C35CC
:10374000D4E900122B68C3F81425C3F80C15237DA7
:10375000012B2BD1A368591C09D001A80193FFF7B5
:10376000B5FE019B03F5E073002240F82320E368D7
:103770005A1C14D001A80193FFF7A8FE019B012257
:1037800002FA03F3C0F80835E368019301A8FFF7D4
:103790009DFE019B03F5E073032240F82320D4E94A
:1037A00002122B68C3F80825C3F810152C2303FB5D
:1037B00008F3F218C2F804902269F250B9F1000F30
:1037C0003CD0286894F81C902B4A4FF48E71FFF778
:1037D00055FE28684FF4A271FFF750FE2B68C3F81E
:1037E00004232C68B9F1070F4FEA143A44F3073465
:1037F00003D922496B20FDF7FBFA002CAEBF04F180
:1038000060431F4B0AF00F0A4FEA4919A8BF03F59E
:1038100061435FFA89F9B4BF03F80A9083F8009313
:103820002B681A0B43F30733002B07DB02F01F0151
:1038300001228A405B09134941F823202B680422A6
:10384000C3F800252C2303FB08630022C3E90622EA
:1038500083F829205A61012283F82A20384602B0D1
:10386000BDE8F0870827F9E71127F7E70C08010002
:10387000A812002065350000800002009F070100AB
:1038800014ED00E000E100E02DE9F843036806795B
:103890002A4D0022C3F800252C2303FB06530446BF
:1038A0005B68B3B10368264AC3F8082303681A0BA0
:1038B00043F30733002B0CDB02F01F015B090122ED
:1038C0008A4020331F4941F82320BFF34F8FBFF3B5
:1038D0006F8F23684FF0FF32D3F80C05D3F814959F
:1038E000D3F80875D3F81085C3F81425C3F80C2550
:1038F00023689042C3F80825C3F8102501D0FFF7CC
:10390000FDFDB9F1FF3F02D04846FFF7F7FDB8F1E2
:10391000FF3F02D04046FFF7F1FD7B1C02D0384646
:10392000FFF7ECFD2068FFF70DF82C2303FB06558D
:10393000002385F82A306B60BDE8F883A8120020C8
:103940008402020000E100E00279044B2C2101FB1B
:1039500002335869003818BF01207047A8120020B0
:103960002DE9F84F344F90F804802C2303FB0873A3
:10397000064693F82A30012B8946924604D02F49F7
:103980004FF48C70FDF734FAB9F1000F04D12B49D4
:1039900040F21910FDF72CFABAF1000F04D12749B3
:1039A0004FF48D70FDF724FA3046FFF7CDFF044643
:1039B00000283CD12C2508FB057B4FF48E71CBF8F9
:1039C00014A0CBF80890CBF820008BF828003068C2
:1039D000FFF754FD336801229A6030685946FFF7BB
:1039E00055FDDBF804305D461BBB3068DBF8144046
:1039F0002B6A9C4211D83368D3F81C21002AFBD0D3
:103A00000122DA6000202C2303FB087700237B616E
:103A1000BDE8F88F95F828303BB9D0F81C31002B61
:103A2000F8D05946FFF732FDE2E70F20EBE711200F
:103A3000EEE72046ECE700BFA81200200C080100CA
:103A40002DE9F047494C07792C2303FB0743064631
:103A500093F82A30012B8846154604D044494FF488
:103A6000B670FDF7C5F9B8F1000F04D1404940F236
:103A70006D10FDF7BDF925B93D494FF4B770FDF75D
:103A8000B7F92C2303FB07435A6822B133684FF47C
:103A90000171C3F808132C2303FB0743986950B145
:103AA000D969002942D022B133684FF40172C3F8BA
:103AB0000423112537E09D61C3F80C805862D8615A
:103AC0002C2303FB074393F829301BB910B9304668
:103AD000FFF7EBFC4FF02C0808FB074A3068DAF8D8
:103AE0000430002B38D14FF4A271D046FFF7C6FC4A
:103AF0003068D0F82491D0F80831D0F84451D3B9C7
:103B000015B9B9F1000FF3D02C2303FB07440023B0
:103B1000A361B9F1000F25D135BB94F829103368A2
:103B20000122B9B11A602846BDE8F087C3F81080B9
:103B3000DD610120C4E7B9F1000FE5D1002DE3D12B
:103B40004146FFF7E9FCDAF82430DAF818209A4207
:103B5000CED8D9E75A60E6E74FF40173C0F80433D2
:103B60000025E0E70325DEE70F25DCE7A8120020AB
:103B70000C0801000023435082B043580193019B7D
:103B800002B070471FB50123CDE901218DF8003047
:103B9000D0E900136846984705B05DF804FB0000C3
:103BA00010B50368292B044604D9074940F2CD100B
:103BB000FDF71EF923681F2B83BF03F01F03034883
:103BC00023604FF0A04010BD89F4000000030050B6
:103BD00007B5019001A8FFF7E3FF019B03F5E07330
:103BE000022240F8232003B05DF804FB7FB5D0F833
:103BF000246105460C46002E5CD04FF49271FFF70D
:103C0000B9FF02238DF80030D0F88034C0F880343A
:103C10000393D0F83C350293E36801930023C4E991
:103C200006336846D4E900139847D5F844317BB190
:103C30004FF4A2712846FFF79DFFA36943B100230B
:103C4000C4E90633E268D5F83C152046FFF79AFF31
:103C5000D5F82031ABB14FF490712846FFF78AFFB9
:103C60000123EB60636963B1D5F84C250292002310
:103C7000A2688DF8003063610192D4E900136846B0
:103C80009847D5F858319BB14FF4AC712846FFF7EF
:103C900071FF636963B1D5F84C2502920023A268D5
:103CA0008DF8003063610192D4E9001368469847AB
:103CB00004B070BDD0F81031002BB6D04FF488712D
:103CC000FFF758FFD0F83C35A1699942ADD1E369BF
:103CD000E26873B1D0F8003223F02003C0F800325C
:103CE000E369A3612369E360E6612046FFF74AFFC9
:103CF0009BE7A361F9E7000001490248FFF776BF9F
:103D0000D41200200020004001490248FFF76EBF96
:103D1000F8120020008002402DE9F3470546914645
:103D20000C4619B97449CF20FDF762F895F8048064
:103D3000724E242303FB086393F82030002B40F0DD
:103D4000D6806F4B286853F82810FEF7D9FD074638
:103D5000002840F0CE8023685A1C13D001A801939C
:103D6000FFF71EFF019A01239340C0F8083523682E
:103D7000019301A8FFF714FF019B03F5E0730322F1
:103D800040F823206368581C09D001A80193FFF76D
:103D900007FF019B03F5E073002240F823202B6806
:103DA000A269C3F82425217D637D2A680B43C2F8EC
:103DB0006C35D4E900122B68C3F80C15C3F8142530
:103DC000237D012B2AD1A368591C09D001A8019396
:103DD000FFF7E6FE019B03F5E073002240F8232085
:103DE000E3685A1C13D001A80193FFF7D9FE019A8A
:103DF00001239340C0F80835E368019301A8FFF759
:103E0000CFFE019B03F5E073032240F82320D4E9A1
:103E100002212B68C3F80815C3F81025242303FBDF
:103E200008F3F218C2F804902269F250B9F1000FB9
:103E30004BD0286894F81C90324A4FF48871FFF7F1
:103E400099FE28684FF49071FFF794FE28684FF4AC
:103E50009271FFF78FFE28684FF4A271FFF78AFE78
:103E600028684FF4AC71FFF785FE2B68C3F8042374
:103E70002C68B9F1070F4FEA143A44F3073403D919
:103E800021496B20FCF7B4FF002CAEBF04F1604366
:103E90001E4B0AF00F0A4FEA4919A8BF03F5614308
:103EA0005FFA89F9B4BF03F80A9083F800932B688E
:103EB0001A0B43F30733002B07DB02F01F0101222B
:103EC0008A405B09124941F823202B680822C3F875
:103ED0000025242303FB08660023C6E9063373612B
:103EE000012386F82030384602B0BDE8F087082765
:103EF000F9E71127F7E700BF77080100D412002087
:103F0000E4080100100342009F07010014ED00E0E7
:103F100000E100E02DE9F843364D0679242303FB48
:103F2000065304465B68B3B10368334AC3F80823F9
:103F300003681A0B43F30733002B0CDB02F01F015D
:103F40005B0901228A4020332C4941F82320BFF32A
:103F50004F8FBFF36F8F2268D2F8003223F0200317
:103F6000C2F80032236801225A6020684FF4AC7115
:103F7000FFF700FE2368DA602368D3F85821002A8F
:103F8000FBD00022C3F8002523684FF0FF32D3F89E
:103F90000C05D3F81495D3F80875D3F81085C3F839
:103FA0000C25C3F8142523689042C3F80825C3F8EC
:103FB000102501D0FFF70CFEB9F1FF3F02D04846B3
:103FC000FFF706FEB8F1FF3F02D04046FFF700FEC4
:103FD0007B1C02D03846FFF7FBFD2068FEF7B2FCE1
:103FE000242303FB0655002385F820306B60BDE8D1
:103FF000F88300BFD41200201003420000E100E06B
:104000000279044B242101FB02335869003818BFA0
:1040100001207047D41200202DE9F0473A4F90F864
:1040200004A0242303FB0A73054693F82030012BD8
:104030008846914604D0354940F22D10FCF7D8FE51
:10404000B8F1000F04D131494FF49770FCF7D0FE5E
:10405000B9F1000F04D12D4940F22F10FCF7C8FE32
:104060002B79012B02D8B9F5803F04D327494FF4AF
:104070009870FCF7BDFE08F06043B3F1005F3CD1DF
:104080002846FFF7BDFF0446002838D1242606FB4A
:104090000A764FF49071C6F81490C6F80880286824
:1040A000FFF768FD4FF4AC712868FFF763FD2B68DC
:1040B0007269B168C3F84415C3F848252B6801221A
:1040C0009A607368EBB92B68D3F82021D3F85801B4
:1040D0001AB90028F8D00F2008E00028FBD10122EF
:1040E000DA602A68D2F85831002BFBD0242303FB76
:1040F0000A7700237B61BDE8F0871020FBE71120E1
:10410000F9E72046F7E700BFD41200207708010046
:104110002DE9F041494E0579242303FB056304464C
:1041200093F82030012B8846174604D044494FF4B9
:10413000C070FCF75DFEB8F1000F04D1404940F2B9
:104140008110FCF755FE27B93D494FF4C170FCF7CB
:104150004FFE2379012B02D8B7F5803F04D33849AD
:1041600040F28310FCF744FE08F06043B3F1005FB7
:1041700061D1242303FB0563596821B123684FF4FF
:104180000472C3F80823242303FB05639A6952B120
:10419000DA69002A3DD021B123684FF40472C3F8D4
:1041A0000423112033E09F61C3F80C80DA6120689A
:1041B0004FF48871FFF7DEFC20684FF4A271FFF71F
:1041C000D9FC2368C3F83485C3F8387523682ABB43
:1041D00001221A6025792368242202FB05625268B5
:1041E0001ABBD3F81011D3F84421D3F8240111439A
:1041F00002D10028F5D00A46242303FB05660023DC
:10420000984218BF03209A42B36118BF0F20BDE83F
:10421000F081C3F81080DF610122C8E7D3F80022E3
:1042200042F02002C3F80022D4E74FF40472C3F82E
:1042300004230020EBE71020E9E700BFD4120020A0
:104240007708010007B501A801F0E6FE20B901904A
:10425000019803B05DF804FB019B002BF8D101230A
:104260000193F5E738B5044601F0CCFD054620463C
:1042700001F0CEFDA54203D0BDE8384003F0DCB824
:1042800038BD01F0FFBD01F009BE08B502F0BCFB6E
:1042900000F074FE03F020F901F06CFC01F07CFDED
:1042A00003F0A8F803F0FCFA01F078FD03F0B3F88E
:1042B00003F074FC03F0B3F802F0DAFE02F062FEE1
:1042C00001F03CFE03F07CFC01F058FEBDE8084024
:1042D00002F0CABF08B590F8803033B1074B084AE6
:1042E0004FF4F871074803F07BFD03F0A3F820B901
:1042F000054B034A4FF4FB71F4E708BDEC080100DD
:104300008509010004090100E30A01007047FFF775
:10431000E1BF13B50446CDE90021FFF793FFDDE9C6
:10432000002103462046FFF7F2FF02B010BD7047A0
:10433000704770477047704700F1804000F580502B
:10434000002382B0036003680193019B02B07047B1
:10435000034B186808B190F8800000F00100704726
:104360002C13002008B5FFF7F3FF08B1014B1868C4
:1043700008BD00BF2C13002000BF00BF00BF00BF5E
:1043800000BF00BF70470000134B144AC3F8482514
:1043900000F1804000F58050C3F84C0521B102F5D2
:1043A000FD424832C3F82C290D4AC3F8402502F5D6
:1043B000AF3202F59672C3F8442529B1D3F800282C
:1043C00042F08002C3F80028034B8022C3F8042582
:1043D0004022C3F80425704700F001403C710140C1
:1043E00010110040074B01221A61D3F8002222F479
:1043F0008072C3F8002203F5B0334FF48072C3F823
:104400000825704700900040034B1B781BB1034BFD
:104410001022C3F808237047251300200010004025
:1044200010B5044602F010FEB0F5C07F0B4A12D35F
:10443000C009811EB1EBD41F4FEAD41396BFA4EB81
:10444000C1140024C31E1460054AC3F31403C2F848
:104450006436012010BD14600020FBE7201300200B
:104460000010004013B501A801F024FD9DF80500DF
:104470009DF8044001F05AFD9DF807309DF8062094
:104480001B0643EA0243234343EA0020024BC3F8DE
:104490006C0602B010BD00BF0010004008B501F06E
:1044A0009FFDBDE80840002002F0E8BD08B5054BBF
:1044B000D3F8480500F07F0001F023FD404240B2F0
:1044C00008BD00BF0010004013B50446FFF7EEFF23
:1044D00023780190234413F8010C01F019FD02B276
:1044E0009200FF2A28BFFF220199D2B2204602B0D3
:1044F000BDE8104002F07FBF13B5084B01901C6867
:104500000146204601F0D0FA019928B1204602B0B8
:10451000BDE8104002F075BF02B010BD301300209E
:1045200007B5019001F012FC019802F066FF03B09C
:104530005DF804EB01F03CBB07B5019001F006FC0F
:104540000198FFF7C1FF03B05DF804EB01F030BB49
:10455000144B4022C3F808258022C3F808254FF4E5
:104560008072C3F80825104A01211161D3F80008B0
:1045700020F08000C3F800080020C3F82C09116166
:10458000D2F8003223F48073C2F80032074B1B7854
:104590003BB1074B4FF45052C3F80823C3F8000255
:1045A0001961704700F00140009000402513002081
:1045B00000100040134908B54023C1F80835802396
:1045C000C1F80835FFF70EFFD1F8003823F080035B
:1045D000C1F8003800220C4BC1F82C291B787BB1A4
:1045E0000A4B0A21C3F808130121C3F800221961FC
:1045F000C3F84426BDE808404FF4AE70FFF79CBEF8
:1046000008BD00BF00F0014025130020001000404D
:10461000104908B54023C1F808358023C1F8083592
:10462000FFF7E0FED1F8003823F08003C1F800382E
:104630000022094BC1F82C291B784BB1074B4FF4D2
:104640000041C3F80813C3F8002201229A621A61DC
:1046500008BD00BF00F001402513002000100040FD
:10466000104908B54023C1F808358023C1F8083542
:10467000FFF7B8FED1F8003823F08003C1F8003806
:104680000022094BC1F82C291B784BB1074B4FF482
:10469000C021C3F80813C3F8002201221A631A616B
:1046A00008BD00BF00F001402513002000100040AD
:1046B00008B50E4B01211961D3F8002222F4407293
:1046C000C3F800220A4A1278043A8A4206D9094BF2
:1046D000094A0A4840F29E3103F082FB196120B179
:1046E000074B4FF48072C3F8082508BD00900040C6
:1046F00026130020FE080100430B0100A009010061
:1047000000F0014010B5104C4023C4F80835802358
:10471000C4F808350120FFF7CBFFD4F8003823F0A8
:104720008003C4F800380022084BC4F82C291B78F9
:1047300043B1074B0749C3F80813C3F8002201220D
:104740001A631A6110BD00BF00F00140251300205C
:1047500000100040020004080B3808B5C3B20F2B4C
:1047600006D9094B094A0A4840F2052103F038FBF3
:1047700000EB800000F66510064B80B2A0F51660D5
:10478000C3F8080508BD00BF260A0100810B01001F
:10479000A00901000010004008B5084BD3F85035BF
:1047A000DBB243B9064BFFF7E7FDD3F83C01003815
:1047B00018BF012008BD0120FCE700BF0010004029
:1047C00000700140F8B505460F46164601F056F94F
:1047D000044680B14F4B1B78092B00F29280DFE832
:1047E00003F0050C0F22565660656E77022F02D03B
:1047F000042002F043FC2046F8BDFFF705FEFAE76F
:10480000454B1B785B070BD5002D00F08180FFF72F
:104810009FFE002EEFD0062002F0EFFD3446EAE7BF
:10482000FFF796FEE7E7002D72D03C4B4022C3F81D
:1048300008258022C3F808254FF48072C3F80825A4
:10484000374A01211161D3F8000820F08000C3F835
:1048500000080020C3F82C091161D2F8003223F4BB
:104860008073C2F800322F4B1B7833B12E4B2F4A86
:10487000C3F80823C3F800021961002EBBD02C4BEB
:104880001868002380F88030FFF71EFEC6E7002D71
:104890003ED0FFF737FF002EADD00620FFF72CFEED
:1048A000A9E7002D34D0FFF785FEF4E785B3FFF7C5
:1048B000AFFE002E9FD0012002F0A7FDAEE73DB372
:1048C000FFF7CEFE002E96D0012002F0A2FDA5E754
:1048D000124B13494022C3F808258022C3F808254B
:1048E00001220A614FF48071C3F808150D4B1B7843
:1048F00003F0FF01002B3FF47EAF0B4B0C461A6117
:1049000079E70C4B0C4A0D4840F2BC5103F068FAB1
:104910002C4670E7261300202413002000F00140ED
:104920000090004025130020001000400200000805
:104930002C130020FE080100540B0100A009010007
:10494000054B002282B0C3F83C21D3F83C310193DF
:10495000019B02B0704700BF00700140F8B52C4BBE
:104960001B7806460D4617460BB90020F8BD0478A3
:1049700001F02AFE631C5B0100283ED103F1CE004A
:1049800015B100F1A80398B202F034FB04460028E8
:10499000EBD001F045FA1F4B1F4AC3F80C05002D60
:1049A00008BF4FF4A012C3F804654FF4B670C3F803
:1049B0000022FFF7C1FC1DB34FF4A470FFF7BCFC4D
:1049C000164A144E4FF48270FFF7B6FC144B197858
:1049D00042F002026FF3C3011970C6F80423FFF717
:1049E000AFFF002D14BF042000200121FFF7CCFCF5
:1049F0004FB9012333612046B8E703F22E40BFE7E9
:104A00004FF00062DDE7FFF7C7FE0028F1D0ADE709
:104A10002513002000100040003814000000040896
:104A20002413002038B5144B1B780546EBB1AE209B
:104A300002F0E0FAC8B1114C4FF42053C4F8003230
:104A40004FF4A470FFF778FC4FF4A270FFF774FCEA
:104A50004FF4C023C4F8043301210420FFF770FF92
:104A6000FFF792FC15B90123236138BDFFF794FECF
:104A70000028F8D0F9E700BF2513002000100040FF
:104A8000144938B54023C1F8083518B1124B5222E9
:104A9000C3F80022114B124A0F4C01251D618023DF
:104AA000C1F80435137823F0070313704FF49470A2
:104AB000FFF742FC1823C4F86035FFF741FF40239D
:104AC0000848C1F8043501F093FAFFF765FE00B914
:104AD000256138BD00F0014000100040009000400A
:104AE000241300203011004038B5044601F098F935
:104AF000084D0021C5F80C050846FFF721FFFFF718
:104B000043FC14B901232B6138BDFFF745FE002893
:104B1000F8D0F9E70010004038B5114B1B78054676
:104B2000C3B1104B1868FFF77BFC98B10E4C4FF4E3
:104B30000042C4F800224FF49E70FFF7FDFB0121F4
:104B4000C4F804230420FFF7FBFEFFF71DFC15B992
:104B50000123236138BDFFF71FFE0028F8D0F9E7D5
:104B6000251300202013002000100040084B0222D3
:104B7000C3F88020BFF34F8FBFF36F8FC3F880213E
:104B8000002283F80123BFF34F8FBFF36F8F70476D
:104B900000E100E008B5064B1B7833B102F054FA8F
:104BA0003B2894BF0020012008BD0120FCE700BF86
:104BB0002513002010B501F0C7F8044628B1FFF70F
:104BC000E9FF044608B901F05FF8204610BD000077
:104BD00038B5464B1B780546002B7FD0444A1378E6
:104BE00023F01703137001F01BF9424AC2F80C05B9
:104BF000FFF7AEFB0446002871D0FFF7B3FB3E4B36
:104C0000C2F80405C2F800321823C2F860354FF428
:104C10009A70FFF791FB4FF49470FFF78DFB4FF400
:104C20009870FFF789FB354935484FF45053C2F867
:104C30000433D1F8003243F48073C1F80032012309
:104C4000C1F840358223C1F84435FFF779FE2D4B7A
:104C50002D4AC3F84825C3F84C0500F5F030C3F8D9
:104C60002C09C3F85025C3F85415D3F8002842F096
:104C70008002C3F80028254AC3F8402502F5AF3268
:104C800002F59672C3F844258022C3F804254FF438
:104C90008072C3F80425A0F5EF304022C3F8042544
:104CA000D43801F0A5F9E5B9124B01221A61ACB96B
:104CB00001F052F9164B1860FFF74AFB70B1FFF78D
:104CC00051FB0C4B0C4AC3F80405C3F80022D3F87F
:104CD0005025D2B2022A04BF01229A6038BD522365
:104CE00090E7FFF759FD0028DED0E0E7251300200C
:104CF00024130020001000405200080000900040E3
:104D00000410004000F001403C71014010110040CF
:104D10002C1300202DE9FF410446002800F0BC8040
:104D200002F092F93B2840F20881854E337803F077
:104D3000FF07002B40F00181824C01250F233946EB
:104D4000C4F8FC7F0D22C4F8FC5F6846C4F8103537
:104D500003F026FA08238DF800307F238DF8083001
:104D60009DF802309DF801208DF806501B0443EA9F
:104D700002239DF80320002A18BF4FF480119DF8EC
:104D8000042008BF00210B4343EA82539DF807200B
:104D900043EA427343F0C0634FF0020843F0080354
:104DA0008DF80580C4F814359DF80A309DF8092067
:104DB0009DF80C101B0443EA02239DF80B20002AE7
:104DC00014BF4FF080720022002914BF4FF0007111
:104DD00000210B43134343F07F03C4F8183540F21E
:104DE0000223C4F85056C4F83435574BC4F838354C
:104DF000FFF738FB554BC4F84476C4F8483601F049
:104E000001F8FFF7A9FC524B83F80173C3F88081C6
:104E1000D4F8003233B14F4B4F4A40F22C714F4817
:104E200002F0DEFF357001F0CDF84D4B1B78092BF9
:104E30002DD8DFE803F0822C052C0B142C171D2332
:104E4000002004B0BDE8F041FFF7C2BE00220121FE
:104E5000444B186804B0BDE8F041FFF77FBD002265
:104E60001146F5E7002004B0BDE8F041FFF754BE5D
:104E7000002004B0BDE8F041FFF7D4BD3378002B2B
:104E80005BD0002004B0BDE8F041FFF72DBE364BEB
:104E9000314A40F25371C2E7294B1A783AB318707D
:104EA00002F0AAF838B1FFF761FE264B0122C3F8E1
:104EB000FC4FC3F8FC2F01F093F8002202210120DF
:104EC000FFF780FC20B9294B294A40F27171A6E70F
:104ED000234B1A78092A2BD8DFE802F009050E16B1
:104EE00020202009090900221A70FFF7D7FA04B020
:104EF000BDE8F04102F07CB81E4B1B785B07F6D58D
:104F00000520FFF70DFBF2E702221A701A4B186812
:104F1000002380F88030FFF70FFBE8E702221A70C9
:104F200000F014FF0420FFF7E7FA00F041FEDEE78F
:104F30000D4B0F4A4FF4F36171E704B0BDE8F08107
:104F4000251300200010004021100100000700FF81
:104F500000E100E0450A01008D0B0100A0090100FD
:104F60002613002030130020FE080100E30A010090
:104F7000700B0100241300202C1300200D4A002385
:104F800013700D4A13700D4BD3F8042522F0030261
:104F9000C3F80425D3F8082542F00302C3F8082516
:104FA000D3F8102522F00F0242F00402C3F81025B6
:104FB00001F0BCBD26130020251300200090004006
:104FC0002DE9F843074688461546994600F0BCFE91
:104FD000044600B3124E3378022B06D03378032BED
:104FE00003D0FFF7D7FD40B900240DB12046A847F4
:104FF00000F04AFE2046BDE8F8834A46414638465E
:10500000FFF7E0FB04460028EED0022301203370B6
:10501000FFF7DEFDE9E7002DECD0A847EAE700BF87
:10502000261300202DE9F7430B9D01919DF8289050
:10503000804617461E46FFF7BDFD0199044638B36A
:1050400001224046FFF7BEFB044648B900240DB1DB
:105050002046A84700F018FE204603B0BDE8F083C4
:10506000DFF83880022388F800300B4B01223146EC
:1050700038461F60FFF772FCB9F1000F01D000281D
:10508000E4D0002E14BF0423052388F80030DEE7A7
:10509000002DE1D0A847DFE73013002026130020C1
:1050A00010B50446FFF786FD012184F8801058B141
:1050B000204B1B7833B1204B1B78022BDAB205D082
:1050C000062A1FD000F0E0FD012010BD1B4AD2F8D7
:1050D0005035DBB2022BF5D1D2F80032522B06D07C
:1050E000174B184A40F62E41174802F079FE174B2D
:1050F0001C60FFF737F9164BC2F80405C2F80032FE
:105100009160DFE70D4AD2F85035DBB2022BD9D1DE
:10511000D2F80032122B04D00E4B0A4A40F63D4121
:10512000E2E70A4B1C60FFF71DF90B4BC2F80405C0
:10513000E4E700BF251300202613002000100040E4
:105140006B0A0100200B0100A00901002C130020B4
:10515000520008008F0A01001200080038B5FFF75E
:1051600029FD044678B1124D2B781BB100F04AFEA0
:10517000FFF7F2FA0F4B1B78022BDAB205D0092A9F
:105180000ED000F081FD204638BD012211460020DE
:10519000FFF718FB0028F4D00120FFF719FDF0E716
:1051A0002B78002BEDD0044B01221A61E9E700BFF8
:1051B0002513002026130020001000402DE9F04F99
:1051C0008FB000F0E3FCAA4BD3F80423920728D554
:1051D000D3F804312BB34FF48270FFF7ADF8A54B31
:1051E0001A78052AD3B209D8032B0CD838D0A24B91
:1051F000A24A40F68521A24802F0F2FD062BF6D124
:1052000000F07AFC0DE09F4B1C68204600F060FC2B
:1052100010B12046FBF754F99B4A137843F008037A
:105220001370934ED6F804335F0547D5D6F828316E
:10523000002B43D04FF49470FFF77EF88D4B1B7812
:10524000022B40F00A81D6F86075C7F3C707022F1A
:105250008DF8207009D88D4B8D4A4FF4FA61CAE75A
:105260008C4B1868FFF752F8DBE7D6F834312BBBCC
:10527000854D2B7813F0010800F0B4804FF0010841
:105280002B789E071AD4B8F1000F17D0824E3068E1
:10529000047801F099F9631C5B01002840F0D48088
:1052A00003F1A00001F0A6FE002800F0D0802B78CA
:1052B000306843F002032B7000F01CFC6C4BD3F8F9
:1052C0000423940412D5D3F834317BB14FF49A708F
:1052D000FFF732F8674B1B78022BDCB240F0C2803C
:1052E0000020FFF7CDFB2046FFF71AF9604BD3F8FB
:1052F0000423D00440F11681D3F83031002B00F0A4
:1053000011815C4E4FF49870FFF716F83378022B3A
:1053100040F0B3815C4F604C3B78256843F010034C
:10532000D9073B7040F1BE80206801F04DF900289C
:1053300000F0C18000F056FD002800F0BC8020681D
:1053400001F0FCFB534B1860002800F0B480484A81
:105350005249C2F804054FF4A013C2F800324FF4CA
:10536000AA70FEF7E9FF4E4BC3F858154FF40071D1
:10537000C3F85C25C3F80415A3F5B0330121D3F8B5
:105380004405D964D3F84C15D3F84035884205D983
:10539000984240F2B580994200F2B280FEF7ECFFED
:1053A000D2F85035DBB2092B00F0AA80D2F8543184
:1053B000002B40F0A580226882F88030384A4FF4F4
:1053C0000071C2F80815C2F85835C2F85C35C2F849
:1053D0003439FFF7BDF80120FFF7FAFB2846FFF745
:1053E000ABF89FE0DFF8B09043F00403D9F8000079
:1053F0002B7008A900F0DAFF044660B99DF8203050
:105400009F4203D0DB00C6F8603537E72B7843F0C6
:1054100001032B7032E7092810D1FFF799F801201A
:10542000FFF7D6FBD9F800305B7803F00703022BB7
:105430003FF426AF2046FFF773F821E700F0CAFCDF
:1054400000287FF41BAFE8E703F530702AE7FFF789
:105450007FF8052001F0D1FF30E7074B074A40F6FF
:105460009A21C8E6044B054A4FF42B61C3E600BFFE
:105470000010004026130020FE080100140B01005C
:10548000A00901003013002024130020B70A0100F6
:10549000FF0A0100281300202C1300204491004033
:1054A00000F0014000F096FC002800F0DD803B7821
:1054B000DA073FF539AF0120FFF7E2FA6B7803F026
:1054C0000703022B00F0BE802368002283F88020AF
:1054D00000F042FD2060FEF73BFF00283FF47EAF66
:1054E000FEF740FFB94BBA4AC3F80405C3F80022DF
:1054F000D3F85025D2B2022A04BF01229A606DE788
:10550000B24A032333704FF45053C2F808334FF4B8
:10551000B670FEF711FF4FF48270FEF70DFFAD4B32
:10552000C2F80433A94CD4F804331B0140F11081B4
:10553000D4F86C31002B00F00B81A74EA74F4FF42D
:10554000B670FEF7F9FE3278032AD3B200F09A80E3
:10555000043B012B00F273813B781F0740F1F88078
:105560009F4F386801F030F80546002800F0508160
:10557000FEF7EEFE9B4A9C4B051E08BF12234FF020
:105580004001C2F80815C4F8003203D0FEF7EAFE65
:10559000C4F804054FF48670FEF7CEFE934BC4F8B2
:1055A00008334FF48270FEF7C7FE0A23C4F80433B1
:1055B0000020FFF77DF88B498D4BC1F84835A3F5E6
:1055C000B033A3F59C73C1F84C3503F5F033C1F843
:1055D0002C39FFF7B5F98023C1F804354023C1F811
:1055E000043506233370FFF7D7F808B90123236188
:1055F000ADB900F0B1FC7F4B1860FEF7A9FE70B1A9
:10560000FEF7B0FE714B784AC3F80405C3F80022D8
:10561000D3F85025D2B2022A04BF01229A603A6818
:10562000937803F03003202B00F092804FF4AE709B
:10563000FEF782FED378654A1B0643F40073C2F876
:10564000443685E000F0C6FB00287FF43DAF5F4B99
:105650005F4AC3F80022D3F85025D2B2022A7FF461
:1056600061AF01229A605DE7FEF772FF0120FFF74C
:10567000AFFA0420FEF754FF54E75F4B5F4A40F651
:10568000C421B8E557495E4ADFF868914FF0400BF6
:105690004FF0010A5223D9F80080C1F808B5C2F8CA
:1056A00010A0C4F800321823C4F86035494BC4F880
:1056B00008334FF49A70FEF73FFE4FF49470FEF7F4
:1056C0003BFE4FF49870FEF737FE4FF45053C4F88A
:1056D00004334FF40073C2F810A00025C1F8083558
:1056E0008023C1F85855C1F85C55C1F83459C1F848
:1056F0000435FFF725F94348C1F804B500F078FCFC
:10570000FFF74AF808B9C4F810A0D9F8003083F8B8
:10571000805000F021FCC9F80000FEF719FE70B1BE
:10572000FEF720FE294B2A4AC3F80405C3F80022DD
:10573000D3F85025D2B2022A04BF01229A60022374
:1057400033703B7823F007033B704046FEF7F4FECE
:105750001E4AD2F804331D0740F1B880D2F80C314C
:10576000002B00F0B3801C4E4FF48670FEF7E4FD72
:105770003378062B40F02D811E4FD2F85C313D6806
:105780001BB1D2F80034DC0773D4154B186883784A
:1057900003F03003202B69D1AB7803F03003202BCA
:1057A00064D16B7803F00703022B5FD1074BD3F86A
:1057B000004414F001045AD002A900F0A3FF00280D
:1057C00042D1114B114A4FF4206114E50010004002
:1057D00052000800020000082613002024130020B5
:1057E0003013002000F001401200080002000408FD
:1057F0003C7101402C130020FE080100140B010035
:105800000090004030110040DD0A0100EA0A01006A
:10581000FEF778FF022301203370FFF7D9F93868CB
:10582000009000F093FA009800F03CF900982B46A5
:105830002A46294601F0E3FD00F0BAF988E7884BD3
:10584000884A40F6DC21D6E408A9284600F05AFF31
:1058500060B1059850B1099941B19DF81D309DF88E
:1058600034209A4202D102F053FB10B100242546A5
:1058700004E03D68002385F880300124FEF79AFE9D
:10588000022701203770FFF7A3F9002C00F09B805E
:10589000FEF70CFE2B7801902B4413F8010C00F05E
:1058A00037FB714B04B218680090BC4000F04EFA10
:1058B000009800F0F7F8FF2C28BFFF24019A009809
:1058C000E3B2294601F09BFD00F072F9674BD3F873
:1058D0000423D00610D5D3F810316BB164494FF4CE
:1058E0008870FEF729FD0B78012B77D1FEF78CFD30
:1058F00000230B70FEF7D2FD5C4BD3F80423910319
:1059000018D5D3F84431ABB14FF4A270FEF714FDB3
:1059100057480378082B66D1FEF7A2FE02230370D6
:105920000120FFF755F900F011FA012001F06FFD99
:1059300000F03EF94D4BD3F8042352031CD5D3F8A5
:105940004831CBB14A4C4FF4A470FEF7F5FC2278F5
:10595000052AD3B24FF002054AD8032B4AD9FEF7E5
:10596000D1FE01202570FFF733F900F0EFF9012097
:10597000FEF7C2FD00F01CF93C4CD4F804331B04C4
:105980001CD5D4F83C31CBB1394E4FF49E70FEF7A4
:10599000D3FC3378072B5DD1364DD4F868362A789E
:1059A000DBB2934238BF13462B70334B1868002884
:1059B00035D0FEF735FD78B3012363620FB0BDE843
:1059C000F04F00F061B900F0C1F93846FEF794FDE0
:1059D0007AE7234B234A40F6EF210CE4204B214A7F
:1059E00040F6023107E41E4B1E4A40F6153102E430
:1059F000082B05D01A4B1B4A40F62D31FFF7FBBB95
:105A00000120FEF72DFE2570FFF7E2F800F09EF969
:105A1000002001F0FCFCADE7FEF7E4FCCEE700F06F
:105A2000F1F9FEF799FEFEF7F3FD01200223337032
:105A3000FFF7CEF8287800F072FA00B2840000F088
:105A400085F9FF2C28BFFF24E0B201F0DCFC00F058
:105A5000AFF8B3E7024B034A4FF43461FFF7CBBB17
:105A6000FE080100140B010030130020001000405C
:105A7000261300201C13002020130020F8B5084E28
:105A800005460F46002456F8043B33B139462846F4
:105A9000984718B10134042CF5D10120F8BD00BF9E
:105AA000A00B010000F002BFF8B5084E05460F46F6
:105AB000002456F8043B33B139462846984718B1BC
:105AC0000134032CF5D10120F8BD00BFB00B01005B
:105AD00070B5074E0546002456F8043B2BB1284606
:105AE000984718B10134032CF6D1012070BD00BFD6
:105AF000BC0B010000F044BC00F0F4BE08B5174A2E
:105B0000D2E84F3FDBB2FF2B05D1154B154A1648A3
:105B10007B2102F065F90133DBB2C2E8413F002985
:105B2000EED101F0CFFA01F0FBFE0121084601F0B1
:105B300071FA38B10D4B0222C3F88020BFF34F8FAA
:105B4000BFF36F8FBFF34F8FBFF36F8F084A137888
:105B50000133DBB21370012008BD00BF37130020F2
:105B6000C80B0100620E0100D80B010000E100E04B
:105B700035130020034B00221A70034BFF221A70CA
:105B8000704700BF371300203613002008B5FFF719
:105B9000B5FF28B9034B044A0448E52102F020F977
:105BA00008BD00BF6A0C0100350E0100D80B0100D2
:105BB00008B50B4B1A78120606D50A4B0A4A4FF461
:105BC00080710A4802F00CF9094A127822B9094B8F
:105BD000054A40F20111F4E7FF221A7008BD00BF28
:105BE00036130020830C0100CC0D0100D80B0100FE
:105BF00037130020B30C010008B512494A68C2F3FC
:105C00000803E3B112F4F87F06D10F4B0F4A104896
:105C100040F2171102F0E4F8103BDAB25BB2002B4D
:105C2000B5BF02F00F0303F16043043B03F561438A
:105C3000B6BF5B1893F80003187E400908BD4FF00B
:105C4000FF30FBE700ED00E0DA0C0100950D0100EC
:105C5000D80B010008B50A4B1B781BB9BDE80840FA
:105C6000FFF74CBFFFF7C8FF431C064B1B7808BF6C
:105C70007F205BB240B29842F0D0002008BD00BF48
:105C800037130020361300202DE9F041244D2B78E6
:105C900003F0FF046BB1DFF8AC80224E98F800707F
:105CA000012CFFB21AD133784BB11F4B1F4A9E21F2
:105CB00002E01F4B1D4A95211E4802F091F83470F6
:105CC00001F002FA2146204601F0A4F910B11A4B66
:105CD00002221A6001F038FE00233370631EDBB22B
:105CE000D5E84F2FD2B2944203D0144B0F4AAC21C7
:105CF000E2E7C5E8423F002AF2D1012C0ED101F0C3
:105D0000F3F918B998F800309F4207D0FFF7A2FFC7
:105D10000028C3D10A4B054AB921CDE7BDE8F0817F
:105D20003713002034130020140D01001F0E010052
:105D30000C0D0100D80B010000E100E0270D01006F
:105D4000E30A010035130020FFF784BF10B50C4CA7
:105D50002378FF2B05D00B4B0B4AF6210B4802F0A2
:105D60003FF80B4B1B781BB90A4B074AF821F5E7A4
:105D7000FFF742FF431C08BF7F2040B2207010BDD8
:105D800036130020390D0100F50D0100D80B01007C
:105D900037130020B30C01007047000010B50C4C05
:105DA0005A230222FF21601C637402F0F9F9FE23DA
:105DB000E3700822FF230021601D237102F0F0F937
:105DC000002363731423A373E3730223237410BDAE
:105DD00038130020024B587C00F00100704700BFD0
:105DE00038130020024B587CC0F34000704700BFBE
:105DF00038130020024B587CC0F38000704700BF6E
:105E000038130020014B587CC0087047381300201D
:105E1000024B5A7C60F3C7025A7470473813002053
:105E2000F0B5144B587C93F9001085B0C00800F011
:105E3000AFF9114B6A46044603F108071546186886
:105E40005968164603C60833BB423246F7D1186874
:105E50009B883060072CB38009DC2B46002213F8A6
:105E6000010B41B28C4203DD01320E2AF7D108202A
:105E700005B0F0BD38130020790E010000487047CE
:105E80003913002001460222014802F073B800BF16
:105E900039130020004870473D13002001460822B6
:105EA000014802F067B800BF3D130020004870476A
:105EB0003B1300200149042202F05CB84513002086
:105EC00008B501F07EFE10F11D0F0FDB10F1090F78
:105ED0000EDB0A280EDD1E280EDD32280EDD4728D7
:105EE000B4BF6FF001006FF0020008BD0320FCE7B3
:105EF0000220FAE70120F8E70020F6E74FF0FF3034
:105F0000F3E710B50446FFF7DBFF2044C0B210BD35
:105F100010B50446FFF7D4FF201AC0B210BD10B56B
:105F20000446FFF7CDFF201AC0B210BD10B50446DD
:105F3000FFF7C6FF201AC0B210BD0000054A0023BB
:105F400001210133102B82F8801002F18102F8D177
:105F5000704700BF4A130020074A0023114692F8F9
:105F6000800018B103EBC313C81870470133102B1E
:105F700002F18102F3D170474A1300200E4A002338
:105F800010B513600D4A137001F0FFFA01F0A2FD85
:105F9000044601F01BFB0A4B4FF40052C3F878454E
:105FA000C3F87C05C3F80425D3F8042842F48042E2
:105FB000C3F8042810BD00BF5C1B0020601B00203C
:105FC00000F0014008B5054B00221A7001F0DEFA1E
:105FD00001F000FBBDE8084001F028BD6C1B00206B
:105FE00008B501F0EDFABDE8084001F065BD00001C
:105FF00010B5044601F01CFB054B064AC3F880456A
:10600000C3F88405C3F8482901229A6010BD00BF77
:1060100000F001400CF001402DE9F041064628B99E
:10602000244B254A2548992101F0DAFE244B1B78A0
:1060300003F0FF0883B3234F01F0FEFA7B68C51A13
:10604000214B187820B3214B1968CB1711F580022A
:10605000A5FB010C05FB03CC43F1000311F5800FF8
:10606000ACBF00210121B1EBDC7F4FEAD37416D025
:10607000A41843F10001640844EAC17464424FEA81
:10608000610161EB410120184CEB010108F090FF28
:106090003B681D44281A30604046BDE8F081A418D2
:1060A00043F10001640844EAC17420184CEB61011B
:1060B000ECE700BF870E0100280F01009B0E0100D6
:1060C0006C1B0020641B0020601B00205C1B002058
:1060D000F7B501A801F08EFA00284CD0284E294CC3
:1060E000294D01F0FBFC3378009013B32268019F27
:1060F000C2F500113A4467680144D21B101A4FEAF6
:10610000D1524FEA91534BBF801A801890FBF3F0A5
:10611000B0FBF3F02B781D495BB30B68C3EBC303F3
:106120001B1821D51A1F00D5DA1CD2100A600123D2
:106130002B7000233370BFF35F8F02AB13E90300B2
:1061400084E80300BFF35F8F0123337001F042FA4C
:106150002B782068002B14BF4FF080714FF4800122
:1061600001F094FC03B0F0BD1A1D48BF03F10B020F
:10617000DBE70860DBE701F02DFA01F057FCF1E7FF
:106180006C1B0020641B0020601B00205C1B002097
:106190000846704770B501F011FD0C4B0C4D1C7892
:1061A0000123A340013B184000260A4BAB60C4B258
:1061B000EE6001F06BF828604FF4A07044436C600F
:1061C00031462846BDE8704001F06CB86D1B0020D8
:1061D000701B00201562000010B50B4A0B491378A4
:1061E0000133DBB213700A78042A9CBF01320A70B3
:1061F000032B4FF0000403D8FFF7CCFF204610BD5F
:10620000034B01201C70FAE76F1B00206D1B002060
:106210006E1B002013B50B4C23788BB10A4B0B4A35
:1062200001930020009012680123032101F0FAF885
:1062300030B9237823B102B0BDE81040FFF7CCBFDE
:1062400002B010BD6E1B002051620000841B0020B4
:1062500040B9054B1B78022B04D9044B0121186867
:1062600001F0CFB8704700BF6F1B0020841B0020D7
:10627000012910B507D8074C38B10748002101F0B3
:1062800075F800232370012002E0207880F00100DF
:1062900010BD00BF6E1B0020701B0020054B1B684B
:1062A000834204D1044B1B780BB1FFF795BF01204B
:1062B000704700BF841B00206E1B002008B5094BEF
:1062C0001B6883420BD1084801F05AF828B1074BEC
:1062D000074A0848F92101F083FD074B1870012097
:1062E00008BD00BF841B0020701B0020FB0F0100B5
:1062F00028100100650F01006E1B002013B50C4A29
:10630000531CD3E84F3FDBB28DF807309DF80730C0
:10631000834204D0BFF32F8F002002B010BD541C65
:10632000C4E8431F002BEBD1BFF35F8F0120F4E7DC
:10633000881B0020052910B5034615D00C4C627847
:10634000022AD0B210D18BB10021FFF7D7FF10B1D4
:106350000A2001F052F8637833B1064B064A074829
:106360004FF4027101F03CFD012010BD1846FCE71E
:10637000881B0020511101008F11010079100100CC
:1063800038B5084B5B78022B044609D100F07EFF3C
:10639000054D2378286020462B7100F015F96871AF
:1063A00038BD00BF881B00208C1B0020F0B50C7886
:1063B0004278032C89B006460D4602F0070736D115
:1063C0000378053B7A2B00F288808378052F03F051
:1063D00030010BD020D812F0040201D0012423E0B8
:1063E0003029FBD0102903D0202917D00029F5D15E
:1063F00003F00C03082B0ED00C2B0BD0002BEDD18F
:10640000FFF7F8FC00B97FB996F90230002BE5DA06
:10641000062300E00E232B70002405E0144600F054
:10642000F4F8FF28DAD02870204609B0F0BD02A9A0
:1064300000F068F90028D1D0029CECB1FFF71EFDF6
:1064400002220146204601F063FDA8B1244B02223E
:106450001D88ADF8045001A9204601F059FD58B13E
:1064600047B9FFF70BFD02226946ADF8005001F075
:106470004FFD08B10324D7E79DF81C40022C09D03A
:10648000082C1DD014BBFFF7B5FC0028C4D1002F89
:10649000C2D0EFE7039DFFF709FD224601462846DB
:1064A00001F036FD0028B7D00D4B1B88ADF8043045
:1064B000224601A9284601F02BFD0028DAD1ABE7DE
:1064C000039DFFF7E7FC22460146F3E7054B064A2A
:1064D00006484FF4D97101F083FC0924A4E700BFFA
:1064E00041120100FE08010043120100AC1101003D
:1064F000837803F030021F2A05D913F0010F0CBF77
:1065000004200320704704207047807800F0C0000A
:10651000802807D0C02807D0003818BF012040428B
:10652000C0B2704702207047082070478378024A43
:1065300003F00C03D05C704752120100827843785C
:10654000900602F00C0103D4081E18BF012070470A
:106550000C29C3F3801002F0C00204D1C02A08D174
:1065600080F001007047002AEED10029F8D1C0B2B6
:106570007047002AE8D1F3E7837842789906C2F39E
:10658000801203F0C00003D448B182F001007047CC
:1065900003F00C030C2BF7D1C028F5D10020704775
:1065A000807800F0C000A0F1C00358425841704705
:1065B000807800F0C000A0F1800358425841704735
:1065C000807800F0010070474078C0F340107047B9
:1065D00010B50446FFF7B2FF20B12046BDE81040D9
:1065E000FFF786BF10BD10B5837813F00C03044687
:1065F00009D0FFF7EDFF20B92046BDE81040FFF7B6
:1066000077BF0230C3B2184610BD38B50146FFF758
:106610006FFF05460846FFF789FFFF28044607D0AD
:106620000846FFF78BFF08B10235EDB22C44E4B207
:10663000204638BD38B50546FFF7CAFF0446284650
:10664000FFF79AFFA0B12846FFF7CDFF0146284685
:10665000FFF76CFF21B1FF2801D00B18D8B238BD6D
:106660000CB1A31CFAE72846BDE83840FFF740BF4D
:106670002846FFF763FF002814BF20460020EEE7FE
:1066800038B5847814F0C00405460AD0FFF7D2FF6D
:1066900004462846FFF770FF28B1FF2C01D00234D2
:1066A000E4B2204638BD2846FFF79DFF0146284644
:1066B000FFF73CFF044619B1FF28F2D00C44EFE786
:1066C0002846FFF785FF10B10230C4B2E9E728463B
:1066D000BDE83840FFF70CBF38B504460D46FFF75C
:1066E000CFFF431EDBB2FD2B09D8A37803F0C00314
:1066F000A3F1C0025342534120442B7038BD002304
:106700001846FAE72DE9F0410646FFF7F1FE044688
:1067100030460D46FFF712FF07463046FFF72CFFC5
:106720008046A7B131190234E4B22960B37813F07E
:106730000C030ED033196B603046FFF7F7FE0444AC
:10674000FF282875E4B206D10020BDE8F081394663
:10675000EBE76B602B75B8F1000F1CD033190234D6
:10676000AB60E4B2B37813F0C00319D03319EB6017
:106770003046FFF7CAFE0444FF286875E4B2E3D050
:10678000AC757378C3F3C0001B074BBFA419286115
:106790002C610120D9E7002F08BF3946A960E1E745
:1067A000EB606B75ECE70000034B00211970BFF341
:1067B0005F8F024800F0DABD941B0020981B002078
:1067C00020B1034B0521186800F01BBE704700BFC5
:1067D000AC1B002010B5104C237843B10F4A0023A6
:1067E0000421012000F01CFE10B10023237010BD15
:1067F0000B480C4A436803F5FA739342436005D98A
:10680000094B0A4A0A485E2101F0EAFABDE8104045
:10681000012100F047BD00BF941B0020C1670000AC
:10682000981B002040420F005F120100E01301009E
:106830007D12010038B50E4C0E4D0F4BA3600023A6
:10684000E360286000F022FD2B6820601A780B4B73
:106850001B6803EB421303F5C07301256360084B0B
:10686000204629461D7000F01DFD284638BD00BF9A
:10687000981B0020AC1B0020D56700001C000020E6
:10688000941B002010B5084B1B7803F0FF0433B1B4
:10689000042902D028B1FFF787FF204610BD01244C
:1068A000FBE70446F9E700BF941B002008B5084B3E
:1068B0001B68834208D0074B1B782BB1064B074A55
:1068C0000748A32101F08CFABDE80840FFF76CBF30
:1068D000AC1B0020941B00201F130100B813010003
:1068E0007D12010008B5064B1B782BB9054B064AF3
:1068F0000648AA2101F074FABDE80840FFF754BF2A
:10690000941B0020511301008D1301007D12010022
:1069100008B5084B1B68834208D0074B1B782BB186
:10692000064B074A0748B22101F05AFAFFF73CFF2D
:10693000012008BDAC1B0020941B00201F13010088
:10694000671301007D1201002DE9F843894642B129
:10695000012A0CD0274B284A28484FF49C7101F09B
:106960003FFA274A83BB976E022401322FE0254A63
:10697000D3BBD2F818710B2429E0ACEB060506EB6B
:106980006505AF4228D905FB04FE02EB0E0883B172
:1069900052F80EE001688E4511D813D3D8F804E000
:1069A000416871450BD30DD8C9F800500120BDE8EE
:1069B000F883B0F8008032F80EE0F045F2E705F118
:1069C000FF3C07E06E1C05E0D76E08241532002559
:1069D000BC462E46B445D0DA6B1CB34208BF3546E0
:1069E000C9F800500020E2E7D2F81C7111246E3281
:1069F000EDE700BFFE080100C7140100F413010019
:106A0000D01C0020B01B002010B5094C70220021C2
:106A1000204601F0C5FB4FF490720648002101F0BA
:106A2000BFFB01232370044B00221A7010BD00BF6E
:106A3000D01C0020B01B0020401D002030B5234B8F
:106A40001D78012D89B0044614D0022D15D0002DDB
:106A500034D101A9FFF740FE1D4B1B786BB130B15B
:106A60009DF804302A4602A9FFF76EFF0346184638
:106A700009B030BD164B1B780BB90123F7E702A90B
:106A80004578FFF73FFE0028F7D005F00705032DF6
:106A900012D19DF81E30E35C042B0DD19DF81D3002
:106AA000022BEAD100231A46059801A9FFF74CFFF3
:106AB00080F00100C3B2DAE70023D8E7054B064AAD
:106AC000064840F2C22101F08BF900BF401D0020B2
:106AD000D01C0020FE08010099140100F4130100ED
:106AE00073B50E461546044680B10B46012201A936
:106AF000FFF72AFFA0B101980B4C56B100EB001034
:106B00002318763093F87E302B700444204602B070
:106B100070BD0B235843231802309B7A2B70F4E787
:106B200028700446F2E700BFB01B002008B500F053
:106B300023F9BDE8084000F025B8000008B5427808
:106B40009206034605D40C4B0C4A0D484F2101F028
:106B500047F9827802F03002102A02D0202A05D0AC
:106B600042B91846BDE8084000F01AB9BDE808402F
:106B700000F00AB8002008BDD714010095150100E7
:106B80000515010070470000F0B58FB002A9054659
:106B9000FFF7B8FD002800F093809DF81D106D4CA4
:106BA000A1F10800414241410DF107020598FFF7AC
:106BB00097FF032206460021204601F0F1FA637890
:106BC00043F0020363706A7802F008021343284618
:106BD0006370FFF733FF18B1637843F010036370FD
:106BE0006B785B0648BF6378284644BF43F0400398
:106BF0006370FFF7E5FC18B1A37843F00103A370BD
:106C00001EB1A37843F00203A3702846FFF7C8FC27
:106C100090B1A37843F00C03A370A3784D4843F0E0
:106C2000200308A9A370FFF76DFD70B94A4B4B4ACA
:106C30009A214B4801F0D4F82846FFF7B9FC002808
:106C4000EBD0A37843F00803E6E79DF836302846FA
:106C500001332370FFF7B4FC08B9EB78E370089BAD
:106C600053B1049921B9029911B9FFF707F9014607
:106C70000898022201F07EF9059989B1099818B99E
:106C8000384B394ABF21D4E79DF81D309DF8342098
:106C90009A4203D0354B344AC021CAE701F06AF961
:106CA0000C9B7BB99DF83650601946B19DF8075092
:106CB00031462A4601F05EF92278154425702548B0
:106CC0000FB0F0BD069A1AB9294B2A4AD221B0E773
:106CD00012781A7021784B1C23700C9B1A7812F0D2
:106CE000200204BF053121700699FAB101315D1C03
:106CF0001B7803F01803102B1BD0182B1BD0082B6C
:106D00001BD101273A46284601F034F923783B4449
:106D100023700C9B1B7803F00703013B062B11D853
:106D2000DFE803F00D1215100D12150005315D1D81
:106D3000DEE70527E6E70927E4E70027E9E7237808
:106D400004332370E819B0E723780833F9E7237890
:106D50001033F6E7411D0020B5150100FB160100B8
:106D6000C315010071160100EB1601008B1601001E
:106D7000BA160100D616010007B5074B1868009037
:106D80009B880648ADF804300622694601F0F2F807
:106D900003B05DF804FB00BF0D170100C11D00200A
:106DA00010B5064CC378E370FFF748FE002814BF07
:106DB000122302236370204610BD00BFC11D0020B6
:106DC00008B5084B1B7803B959B9074B1A5C8A42BE
:106DD00006D129B1054B064A0648B92101F000F851
:106DE000195408BD111E0020C71D002013170100F3
:106DF000F7170100501701002DE9F04F394EDFF869
:106E0000E88085B00123D6E84F5F15F0FF0509D073
:106E1000BFF32F8F344A13780133DBB2137005B000
:106E2000BDE8F08FC6E8443F002CECD1BFF35F8F84
:106E3000DFF8C09098F80030DFF8BCA05FFA83FB61
:106E400099F80030019300F021FA0746DAF80410AF
:106E5000DAF808300391029300F01AFA9AF8002049
:106E60000399AA4209D9214A029B121A1A443846A8
:106E700000F010FA08B99AF80050012C0AF1200A23
:106E800026D11B4B1978019B8D4238BF0D46AB4272
:106E900015D089F80050EDB900F0BEFA2946284611
:106EA000FFF78EFF00F0E8FA29462046FFF788FF3B
:106EB000284600F069FB29460220FFF781FFBFF357
:106EC0005F8F0023337098F800305B459AD1A6E7B6
:106ED0000124BBE700F0A2FA00F014FB00F0B4FAC2
:106EE000E6E700BF0F1E0020101E002020FEFFFF5F
:106EF000CA1D0020111E0020CC1D002070B51D4DA4
:106F00001D4E0122D5E84F3FDBB23BB1BFF32F8FBF
:106F1000194A13780133DBB2137070BDC5E8432FF3
:106F2000002BEFD1BFF35F8F144B34781A78032A0C
:106F300098BF18785A788CBF0420C0B2904288BF9E
:106F400058789A7888BFC0B2824238BF98780C4B84
:106F50001A7838BFC0B28242E4B202D0187000F092
:106F60008FF8BFF35F8F00232B703378A342C8D113
:106F7000D3E700BF0D1E00200E1E0020C71D0020FD
:106F80000C1E002008B500F059FA00F0FCFA0A4A7D
:106F900000231370094A1370094A1370094A1370C9
:106FA000094A1370094A137082F82030084A137096
:106FB0005370937008BD00BF0D1E00200F1E0020EF
:106FC0000C1E0020CA1D0020111E0020CC1D002018
:106FD000C71D002008B5054B1870BFF35F8FFFF782
:106FE0000BFFBDE80840FFF789BF00BFCA1D0020A6
:106FF00000F058BA00F058BA054B1A7832B95A78EE
:1070000022B99878003818BF0120704701207047D6
:10701000C71D0020022808B506D9074B074A0848B3
:1070200040F20E2100F0DCFE064B185C884234BFB3
:107030000020012008BD00BFC1170100D6170100C4
:1070400050170100C71D002000F042BA08B5042106
:107050000120FFF7B5FEBDE80840FFF74FBF08B5B8
:1070600004210020FFF7ACFEBDE80840FFF746BF53
:10707000014BFF221A707047121E0020FFF7AABFB3
:1070800013B50446FEF760FE0D4B50B11A78FF2A87
:1070900007D12046FDF73EFE02B0BDE81040FEF7E6
:1070A000F3BDD3E84F2FD2B28DF807209DF807200B
:1070B000C3E8424F002AF4D10028EDD102B010BD40
:1070C000121E002070470000064AFF23D2E84F0F2F
:1070D000C2E8413F0029F9D1C0B2FF2801D0FDF735
:1070E00019BE7047121E0020024B1878FF3818BFD7
:1070F00001207047121E002082B00122D0E84F3FCD
:10710000DBB28DF807309DF8073023B1BFF32F8F26
:10711000002002B07047C0E8432F002BEED1BFF330
:107120005F8F0120F5E70000094A82B0D2E84F3FA7
:10713000DBB28DF807309DF807300133DBB2C2E8CF
:10714000413F0029F2D1BFF35F8F02B0704700BF0B
:10715000141E0020F8B50E4E0E4F35780E483C68D0
:10716000EDB2FFF7C9FF38B154B900F051FCBFF3DD
:107170005F8F094B00221A703378AB42EDD1F8BD16
:107180003B6820686168A342F1D100F0F1FBEEE7B3
:10719000141E0020181E0020151E00202DE9F341AA
:1071A0000F4688B12A49DFF8BCC04FF000080A78C2
:1071B000CDF80480D2B2634653E8004F54B1A042E8
:1071C00008D004F11003F7E7224B234ABD212348DE
:1071D00000F006FE0D78AA42E9D1A04215D102695D
:1071E0000192DCF8002082421FD1019A002A15BFCB
:1071F0000025012501260026019A43E8002EBEF154
:10720000000FD4D1FFF790FF03E0BFF32F8F0025CD
:107210002E46A4B104F1100353E8003F9C4207D16D
:107220000F4B0D4A4FF48871D1E700252E46E3E756
:1072300004F1100141E80032002AEBD1012407B12A
:107240003C70002E14BF3046284602B0BDE8F081E5
:10725000141E00200E180100F41801001E18010071
:10726000A1180100181E0020044A00231360044ADC
:107270001370044A1370044A13707047181E0020DC
:10728000151E0020131E0020141E002000F06ABBF3
:1072900000F06CBB101A08440028D4BF0020012065
:1072A00070470000F8B5044630B9284B284A4FF41F
:1072B000AA71284800F094FD836823B9264B244A1C
:1072C00040F25511F5E729B100F050FB6368013B2E
:1072D0000344636000212046FFF760FF08B1FFF719
:1072E00039FF1E4E1E4D30782946C0B251E8003F8E
:1072F0009C4204D11B4B164A4FF4B871D9E75BB1DD
:10730000D4E900273A441F68D21B5F68D21B002AC9
:1073100002DB03F11001E9E732788242E3D1A342B4
:1073200004D1114B0A4A40F28911C2E7236141E8B6
:107330000043002BD7D1FFF7F7FE2B68A34203D100
:10734000BDE8F840FFF706BFF8BD00BF0E1801000A
:10735000011901001E180100B7180100141E0020B9
:10736000181E0020D1180100E218010008B5FFF72F
:1073700015FF18B1BDE80840FFF7ECBE08BD0000DE
:1073800030B5094B09491D680A782B46D2B223B99A
:107390000C789442F8D1184630BD834201D01B6965
:1073A000F5E70123F4E700BF181E0020141E00209B
:1073B00037B50E48FFF7A0FE98B10D4B186858B1CD
:1073C0000DF10701D0E90245FFF7E8FE9DF807300F
:1073D00013B10CB12846A047BFF35F8F034B0022C7
:1073E0001A7003B0BDE83040FFF7B4BE131E002092
:1073F000181E00207047FCF78CBFFCF798BFF9F708
:107400006BB8F9F763B8FCF793BFFCF792BFFCF7D2
:1074100091BFFCF790BF704700F082B8704770478B
:10742000FDF7CEBD10B49DF8044001945DF8044B07
:10743000FDF7F8BDFDF734BEFDF790BE014B00220D
:107440001A7070471C1E002008B5074B1A782AB125
:10745000064B074A07483B2100F0C2FC01221A7084
:10746000BDE80840FFF7F2BD1C1E00201C190100FA
:10747000DE1901002A19010008B5064B1A782AB94D
:10748000054B064A0648432100F0AAFC00221A7068
:1074900008BD00BF1C1E00201D190100C0190100FD
:1074A0002A1901007047000008B5054B1B782BB95D
:1074B000044B054A0548512100F092FC012008BD0B
:1074C0001C1E00201D190100A61901002A19010027
:1074D0004FF0FF30704700004FF080430849002212
:1074E000C3F81825E02281F800230122C1F8802189
:1074F0000A60C3F804230222C3F80423704700BFC4
:1075000000E100E04FF08043002282B0C3F8002188
:10751000D3F800210192019A01221A6002B070474B
:107520004FF0804301225A6070474FF080430022A1
:1075300082B0C3F80421D3F804210192019A0122F8
:107540009A6002B0704707B54FF08043D3F800212E
:1075500042B10022C3F80021D3F800310093009B10
:10756000FFF77DFD4FF08043D3F8042142B10022A4
:10757000C3F80421D3F804310193019B00F0B4FA5D
:1075800003B05DF804FB7047704770470B4BD3F8AE
:10759000042522F00302C3F80425D3F8082542F09D
:1075A0000302C3F80825D3F8102522F00F0242F099
:1075B0000402C3F8102501221A60704700800040C1
:1075C000014B01221A61704700800040004870475B
:1075D00048800040054A064901235364D2F84435E7
:1075E000013B0B60C2F84835704700BF0080004087
:1075F000201E002008B5094BD3F8483528B9084BA0
:10760000084A09487B2100F0EBFB084A12689A42BD
:1076100016BF03600020012008BD00BF00800040AD
:10762000870E0100991A0100FD190100201E00209B
:10763000004870474C800040014BD3F84C05704720
:1076400000800040F8B51C4A430B43EAC1434C0B91
:10765000A3FB023502FB04551B0F43EA05132D0F54
:107660006A0243F6095742EAD3525C02A3FB07368B
:10767000C31A124807FB056561EB050198424FF0FC
:107680000000884105D20E4B0E4A0F48902100F0B1
:10769000A7FB0E4D40F23140584305FB0100A3FB10
:1076A0000535013B284447F6FF7340EB0300C00B50
:1076B000001942F10001F8BDD07B6308452C16008B
:1076C000BB1A01000A1C0100C91A01007B2DE8BD8C
:1076D000F8B5224D05EB001C044606012048DCF8F5
:1076E0000470C0F80873DCF80C70C0F84473D3E978
:1076F0000073B9422AD9C81B002827DA013B8A182F
:107700004FF0000040EB000119448018FFF79AFF8A
:1077100043F60957A0FB073207FB012140F2FF1295
:107720009B18DFF840C00E4A41F100015B0A43EAB2
:10773000C1534CF83430AB590CEBC40E03F5A873AD
:10774000490ACEF8041042F82300F8BDB942D6D257
:107750007F1A002FB8BF0133D1E700BF3C1C0100E6
:1077600000400240381E002000F1402000F50030AB
:10777000002382B0036003680193019B02B070474D
:1077800037B526490122D1E84F3FDBB28DF80730EB
:107790009DF807306BB1BFF32F8F214BD3F8042135
:1077A000204B12B91A68D20736D518680230400843
:1077B00030E0C1E8432F002BE5D1194B0222C3F87A
:1077C0000823BFF35F8FD3F80431164A4BB1136817
:1077D00001331360BFF35F8F4FF48270FFF7C4FF74
:1077E000012310680E4C022501304008C4F80453F0
:1077F000BFF35F8F00240C7063B11368D90706D400
:10780000094B0A4A0A484FF4887100F0E9FA1368F4
:107810000133136003B030BD1868C8E72C1E002088
:1078200000400240301E0020501B0100251C0100BA
:10783000681B01002DE9F04106460C46FFF7A0FF4A
:107840000546BFF35F8FDFF82080D8F80475BFF3DB
:107850005F8FFFF795FF3060854218BFD8F8047539
:107860002760BDE8F08100BF0040024007B501A9D4
:107870006846FFF7DFFF019A43F6095340F2FF1015
:107880000021E2FB0301400A009A044B40EAC15088
:10789000490AE2FB030103B05DF804FB0080841E8B
:1078A000194A002310B51360184A194C0020002112
:1078B000C2E90001174A23701360FFF736FE2378F0
:1078C000002BFCD0144BC02283F824231022C3F8D1
:1078D00084215A60114A0023C2F808354FF482709F
:1078E000FFF742FF0223C2F84433C2F804334FF4D7
:1078F0008033C2F808334FF4A070C2F84833FFF762
:1079000033FF0123136010BD301E0020381E0020FD
:10791000241E0020281E002000E100E0004002405C
:10792000074B5A68D20642BF064A01211160102255
:10793000C3F88420BFF34F8FBFF36F8F704700BF32
:1079400000E100E0281E0020044B1A6822B100224A
:107950001A60034B10225A60704700BF281E002097
:1079600000E100E008B5FFF781FF08BD1F20704768
:1079700070B586B00546019102A803A9FFF75AFF2A
:10798000039E019A002043F60951044640F2FF137A
:10799000E6FB01345B0A0299184E43EAC453640AB9
:1079A000E1FB0634CDE90434294604ABFFF790FE31
:1079B000134B039AD3F804359A4203D0FFF756FFCE
:1079C000CDE904010F49049B059AD1E900013E333A
:1079D00042F10002834272EB010308D30A4B0122F9
:1079E0001A700A4B1022C3F8042106B070BD044B74
:1079F0004FF48032C3F80423F7E700BF0080841EF1
:107A000000400240381E0020341E002000E100E04B
:107A1000054B4FF48032C3F848234FF4A070C3F8ED
:107A20000823FFF7A1BE00BF004002407FB5154DFF
:107A3000154E0424694601A8FFF7FCFE009A43F6A0
:107A4000095040F2FF110023E2FB0013490A019A9A
:107A500041EAC3515B0AE2FB0513CDE902133E2262
:107A600002AB0120FFF734FE4FF40033C6F80433B5
:107A7000D6F80435009A9A4201D0013CDAD104B01C
:107A800070BD00BF0080841E004002401FB5044648
:107A90000191FFF7EBFE019ACDE9020102AB21460D
:107AA0000120FFF715FE034B4FF40032C3F8042307
:107AB00004B010BD00400240054B4FF40032C3F843
:107AC00048234FF4A270C3F80823FFF74DBE00BF50
:107AD000004002400048704744410240014B986812
:107AE000704700BF381E0020014B01221A707047FA
:107AF000241E002010B5264BD3F8042122B1022207
:107B0000C3F80823FFF73CFE224B1A7872B100221B
:107B10004FF4A0701A70FFF727FE1D4B4FF4803210
:107B2000C3F84823C3F80823FFF742FC184CD4F8E5
:107B30000433DA0317D5D4F84031A3B14FF4A07061
:107B4000FFF712FEFFF792FE134BD3E9002390429A
:107B500071EB030307D34FF48033C4F84833C4F800
:107B60000833FFF725FC0A4AD2F804339B030ED5ED
:107B7000D2F844315BB14FF4A270FFF7F5FD4FF43A
:107B80000033C2F84833C2F80833FEF7A1FA10BD3B
:107B900000400240341E0020381E0020064B012207
:107BA0001A60D3F80021002AFBD00022C3F800217C
:107BB000D3F8080500F06ABB00D0004000F06EBBAF
:107BC0007047142070470000BFF34F8F0549064BE4
:107BD000CA6802F4E0621343CB60BFF34F8F00BF6B
:107BE000FDE700BF00ED00E00400FA054FF0805310
:107BF000D3F830210D2A03BFD3F83401B0FA80F056
:107C0000400900207047000008B5FFF7EFFF40B1C2
:107C10004FF080430022C3F80C21C3F81021C3F8B1
:107C20003825FFF7E3FF002846D04FF08052584B2D
:107C3000D2F80414C3F82015D2F80814C3F8241598
:107C4000D2F80C14C3F82815D2F81014C3F82C1568
:107C5000D2F81414C3F83015D2F81814C3F8341538
:107C6000D2F81C14C3F84015D2F82014C3F84415F8
:107C7000D2F82414C3F84815D2F82814C3F84C15C8
:107C8000D2F82C14C3F85015D2F83014C3F8541598
:107C9000D2F83414C3F86015D2F83814C3F8641558
:107CA000D2F83C14C3F86815D2F84014C3F86C1528
:107CB000D2F84424C3F87025FFF798FF48B14FF07D
:107CC0008043D3F80024D10744BF6FF00102C3F80A
:107CD0000024304AD2F8883043F47003C2F8883068
:107CE000BFF34F8FBFF36F8F4FF01023D3F80C22E9
:107CF000D2071DD5284B0122C3F80425D3F8002450
:107D0000002AFBD04FF01022D2F80C3223F00103EE
:107D1000C2F80C32204BD3F80024002AFBD00022FA
:107D2000C3F80425D3F80024002AFBD0FFF74CFF4A
:107D3000D3F80022002A03DBD3F80432002B22DA26
:107D4000154B0122C3F80425D3F80024002AFBD0E8
:107D50004FF010221221C2F80012D3F80024002A9A
:107D6000FBD04FF010231222C3F804220A4BD3F8A1
:107D70000024002AFBD00022C3F80425D3F80024F5
:107D8000002AFBD0D2E7054B054A1A6008BD00BFA8
:107D900000C0004000ED00E000E0014020000020B5
:107DA0000090D0030649074A074B9B1A03DD043BAA
:107DB000C858D050FBDCFFF727FFF8F769FA00003E
:107DC0009C20010000000020E8090020FEE7FEE7FB
:107DD000FEE7FEE7FEE7FEE7FEE7FEE7FEE7FEE77B
:107DE00000B50B4C25681446EE681A4685B003466C
:107DF0000D464CB107490095CDE9011430460649BE
:107E000000F04EF802F01EFE04490C46F3E700BFF6
:107E1000280000205C1C01006C1C0100681C010093
:107E200008B513460022FFF7DBFF00BF0023014621
:107E30001A46184602F06CBD08B50021044602F04F
:107E40009BFD044B1868C36B03B19847204606F0AE
:107E500019FC00BFA01D010038B5084B084D5B1B85
:107E60009C1007D0043B1D44013C55F80439984749
:107E7000002CF9D1BDE8384007F072BAE4090020BF
:107E8000E00900200CB400B583B004AB53F8042B18
:107E9000019300F0ABFB03B05DF804EB02B0704758
:107EA0000EB410B583B005AB064C53F8042B019308
:107EB0000146206800F09AFB03B0BDE8104003B013
:107EC000704700BF2800002070B50D4E0D4D761B89
:107ED000B61006D0002455F8043B01349847A6425A
:107EE000F9D1094E094D761B07F034FAB61006D0C9
:107EF000002455F8043B01349847A642F9D170BDDF
:107F0000D4090020D4090020E0090020D409002071
:107F1000032A70B515D940EA010C1CF0030F044682
:107F20000B4621D1194620460E680568B54204F17A
:107F3000040403F1040317D1043A032A2046194626
:107F4000F0D8541EA2B100F1FF3C013901E0C31882
:107F50000CD01CF801EF11F8012F9645A4EB0C038F
:107F6000F5D0AEEB020070BD541EECE7184670BDB4
:107F7000104670BD844641EA000313F003036DD13F
:107F8000403A41D351F8043B40F8043B51F8043BDC
:107F900040F8043B51F8043B40F8043B51F8043BE3
:107FA00040F8043B51F8043B40F8043B51F8043BD3
:107FB00040F8043B51F8043B40F8043B51F8043BC3
:107FC00040F8043B51F8043B40F8043B51F8043BB3
:107FD00040F8043B51F8043B40F8043B51F8043BA3
:107FE00040F8043B51F8043B40F8043B51F8043B93
:107FF00040F8043B51F8043B40F8043B51F8043B83
:1080000040F8043B403ABDD2303211D351F8043B22
:1080100040F8043B51F8043B40F8043B51F8043B62
:1080200040F8043B51F8043B40F8043B103AEDD2D1
:108030000C3205D351F8043B40F8043B043AF9D222
:10804000043208D0D2071CBF11F8013B00F8013BF5
:1080500001D30B8803806046704700BF082A13D302
:108060008B078DD010F003038AD0C3F10403D21A1A
:10807000DB071CBF11F8013B00F8013B80D331F84E
:10808000023B20F8023B7BE7043AD9D3013A11F8CE
:10809000013B00F8013BF9D20B7803704B78437039
:1080A0008B7883706046704788420DD98B18834265
:1080B0000AD900EB020CBAB1624613F801CD02F8FE
:1080C00001CD9942F9D170470F2A0ED8034602F12B
:1080D000FF3C4AB10CF1010C013B8C4411F8012B1F
:1080E00003F8012F6145F9D1704740EA01039B076E
:1080F00050D1A2F1100370B501F1200C23F00F054F
:1081000001F1100E00F11004AC441B095EF8105C84
:1081100044F8105C5EF80C5C44F80C5C5EF8085C9B
:1081200044F8085C5EF8045C44F8045C0EF1100E40
:10813000E64504F11004E9D1013312F00C0F01EB14
:10814000031102F00F0400EB031327D0043C24F0CA
:1081500003064FEA940C1E441C1F8E465EF8045B17
:1081600044F8045FB442F9D10CF1010402F00302B7
:1081700003EB840301EB840102F1FF3C4AB10CF1F3
:10818000010C013B8C4411F8012B03F8012F6145D0
:10819000F9D170BD02F1FF3C03469BE72246EBE7B5
:1081A000830730B548D0541E002A3FD0CAB20346D8
:1081B00001E0013C3AD303F8012B9D07F9D1032CD0
:1081C0002DD9CDB245EA05250F2C45EA054536D90E
:1081D000A4F1100222F00F0C03F1200EE6444FEA46
:1081E000121C03F1100242E9045542E90255103213
:1081F0007245F8D10CF1010214F00C0F03EB0212DE
:1082000004F00F0C13D0ACF1040323F00303043388
:10821000134442F8045B9342FBD10CF003042CB1ED
:10822000CAB21C4403F8012B9C42FBD130BD64460A
:108230001346002CF4D1F9E703461446BFE71A466B
:10824000A446E0E70EB400B582B003AB816853F8F2
:10825000042B019301F024F802B05DF804EB03B0A5
:10826000704700BF0FB400B5074983B004AB08687E
:1082700053F8042B8168019301F012F803B05DF804
:1082800004EB04B0704700BF28000020024B1B68BD
:108290000022C3E92A027047280000200B4A0C493B
:1082A00010B414680B4AD4E92A0300FB02F201FB64
:1082B0000322A0FB0101431C42EB0100C4E92A3068
:1082C00020F000405DF8044B704700BF28000020FC
:1082D0002D7F954C2DF4515800294FF480630CBF2D
:1082E0000222002200F000B82DE9F0435A4CD4F8E5
:1082F000008083B004460E4617461D46B8F1000FB5
:1083000003D0D8F83830002B68D0022F05D0012FC9
:1083100000F28E80002DC0F28B802146404603F093
:1083200065FC216B41B104F14003994202D0404603
:1083300003F082FE00232363B4F90CC000231CF079
:10834000800FA361636051D12CF44A6C2CF0030CB4
:10835000022FA4F80CC057D001AB6A462146404614
:1083600004F0ECF9A3891843A08125B326B3D8F80B
:1083700038307BB3009BB4F90CC02660AB421CBF05
:108380004CF4006CA4F80CC0012F04BF4CF0010C9D
:10839000A4F80CC01CF00800C4E904651FFA8CF3B3
:1083A00020D013F001003FD000206D42A060A561F5
:1083B00003B0BDE8F083009D284604F0EFF90646BF
:1083C000002838D0A38943F08003A381D8F838303F
:1083D000002BCFD1404603F033FDCBE7404603F0FE
:1083E0002FFD92E7A06003B0BDE8F083216940460D
:1083F00003F022FEB4F90CC02CF44A6C2CF0030CF0
:10840000022FA4F80CC0A7D1002004F143034CF0C4
:10841000020C00210122C4E90432A4F80CC0A160BE
:10842000236003B0BDE8F083A56003B0BDE8F0832E
:108430004FF0FF30D7E7DDF80090A94504D048465B
:1084400004F0ACF9064620B9B4F90CC04FF0FF3087
:10845000DBE74D46B6E700BF280000200000000023
:10846000000000000000000000000000000000000C
:1084700000000000000000000000000000000000FC
:1084800090F800F06DE9024520F007016FF0000C54
:1084900010F0070491F820F040F049804FF00004FC
:1084A0006FF00700D1E9002391F840F000F10800D7
:1084B00082FA4CF2A4FA8CF283FA4CF3A2FA8CF30F
:1084C0004BBBD1E9022382FA4CF200F10800A4FA76
:1084D0008CF283FA4CF3A2FA8CF3E3B9D1E90423CA
:1084E00082FA4CF200F10800A4FA8CF283FA4CF301
:1084F000A2FA8CF37BB9D1E9062301F1200182FABB
:108500004CF200F10800A4FA8CF283FA4CF3A2FAC0
:108510008CF3002BC6D0002A04BF04301A4612BACE
:10852000B2FA82F2FDE8024500EBD2007047D1E9D1
:10853000002304F00305C4F100004FEAC50514F060
:10854000040F91F840F00CFA05F562EA05021CBF31
:1085500063EA050362464FF00004A9E72DE9F84FEE
:108560004B6E9C0490462DD59368126843B38B469E
:10857000064602F1080959E9025A5FEA9A0715D03E
:10858000043D002401E0A7420ED055F8041F5A46CE
:10859000304603F0C9FC431C04F10104F3D100236D
:1085A000C8E90133BDE8F88FD8F808302AF0030A8B
:1085B000A3EB0A03C8F8083009F10809002BDAD147
:1085C0000020ECE703F03EFE0023C8E90133BDE8DC
:1085D000F88F00BF10B4946814B15DF8044BBDE788
:1085E000204654605DF8044B704700BF2DE9F04F02
:1085F000ABB01C46884617460693834618B1836B7A
:10860000002B00F02582B8F90C1088048AB20AD435
:10861000D8F8643041F4005223F40053A8F80C2039
:10862000C8F8643092B2130740F1A480D8F8103033
:10863000002B00F09F8002F01A020A2A00F0A880A6
:108640001AAB0D930023CDE90E3309930DF16809A0
:1086500005933B78002B00F00D813C4604E014F8B4
:10866000013F002B00F0E880252BF8D1E51B40F0FE
:10867000E5802378002B00F0FD804FF00002002100
:108680008DF82F20637804914FF0FF32671C084665
:1086900002928A460137A3F12002582A00F2F7809D
:1086A000DFE812F03302F500F5002F02F500F500C7
:1086B000F500F500F500F500E5012B02F500F001ED
:1086C000F401F500270259005900590059005900DA
:1086D0005900590059005900F500F500F500F50062
:1086E000F500F500F500F500F500F5000E02F500C7
:1086F000F500F500F500F500F500F500F500F500D2
:10870000F5009400F500F500F500F500F500840093
:10871000F500F5004802F500F500F500F500F5005C
:10872000F500F500F500F500F5003A02A701F500A7
:10873000F500F5008902A701F500F5007F02F500BC
:1087400069029600C902C502F500A402F500860080
:10875000F500F5008D02A3F13002002417F8013B6B
:1087600004EB840402EB4404A3F13002092AF5D996
:10877000049490E74146584602F060F8002840F023
:108780003585B8F80C2002F01A020A2A7FF458AF97
:10879000B8F90E30002BFFF653AF23463A46414658
:1087A00058462BB0BDE8F04F00F044BD4AF0100A27
:1087B0001AF0200100F00F81069B073323F0070316
:1087C000596853F8080B069301230EE04AF0100A8B
:1087D0001AF0200100F0F280069B073323F0070314
:1087E000596853F8080B069300234FF000028DF8E8
:1087F0002F2000220792029A541C00F02F822AF0A8
:108800008004019450EA010440F02682002A40F0DE
:108810009584002B40F00E841AF00103039340F07E
:108820003E841AACDDE902639E42B8BF1E46079B38
:10883000002B3ED001363CE0E51B1BD00E9B0F9A6F
:1088400001332A44072BC9E900750F920E9305DC0A
:1088500009F10809059B2B4405930AE7002A00F05B
:10886000D1830DAA41465846FFF778FE30B90DF185
:108870006809EFE70F9B002B40F08584B8F80C30B7
:108880005B0600F1B38405982BB0BDE8F08F00299A
:1088900040F07584002BEDD08DF8403001264FF06C
:1088A00000038DF82F30039610AC0023CDF804A000
:1088B0000293019B13F002030793019B18BF02363A
:1088C00013F08403089304D1049B9D1B002D00F337
:1088D000DB82DDE90E1001F1010C9DF82F3093B120
:1088E00001300DF12F030121BCF1070FCDE90EC0BE
:1088F000C9F80030C9F8041000F3A682614609F1F6
:1089000008090CF1010C079BEBB10CAB0230C9F864
:108910000030BCF1070F4FF00203CDE90EC0C9F8DB
:10892000043040F3AB82002800F066830DAA414674
:108930005846FFF713FE0028A0D1DDE90E100DF117
:10894000680901F1010C089B802B00F0C881DDE96A
:1089500002329D1A002D00F31C82039BC9F80040CF
:108960001844BCF1070FCDE90EC0C9F8043040F33C
:10897000B381002800F0D2820DAA41465846FFF785
:10898000EDFD00287FF47AAF0F980DF16809019B87
:108990005A0704D5049B9C1B002C00F3C982DDE917
:1089A0000423B242ACBF9B189B190593002840F0EA
:1089B000368200230E930DF168094AE61AF010037F
:1089C00049D11AF0400146D0069A52F8040B06929B
:1089D000194680B209E71AF0100342D11AF040019B
:1089E0003FD0069A52F8040B0692194680B2012332
:1089F000FBE6002940F0E1831AF0200F069B68D0C7
:108A0000073323F007031A465B6852F8080B0692F7
:108A10001946002BC0F20483029B013300F08A83C5
:108A20009DF82F30079350EA01032AF0800A00F0E6
:108A300054830A2871F1000380F01283303001233F
:108A40008DF86700CDF804A003930DF16704E9E603
:108A500003F0F6F9D7E5069B53F8040B06930B4693
:108A6000C3E6069B53F8040B06930123BDE6069B61
:108A700053F8042B0492002A80F20D83049A069383
:108A8000524204923B784AF0040A03E63C4614F84A
:108A9000013B2A2B00F0AF83A3F13002092A2746BD
:108AA00098BF002400F28F8317F8013B04EB840485
:108AB00002EB4404A3F13002092AF5D90294EAE555
:108AC000002940F084834AF0100A1AF0200F069B18
:108AD00096D153F8040B06931AF0100F40F09B82C6
:108AE0001AF0400F00F0978240F3C0310B4600B2FD
:108AF0008FE73B784AF0800ACCE53B7801212B20B8
:108B0000C8E53B784AF0010AC4E53B7800287FF4C9
:108B1000C1AD01212020BDE5069B4FF000028DF87C
:108B20002F20012653F8042B8DF84020069303963E
:108B300010ACBAE6002940F04D83BD4A09921AF004
:108B4000200144D0069A073222F00702516852F8F9
:108B5000080B06921AF0010F0BD050EA010208D060
:108B60008DF8313030238DF830304AF0020A02237C
:108B70003BE6022339E6002940F022831AF0200F59
:108B800040F09A821AF0100F40F0CC821AF0400F99
:108B900000F0C882069B059953F8042B06931180B8
:108BA00057E53B786C2B03BF7B784AF0200A0137EE
:108BB0004AF0100A6EE53B784AF0400A6AE500295F
:108BC00040F0F8829B4A09921AF02001BAD11AF0BB
:108BD000100240F01B821AF0400100F01782069C40
:108BE00054F8040B0694114680B2B3E7069D55F87D
:108BF000044B4FF000038DF82F30002C00F0A482BE
:108C0000029B5E1C00F072821A460021204604F08E
:108C10009FF8002800F0BE82031B03939DF82F30BD
:108C2000079300230695CDF804A00293FAE53B785C
:108C30004AF0200A2EE5069B53F8040B06933023D6
:108C40008DF8303078238DF831307A4B09934AF023
:108C5000020A00210223C8E5DDF804A0012B3FF43D
:108C6000E8AE022B1AAC12D1099A00F00F030009EA
:108C7000D35C04F8013D40EA0170090950EA0103A0
:108C8000F3D11AAB1B1BCDF804A00393CAE500F087
:108C90000703C00840EA4170C908303350EA0105B3
:108CA000224604F8013DF2D11AF0010FE9D0302B31
:108CB000E7D03023023A04F8013C1AAB9B1ACDF8F6
:108CC00004A003931446ADE503981A9401231B9066
:108CD0000F900E930DF1680909F1080957E6049BFE
:108CE0009D1B002D7FF733AE102D40F37B82DFF804
:108CF00048A152461023A246144607E001F1020E95
:108D000009F108091146103D102D1DDD4A1C1030D7
:108D1000072AC9E90043CDE90E20EFDD0DAA00289E
:108D200000F08C80414658460DF16809FFF716FCAB
:108D300000287FF4A3ADDDE90E10103D102D01F1E8
:108D4000010E4FF01003E1DC234654469A462844B6
:108D5000BEF1070FCDE90EE0C9F800A0C9F8045034
:108D600040F3A481002800F0F8810DAA414658463E
:108D7000FFF7F4FB00287FF481ADDDE90232DDE985
:108D80000E109D1A002D01F1010C0DF168097FF7FD
:108D9000E4AD102DDFF8A0A02BDD52461023A24633
:108DA000144607E001F1020C09F108091146103DD3
:108DB000102D1BDD4A1C1030072AC9E90043CDE9FC
:108DC0000E20EFDD0DAA414618B358460DF1680993
:108DD000FFF7C4FB00287FF451ADDDE90E10103D14
:108DE000102D01F1010C4FF01003E3DC2346544633
:108DF0009A462844BCF1070FCDE90EC0C9F800A07F
:108E0000C9F8045000F3E38009F108090CF1010CE2
:108E1000A3E54FF0010C01460DF16809C7E70DAA63
:108E200041465846FFF79AFB00283FF4C2AD25E5BE
:108E3000A41D0100B81D0100E41D01004FF0010E4A
:108E400001460DF168095EE7002800F0D2800DAA06
:108E500041465846FFF782FB00287FF40FADDDE95D
:108E60000E100DF1680901F1010C4CE502200CAB6C
:108E70001B901A934FF0010C0DF16809614609F13E
:108E8000080901F1010C5EE5102D40F38D81DFF83A
:108E900080A3DDE90EC052461023A2466146144667
:108EA00007E001F1020C09F108091146103D102DEF
:108EB0001BDD4A1C1030072AC9E90043CDE90E200A
:108EC000EFDD0DAA20B3414658460DF16809FFF7C2
:108ED00045FB00287FF4D2ACDDE90E10103D102DCB
:108EE00001F1010C4FF01003E3DC234661465446C8
:108EF0009A4628440729CDE90E10C9F800A0C9F800
:108F0000045000F39C8009F1080901F1010CE4E42C
:108F100001464FF0010C0DF16809C7E7019B0E9067
:108F200059074CD5049B9C1B002C48DD0DF16809AA
:108F3000102C40F35281DFF8D8A20E9A5346102528
:108F4000B2461E4606E0911C09F108091A46103C7B
:108F5000102C19DD531C1030072BC9E90065CDE931
:108F60000E30F0DD0DAA28B341465846FFF7F6FA59
:108F700000287FF483ACDDE90E20103C102C02F1B8
:108F800001010DF16809E5DC334656469A46204456
:108F90000729C9E900A4CDE90E107FF700AD70B133
:108FA0000DAA41465846FFF7D9FA00287FF466AC6F
:108FB0000F98F4E4012102460DF16809C7E7DDE9E5
:108FC0000423B242ACBF9B189B190593F1E400281F
:108FD0003FF47AAE0DAA41465846FFF7BFFA002883
:108FE0007FF44CAC0E9B0F9803F1010C0DF1680956
:108FF000B3E4079B002B69D14FF0010C01460DF142
:109000006809A0E40E920DF1680923E4069A52F86B
:10901000040B06929EE5C1170B46002BBFF6FCAC75
:109020002D2340428DF82F30079361EB410101233E
:10903000FFF7E1BB029B03931AACFFF7F3BB0028D9
:1090400062D00DAA41465846FFF788FA00287FF4FF
:1090500015ACDDE90E100DF1680901F1010C3CE4DD
:109060001AAC0A22002306460D4605F0F1FF303205
:1090700004F8012D0023304629460A2205F0E8FFB6
:109080000A2E75F10003ECD21AAB1B1BCDF804A01D
:109090000393FFF7C7BB06933B78FFF7FBBA302378
:1090A0008DF867300DF16704FFF7BCBB09F10809C3
:1090B0000EF1010C71464AE4DDE9050353F8041B87
:1090C0000693C217C1E90002FFF7C3BA02200CAB36
:1090D0001B901A930DF16809D1E6029B002B7FF4D7
:1090E000ADACCDF804A00393FFF79BBB20460695DB
:1090F000CDF804A0FFF7C4F99DF82F3007930023A3
:1091000003900293FFF78EBB9DF82F3063B30123CA
:109110009C461B930DF12F031A930DF168096046CD
:10912000FFF7ECBB069B059953F8042B11600693DF
:10913000FFF78FBA9DF82F3007937AE4012BDDF803
:1091400004A07FF48EAD79E4029E304C0695062E85
:1091500028BF06260396FFF7A8BB4FF0010C014677
:109160000DF16809FFF7F3BB079B002B7FF47EAE80
:1091700001464FF0010C0DF16809FFF7E8BB8DF8CF
:109180002F00FFF787BB0DAA41465846FFF7E6F9C7
:10919000FFF774BB029B03939DF82F300695CDE932
:1091A00001A00793FFF73EBB0E990F98DFF860A070
:1091B00001319EE68DF82F0004E58DF82F001BE4A9
:1091C0008DF82F00DAE400220292FFF764BA8DF8DE
:1091D0002F0078E48DF82F00AFE40E99DFF830A06F
:1091E0000131D4E6DFF82CA0E646B0E54FF0FF33BE
:1091F0000593FFF748BB069A7B78274652F8044B45
:10920000069244EAE4740294FFF744BACC1D0100CC
:10921000D41D0100E41D010010B4054C8446134622
:1092200020685DF8044B0A466146FFF7DFB900BFCE
:109230002800002070B50C468989ADF58D6D21F0B0
:109240000201ADF80C10616E1991E189ADF80E10B4
:10925000E1690791616A09911AA9009104914FF49B
:109260008061029105910021069169460646FFF74B
:10927000BDF9051E07DB6946304602F0B7FC002841
:1092800018BF4FF0FF35BDF80C305B0603D5A3893E
:1092900043F04003A38128460DF58D6D70BD00BFDE
:1092A0002DE9F04F2DED068BBBB01C46884691464C
:1092B00009EE100A054603F0C9F903681093184631
:1092C0000994FFF7DDF80E901DB1AB6B002B00F099
:1092D0004282B8F90C20950493B20AD442F40053A8
:1092E000D8F86420A8F80C3022F400529BB2C8F8D9
:1092F0006420180740F1AB80D8F81020002A00F055
:10930000A68003F01A030A2B00F0B0809FED947B37
:109310000023CDE91E338DED0C7B2AAA0B931D9201
:1093200092460F931193079399F80030002B00F0A9
:10933000A4814C4604E014F8013F002B00F0E580C6
:10934000252BF8D1B4EB090540F0E3802378002BFE
:1093500000F0938100234FF0FF32CDE905236578BB
:109360008DF8573004F1010918469B4609F10109AF
:10937000A5F12002582A00F2F780DFE812F07F0200
:10938000F500F5007A02F500F500F500F500F500AE
:10939000F5002D027502F50038023D02F50070025D
:1093A00059005900590059005900590059005900F5
:1093B0005900F500F500F500F500F500F500F500A1
:1093C000F500F500F50057028901F5008901F50067
:1093D000F500F500F500B602F500F5009800F5007F
:1093E000F500F500F500F5008800F500F5009502A0
:1093F000F500F500F500F500F500F500F500F500C5
:10940000F500F5008702F001890189018901BB029D
:10941000F001F500F500EC02F500D6029A00C50255
:10942000C002F5001B03F5008A00F500F500F90203
:10943000A5F13002002119F8015B01EB810102EB7B
:109440004101A5F13002092AF5D9069190E719EEFC
:10945000100A414601F0F2F9002841F02681B8F8DF
:109460000C3003F01A030A2B7FF450AFB8F90E301A
:10947000002BFFF64BAF19EE100A23464A46414631
:109480003BB0BDEC068BBDE8F04F01F0A1B94BF04D
:10949000100B1BF0200100F05081099B073323F0D3
:1094A0000703596853F8080B099301230EE04BF0AA
:1094B000100B1BF0200100F03381099B073323F0D0
:1094C0000703596853F8080B0993002300248DF80B
:1094D0005740059A561C00F091822BF080060396A7
:1094E00050EA010640F08882002A40F00D83002BEC
:1094F00040F01E851BF00103089300F09485302393
:109500008DF8A7300DF1A7069DE2B4EB090500F038
:10951000B4801F9B2B441F931E9B0133072BCAE96A
:1095200000951E9305DC0AF1080A079B2B4407935C
:109530000CE719EE100A1DAA4146FFF74BF818B9BF
:109540000DF1A80AF1E7B046B8F80C305B0601F15E
:10955000AC8007983BB0BDEC068BBDE8F08F00BF38
:109560000000000000000000002B40F0E587002D07
:1095700000F0838000238DF8573001238DF8805050
:109580000493089320AE0023CDF80CB005930A9302
:10959000039B13F0020302D0049A02320492039A4E
:1095A00012F0840B05D1069A0499571A002F00F384
:1095B000A2831F9C9DF857208AB11E9A0DF1570176
:1095C00001320134CAF80010072A4FF001011F943C
:1095D0001E92CAF8041000F3DD830AF1080A83B171
:1095E0001E9B16AA01330234CAF80020072B4FF045
:1095F00002021F941E93CAF8042000F3DA830AF1D2
:10960000080ABBF1800F00F09B82059B089AA3EB30
:10961000020BBBF1000F00F3D682039BDF0500F1C4
:109620001B82089BCAF804301C441E9BCAF80060C9
:109630000133072B1F941E9300F350830AF1080A8D
:10964000039B5A0705D5069B049A9D1A002D00F32B
:10965000BD83DDE9062304998A42ACBF9B185B18E1
:109660000793002C40F0EA8200231E9399F8003003
:109670000DF1A80A002B7FF45CAE1F9B002B3FF47A
:1096800063AF19EE100A1DAA4146FEF7A3FF5BE780
:10969000002B40F0F687099B073323F00703B3EC58
:1096A000027B8DED0C7BDDE90C67099327F000430D
:1096B00008EE903A08EE106AB94B51EC180B4FF0D7
:1096C000FF3205F037FC002840F0B484B44B51EC75
:1096D000180B4FF0FF3205F00FFC002840F0AA8471
:1096E000002200233046394605F0FCFB002840F0FC
:1096F00002879DF85740AB4E2BF080030393AA4B93
:109700000022472DC8BF1E460323CDE9043208932B
:109710000A92002C3FF43CAF049B0133049337E7DB
:109720001BF0100352D11BF040014FD0099A52F8A0
:10973000040B0992194680B2C8E61BF010033FD112
:109740001BF040013CD0099A52F8040B09921946CB
:1097500080B20123BAE6284602F072FBB9E5002B7D
:1097600040F09F871BF0200F099B68D0073323F040
:1097700007031A465B6852F8080B09921946002B3A
:10978000C0F23D84059B013300F005852BF080037A
:10979000039350EA01039DF8574000F0C583DDF8BC
:1097A0000CB00A2871F1000380F0FC8430300123F2
:1097B0008DF8A700CDF80CB008930DF1A70642E193
:1097C000099B53F8040B099301237FE6099B53F887
:1097D000040B09930B4679E6099A52F8041B06918B
:1097E000002980F21B84069909924942069199F852
:1097F00000504BF0040BB9E5494611F8015B2A2DE6
:1098000000F0C587A5F13002092A894698BF0021DA
:1098100000F2338719F8015B01EB810102EB410192
:10982000A5F13002092AF5D90591A1E5002B40F0F8
:1098300030874BF0100B1BF0200F099B96D153F88B
:10984000040B09931BF0100F40F0D4831BF0400F62
:1098500000F0D08340F3C0310B4600B28FE799F897
:1098600000504BF0800B81E599F8005001232B202C
:109870007CE599F800504BF0010B77E599F8005022
:1098800000287FF473AD012320206FE5099B00229F
:109890008DF8572053F8042B099301238DF880206D
:1098A0000493089320AE6EE6002B40F0E2863F4B17
:1098B0000F931BF0200163D0099B073323F00703AC
:1098C000596853F8080B09931BF0010F0BD050EAAD
:1098D000010308D030238DF858308DF859504BF0E3
:1098E000020B0223F2E50223F0E599F800504BF059
:1098F000080B3BE599F800504BF0400B36E599F822
:1099000000504BF0200B31E5099B53F8040B0993F1
:10991000302378258DF85830254B0F934BF0020BF0
:109920008DF8595000210223D0E5002B40F0AD8680
:109930001BF0200F40F025841BF0100F40F09D8499
:109940001BF0400F00F09984099B079953F8042BF2
:1099500009931180E8E499F800506C2D03BF99F841
:1099600001504BF0200B09F101094BF0100BFDE405
:10997000002B40F092860E4B0F931BF020019BD1E1
:109980001BF0100340F031831BF0400100F02D83E9
:10999000099A52F8040B0992194680B294E700BF65
:1099A000FFFFEF7FF41D0100F81D0100A41D010061
:1099B000B81D0100099C059B54F8046B00278DF825
:1099C0005770002E00F027845A1C00F023851A4699
:1099D0003946304603F0BCF9002800F03286831B7C
:1099E000089323EAE373099405979DF85740CDF84F
:1099F0000CB004930A978CE6DDF80CB0012B3FF411
:109A0000D0AE022B00F088802AAE00F00703C00819
:109A100040EA4170C908303350EA0107324606F87F
:109A2000013DF2D11BF0010F00F08480302B00F0DB
:109A300081803023023A06F8013C2AAB9B1ACDF80C
:109A40000CB008931646059B089A9342B8BF13467C
:109A5000049300230A935CE6652D40F3F980DDE969
:109A60000C010022002305F033FA002800F0E98100
:109A70001E9BC54ACAF80020013301340122072B7E
:109A80001F941E93CAF8042000F36B840AF1080A9D
:109A9000179B0B9A934280F2BC820E9B109A1C4437
:109AA000CAE900231E9B1F940133072B1E9300F36A
:109AB000A5830AF1080A0B9B5D1E002D7FF7C0AD40
:109AC000102D1E9BB14F40F3408419EE10BA1026A2
:109AD00005E00AF1080A103D102D40F336840133E9
:109AE0001034072BCAE90076CDE91E34F1DD1DAA3A
:109AF00041465846FEF76EFD00287FF425ADDDE9AE
:109B00001E340DF1A80AE6E7012B00F04885022B70
:109B1000DDF80CB07FF478AF0F9A2AAE00F00F0397
:109B20000009D35C06F8013D40EA0170090950EADA
:109B30000103F3D12AAB9B1BCDF80CB0089382E74D
:109B4000069B049AA3EB020BBBF1000F7FF75DAD00
:109B5000BBF1100F1E9A8D4F27DD2146102319EE01
:109B6000104A06E0ABF1100BBBF1100F0AF1080A26
:109B70001ADD01321031072ACAE90073CDE91E212E
:109B8000F0DD1DAA414620460DF1A80AFEF722FD90
:109B900000287FF4D9ACABF1100BBBF1100FDDE95D
:109BA0001E214FF01003E4DC0C4601325C44072A0E
:109BB000CDE91E24CAF80070CAF804B000F3DF83B0
:109BC0000AF1080A21E5BBF1100F1E9A6F4F27DD3D
:109BD0002146102319EE104A06E0ABF1100BBBF141
:109BE000100F0AF1080A1ADD01321031072ACAE9FA
:109BF0000073CDE91E21F0DD1DAA41462046FEF787
:109C0000E9FC00287FF4A0ACABF1100BBBF1100F06
:109C1000DDE91E210DF1A80A4FF01003E4DC0C462B
:109C200001325C44072ACDE91E24CAF80070CAF844
:109C300004B000F3CC810AF1080AEEE419EE100A30
:109C40001DAA4146FEF7C6FC00283FF40DAD7BE49B
:109C50000B9B012B40F371811E9DCAF800600135FA
:109C600001340123072D1F941E95CAF8043000F318
:109C70000C830AF1080A0E9B109A01351C44072D2B
:109C8000CAE90023CDE91E5400F30D830AF1080A46
:109C9000DDE90C010022002305F01AF9002840F04C
:109CA0006B810B9B0135013B01361C44072DCAF823
:109CB00000601E95CAF804301F9400F34F810AF12A
:109CC000080A119BCAF8043001351C44072D19AB52
:109CD000CDE91E54CAF800307FF7B0AC19EE100A77
:109CE0001DAA4146FEF776FC00287FF42DAC1F9C90
:109CF0000DF1A80AA4E4102FDDE91E2134DD129332
:109D0000CDF84C901024B1460B464646B8462F4637
:109D100019EE105A06E0A8F11008B8F1100F0AF178
:109D2000080A19DD01321A491033072ACAE900145A
:109D3000CDE91E23EFDD1DAA314628460DF1A80A04
:109D4000FEF748FC00287FF4FEABA8F11008B8F13C
:109D5000100FDDE91E23E5DC3D4619464746129B00
:109D6000B0464E46DDF84C90CAF8047001327C18BB
:109D7000072A0749CAF80010CDE91E2400F3D5824E
:109D80000AF1080A16E400BF041E0100181E0100B3
:109D9000081E010019EE100A1DAA41461293FEF793
:109DA00019FC00287FF4D0AB1F9C129B0DF1A80A70
:109DB00015E419EE100A1DAA4146FEF70BFC002817
:109DC0007FF4C2AB1F9C0DF1A80A1AE4102D1E9B54
:109DD00020DD19EE107A102604E0103D102D0AF156
:109DE000080A17DD0133914A1034072BCAE900260F
:109DF000CDE91E34F1DD1DAA414638460DF1A80A11
:109E0000FEF7E8FB00287FF49FAB103D102DDDE945
:109E10001E34E7DC0133854ACAF804502C44072B72
:109E2000CDE91E34CAF800207FF713AC19EE100AF2
:109E30001DAA4146FEF7CEFB00287FF485AB1F9C90
:109E400007E41799002940F33C82DDE90A379F4275
:109E5000A8BF1F46002F0BDD1E9B01333C44072B80
:109E6000CAE900671F941E9300F3CB830AF1080A26
:109E70000A9D002FA8BFED1B002D00F3D581179D73
:109E80000B9B9D4280F2AE810E9B109A1C44CAE946
:109E900000231E9B1F940133072B1E9300F3A38303
:109EA0000AF1080A0B9B0A9A5D1B9F1AAF42A8BFD2
:109EB0002F46002F0EDD1E9BCAF804700133164496
:109EC0003C44072BCAF800601F941E9300F3A6833E
:109ED0000AF1080A002FA8BFED1B002D7FF7B0ABD9
:109EE000102D1E9B524F40F3308219EE10BA1026EF
:109EF00005E00AF1080A103D102D40F326820133D7
:109F00001034072BCAE90076CDE91E34F1DD1DAA15
:109F100041465846FEF75EFB00287FF415ABDDE9AD
:109F20001E340DF1A80AE6E7059B002B40F03783AD
:109F30000023059308932AAE85E5039BD9073FF5D7
:109F40008BAE1E9DCAF80060013501340123072D38
:109F50001F941E95CAF804307FF7B1AE19EE100AAF
:109F60001DAA4146FEF736FB00287FF4EDAADDE985
:109F70001E540DF1A80AA4E60B9B5E1E002E7FF76F
:109F8000A0AE102E2A4F40F35782CDF814904FF018
:109F9000100B19EE109A05E00AF1080A103E102E77
:109FA00040F3488201351034072DCAE9007BCDE922
:109FB0001E54F1DD1DAA41464846FEF70BFB002862
:109FC0007FF4C2AADDE91E540DF1A80AE6E719EEF6
:109FD000100A1DAA4146FEF7FDFA00287FF4B4AA34
:109FE0001F9C0DF1A80AFFF718BB099B53F8040B3F
:109FF000099369E4C1170B46002BBFF6C3AB40427F
:10A000004FF02D0461EB41018DF857400123FFF71C
:10A0100060BA039BDD077FF513AB3EE599F800506E
:10A020000992FFF7A3B92AAE0DE500BF081E010093
:10A03000181E0100DDE90C0102460B4604F07AFF10
:10A04000002840F06583059B013325F0200700F0D0
:10A05000F582472F00F08182DDE90C014BF480721C
:10A0600000290392C0F24C829DED0C7B00231293D9
:10A07000B0EE47AAF0EE67AA662D00F0E981462D02
:10A0800000F0E681B0EE4A0AF0EE6A0A452F0ABFF8
:10A09000059B059C5C1C1BAB019318AB009319EE50
:10A0A000100A17AB2246022100F06AFD672D064612
:10A0B00040F03D821BF0010F40F03C821B9B472F7C
:10A0C000A3EB06030B9340F06E83179B0A93D91CF6
:10A0D00003DB059A934240F37882023D0A9A8DF899
:10A0E0006450531E002B1793B6BFC2F101032B22FD
:10A0F0002D22092B8DF8652040F3F5820DF17304B4
:10A10000C04F2246104687FB0321DA17C2EBA1029B
:10A1100002EB8201A3EB4101303100F8011C19462A
:10A120006329134600F1FF32ECDC3033D9B2831ED1
:10A130009C4202F8011C40F2278313460DF166028F
:10A1400001E013F8011B02F8011B9C42F9D10DF14B
:10A1500075030DF166021B1A134419AA9B1A119379
:10A160000B9A119B012A1344089340F3C882089B61
:10A170000E9A1344089323EAE373049300230A938B
:10A180009EE1099B079853F8041B0993C217C1E984
:10A190000002FFF7C9B80A2871F100039DF8574083
:10A1A000FFF404ABCDF80C902AAEA1460A2200239E
:10A1B00004460F4604F04CFF303206F8012D002310
:10A1C000204639460A2204F043FF0A2C77F10003A7
:10A1D000ECD22AAB9B1B4C460893DDF80C90CDF8D3
:10A1E0000CB030E4039BD8073FF54EAEDDE90A23FF
:10A1F0009F1A5D1BAF42A8BF2F466BE619EE100AEF
:10A200001DAA4146FEF7E6F900287FF49DA91F9C90
:10A210000DF1A80A4FE4062B28BF0623CDE9083428
:10A22000794E0493FFF7AFB9102D1E9B774F40F383
:10A2300055813A460596474619EE106A4FF0100BC5
:10A24000904605E00AF1080A103D102D40F34281C6
:10A2500001331034072BCAE9008BCDE91E34F1DD40
:10A260001DAA39463046FEF7B5F9002840F0448271
:10A27000DDE91E340DF1A80AE6E7099B079953F8BA
:10A28000042B11600993FFF74FB819EE100A1DAAAD
:10A290004146FEF79FF900287FF456A9DDE91E54D8
:10A2A0000DF1A80AE7E419EE100A1DAA4146FEF7CF
:10A2B00091F900287FF448A9DDE91E540DF1A80AA0
:10A2C000E6E41E9B524ACAF8002001330134012201
:10A2D000072B1F941E93CAF8042000F31A810AF179
:10A2E000080A002959D1039B0B9A03F00103134379
:10A2F0003FF4A6A90E9B10991A19CAE900131E9BD8
:10A300001F920133072B1E9300F32D810AF1080AD7
:10A310000B99CAF8006001338C18072BCDE91E3465
:10A32000CAF804107FF78AA9D8E419EE100A1DAA0A
:10A3300041461293FEF74EF900287FF405A91F9CB1
:10A34000129B0DF1A80AFFF735B901332C44072BF6
:10A35000CAF80070CAF80450CDE91E347FF76EA920
:10A36000BCE419EE100A1DAA4146FEF733F9002895
:10A370007FF4EAA81F9C0DF1A80AFFF789BB19EE2C
:10A38000100A1DAA4146FEF725F900287FF4DCA833
:10A390001F9C0DF1A80AFFF738B90E9B10981A19E7
:10A3A000CAE900031E9B1F920133072B1E9300F383
:10A3B000DA800AF1080A0029AADA4D421031134F57
:10A3C00080F2788119EE10BA102405E00AF1080A2B
:10A3D000103D102D40F36E8101331032072BCAE976
:10A3E0000074CDE91E32F1DD1DAA41465846FEF744
:10A3F000F1F800287FF4A8A8DDE91E320DF1A80AC3
:10A40000E6E700BF67666666CC1D0100181E010006
:10A41000041E0100304609940597CDF80CB0FEF7F4
:10A420002FF820EAE0739DF85740089004930A97AC
:10A43000FFF76FB9DDF81490CAF8007001353444A5
:10A44000072DCDE91E54CAF804607FF738AC85E5C6
:10A45000059CB0EE4A0AF0EE6A0A1BAB019318ABFA
:10A460000093224617AB19EE100A032100F088FB77
:10A47000064604193378302B62D0179B1C4451ECEC
:10A480001A0B0022002304F023FD002800F08B802B
:10A4900023469B1B472F0B933FF417AE662D40F0CE
:10A4A0008281179B059A0A93002B0BF0010B40F356
:10A4B0005C815BEA020140F045810A9B04930893AA
:10A4C000129B002B7BD02D238DF857300023059352
:10A4D000FFF722B94246059EB846174601332C4481
:10A4E000072BCDE91E34CAF80070CAF8045049DCC5
:10A4F0000AF1080AC3E42D248DF85740FFF7FBB892
:10A5000001F100430AEE903A2D230AEE100A12934D
:10A51000B2E519EE100A1DAA4146FEF75BF80028C5
:10A520007FF412A817991F9C0DF1A80AD9E6472DB0
:10A530003FF4C0AD3444A2E78DF85700FFF717B8D9
:10A5400051EC1A0B0022002304F0C2FC002894D125
:10A55000059BC3F10103179390E7059B002B08BFF0
:10A560000123059378E519EE100A1DAA4146FEF76E
:10A5700031F800287EF4E8AFDDE91E3217990DF1BD
:10A58000A80A18E719EE100A1DAA4146FEF722F89C
:10A5900000287EF4D9AF1F9C0DF1A80A6FE4DDF806
:10A5A0000CB0FFF703B91B9BA342BFF472AF30217D
:10A5B0005A1C1B9219701B9B9C42F9D869E7129B8D
:10A5C0009DF857400593FFF7A4B8DDE90A3293429E
:10A5D00043DB1BF0010F40F0AC8023EAE3720492EE
:10A5E000089367256CE719EE100A1DAA4146FDF78E
:10A5F000F1FF00287EF4A8AF179D1F9C0DF1A80A5B
:10A6000050E419EE100A1DAA4146FDF7E3FF0028A9
:10A610007EF49AAF1F9C0DF1A80A29E419EE100AE6
:10A620001DAA4146FDF7D6FF00287EF48DAF179D89
:10A630000B9B1F9C5D1B0DF1A80A4BE406230593A1
:10A640000AE5059B0994CDF80CB09DF8574004939A
:10A65000089305900A90FFF75CB80E9A0B9B134481
:10A660000A9A0893002A75DD23EAE37304936725A9
:10A6700026E78DF85700FFF71AB900220592FEF77A
:10A6800077BE8DF85700FFF706B88DF85700FFF733
:10A690004FB98DF85700FFF7CCB88DF85700FFF78A
:10A6A0006AB98DF85700FFF75DB84FF0FF33079395
:10A6B000FEF74FBF01332A44072BCDE91E32CAF8FB
:10A6C0000070CAF804507FF721AE19EE100A1DAAD7
:10A6D0004146FDF77FFF00287EF436AFDDE91E32EC
:10A6E0000DF1A80A14E630338DF8673030238DF869
:10A6F00066300423119333E5B846FEF725BF1BF0FF
:10A7000001020A927FF433AD23EAE3730493D7E6A0
:10A710000D9B264E002BB8BF2D242BF080030393F6
:10A72000A8BF9DF85740224BB8BF8DF85740FEF7A1
:10A73000E7BF0A9B0E9A1344089323EAE37304933A
:10A740006725BDE60E990B441A4422EAE27308928B
:10A750000493B5E60A9B089AC3F101031A4422EA5E
:10A76000E273089204936725AAE65BEA020303D129
:10A77000012304930893A3E60E9B01331A4422EAB3
:10A78000E273089204939BE602231193E8E4099A8A
:10A7900099F80150894652F8041B099241EAE17187
:10A7A0000591FEF7E3BD179B0A9397E4FC1D01009A
:10A7B000001E010010B4054C8446134620685DF865
:10A7C000044B0A466146FEF76BBD00BF280000201F
:10A7D00070B50C468989ADF58D6D21F00201ADF89B
:10A7E0000C10616E1991E189ADF80E10E1690791C5
:10A7F000616A09911AA9009104914FF48061029154
:10A8000005910021069169460646FEF749FD051EA1
:10A8100007DB6946304601F0E9F9002818BF4FF020
:10A82000FF35BDF80C305B0603D5A38943F0400328
:10A83000A38128460DF58D6D70BD00BF38B5334B33
:10A840001B6805460C460BB19A6B12B3B4F90C3079
:10A8500018079AB225D5216900292DD012F00100E0
:10A8600007D00020A06060694042A06139B100209B
:10A8700038BD950758BF6069A0600029F7D112065E
:10A8800058BF0846F4D543F04003A3814FF0FF3092
:10A8900038BD184601F0D4FAB4F90C3018079AB252
:10A8A000D9D4D1062AD5520714D4216943F008031C
:10A8B000A3819AB20029D1D102F42070B0F5007FB3
:10A8C000CCD02146284601F0C9FEB4F90C302169EC
:10A8D0009AB2C3E7216B51B104F14002914204D016
:10A8E000284601F0A9FBB4F90C300022226321694B
:10A8F0000022C4E9001223F02403D7E7092243F021
:10A9000040032A604FF0FF30A38138BD28000020AB
:10A9100070B4184C2568D5F848411CB365681F2DE4
:10A9200025DC38B9AB1C0135656044F823100020E4
:10A9300070BC704704EB850C0228CCF88820D4F852
:10A9400088614FF0010202FA05F246EA0206C4F8F5
:10A950008861CCF80831E5D1D4F88C311343C4F8C0
:10A960008C31DFE705F5A674C5F84841D6E74FF00E
:10A97000FF30DDE7A01D01002DE9F84F2B4B1F68CC
:10A98000D7F848612DED028BC6B108EE100A8B4650
:10A990004FF001084FF000097468651E0ED40134B1
:10A9A00006EB8404BBF1000F0CD0D4F800315B45FA
:10A9B00008D0013D6B1CA4F10404F3D1BDEC028B63
:10A9C000BDE8F88F73682268013BAB420CBF75602D
:10A9D000C4F80090002AECD0D6F88801D6F804A07C
:10A9E00008FA05F101420BD190477268524513D124
:10A9F000D7F84831B342DCD01E46002ECCD1DDE77B
:10AA0000D6F88C0101420CD1D4F8801018EE100A4F
:10AA1000904772685245EBD0D7F84861002EBBD101
:10AA2000CCE7D4F880009047DFE700BFA01D01000D
:10AA3000024B13B10248FDF7F9B97047000000005E
:10AA4000597E000008B5062003F0C0F9012003F08C
:10AA500019FE00BF000000002DE9F04F03690C69EA
:10AA6000A34283B0C0F28780013C01F11405A3002A
:10AA700000F11408009355F8243058F824200133CD
:10AA800081469A4208EB840005EB84070190B2FBF3
:10AA9000F3F63BD30023AE4640469B465EF804AB3C
:10AAA00002681FFA8AFC06FB0C334FEA134C4FEA8C
:10AAB0001A4A06FB0ACA1FFA83FCABEB0C0C1FFAFE
:10AAC0008AF31CFA82FCC3EB124202EB2C421FFAFF
:10AAD0008CFC4CEA0243774540F8043B4FEA224B9A
:10AAE0004FEA1A43DAD2009B58F8033073B9019B3E
:10AAF000043B984504D307E0984504F1FF3403D2A2
:10AB000053F80429002AF7D0C9F81040484602F04B
:10AB100055FC00282BDB01364046002355F8041B6A
:10AB2000D0F800C08AB29A1A0B0C12FA8CF2C3EB5E
:10AB30001C4303EB224392B242EA0342AF4240F885
:10AB4000042B4FEA2343E9D258F8242008EB84036E
:10AB50006AB9043B984504D307E0984504F1FF34F3
:10AB600003D253F80429002AF7D0C9F81040304620
:10AB700003B0BDE8F08F002003B0BDE8F08F00BF48
:10AB80002DE9F04F2DED068B95B08DED020B019167
:10AB9000016C249D099259EC108B0446069341B137
:10ABA000426C4A60012393408B6002F04BF9002312
:10ABB0002364B9F1000AB4BF012300232B607C4B4E
:10ABC000BCBF2AF0004ACDF80CA033EA0A0300F01B
:10ABD000B2809DED027B002251EC170BB0EE479A3C
:10ABE000F0EE679A002304F073F9074680B1069AE5
:10ABF00001231360259B002B00F0DB826D48186059
:10AC0000431E0093009815B0BDEC068BBDE8F08F95
:10AC100012AA13A92046B0EE490AF0EE690A02F022
:10AC200025FDB0EE498AF0EE698A5FEA1A560546BC
:10AC300040F09980DDE912763E4406F23240202849
:10AC400040F3AB83C0F140000AFA00FA06F212406A
:10AC500028FA00F04AEA000003F058FE0123013E02
:10AC60000D93A1F1F871544B002203F011FD4AA39A
:10AC7000D3E9002303F0C4FE49A3D3E9002303F082
:10AC800009FD80463046894603F050FE46A3D3E9CD
:10AC9000002303F0B5FE02460B464046494603F04A
:10ACA000F9FC8046894604F05BF9002283460023C4
:10ACB0004046494604F016F9002840F06D82BBF189
:10ACC000160F00F25C823D4B03EBCB03D3E900236C
:10ACD00051EC190B04F006F9002875D00023BE1BB7
:10ACE0000C93731E0BF1FF3B049300F14F82002382
:10ACF0000893BBF1000F6EDA089BCDF814B0A3EBFC
:10AD00000B030893CBF100030B93019B092B4FF02E
:10AD1000000B69D8052B40F33E83043B01930026CA
:10AD2000019B023B032B00F29986DFE813F04E04EF
:10AD30004B0443042604069A42F20F73CAF3130A23
:10AD400013605AEA08031DD1259B002B00F07D8675
:10AD50001B4B00930833259A0098136015B0BDEC87
:10AD6000068BBDE8F08F18EE903AC3F3130351EC55
:10AD7000190B43F07F510D97A6F2FF36129F41F455
:10AD8000401170E7259B002B40F0DB830D4B0093B7
:10AD900038E700BFAFF3008061436F63A787D23FFE
:10ADA000B3C8608B288AC63FFB799F501344D33FBA
:10ADB0000000F07F051E01000000F83FD81E0100D2
:10ADC0002C1E0100281E0100BE1B731E049300F1FF
:10ADD0009A840C900890049B5B44CDE9043B0023CB
:10ADE0000B93019B092B95D9002301264FF0FF32CD
:10ADF00001930A9607920993079B0F9300216164C0
:10AE0000204601F0F9FF0090002800F02F86009BFB
:10AE10002364079B0E2B00F2F980002E00F0F680D1
:10AE20000599002940F37184BD4B01F00F0203EB3B
:10AE3000C2034FEA2118C905D3E9006740F1038432
:10AE4000B84B51EC190BD3E9082303F003FF41EC95
:10AE5000180B08F00F084FF0030AB8F1000F13D0D9
:10AE6000DFF8C09218F0010F09D030463946D9E911
:10AE7000002303F0C5FD0AF1010A06460F465FEA0A
:10AE8000680809F10809EDD151EC180B32463B4630
:10AE900003F0E0FE41EC1A0B0C9B5BB157EC1A6B14
:10AEA000A14B1AEE100A0022394604F01BF80028C4
:10AEB00040F05285504603F039FD53EC1A2B03F055
:10AEC0009FFD9A4B002203F0E5FB079B8046A1F112
:10AED0005079002B00F0F383059B1093079B0E9392
:10AEE0000A9B002B00F0C0840E9A8D4B9049DDF830
:10AEF00000A003EBC20353E90223002003F0AAFEE3
:10AF000042464B4603F0C4FB59EC1A8B41EC180B3C
:10AF100049461AEE100A04F023F8074603F006FD2E
:10AF200002460B461AEE100A494603F0B1FB3037D1
:10AF30000AF8017B53EC182B06460F4603F0D2FFAC
:10AF4000002840F055854FF000080AEE105ACDF861
:10AF500044B055465BEC18AB08EE104A44462AE074
:10AF60000E9B01349C424BDA724B504659460022EC
:10AF700003F046FD6F4B002282468B463046394631
:10AF800003F03EFD8946804603F0EAFF074603F0E2
:10AF9000CDFC02460B464046494603F079FB30376C
:10AFA00005F8017B52465B4606460F4603F09AFFC2
:10AFB000002840F0188532463B465B49002003F0EC
:10AFC00067FB52465B4603F08DFF0028C8D0109BFC
:10AFD000009A0593AA4618EE104A1AEE105A02E09B
:10AFE000924500F0EA84D1461AF8013D392BF7D09A
:10AFF0000133DBB28AF80030059B01330593ABE1E6
:10B00000DDF844B01AEE105A18EE104A139B002BCC
:10B01000C0F29480059A0E2A00F39080404B03EB17
:10B02000C203D3E90089099B002B1BDA079B002B85
:10B0300018DC40F05D83404B00224046494603F057
:10B04000DFFC02460B4651EC190B03F055FFDDF80F
:10B050001CA05646002800F0D082099BDDF8008035
:10B06000DF43D2E242464B4651EC190B03F0F2FDAE
:10B0700003F076FF0646834603F058FC42464B46F3
:10B0800003F0BEFC0B46024651EC190B03F000FB2B
:10B09000DDF800A0334630330AF8013B079B012B53
:10B0A00000F08E834FF0010B08EE105A08EE904A24
:10B0B0001D465446DA461DE042464B463046394668
:10B0C00003F0C8FD03F04CFF834603F02FFC42461B
:10B0D0004B4603F095FC0AF1010A0B46024639463D
:10B0E000304603F0D5FA0BF13003AA4504F8013BD2
:10B0F00000F061830F4B002203F082FC002200234A
:10B1000006460F4603F0E4FE0028D5D0A24618EE0E
:10B11000105A18EE904A059B01330593D1461BE166
:10B12000D81E0100C81F01000000F03F00001C40B5
:10B130000000E03F00002440000014400A9A002A6A
:10B140003FD0019A012A40F39C82079B03F1FF380C
:10B150000B9B4345C0F26E82A3EB0808079B002BB4
:10B16000C0F26683049A1A440492089A17461A4455
:10B1700008920121204601F06DFF064625E00123DB
:10B18000BE1B0C93731E04937FF5B1ADC6F1010392
:10B19000089300230493ACE5584603F0C7FB4246EE
:10B1A0004B4603F095FE00287FF489AD0BF1FF3B81
:10B1B00085E5874B0093009815B0BDEC068BBDE884
:10B1C000F08FDDF82C80089F0A9E002F0CDD049A7A
:10B1D000002A09DD0899BA421346A8BF3B46C91A9E
:10B1E000FF1AD31A089104930B9BDBB10A9B002B27
:10B1F00000F08282B8F1000F0FDD31464246204652
:10B2000002F004F82A4601460646204601F050FFA7
:10B2100029460546204601F015FE0B9BB3EB0802BC
:10B2200040F000830121204601F014FFBBF1000F24
:10B23000824600F3B780019B012B40F386814FF0DB
:10B2400000080120BBF1000F40F0B880049A1044C0
:10B2500010F01F0000F09680C0F12003042B40F393
:10B26000F883089BC0F11C00034402440893074480
:10B270000492089B002B05DD29461A46204602F061
:10B2800025F80546049B002B05DD51461A4620464D
:10B2900002F01CF882460C9B002B40F03781079B84
:10B2A000002B40F31E810A9B002B40F0A180059BE0
:10B2B00001330593DDF80080DDF81C90012707E0DD
:10B2C000294600230A22204601F0C6FD0137054623
:10B2D00051462846FFF7C0FB4F4500F1300008F803
:10B2E000010BEDDB079A002AC8BF9346009AD8BF2E
:10B2F0004FF0010B034693440027294601222046C4
:10B30000019301F0E3FF5146054602F057F800288B
:10B3100040F3A5811BF8013C009A0BF1FF3B04E0D0
:10B320005A4500F0A7811BF8013D392B0BF10109AB
:10B33000F6D001338BF800305146204601F082FDF3
:10B3400056B12FB1B74203D03946204601F07AFDFD
:10B350003146204601F076FD2946204601F072FD77
:10B36000002389F80030DDE905231A60259B002BB6
:10B370003FF448AC0098C3F8009015B0BDEC068BC4
:10B38000BDE8F08F1C20089B03440893049B0344F2
:10B39000074404936DE70126C2E4C0F1200008FAD7
:10B3A00000F059E401465A46204601F02FFF019B68
:10B3B000012B824640F3D5814FF00008DAF81030B7
:10B3C0000AEB8303186901F0F5FDC0F120003DE7A9
:10B3D000041E0100314600230A22204601F03CFDF4
:10B3E0000F9B002B064640F32383CDF81490079360
:10B3F000002F00F31881B8F1000F40F0FC81B04637
:10B40000029B009F079903F001027B1E1944019BD8
:10B410000A9213430891099351462846FFF71CFBF3
:10B4200031468346284601F0C9FF424651468146CF
:10B43000204601F0E5FFC26801460BF13003002A07
:10B4400042D104902846079301F0B8FF0499029076
:10B45000204601F0F7FC029A079B1AB909990029C6
:10B4600000F0D682B9F1000FC0F28781019949EA54
:10B4700001090A9951EA090100F07F81002A00F3CD
:10B48000E781089A3B7007F101099742CB4600F02B
:10B49000E581294600230A22204601F0DDFC4645CD
:10B4A000054631464FF000034FF00A02204612D005
:10B4B00001F0D2FC4146064600230A22204601F054
:10B4C000CBFC4F468046A7E72046029301F0BAFC2A
:10B4D000029B0122C6E701F0BFFC4F4606468046AC
:10B4E0009AE7019B022B77DC0A9B002B80D1059BFE
:10B4F0005146013328460593FFF7AEFADDF800B058
:10B5000000F130030BF8013B0027F6E651462846D0
:10B5100001F054FF0028BFF6C2AE294600230A22DC
:10B52000204601F099FC059B03F1FF390A9B054673
:10B53000002B7FF44FAF0F9B002B40F370820793DB
:10B54000B8E6BD4B0093033305E4DDE902120029A0
:10B550007FF475AEC2F31303002B7FF470AEB74BCC
:10B560001340002B00F03D82089B01330893049B9D
:10B57000013304934FF0010863E601230A93099B0A
:10B58000059A13440F930133012B1F460793B8BF4D
:10B5900001270021172F61647FF732AC01220423B9
:10B5A0005B0003F11400B842114602F10102F7D921
:10B5B000616425E401230A93099F002F4ADD0F9758
:10B5C0000797E6E700230A93D9E700230A93F3E7F6
:10B5D0000F9BCDF814900793079B002B7FF43DAD94
:10B5E00051460522204601F037FC01468246284696
:10B5F00001F0E4FE00287FF730AD0098059F31236D
:10B60000804600F8013B013700905146204601F08A
:10B6100019FC7B1CDDF800900593CDF80080002E0E
:10B620007FF496AE98E631463A46204601F04EFE4B
:10B630000646E0E60B9BCDF82C80A8EB03039B4469
:10B640004FF000088AE54FF0020AB0EE498AF0EEAA
:10B65000698A02E4012309930793FFF7CDBB03D165
:10B66000019BDB073FF556AED9461BF8013D302B59
:10B67000FAD061E6059B009A0133059331231370DC
:10B680005AE60D9A002A00F0638103F23343049ACC
:10B69000DDF82C801A440492089A17461A4408923E
:10B6A00067E5504603F042F953EC1A2B03F0A8F972
:10B6B000634B002202F0EEFF8046A1F15079614B0E
:10B6C000002251EC1A0B02F0E3FF42464B460646BD
:10B6D0000F4603F025FC002840F07F8130463946B4
:10B6E000424609F1004303F0FDFB00283FF48EAC15
:10B6F0004FF0000A5646B0E429460B9A204601F066
:10B7000085FD05468EE50C9040E500F04E81059ADA
:10B710004D4B564206F00F0203EBC203D3E9002360
:10B7200051EC190B03F06CF9361141EC1A0B00F0D7
:10B730008881464F00234FF0020AF20706D5D7E969
:10B74000002303F05DF90AF1010A0123761007F1E5
:10B750000807F2D1002B3FF49FAB41EC1A0BFFF727
:10B760009BBB029B002B7FF427AEDDE90212C2F3E4
:10B770001303002B3FF4F3AE1EE6002A12DD294628
:10B7800001222046019301F0A1FD5146054601F03A
:10B7900015FE0028019B40F33581392B00F0138101
:10B7A0000BF13103B94609F8013B059B01333746DC
:10B7B00005934646C0E5A24618EE105A18EE904A88
:10B7C00002460B4602F066FF42464B4606460F46CF
:10B7D00003F0A6FB60B942464B463046394603F0BB
:10B7E00077FB00283FF497AC5FEACB717FF593AC11
:10B7F000009AFFF7F8BB7168204601F0FDFA074692
:10B80000002800F03A81336902339A0006F10C01F6
:10B810000C30FCF7AFFB39460122204601F056FD03
:10B820008046EDE52946204601F0F0FC0546F9E4A6
:10B83000DDE907239F1A9CE4281E01000000F07F29
:10B8400000001C4000001440D81E0100C81F010069
:10B85000392B00F0B880B9460133A4E7059A0132CC
:10B8600037460592464648E50E988D4901EBC001E2
:10B8700042464B4651E9020103F0C2F85AEC1A9BCA
:10B8800041EC180B51461AEE100A03F069FB07460B
:10B8900003F04CF802460B461AEE100A514602F02D
:10B8A000F7FE06460E98DDF800803037012808F8CC
:10B8B000017B0F4600F0BA800E9B009ACDF838B09D
:10B8C00013449B46C246774B00223046394603F06C
:10B8D00097F88946804603F043FB074603F026F8B5
:10B8E000303702460B464046494602F0D1FE0AF880
:10B8F000017BDA4506460F46E5D1DA46DDF838B079
:10B90000694B59EC188B002218EE100A494602F0D8
:10B91000C1FE32463B4603F0E5FA00286DD118EE31
:10B92000102A4B466049002002F0B2FE32463B46E8
:10B9300003F0F6FA00283FF469ABD1460AF1FF3A6A
:10B9400019F8013C302BF8D0109B0133059303E527
:10B95000129BC3F136039AE6079B002B3FF4A1AE7E
:10B960000F9B002B7FF752AB059A0E93013A4D4B7C
:10B9700010921AEE100A3946002203F041F80246EE
:10B9800016460F460AF1010002F0D0FF32463B4650
:10B9900003F036F8454B002202F07CFE47EC1A6BB0
:10B9A0008046A1F15079FFF79BBA4FF0020AB0EE42
:10B9B00049AAF0EE69AAFFF76FBA059B0133059318
:10B9C0003123FFF717BB059BBB4601330593392392
:10B9D00037460BF8013B46469EE44FF0000A5646B8
:10B9E0000BE698462DE4AA4618EE104A1AEE105AB5
:10B9F000109B01330593D146AEE4109B009A05934A
:10BA0000FFF7F1BA7FF4CEAEDA077FF5CBAEC4E62E
:10BA1000392BD8D0B9F1000F3FF7C2AEC2E6019B77
:10BA2000022B3FF7D5ADCDF8149060E5C24667E72D
:10BA3000019B022B3FF7CCAD0F9BCDF814900793E1
:10BA4000D6E44FF0020AFFF727BA194B0093FFF72D
:10BA5000D9B83FF40EACC0F13C0094E40026666413
:10BA60003146204601F0C8F9009068B9114B1248E0
:10BA700000224FF4D571FCF7B3F90E4B0E483A464D
:10BA800040F2EA21FCF7ACF9009B236401224FF05D
:10BA9000FF3309960F930A920793FFF7B7BA00BFD7
:10BAA000D81E0100000024400000E03F00001C40C0
:10BAB0002C1E0100381E01004C1E0100B1F90C20A3
:10BAC0002DE9F0410C461107804647D4636842F4E3
:10BAD0000062002BA2815EDDA56A002D58D00023F4
:10BAE000D8F80060C8F8003093B212F4805256D1F2
:10BAF0000123E1694046A847431C67D0A389A56A92
:10BB00005F0705D56368C01A236B0BB1E36BC01ADE
:10BB1000E169024600234046A847411C41D1D8F8BC
:10BB20000030002B3DD01D2B01D0162B56D1A38900
:10BB30002269226023F4006300216160A381216BEC
:10BB4000C8F8006021B304F14003994202D0404696
:10BB500000F072FA00202063BDE8F0812669BEB1D2
:10BB600093B2256826609A070CBF63690023AD1B5A
:10BB7000A3600BE02B463246E169676A4046B8474E
:10BB8000B0F1000CA5EB0C05664417DD002DF1DCCF
:10BB90000020BDE8F081E36B002B9DDCF8E7206D11
:10BBA000AEE7B4F90C302269226023F40063A3816C
:10BBB0000022DB046260C2D52065C0E7A38943F0A0
:10BBC00040034FF0FF30A381BDE8F081D8F800308A
:10BBD000002B93D01D2B06D0162B04D0A38943F045
:10BBE0004003A381D5E7C8F80060D1E738B50D461A
:10BBF000044608B1836B1BB1B5F90C0030B938BDF0
:10BC000000F01EF9B5F90C000028F8D029462046AE
:10BC1000BDE83840FFF752BF38B5B8B10F4B1D68CB
:10BC200004460DB1AB6B4BB1B4F90C0000B938BD93
:10BC300021462846BDE83840FFF740BF284600F0BF
:10BC4000FFF8B4F90C000028F1D0F1E7044B0549E6
:10BC50001868BDE8384000F08DBC00BF2800002007
:10BC6000A01D0100EDBB000000207047014900F05D
:10BC700081BC00BF51E50000002070472DE9F84F5E
:10BC80002D4A4668C26300240323C0E9B84307462F
:10BC900000F53B720423C0F8E8222146C6E90243BE
:10BCA0000822C6E90044C6E904447466B46106F19A
:10BCB0005C00FCF775FADFF88CB0BD68DFF888A08F
:10BCC000DFF88890DFF888801C4BC6F824A0C6E90E
:10BCD000076BC6F82890C6F82C800822EB60C5E9EF
:10BCE0000044C5E904446C66AC60AC61214605F1D2
:10BCF0005C00FCF755FAC5E9075BC5E909A9C5F879
:10BD00002C80FD680E4BEB60C5E90044C5E9044496
:10BD10006C66AC60AC612146082205F15C00FCF762
:10BD20003FFA0123C5E9075BC5E90A98C5F824A0D5
:10BD3000BB63BDE8F88F00BF6DBC000009000100C7
:10BD4000120002004DDF000075DF0000B5DF0000CB
:10BD5000D5DF000070B568224D1E02FB05F50E46CA
:10BD600005F1740100F02AFD044640B100210C30B9
:10BD7000C4E90016A06005F16802FCF711FA20463C
:10BD800070BD00BF274B2DE9F0411E68B36B07461D
:10BD90005BB306F538764FF00408D6E90134013B71
:10BDA00004D51EE05A1C04F168041AD0B4F90C50F2
:10BDB000013B002DF6D11C4B6566C4E90055C4E972
:10BDC0000253C4E90455A5610822294604F15C0028
:10BDD000FCF7E6F9C4E90C55C4E911552046BDE865
:10BDE000F08135682DB12E46D7E73046FFF746FF84
:10BDF000CFE74FF4D671384600F0E0FC044668B156
:10BE00000560C0F804800C302946A06025464FF438
:10BE1000D072FCF7C5F934602E46BEE70C233060C3
:10BE20003B60DBE7A01D01000100FFFF024B03495F
:10BE3000186800F09FBB00BFA01D010051E5000085
:10BE4000836B03B1704719E7704700BF704700BFAD
:10BE5000704700BF704700BF024B0349186800F0ED
:10BE600069BB00BF2800002069BC0000024B0349E9
:10BE7000186800F05FBB00BF2800002079BC0000FC
:10BE80002DE9F04782B082468846144600F0B6FBA2
:10BE9000012803D108F1FF33FE2B36D9424604F1C5
:10BEA0005C0301A9504602F06DFA421C064632D0EE
:10BEB00030B39DF804C00DF10509002509E02368A1
:10BEC0005A1C226083F800C00135B54218D219F817
:10BED00001CBA368013B002BA360F0DAA769BB424A
:10BEE00061462246504602DBBCF10A0FE7D102F060
:10BEF000E5F9431CE8D10646304602B0BDE8F087BC
:10BF00004646304602B0BDE8F0875FFA88FC8DF8FF
:10BF100004C00646CFE7A389304643F04003A3811F
:10BF200002B0BDE8F08700BFB2F90C3013F4005F37
:10BF30000BD110B4546E43F4005344F400545466CF
:10BF400093815DF8044BFFF79BBFFFF799BF00BFDC
:10BF500030B5104B1D680C4683B001460DB1AB6B7C
:10BF60008BB1B4F90C309A0406D4626E43F40053DA
:10BF700042F40052A38162662246284603B0BDE81F
:10BF80003040FFF77DBF01902846FFF759FF019928
:10BF9000E7E700BF28000020F8B5244F0C4606460E
:10BFA00000F026FFBA685568C4F57E630F3325F0AC
:10BFB00003052B4423F47F6323F00F03A3F5805480
:10BFC000B4F5805F07DB0021304601F051FEBB680D
:10BFD0002B44984204D0304600F00CFF0020F8BDFE
:10BFE0006142304601F044FE01300DD0104ABB687A
:10BFF0002D1B45F001055D60136830461B1B136067
:10C0000000F0F8FE0120F8BD0021304601F030FEBE
:10C01000BA68831A0F2BDEDD43F001035360054B32
:10C0200003491B68C01A0860D5E700BFC40500209B
:10C030004C1E0020CC090020002961D0F8B50C4628
:10C04000064600F0D5FE54F8042C7B4FA4F10805F9
:10C0500022F0010105EB010CB868DCF80430604502
:10C0600023F0030300F08B80D207CCF8043032D4E5
:10C0700054F8082CAD1A1144AA6807F1080082424E
:10C080006AD00CEB0304D4F804E0EC68D4601EF032
:10C09000010FA26000F0978041F001036B60CCF8C3
:10C0A0000010B1F5007F35D27A68CB08480901212C
:10C0B000013381401143796007EBC30257F8331015
:10C0C000083AC5E9021247F83350CD603046BDE862
:10C0D000F84000F08FBE0CEB03025268D00710D47A
:10C0E000194407F10800DCF80830834273D0DCF80B
:10C0F0000C20DA60936041F001036B606950D0E777
:10C10000704741F00103B1F5007F44F8043CCCF8DE
:10C110000010C9D3B1F5206F4FEA512348D28B09E3
:10C1200003F1390003F13802C300F818FB5808384E
:10C13000984259D05A6822F003028A4202D99B6879
:10C140009842F7D1D868C5E902308560DD60304695
:10C15000BDE8F84000F04EBE0CEB03025268D20777
:10C1600063D40B44DCE90212CA60916043F001021F
:10C170006A603046EB50BDE8F84000F03BBE0B442F
:10C18000D10707D454F8082CAD1A1344D5E902128C
:10C19000CA60916043F001026A60284ABD6012687B
:10C1A0009A4293D8264B30461968FFF7F5FE8DE783
:10C1B000142B0AD9542B1FD80B0B03F16F0003F17A
:10C1C0006E02C300B1E719448DE703F15C0003F18F
:10C1D0005B02C300A9E741F00103C7E90455C5E9C3
:10C1E00002006B60695071E779689210012404FACB
:10C1F00002F20A437A60A6E7B3F5AA7F06D8CB0B12
:10C2000003F1780003F17702C3008EE740F2545245
:10C21000934206D88B0C03F17D0003F17C02C3002E
:10C2200083E74FF47E737E227FE741F001036B606A
:10C23000CCF800104AE700BFC4050020D009002058
:10C24000481E00209368002B00F085802DE9F04FF8
:10C25000B1F90C300C461907804683B0174698B2E6
:10C2600025D523691BB310F002033D682DD04FF094
:10C27000000ADFF8BCB25646B9465E453346524620
:10C2800028BF5B464046002E52D0E169676AB84736
:10C29000002856DDD9F808301B1A8244361AC9F82E
:10C2A0000830002BE9D1002003B0BDE8F08F214613
:10C2B0004046FEF7C3FA002840F03681B4F90C304E
:10C2C0003D6898B210F00203D1D110F0010944D1B9
:10C2D0004E46009746B38205D4F808B040F18380FB
:10C2E000B3455A4600F2B28010F4906F40F0BF8020
:10C2F000206801924946FBF7D7FEA368019AA3EB99
:10C300000B012368A1601344B24623600026009B02
:10C310009868A0EB0A00D14498600028C3D0B4F913
:10C320000C0080B2002ED6D1D5E900960835D1E7B1
:10C33000D5E900A60835A0E721464046FFF756FCA0
:10C3400080B3B4F90C3043F040034FF0FF30A381C9
:10C3500003B0BDE8F08F002070471E46AA469946FC
:10C3600018461D46009756B388B34A46D4E90413CD
:10C370002068B24228BF3246884205D9A16803EB43
:10C38000010B5A4500F3A680934263DCE169676ABA
:10C390002A464046B847B0F1000BD2DDB9EB0B0995
:10C3A000CAD00120009A9368A3EB0B035D44A6EB6F
:10C3B0000B069360002B3FF476AF002ED4D10AF128
:10C3C000080353E902569A460833002EF9D0324644
:10C3D0000A21284600F0BCFC002800F09C800130B7
:10C3E000A0EB0509C1E720682369984216D8636964
:10C3F000B34213D86FF00042B24228BF3246E1691F
:10C4000092FBF3F2676A02FB03F340464A46B847E1
:10C41000B0F1000A95DDA6EB0A0678E7B345DA46E7
:10C4200028BFB24652464946FBF73EFEA368226843
:10C43000A3EB0A035244A3602260002BEBD12146F8
:10C440004046FFF7D3FB0028E5D07AE72068B346E3
:10C4500032464EE729460192FBF726FE019AA36871
:10C460009B1AA360236813442360934696E72368CE
:10C470002169A3EB010B636903EB430A0AEBDA7A48
:10C480000BF101034FEA6A0A33445345524684BF15
:10C490009A46524643052CD51146404600F08EF987
:10C4A00000283BD05A4621690190FBF763FDA28921
:10C4B000019B22F4906242F08002A28103EB0B0008
:10C4C0002361AAEB0B03C4F814A0A3602060B34659
:10C4D00032460EE729465A46FBF7E6FD23685B44E1
:10C4E000236021464046FFF781FB00283FF456AF0A
:10C4F00027E7404601F0D0F903460028DED1216944
:10C500004046FFF799FDB4F90C300C2223F080036C
:10C51000C8F8002017E7721C914627E70C22B4F9EF
:10C520000C30C8F800200EE74FF0FF30BCE600BF2B
:10C5300000FCFF7F2DE9F041884600F538770026A2
:10C54000D7E90154013D0FD4A389012B05F1FF3533
:10C5500006D9B4F90E300133204601D0C047064356
:10C560006B1C04F16804EFD13F68002FE8D130461E
:10C57000BDE8F0812DE9F8430746884600F5387696
:10C580004FF00009D6E90154013D11D4A389012BD4
:10C5900005F1FF3508D9B4F90E300133214603D037
:10C5A0003846C04749EA00096B1C04F16804EDD124
:10C5B0003668002EE6D14846BDE8F88342B110B592
:10C5C0000B491046144601F00FFD18B9094810BD7B
:10C5D000084870470749204601F006FD0028F5D0BD
:10C5E0000549204601F000FD0028EFD0002010BDD5
:10C5F000841E0100801E0100681C0100014B93F89D
:10C60000280170475804002041B110B50C4620465F
:10C610000A4901F0E9FC18B9094810BD08487047FB
:10C620000749204601F0E0FC0028F5D005492046E6
:10C6300001F0DAFC0028EFD0002010BD841E0100BC
:10C64000801E0100681C0100F030704700487047F0
:10C650004805002000487047480500202DE9F041BA
:10C660008B890C46990796B008D504F14303012243
:10C67000C4E90432236016B0BDE8F081B4F90E10AD
:10C680000029064627DB6A4601F09AFF002821DBD5
:10C69000019D05F47045A5F50055B5FA85F54FF4F3
:10C6A00080686D094FF400674146304600F086F817
:10C6B000B4F90C30F0B1204AF26343F08003C4F8BF
:10C6C0001480A3812060206135BB3B43A38116B059
:10C6D000BDE8F081A38913F0800519D04FF0400820
:10C6E0004146304600F06AF80025B4F90C302F4678
:10C6F0000028E0D19A05BED423F0030304F14302DD
:10C7000043F002030121C4E90421A3812260B2E7BE
:10C710004FF480682F46C7E7B4F90E10304601F099
:10C7200065FF10B9B4F90C30CFE7A38923F00303F8
:10C7300043F001031BB2C8E76DBC000070B50C46A6
:10C74000B1F90E10002996B015461E4614DB6A4654
:10C7500001F036FF00280FDB019A02F47042A2F5C7
:10C760000052B2FA82F24FF4806352094FF4006033
:10C7700032602B6016B070BDB4F90C10002311F0BC
:10C780008000336004D0402218462A6016B070BD85
:10C790004FF480632B6016B070BD00BF024B0146A2
:10C7A000186800F00BB800BF28000020024B0146BB
:10C7B0001868FFF741BC00BF280000202DE9F04FAA
:10C7C00001F10B06162E83B0044624D8102900F27E
:10C7D000BA8000F00DFB102618220220B74F3A4411
:10C7E000A2F1080153688B4200F0BA805A68D968F8
:10C7F00022F003021A449D68E9608D60516841F09F
:10C8000001012046516003F1080500F0F3FA2846C3
:10C8100003B0BDE8F08F36F0070600F19480B14216
:10C8200000F2918000F0E4FAB6F5FC7FC0F096814A
:10C83000730A00F08F80042B00F26B81B30903F1BF
:10C84000390003F1380CC3009C4F3B44A3F10805A9
:10C850005B689D4206D10CE0002980F22B81DB68E9
:10C860009D4206D05A6822F00302911B0F29F3DD86
:10C8700060463D69DFF848C265457CD06A6822F0B1
:10C880000302931B0F2B00F37781002BC7E904CC25
:10C8900080F26881B2F5007F80F01681D308796854
:10C8A00001334FEA521E012202FA0EF20A4357F8F0
:10C8B00033E0C5F808E007EBC3010839E9607A60A6
:10C8C00047F83350CEF80C50831001219940914223
:10C8D00057D8114206D120F003004900114200F15F
:10C8E0000400FAD007EBC0094D468646D5F80C8007
:10C8F000454508D119E1002B80F22081D8F80C8041
:10C90000454500F01281D8F8042022F00302931B61
:10C910000F2BF0DD2046D8E9025408EB060146F063
:10C920000106C8F80460EC60A56043F00104C7E9A3
:10C930000411C1E902CC4C6048F8023000F05AFA08
:10C9400008F1080502E00C2323600025284603B007
:10C95000BDE8F08F4FF4007340204FF03F0C73E7B9
:10C96000D3689A4208BF02307FF440AF3D69DFF8D8
:10C9700050C1654582D17A68831001219940914266
:10C98000A7D9BD686B6823F00308464503D8A8EB18
:10C9900006030F2B7EDCDFF82C91D7F80824D9F89A
:10C9A00000300132334405EB080A00F02F8103F513
:10C9B00080530F3323F47F6B2BF00F0B5946204627
:10C9C00001F056F9411C024600F0EF80824500F26A
:10C9D000EA80D9F804105944C9F804100B4600F055
:10C9E0004B81D7F8081401311BBFA2EB0A0A53444C
:10C9F000C7F80824C9F8043012F0070300F01281C8
:10CA0000C3F108010A44C3F5805193440831A1EBF6
:10CA10000B01C1F30B0A514620460192009301F02D
:10CA200027F9421CDDE9003200F04B81831A03EB49
:10CA30000A0BD9F80400BA604BF001030AEB0001BD
:10CA4000BD425360C9F8041000F02281B8F10F0F05
:10CA500040F220816B68A8F10C0020F0070003F081
:10CA6000010303436B604FF0050C2B180F28C3E93B
:10CA700001CC00F22D8153681546D9F82C208A424A
:10CA8000D9F8302038BFC9F82C108A4238BFC9F80D
:10CA900030108CE0AA1943F0010346F001066E60E5
:10CAA0002046BA60536000F0A5F90835284603B067
:10CAB000BDE8F08FD9681A449DE600BFC405002088
:10CAC000CC050020481E0020B2F5206F4FEA52230B
:10CAD00063D3142B00F2B88003F15C01C9005B330F
:10CAE00007EB010E7958AEF1080E8E4500F09180EB
:10CAF0004B6823F00303934202D989688E45F7D12E
:10CB0000D1F80CE07A68C5E9021ECEF80850CD6075
:10CB1000DAE6142B59D9542B00F29E80330B03F123
:10CB20006F0003F16E0CC3008EE60EF1010E1EF0D5
:10CB3000030F05F108057FF4D9AE51E042444546A4
:10CB40005368D8F80C1043F00103536055F8083FC0
:10CB50002046D9608B6000F04DF9F7E6F00806F149
:10CB600008023BE62A442046536843F00103536021
:10CB7000083500F03FF9E9E6A919204646F001061C
:10CB800043F001046E60C7E90411C1E902CC4C60B6
:10CB9000AB5000F02FF90835D8E6930903F13901BD
:10CBA000C90038339CE7BD4260D0BD686B6823F094
:10CBB000030B5E45ABEB060302D80F2B3FF76AAFC2
:10CBC000204600F017F90025C0E603F15C0003F1F0
:10CBD0005B0CC30038E659F808394B4540F09680A5
:10CBE00010F0030F00F1FF30F5D17B6823EA010359
:10CBF0007B60490099423FF6C4AE19B9C1E64900CD
:10CC00000EF1040E1942FAD070466BE603F1100BD8
:10CC1000D4E69A104FF001087B6808FA02F21A4332
:10CC20007A6070E702EB0B014942C1F30B0A5146EF
:10CC300020460193009201F01BF8431CDDE900231C
:10CC40007FF4F4AE9A46F4E6542B26D8130B03F186
:10CC50006F01C9006E3343E7B3F5AA7F26D8F30B03
:10CC600003F1780003F1770CC300EDE5D9F8043047
:10CC70005B44C9F80430B4E6CAF30B0000287FF423
:10CC8000B0AEBD6808EB0B0343F001036B60F4E644
:10CC90001546F2E60123536092E7B3F5AA7F21D847
:10CCA000D30B03F17801C900773319E740F25452EE
:10CCB000934221D8B30C03F17D0003F17C0CC30037
:10CCC000C2E5083B9B44ABEB020B4FF0000AB0E619
:10CCD00005F108012046FFF7AFF9BD68D9F8041047
:10CCE0006B68CAE640F254518B420BD8930C03F1A7
:10CCF0007D01C9007C33F3E64FF47E737F204FF053
:10CD00007E0CA1E54FF47E717E23E9E67B6870E737
:10CD100010B4034CD4F8E440A4465DF8044B6047DB
:10CD20005804002082B049B15AB16BB113780B603E
:10CD30001278101E18BF012002B0704701A9002A06
:10CD4000F3D1104602B070476FF00100F4E700BF66
:10CD500001F0FF01102A2BDB10F0070F08D010F8AC
:10CD6000013B013A8B422DD010F0070F42B3F6D1B0
:10CD7000F0B441EA012141EA014122F007047FF0C9
:10CD800000070023F0E80256083C85EA010586EA20
:10CD9000010685FA47F5A3FA87F586FA47F6A5FA5C
:10CDA00087F68EB9EED1F0BC01F0FF0102F0070268
:10CDB00032B110F8013B013A83EA010313B1F8D113
:10CDC0000020704701387047002D06BF35460338F4
:10CDD000073815F0010F07D1013015F4807F02BF2D
:10CDE000013015F4C03F0130F0BC0138704700BF7E
:10CDF000704700BF704700BFC36C70B505460C4656
:10CE00004BB153F8240080B1026843F8242000237A
:10CE1000C0E9033370BD2122042101F025FB034644
:10CE2000E8640028EDD1002070BD012101FA04F66C
:10CE3000721D9200284601F017FB0028F3D0C0E9CC
:10CE40000146E4E731B1C36C4A6853F82200086038
:10CE500043F82210704700BFF0B50C69064683B056
:10CE60000D4601F1140E0020DEF800101FFA81FCBF
:10CE700002FB0C334FEA134C090C02FB01CC0130CE
:10CE80009BB203EB0C4384424EF8043B4FEA1C4335
:10CE9000EADC3BB1AA68A24207DD05EB840201345B
:10CEA00053612C61284603B0F0BD696801930131DC
:10CEB0003046FFF7A1FF019B0746B8B12A690193ED
:10CEC000023205F10C0192000C30FBF753F8F26CC2
:10CED0006968019B52F82100286042F821503D46C4
:10CEE00005EB8402013453612C61DBE7024B0348FC
:10CEF0003A46B521FAF774FF381E0100901E010072
:10CF00002DE9F8430C4628491F46164603F108024E
:10CF100081FB0231092F4FEAE2730546C3EB61033F
:10CF200039DD4FF0010C00214FEA4C0C634501F153
:10CF30000101F9DC2846FFF75FFF014668B3089B53
:10CF40004361092E4FF00103036112DC0A34092604
:10CF5000B7420BDDBE1B264414F8013B0A22303BCE
:10CF60002846FFF779FFA6420146F5D10846BDE8FD
:10CF7000F88304F10909C846344418F8013B0A2231
:10CF8000303B2846FFF768FFA0450146F5D1A6F1E2
:10CF900008044C44DCE70021CCE70A46034B044874
:10CFA000CE21FAF71DFF00BF398EE338381E01008D
:10CFB000901E0100030C1B04D3B90004102310F0D1
:10CFC0007F4F04BF0002083310F0704F04BF000110
:10CFD000043310F0404F04BF80000233002805DB0B
:10CFE00010F0804F03F1010308BF2023184670475B
:10CFF0000023E4E7036813F00702014607D0DA07CD
:10D000001FD4980721D55B080B600120704798B2A8
:10D01000A0B11046DAB20AB908301B0A1A0704BFD9
:10D020001B0904309A0704BF9B080230DA0703D4B7
:10D030005B0800F1010006D00B6070471B0C10204C
:10D04000E8E700207047202070479B080B60022013
:10D05000704700BF38B5C36C04460D464BB15868E5
:10D06000B0B102685A6000220123C0E90435C260F1
:10D0700038BD2122042101F0F7F90346E0640028BD
:10D08000EDD1094B094800224FF4A071FAF7A8FE30
:10D090001C220121204601F0E7F90028F1D00122ED
:10D0A0000223C0E90123DEE7381E0100901E0100C3
:10D0B0002DE9F04F0E691569AE4285B088461446D9
:10D0C00005DB2A46234635460C4616469846A36895
:10D0D0006168AF19BB42B8BF0131FFF78DFE019007
:10D0E000002800F08780019B03F1140909EB870AEF
:10D0F000D14505D24B46002243F8042B9A45FBD874
:10D1000008F1140808EB860B04F11403D8451A46FD
:10D1100003EB85055FD22B1B153B23F00303043380
:10D120001534A54238BF0423CDE902A7AC461F46FB
:10D13000924605E0000C29D1C34509F1040948D9FC
:10D1400058F8040B85B2002DF4D056464C46002307
:10D1500056F8040B216882B21FFA81FE05FB02EE2D
:10D16000000C0A0C734405FB002202EB13429BB235
:10D1700043EA0243B44544F8043B4FEA1243E7D87C
:10D1800049F8073058F8040C000CD5D0D9F8003015
:10D19000544619464D4600222688090C00FB06110C
:10D1A0000A449BB243EA024345F8043B54F8046B3B
:10D1B0002968360C8BB200FB063303EB1243A445FF
:10D1C0004FEA1342E8D8C34549F8073009F104098A
:10D1D000B6D8DDE902A7002F02DC05E0013F03D04D
:10D1E0005AF8043D002BF9D0019B18461F6105B089
:10D1F000BDE8F08F034B0448019A40F25D11FAF745
:10D20000EFFD00BF381E0100901E010012F0030365
:10D210002DE9F0411446064632D10D46A41020D027
:10D22000D6F84880B8F1000F33D0E3074FF000077D
:10D2300007D4641015D0D8F80000A8B18046E307E1
:10D24000F7D5424629463046FFF732FFB5B1696847
:10D25000F36C641053F821202A6043F821500546EE
:10D26000E9D12846BDE8F081424641463046FFF705
:10D270001FFFC8F8000007608046E0E70546D8E7D2
:10D28000013B0F4A52F823200023FFF7E5FD054636
:10D29000C4E701213046FFF7AFFD804640B10123CE
:10D2A00040F27122C0E904320023B0640360BCE79D
:10D2B000044B054842464FF4A071FAF791FD00BFB8
:10D2C000C81E0100381E0100901E01002DE9F04724
:10D2D0000C4690462669A368496806EB6216751CE1
:10D2E0009D4207464FEA621904DD5B009D4201F151
:10D2F0000101FADC3846FFF77FFD8446002851D053
:10D30000B9F1000F00F114000EDD09F105024FEA3A
:10D31000820E03460CEB8202002143F8041B934269
:10D32000FBD1AEF114031844216904F1140318F081
:10D330001F0803EB81012DD0C8F1200986464FF06C
:10D34000000A1A6802FA08F242EA0A024EF8042BAE
:10D3500053F8042B994222FA09FAF2D80B1B153B19
:10D3600023F00303043304F11502914238BF042370
:10D37000BAF1000F18BF2E4640F803A0FB6C62689C
:10D38000CCF8106053F822102160604643F8224028
:10D39000BDE8F087043853F8042B40F8042F994275
:10D3A000F9D8EBE7034B0448624640F2D911FAF78B
:10D3B00017FD00BF381E0100901E01000B69844656
:10D3C0000069C01A16D10CF1140C14310CEB830255
:10D3D00010B401EB830301E0944508D252F8044DE8
:10D3E00053F8041D8C42F7D005D24FF0FF305DF8A2
:10D3F000044B7047704701205DF8044B704700BF35
:10D400002DE9F84F0F691369FF1A002F0E46904659
:10D410007AD101F11405143202EB830205EB830388
:10D4200001E09D4273D253F8041D52F8044DA1420D
:10D43000F7D064D37168FFF7DFFC8146002872D013
:10D440003569D8F81020C76008F1140E06F11400F1
:10D4500009F1140A06F1100C0EEB820200EB8507AD
:10D46000564600215EF8044B5CF804BFA3B211FAE3
:10D470008BF1CB1A210CC1EB1B4101EB23419BB279
:10D4800043EA0143724546F8043B4FEA2141E9D89B
:10D49000A2EB0804153C08F11508424524F00306E8
:10D4A00006F1040638BF0426304424F0030238BFD6
:10D4B000002287425244B24416D95646044654F8D4
:10D4C000043B11FA83F10A1402EB134289B241EAD8
:10D4D0000243A74246F8043B4FEA2241EFD87A1EA6
:10D4E000101A20F00302524423B952F8043D013DC2
:10D4F000002BFAD0C9F810504846BDE8F88F3346E3
:10D5000001274646984695E7F9DB002792E7002178
:10D51000FFF772FC814668B101220023C9E90423A8
:10D520004846BDE8F88F074B07484A464FF410714C
:10D53000FAF756FC034B04484A4640F23221FAF708
:10D540004FFC00BF381E0100901E010082B08DED1F
:10D55000000B154B019A1340A3F15073002B05DD0E
:10D560000020194641EC100B02B070475B42B3F14A
:10D57000A07F4FEA235208DA4FF40023002043FA39
:10D5800002F141EC100B02B07047143A1E2ADABFC8
:10D590004FF0004323FA02F201220021104641EC31
:10D5A000100B02B0704700BF0000F07FF8B50469AF
:10D5B00000F1140606EB8404271F54F8045C284687
:10D5C000FFF7F8FCC0F120030A280B6031DDBE42F2
:10D5D0001BD20B3854F8081C23D0C0F1200C854016
:10D5E00021FA0CF72F43A4F1080547F07F53AE4210
:10D5F00043F4401336D2814054F80C0C20FA0CF05E
:10D600000843024643EC102BF8BD0B3808D005FA4E
:10D6100000F040F07F53002043F440130246F1E74E
:10D62000014645F07F5343F440130A4643EC102B68
:10D63000F8BDC0F10B0C25FA0CF1BE4241F07F534E
:10D6400038BF54F8081C00F1150034BF21FA0CF162
:10D65000002105FA00F043F4401340EA010243ECD4
:10D66000102BF8BD01FA00F00246CBE72DE9F0439C
:10D67000884683B0012157EC106B1546FFF7BCFBC1
:10D68000044600284FD0C7F30A59C7F31303B9F172
:10D69000000F01D043F48013002E019324D068467C
:10D6A0000096FFF7A7FC002839D0DDE90013C0F190
:10D6B000200203FA02F20A43C34062610193002B85
:10D6C00014BF02220122A3612261B9F1000F16D01A
:10D6D000A9F233430344C0F13500C8F80030286094
:10D6E000204603B0BDE8F08301A8FFF783FC019B4F
:10D6F0006361012220302261B9F1000FE8D104EB0F
:10D700008203A0F23240C8F800001869FFF752FC0B
:10D71000C0EB42102860204603B0BDE8F083009BB8
:10D720006361019BCBE7034B0348224640F20A3179
:10D73000FAF756FB381E0100901E01002DE9F04358
:10D7400083B00E4669460746FFF730FF01A9304611
:10D7500055EC104BFFF72AFF3B693169591ADDE997
:10D760000023D31A03EB4113002B51EC100B0DDDFA
:10D7700005EB03594D4602460B462046294601F06B
:10D7800069FA41EC100B03B0BDE8F083C3EB03333F
:10D7900001EB03573946EEE7172870B506460CDD56
:10D7A0000A490B4D0020002422462B4601F028F99F
:10D7B000013EF9D141EC100B70BD064B03EBC006E6
:10D7C000D6E9040141EC100B70BD00BF0000F03F32
:10D7D00000002440C81E01000139491101F1010C6B
:10D7E000116902F1140303EB81018B4200EB8C0CF5
:10D7F00016D210B5A0F1040E53F8044B4EF8044FA6
:10D800009942F9D88B1A153B23F0030304331844CB
:10D81000844504D9002340F8043B8445FBD810BD5F
:10D82000844505D9002340F8043B8445FBD8704764
:10D83000704700BF03694A11934200F1140009DAEE
:10D8400000EB830302E053F8042DCAB98342FAD8EF
:10D850000020704711DD11F01F010ED010B450F8F8
:10D86000224000EB820324FA01F202FA01F18C4219
:10D870000CD001205DF8044B704700EB8203E5E714
:10D880000120704753F8042D002AF2D18342F9D8C1
:10D8900000205DF8044B70472DE9F84F174600292A
:10D8A00000F0988007F10B0580460C46FFF7A0FAC0
:10D8B000162D5DD810252A46AF425ED854F8041CB8
:10D8C00021F003069642A4F1080962DABC4BD3F8B2
:10D8D00008C009EB0600844500F09780D0F804C02A
:10D8E0002CF0010303445B68DB0768D42CF0030CC5
:10D8F00006EB0C03934247DACB0710D454F8083CEC
:10D90000A9EB030ADAF8043023F003018C44B44491
:10D91000944580F211817318934280F2E880394671
:10D920004046FEF74BFF0746E0B154F8043C23F0B5
:10D9300001034B44A0F10802934200F0D280321F51
:10D94000242A00F2F580132A00F2AC800346224616
:10D95000116819605168596092689A602146404682
:10D96000FEF76AFB4046FFF745FA3846BDE8F88FF8
:10D9700025F00705002D2A469EDA0C23C8F8003052
:10D9800000273846BDE8F88F1E46D0E90223D36051
:10D990009A60731B0F2B22D8D9F8043003F00103CF
:10D9A00033434E44C9F80430736843F00103736095
:10D9B00040462746FFF71EFA3846BDE8F88FC907EC
:10D9C000ADD454F8083CA9EB030ADAF8041021F0AE
:10D9D0000301A0E7BDE8F84F1146FEF7EFBED9F806
:10D9E000041001F001012943C9F8041009EB0501F5
:10D9F0004E4443F001034B60736843F00103083168
:10DA000073604046FEF718FBD2E7DCF8040020F014
:10DA1000030B06EB0B0C05F1100084454DDAC9072A
:10DA20003FF57DAF54F8081CA9EB010ADAF80410A1
:10DA300021F003018B44B34458453FF76CAF574680
:10DA4000DAF80C1057F8080F321F242AC1608860DA
:10DA500000F2DB80132A40F2D6802168CAF8081051
:10DA60006168CAF80C101B2A00F2DF8008340AF142
:10DA700010022168116061685160A16891600AEB31
:10DA80000501ABEB050242F0010299604A60DAF849
:10DA9000043003F001031D434046CAF80450FFF769
:10DAA000A9F96EE723680360636843601B2A68D89E
:10DAB00004F1080200F108034AE709EB05029A6045
:10DAC000ACEB050343F00103536054F8043C03F04E
:10DAD00001031D43404644F8045CFFF78BF92746D9
:10DAE0004FE750F8043C23F003031E4451E7574628
:10DAF000DAF80C1057F8080F321F242AC16088602A
:10DB00004CD8132A48D92168CAF808106168CAF8A5
:10DB10000C101B2A56D808340AF110021E4623683E
:10DB2000136063685360A3689360D1463C4630E756
:10DB30002146FAF7B9FA11E7D0E902135746CB604C
:10DB4000996057F8081FDAF80C30CB60321F242A8E
:10DB500099602DD8132A29D92368CAF80830636838
:10DB6000CAF80C301B2A42D808340AF11003226884
:10DB70001A6062685A60A2689A606646D1463C465E
:10DB800007E7A3688360E368C360242A26D004F112
:10DB9000100200F11003DBE63A46BFE721463846A3
:10DBA0001E46D146FAF780FA3C46F2E63B46DEE7EF
:10DBB000214638466646D146FAF776FA3C46E8E60C
:10DBC000C4050020A168CAF81010E168CAF8141052
:10DBD000242A20D010340AF118029FE72369036138
:10DBE0006169416104F1180200F11803B0E6A3680D
:10DBF000CAF81030E368CAF81430242A21D010344F
:10DC00000AF11803B3E73A4633E721463846FAF7F4
:10DC10004BFA164B33E72269CAF818206269CAF832
:10DC20001C2018340AF1200278E7A168CAF8101005
:10DC3000E168CAF81410242A0DD010340AF1180231
:10DC400017E72369CAF818306369CAF81C3018341A
:10DC50000AF120038BE72269CAF818206269CAF822
:10DC60001C2018340AF1200203E700BFC40500207D
:10DC700038B5074D0022044608462A6000F0F4FC3F
:10DC8000431C00D038BD2B68002BFBD0236038BD6F
:10DC90007C1E002038B5D0F8DC420CB1002038BD25
:10DCA00080210546FEF78AFD0246C5F8DC0230B148
:10DCB000031F7C3243F8044F9342FBD1EEE74FF051
:10DCC000FF3038BD1F29F8B5054609D8D0F8DC6209
:10DCD0000C4617464EB156F8240046F82470F8BD9D
:10DCE000162303604FF0FF30F8BD8021FEF766FD7C
:10DCF0000646C5F8DC0240B1031F00F17C05002197
:10DD000043F8041F9D42FBD1E5E74FF0FF30F8BD1B
:10DD10001F2938B5054621D8D0F8DC220C466AB157
:10DD200052F8213053B1012B16D0591C10D00025C8
:10DD3000204642F824509847284638BD284600F02F
:10DD400003F9224601462846BDE8384000F0E6B80F
:10DD500016230360012038BD002038BD1623036060
:10DD60004FF0FF3038BD00BF1F292CD8D0F8DC227F
:10DD700038B50C46054682B152F8243002EB8402D5
:10DD80004BB1591C1AD0012B16D000252046156026
:10DD90009847284638BD012038BD8021FEF70EFD8A
:10DDA0000246C5F8DC0258B1031F00217C3043F85D
:10DDB000041F9842FBD1DFE7032038BD022038BDA5
:10DDC0004FF0FF3038BD4FF0FF30704738B5154B7E
:10DDD0001F281D6820D8D5F8DC22044662B152F80D
:10DDE00020304BB1012B15D0591C0FD0002542F823
:10DDF00020509847284638BD284600F0A5F822460E
:10DE000001462846BDE8384000F088B816232B604C
:10DE1000012038BD002038BD16232B604FF0FF30A5
:10DE200038BD00BF28000020134B1F2870B51E68A6
:10DE300009D80D46D6F8DC12044649B151F8240041
:10DE400041F8245070BD162333604FF0FF3070BD91
:10DE500080213046FEF7B2FC0146C6F8DC0240B134
:10DE6000031F00F17C0C002243F8042F6345FBD113
:10DE7000E4E74FF0FF3070BD2800002038B50C4BB0
:10DE80001D68D5F8DC420CB1002038BD8021284641
:10DE9000FEF794FCC5F8DC0238B1031F00F17C02E8
:10DEA00043F8044F9342FBD1EEE74FF0FF3038BD0B
:10DEB0002800002038B5184B1F281D6828D8D5F831
:10DEC000DC22044682B152F8243002EB84024BB1CA
:10DED000591C1BD0012B17D00025204615609847F0
:10DEE000284638BD012038BD80212846FEF766FC53
:10DEF0000246C5F8DC0258B1031F00217C3043F80C
:10DF0000041F8342FBD1DEE7032038BD022038BD69
:10DF10004FF0FF3038BD00BF2800002070B50C4620
:10DF2000084D03460026204611461C462E60F2F797
:10DF300077FC431C00D070BD2B68002BFBD0236006
:10DF400070BD00BF7C1E0020F2F768BC10B50C4607
:10DF5000B1F90E1000F072FB002803DB236D0344BF
:10DF6000236510BDA38923F48053A38110BD00BF96
:10DF7000002070472DE9F0410C46B1F90C101F4606
:10DF8000CB05054616460BD421F48051A1813B46B2
:10DF9000B4F90E1032462846BDE8F04100F04EBA02
:10DFA000B4F90E100223002200F032FBB4F90C1079
:10DFB000EAE700BF10B50C46B1F90E1000F028FBDF
:10DFC000A389421C0EBF23F4805343F48053206581
:10DFD000A38110BDB1F90E1000F076BA0000000068
:10DFE000A2EB0300704700BF02780B78012A28BF1C
:10DFF0009A42F5D16DE9044540EA0104CDE9026792
:10E000006FF0000C4FEA447212B380EA010414F07E
:10E01000070F6AD100F0070420F0070004F00305A1
:10E0200021F007014FEAC505F0E8042314F0040FBE
:10E03000F1E804670CFA05F462EA040266EA0406F1
:10E040000AD063EA0403624667EA0407664603E00F
:10E05000F0E80423F1E8046782FA4CF582EA06044A
:10E06000A4FA8CF46CBB83FA4CF583EA0705A5FA95
:10E070008CF595B950E9022351E9026782FA4CF513
:10E0800082EA0604A4FA8CF483FA4CF583EA0705C5
:10E09000A5FA8CF52543DBD09CB92DBAB5FA85F4E9
:10E0A00024F0070427FA04F1DDE9026723FA04F3F8
:10E0B00003F0FF0001F0FF01FDE80445A0EB0100C3
:10E0C000704724BAB4FA84F424F0070426FA04F161
:10E0D000DDE9026722FA04F202F0FF0001F0FF011D
:10E0E000FDE80445A0EB0100704714F0030F3CD19C
:10E0F00010F0030428D150F8082B51F8083B82FA9D
:10E100004CF582EA0305A5FA8CF55DB950F8042CAC
:10E1100051F8043C82FA4CF582EA0305A5FA8CF525
:10E12000002DE8D02DBAB5FA85F424F0070423FABF
:10E1300004F122FA04F202F0FF0001F0FF01FDE811
:10E140000445A0EB010070474FEAC40420F003002F
:10E1500050F8082B21F0030151F8083B0CFA04F4A5
:10E1600062EA040263EA0403C9E710F003041AD068
:10E17000A1EB040120F00300E40750F8042B06D0C3
:10E180000FD28B785FFAA2F4E41A06D12BB1CB78C8
:10E190005FFAB2F4E41A00D11BB920465DF8104BC7
:10E1A000704701F1040150F8042BCC0721F0030162
:10E1B00051F8043B48D824D222F07F4482FA4CF52F
:10E1C00094EA1325A5FA8CF50AD165B951F8043BF8
:10E1D00084EA0204B4EB036F0ED150F8042BEBE792
:10E1E0004FEA132355E035F07F454DD10878FDE81F
:10E1F0000445C0F1000070474FEA126203F0FF03CC
:10E2000047E002EA1C4482FA4CF594EA1345A5FA69
:10E210008CF50AD165B951F8043B84EA0204B4EBE9
:10E22000034F0CD150F8042BEBE74FEA134330E0D7
:10E2300015EA1C4528D10B884FEA124229E04FEA23
:10E24000124203EA1C4324E002F0FF0482FA4CF578
:10E2500094EA1365A5FA8CF50AD165B951F8043B27
:10E2600084EA0204B4EB032F09D150F8042BEBE746
:10E270004FEA13630DE015F0FF0F05D10B684FEA6D
:10E28000122223F07F4304E04FF00000FDE8044534
:10E29000704712BA1BBA82FA4CF482EA0304A4FA59
:10E2A0008CF5B5FA85F402FA04F203FA04F34FEAA6
:10E2B0001260FDE80445A0EB13607047F8B50D4609
:10E2C0001446064610B1836B002B43D0B4F90C20E2
:10E2D000A369A360170790B21BD52369CBB1EDB238
:10E2E00081042F4622D522686169D31A994229DD1B
:10E2F0000133A1680139A160511C21601570626968
:10E300009A422AD0A389DB0701D50A2D25D03846A9
:10E31000F8BD21463046FCF791FA20BBB4F90C2039
:10E32000236990B2EDB281042F46DCD442F400524E
:10E33000A281626E616922F4005262662268D31A79
:10E340009942D5DC21463046FDF750FC58B9226889
:10E350000123CEE7FDF774FDB8E721463046FDF70F
:10E3600045FC0028D3D04FF0FF37D0E710B4044C61
:10E3700003460A4620685DF8044B1946FFF79EBF26
:10E380002800002070B5054684B01C4639B10B4EFC
:10E39000D6F8E060B047431C09D004B070BD0A460F
:10E3A0000649D1F8E06001A9B047431CF5D100222D
:10E3B0008A2322602B6004B070BD00BF5804002087
:10E3C00070B5104B84B01D68144658B10E4B0A4608
:10E3D000D3F8E060014623462846B047431C0BD0E3
:10E3E00004B070BD084A2346D2F8E06001A9024695
:10E3F0002846B047431CF3D100228A2322602B60B9
:10E4000004B070BD280000205804002010B4034C54
:10E41000D4F8E040A4465DF8044B6047580400205F
:10E4200049B1FF2A02D80A70012070478A2303608D
:10E430004FF0FF3070470846704700BF38B50C46B4
:10E44000084D8446114620461A4600232B60644638
:10E45000F2F786FA431C00D038BD2B68002BFBD0A6
:10E46000236038BD7C1E002010B502FB01F1FEF7D1
:10E47000A5F9044668B150F8042C22F00302043ACE
:10E48000242A18D8132A06D802460023C2E90033EA
:10E490009360204610BD00231B2AC0E900330FD92A
:10E4A000242AC0E9023311BF00F11002036100F118
:10E4B00018024361E9E70021F9F772FE204610BD1A
:10E4C00000F10802E1E700BF38B5074D002204461D
:10E4D00008462A60F2F7A0F9431C00D038BD2B682B
:10E4E000002BFBD0236038BD7C1E002070B50C468D
:10E4F0000646FDF7E3FAE36A054633B1E1693046C3
:10E5000098470028B8BF4FF0FF35A3891B0619D4E0
:10E51000216B41B104F14003994202D03046FDF72E
:10E520008BFD00232363616C21B13046FDF784FD30
:10E5300000236364FDF788FC0023A381FDF786FCBC
:10E54000284670BD21693046FDF776FDE0E700BF43
:10E55000B1B138B504460D4608B1836B4BB1B5F97E
:10E560000C300BB9002038BD29462046BDE83840A4
:10E57000BCE7FDF765FCB5F90C30002BF2D0F3E7F2
:10E5800000207047C0B138B50C4B1D6804460DB172
:10E59000AB6B4BB1B4F90C300BB9002038BD214640
:10E5A0002846BDE83840A1E72846FDF749FCB4F904
:10E5B0000C30002BF1D0F2E700207047280000203B
:10E5C00070B50C46084D03460026204611461C46F1
:10E5D0002E60F2F722F9431C00D070BD2B68002B8F
:10E5E000FBD0236070BD00BF7C1E002038B5074DF6
:10E5F0000022044608462A60F2F711F9431C00D0B5
:10E6000038BD2B68002BFBD0236038BD7C1E00205A
:10E6100038B50C46084D8446114620461A4600235C
:10E620002B606446F2F7FDF8431C00D038BD2B6820
:10E63000002BFBD0236038BD7C1E002038B50C4673
:10E64000084D8446114620461A4600232B60644636
:10E65000F2F79CF9431C00D038BD2B68002BFBD08F
:10E66000236038BD7C1E0020044A05491368002B36
:10E6700008BF0B461844106018467047801E0020E3
:10E68000881E0020FEE700BF81F0004102E000BFCD
:10E6900083F0004330B54FEA41044FEA430594EA62
:10E6A000050F08BF90EA020F1FBF54EA000C55EA9D
:10E6B000020C7FEA645C7FEA655C00F0E2804FEA6E
:10E6C0005454D4EB5555B8BF6D420CDD2C4480EA50
:10E6D000020281EA030382EA000083EA010180EA80
:10E6E000020281EA0303362D88BF30BD11F0004FCE
:10E6F0004FEA01314FF4801C4CEA113102D0404204
:10E7000061EB410113F0004F4FEA03334CEA13333E
:10E7100002D0524263EB430394EA050F00F0A78056
:10E72000A4F10104D5F1200E0DDB02FA0EFC22FA51
:10E7300005F2801841F1000103FA0EF2801843FA45
:10E7400005F359410EE0A5F120050EF1200E012A36
:10E7500003FA0EFC28BF4CF0020C43FA05F3C01874
:10E7600051EBE37101F0004507D54FF0000EDCF1ED
:10E77000000C7EEB00006EEB0101B1F5801F1BD396
:10E78000B1F5001F0CD349085FEA30004FEA3C0C9A
:10E7900004F101044FEA445212F5800F80F09A8090
:10E7A000BCF1004F08BF5FEA500C50F1000041EB94
:10E7B000045141EA050130BD5FEA4C0C404141EB98
:10E7C0000101013C28BFB1F5801FE9D291F0000F93
:10E7D00004BF01460020B1FA81F308BF2033A3F142
:10E7E0000B03B3F120020CDA0C3208DD02F1140C39
:10E7F000C2F10C0201FA0CF021FA02F10CE002F174
:10E800001402D8BFC2F1200C01FA02F120FA0CFC6C
:10E81000DCBF41EA0C019040E41AA2BF01EB0451B5
:10E82000294330BD6FEA04041F3C1CDA0C340EDCB3
:10E8300004F11404C4F1200220FA04F001FA02F3F6
:10E8400040EA030021FA04F345EA030130BDC4F1B4
:10E850000C04C4F1200220FA02F001FA04F340EAA9
:10E860000300294630BD21FA04F0294630BD94F05A
:10E87000000F83F4801306BF81F480110134013D41
:10E880004EE77FEA645C18BF7FEA655C29D094EAB2
:10E89000050F08BF90EA020F05D054EA000C04BF30
:10E8A0001946104630BD91EA030F1EBF002100201B
:10E8B00030BD5FEA545C05D14000494128BF41F0BA
:10E8C000004130BD14F580043CBF01F5801130BD1E
:10E8D00001F0004545F0FE4141F470014FF00000A9
:10E8E00030BD7FEA645C1ABF194610467FEA655C5A
:10E8F0001CBF0B46024650EA013406BF52EA0335FC
:10E9000091EA030F41F4002130BD00BF90F0000FE9
:10E9100004BF0021704730B54FF4806404F1320425
:10E920004FF000054FF0000150E700BF90F0000FDE
:10E9300004BF0021704730B54FF4806404F1320405
:10E9400010F0004548BF40424FF000013EE700BFD5
:10E9500042004FEAE2014FEA31014FEA02701FBF65
:10E9600012F07F4393F07F4F81F06051704732F097
:10E970007F4208BF704793F07F4F04BF41F40021EE
:10E98000704730B54FF4607401F0004521F000414C
:10E990001CE700BF50EA010208BF704730B54FF0D6
:10E9A00000050AE050EA010208BF704730B511F0D7
:10E9B000004502D5404261EB41014FF4806404F10F
:10E9C00032045FEA915C3FF4D8AE4FF003025FEA95
:10E9D000DC0C18BF03325FEADC0C18BF033202EB19
:10E9E000DC02C2F1200300FA03FC20FA02F001FA73
:10E9F00003FE40EA0E0021FA02F11444BDE600BF16
:10EA000070B54FF0FF0C4CF4E06C1CEA11541DBFC4
:10EA10001CEA135594EA0C0F95EA0C0F00F0DEF88F
:10EA20002C4481EA030621EA4C5123EA4C5350EA74
:10EA3000013518BF52EA033541F4801143F48013C5
:10EA400038D0A0FB02CE4FF00005E1FB02E506F056
:10EA50000042E0FB03E54FF00006E1FB03569CF0AB
:10EA6000000F18BF4EF0010EA4F1FF04B6F5007FB1
:10EA700064F5407404D25FEA4E0E6D4146EB060623
:10EA800042EAC62141EA55514FEAC52040EA5E50AC
:10EA90004FEACE2EB4F1FD0C88BFBCF5E06F1ED856
:10EAA000BEF1004F08BF5FEA500E50F1000041EB8D
:10EAB000045170BD06F0004646EA010140EA02003A
:10EAC00081EA0301B4EB5C04C2BFD4EB0C0541EA5C
:10EAD000045170BD41F480114FF0000E013C00F371
:10EAE000AB8014F1360FDEBF002001F0004170BD95
:10EAF000C4F10004203C35DA0C341BDC04F11404AE
:10EB0000C4F1200500FA05F320FA04F001FA05F239
:10EB100040EA020001F0004221F0004110EBD37006
:10EB200021FA04F642EB06015EEA430E08BF20EA32
:10EB3000D37070BDC4F10C04C4F1200500FA04F3D5
:10EB400020FA05F001FA04F240EA020001F0004167
:10EB500010EBD37041F100015EEA430E08BF20EADA
:10EB6000D37070BDC4F1200500FA05F24EEA020E22
:10EB700020FA04F301FA05F243EA020321FA04F051
:10EB800001F0004121FA04F220EA020000EBD37008
:10EB90005EEA430E08BF20EAD37070BD94F0000F08
:10EBA0000FD101F00046400041EB010111F4801F3C
:10EBB00008BF013CF7D041EA060195F0000F18BFED
:10EBC000704703F00046520043EB030313F4801F29
:10EBD00008BF013DF7D043EA0603704794EA0C0FE3
:10EBE0000CEA135518BF95EA0C0F0CD050EA4106F9
:10EBF00018BF52EA4306D1D181EA030101F0004176
:10EC00004FF0000070BD50EA410606BF104619469D
:10EC100052EA430619D094EA0C0F02D150EA0136A9
:10EC200013D195EA0C0F05D152EA03361CBF1046EA
:10EC300019460AD181EA030101F0004141F0FE4189
:10EC400041F470014FF0000070BD41F0FE4141F40D
:10EC5000780170BD70B54FF0FF0C4CF4E06C1CEA0D
:10EC600011541DBF1CEA135594EA0C0F95EA0C0FC2
:10EC700000F0A7F8A4EB050481EA030E52EA03357D
:10EC80004FEA013100F088804FEA03334FF080559E
:10EC900045EA131343EA12634FEA022245EA1115CB
:10ECA00045EA10654FEA00260EF000419D4208BF7C
:10ECB000964244F1FD0404F5407402D25B084FEA29
:10ECC0003202B61A65EB03055B084FEA32024FF4D5
:10ECD00080104FF4002CB6EB020E75EB030E22BF32
:10ECE000B61A754640EA0C005B084FEA3202B6EBF2
:10ECF000020E75EB030E22BFB61A754640EA5C00A1
:10ED00005B084FEA3202B6EB020E75EB030E22BF30
:10ED1000B61A754640EA9C005B084FEA3202B6EB31
:10ED2000020E75EB030E22BFB61A754640EADC00F0
:10ED300055EA060E18D04FEA051545EA16754FEA52
:10ED400006164FEAC30343EA52734FEAC2025FEA70
:10ED50001C1CC0D111F4801F0BD141EA00014FF0FF
:10ED600000004FF0004CB6E711F4801F04BF0143D0
:10ED70000020B4F1FD0C88BFBCF5E06F3FF6AFAEEC
:10ED8000B5EB030C04BFB6EB020C5FEA500C50F17C
:10ED9000000041EB045170BD0EF0004E4EEA1131FF
:10EDA00014EB5C04C2BFD4EB0C0541EA045170BD06
:10EDB00041F480114FF0000E013C90E645EA060E4A
:10EDC0008DE60CEA135594EA0C0F08BF95EA0C0F78
:10EDD0003FF43BAF94EA0C0F0AD150EA01347FF4C0
:10EDE00034AF95EA0C0F7FF425AF104619462CE797
:10EDF00095EA0C0F06D152EA03353FF4FDAE1046FA
:10EE0000194622E750EA410618BF52EA43067FF44A
:10EE1000C5AE50EA41047FF40DAF52EA43057FF4DA
:10EE2000EBAE12E74FF0FF3C06E000BF4FF0010CE5
:10EE300002E000BF4FF0010C4DF804CD4FEA410C49
:10EE40007FEA6C5C4FEA430C18BF7FEA6C5C1BD016
:10EE500001B050EA410C0CBF52EA430C91EA030F97
:10EE600002BF90EA020F0020704710F1000F91EAF4
:10EE7000030F58BF994208BF90422CBFD8176FEAC2
:10EE8000E37040F0010070474FEA410C7FEA6C5C90
:10EE900002D150EA013C07D14FEA430C7FEA6C5C97
:10EEA000D6D152EA033CD3D05DF8040B704700BFC3
:10EEB0008446104662468C461946634600E000BF11
:10EEC00001B5FFF7B7FF002848BF10F1000F01BDE3
:10EED0004DF808EDFFF7F4FF0CBF012000205DF8AE
:10EEE00008FB00BF4DF808EDFFF7EAFF34BF012033
:10EEF00000205DF808FB00BF4DF808EDFFF7E0FFCC
:10EF000094BF012000205DF808FB00BF4DF808ED1C
:10EF1000FFF7CEFF94BF012000205DF808FB00BF83
:10EF20004DF808EDFFF7C4FF34BF012000205DF865
:10EF300008FB00BF4FEA410C7FEA6C5C02D150EA4B
:10EF4000013C0AD14FEA430C7FEA6C5C02D152EAE1
:10EF5000033C02D14FF0000070474FF001007047B2
:10EF60004FEA410212F5001215D211D56FF47873F1
:10EF7000B3EB625212D94FEAC12343F0004343EA94
:10EF8000505311F0004F23FA02F018BF404270476F
:10EF90004FF00000704750EA013005D111F00040F9
:10EFA00008BF6FF0004070474FF00000704700BF8F
:10EFB0007BB972B90029BEBF00204FF0004106E0C6
:10EFC00008BF00281CBF6FF000414FF0FF3000F079
:10EFD000BFB9ADF1080C6DE904CE002909DB002BA7
:10EFE0001ADB00F04DF8DDF804E0DDE9022304B09F
:10EFF0007047404261EB4101002B1BDB00F040F801
:10F00000DDF804E0DDE9022304B0404261EB410198
:10F01000524263EB43037047524263EB430300F0F9
:10F020002FF8DDF804E0DDE9022304B0404261EB93
:10F0300041017047524263EB430300F021F8DDF8D1
:10F0400004E0DDE9022304B0524263EB430370475E
:10F0500053B94AB9002908BF00281CBF4FF0FF313F
:10F060004FF0FF3000F074B9ADF1080C6DE904CE3B
:10F0700000F006F8DDF804E0DDE9022304B0704793
:10F080002DE9F047089D04468E46002B4DD18A425B
:10F09000944669D9B2FA82F252B101FA02F3C2F18E
:10F0A000200120FA01F10CFA02FC41EA030E94401F
:10F0B0004FEA1C48210CBEFBF8F61FFA8CF708FB40
:10F0C00016E341EA034306FB07F199420AD91CEB18
:10F0D000030306F1FF3080F01F81994240F21C814A
:10F0E000023E63445B1AA4B2B3FBF8F008FB103392
:10F0F00044EA034400FB07F7A7420AD91CEB0404C7
:10F1000000F1FF3380F00A81A74240F20781644496
:10F11000023840EA0640E41B00261DB1D44000231B
:10F12000C5E900433146BDE8F0878B4209D9002D7F
:10F1300000F0EF800026C5E9000130463146BDE809
:10F14000F087B3FA83F6002E4AD18B4202D3824273
:10F1500000F2F980841A61EB030301209E46002D22
:10F16000E0D0C5E9004EDDE702B9FFDEB2FA82F277
:10F17000002A40F09280A1EB0C014FEA1C471FFAD5
:10F180008CFE0126200CB1FBF7F307FB131140EABC
:10F1900001410EFB03F0884208D91CEB010103F189
:10F1A000FF3802D2884200F2CB804346091AA4B24B
:10F1B000B1FBF7F007FB101144EA01440EFB00FE1F
:10F1C000A64508D91CEB040400F1FF3102D2A64584
:10F1D00000F2BB800846A4EB0E0440EA03409CE723
:10F1E000C6F12007B34022FA07FC4CEA030C20FAD0
:10F1F00007F401FA06F31C43F9404FEA1C4900FAF0
:10F2000006F3B1FBF9F8200C1FFA8CFE09FB18116C
:10F2100040EA014108FB0EF0884202FA06F20BD9DF
:10F220001CEB010108F1FF3A80F08880884240F22F
:10F230008580A8F102086144091AA4B2B1FBF9F073
:10F2400009FB101144EA014100FB0EFE8E4508D96E
:10F250001CEB010100F1FF346CD28E456AD90238F3
:10F26000614440EA0840A0FB0294A1EB0E01A142D8
:10F27000C846A64656D353D05DB1B3EB080261EB46
:10F280000E0101FA07F722FA06F3F1401F43C5E920
:10F29000007100263146BDE8F087C2F12003D84056
:10F2A0000CFA02FC21FA03F3914001434FEA1C4798
:10F2B0001FFA8CFEB3FBF7F007FB10360B0C43EA8A
:10F2C000064300FB0EF69E4204FA02F408D91CEB3A
:10F2D000030300F1FF382FD29E422DD90238634438
:10F2E0009B1B89B2B3FBF7F607FB163341EA0341D8
:10F2F00006FB0EF38B4208D91CEB010106F1FF3827
:10F3000016D28B4214D9023E6144C91A46EA00461D
:10F3100038E72E46284605E70646E3E61846F8E6AF
:10F320004B45A9D2B9EB020864EB0C0E0138A3E7F8
:10F330004646EAE7204694E74046D1E7D0467BE7D9
:10F34000023B614432E7304609E76444023842E751
:10F35000704700BFF8B500BFF8BC08BC9E467047B8
:10F36000F8B500BFF8BC08BC9E4670474932432040
:10F370007472616E73616374696F6E206661696C2B
:10F38000656421204572726F723A20256C580A001C
:10F390004A6F79737469636B204944203D20257856
:10F3A0000A006469722078203D2025642020646969
:10F3B000722079203D2025640A00426F617264202A
:10F3C00073746172746564210A0041626F75742000
:10F3D000746F20696E697420726164696F0A0044F9
:10F3E0006F6E65207769746820696E69740A0052CF
:10F3F0006164696F20636F6E666967757265642109
:10F400000A00DCA9357B7336CEF40050BECAC33C7B
:10F4100036CEF4001F0000001F000000000098011D
:10F4200007000000000000000000000000000000D5
:10F430000338FDD870470000080A00207020010042
:10F44000000000000030004000000000010000004B
:10F45000747820737461727465640A00747820662D
:10F4600061696C6564206572726F72202575210A6E
:10F47000006672616D6520776173207472616E73CE
:10F480006D6974746564210A002F726F6F742F6E3A
:10F49000752D6D6963726F6269742D626173652F7A
:10F4A000736F6674776172652F6E72663532782D70
:10F4B000626173652F2F73646B2F6E7266355F7395
:10F4C000646B5F31362E302E302F6D6F64756C6536
:10F4D000732F6E7266782F68616C2F6E72665F672D
:10F4E00070696F2E68000A0A2A2A2A2A2A20417087
:10F4F00070204572726F72202A2A2A2A2A0A004135
:10F500005353455254494F4E204641494C4544209F
:10F5100061742025733A25750A004552524F5220D6
:10F52000256C75205B25735D2061742025733A2559
:10F530006C75090950432061743A203078253038C1
:10F540006C580A00554E4B4E4F574E204641554C75
:10F55000542061742030782530386C580A004841B6
:10F560005244204641554C54206174203078253057
:10F57000385800202052303A202030782530385832
:10F58000202052313A20203078253038582020521F
:10F59000323A2020307825303858202052333A2013
:10F5A000203078253038580020205231323A20302F
:10F5B000782530385820204C523A20203078253099
:10F5C000385820205053523A20307825303858008F
:10F5D000537461636B2076696F6C6174696F6E3A06
:10F5E00020737461636B20706F696E746572206F35
:10F5F00075747369646520737461636B20617265EF
:10F60000612E0043617573653A20427573466175DA
:10F610006C74206F6E206120766563746F72207445
:10F6200061626C65207265616420647572696E67E1
:10F6300020657863657074696F6E2070726F6365A2
:10F640007373696E672E0043617573653A20257385
:10F650002E004D656D4D616E616765204661756C6C
:10F660007420416464726573733A203078253038B1
:10F670005800427573204661756C74204164647251
:10F680006573733A20307825303858005468652007
:10F6900070726F636573736F722068617320617439
:10F6A00074656D7074656420746F2065786563752A
:10F6B000746520616E20756E646566696E65642090
:10F6C000696E737472756374696F6E005468652037
:10F6D00070726F636573736F7220617474656D709F
:10F6E0007465642061206C6F6164206F7220737494
:10F6F0006F72652061742061206C6F636174696F43
:10F700006E207468617420646F6573206E6F74205E
:10F710007065726D697420746865206F70657261C0
:10F7200074696F6E00556E737461636B20666F72DF
:10F7300020616E20657863657074696F6E207265F4
:10F740007475726E206861732063617573656420DF
:10F750006F6E65206F72206D6F72652061636365E7
:10F7600073732076696F6C6174696F6E7300537484
:10F7700061636B696E6720666F7220616E206578C9
:10F7800063657074696F6E20656E7472792068614C
:10F790007320636175736564206F6E65206F7220DE
:10F7A0006D6F7265206163636573732076696F6C3A
:10F7B0006174696F6E730041204D656D4D616E61BE
:10F7C0006765206661756C74206F6363757272651E
:10F7D0006420647572696E6720666C6F6174696E0F
:10F7E000672D706F696E74206C617A792073746113
:10F7F000746520707265736572766174696F6E00EE
:10F80000496E737472756374696F6E2062757320CC
:10F810006572726F72004461746120627573206555
:10F8200072726F72202850432076616C7565207368
:10F830007461636B656420666F722074686520650F
:10F840007863657074696F6E2072657475726E206E
:10F85000706F696E747320746F2074686520696EB0
:10F86000737472756374696F6E2074686174206359
:10F87000617573656420746865206661756C7429B0
:10F88000004461746120627573206572726F72202A
:10F890002872657475726E2061646472657373207A
:10F8A000696E2074686520737461636B2066726191
:10F8B0006D65206973206E6F742072656C6174656C
:10F8C0006420746F2074686520696E737472756348
:10F8D00074696F6E20746861742063617573656408
:10F8E00020746865206572726F722900556E73749A
:10F8F00061636B20666F7220616E2065786365704E
:10F9000074696F6E2072657475726E206861732001
:10F91000636175736564206F6E65206F72206D6F13
:10F920007265204275734661756C7473005374611F
:10F93000636B696E6720666F7220616E2065786305
:10F94000657074696F6E20656E747279206861737A
:10F9500020636175736564206F6E65206F72206D22
:10F960006F7265204275734661756C747300412037
:10F97000627573206661756C74206F636375727253
:10F98000656420647572696E6720666C6F61746966
:10F990006E672D706F696E74206C617A7920737454
:10F9A00061746520707265736572766174696F6EDB
:10F9B000005468652070726F636573736F7220689E
:10F9C000617320617474656D7074656420746F2058
:10F9D0006578656375746520616E20696E737472F5
:10F9E000756374696F6E2074686174206D616B65F6
:10F9F0007320696C6C6567616C20757365206F6638
:10FA00002074686520455053520054686520707218
:10FA10006F636573736F72206861732061747465BE
:10FA20006D7074656420616E20696C6C6567616CD3
:10FA3000206C6F6164206F66204558435F524554C7
:10FA400055524E20746F207468652050432C2061FD
:10FA500073206120726573756C74206F6620616E0F
:10FA600020696E76616C696420636F6E746578746A
:10FA70002C206F7220616E20696E76616C69642043
:10FA80004558435F52455455524E2076616C75651A
:10FA9000005468652070726F636573736F722068BD
:10FAA000617320617474656D7074656420746F2077
:10FAB000616363657373206120636F70726F636548
:10FAC00073736F72005468652070726F636573732F
:10FAD0006F7220686173206D61646520616E2075AE
:10FAE0006E616C69676E6564206D656D6F727920FB
:10FAF000616363657373005468652070726F63653A
:10FB000073736F72206861732065786563757465BF
:10FB10006420616E2053444956206F722055444939
:10FB20005620696E737472756374696F6E2077699D
:10FB3000746820612064697669736F72206F662033
:10FB400030001C0B1F251E15160F18138CF6000015
:10FB5000CCF600000000000025F700006EF7000062
:10FB6000B7F70000000000000000000000F80000EF
:10FB700016F8000081F80000ECF800002DF90000F4
:10FB80006EF9000000000000000000008CF600008C
:10FB9000B1F900000AFA000091FA0000000000002C
:10FBA000000000000000000000000000C5FA000096
:10FBB000F7FA000000000000000000000000000054
:10FBC0000338FDD870472F726F6F742F6E752D6DCF
:10FBD0006963726F6269742D626173652F736F66FA
:10FBE00074776172652F626F617264732F6D6963E0
:10FBF000726F6269745F76322F2E2F6D6963726F38
:10FC00006269745F6265666F72655F737461727456
:10FC100075702E630000000000000000000000006E
:10FC20000338FDD870472F726F6F742F6E752D6D6E
:10FC30006963726F6269742D626173652F736F6699
:10FC400074776172652F626F617264732F6D69637F
:10FC5000726F6269745F76322F2E2F6D6963726FD7
:10FC60006269745F6E72665F6C6F675F6261636B1F
:10FC7000656E645F756172742E630000FFFFFFFFA5
:10FC8000FFFFFFFFFFFFFFFFFFFFFFFF0000000080
:10FC9000000000000000D60107010000710800000C
:10FCA000310900006D0800000000000000000000A5
:10FCB0000338FDD870472E2E2F2E2E2F6E726635EC
:10FCC00032782D626173652F2F73646B2F6E7266AD
:10FCD000355F73646B5F31362E302E302F636F6D5E
:10FCE000706F6E656E74732F6C6962726172696594
:10FCF000732F7574696C2F6170705F7574696C5FB8
:10FD0000706C6174666F726D2E63002F726F6F740A
:10FD10002F6E752D6D6963726F6269742D626173E8
:10FD2000652F736F6674776172652F6E72663532F8
:10FD3000782D626173652F2F73646B2F6E72663539
:10FD40005F73646B5F31362E302E302F636F6D70B2
:10FD50006F6E656E74732F6C696272617269657320
:10FD60002F62616C6C6F632F6E72665F62616C6C88
:10FD70006F632E6300636C6F636B00000000000014
:10FD80000338FDD870472F726F6F742F6E752D6D0D
:10FD90006963726F6269742D626173652F736F6638
:10FDA00074776172652F6E72663532782D62617379
:10FDB000652F2F73646B2F6E7266355F73646B5F94
:10FDC00031362E302E302F65787465726E616C2F4F
:10FDD000667072696E74662F6E72665F66707269A5
:10FDE0006E74662E63002F726F6F742F6E752D6D9B
:10FDF0006963726F6269742D626173652F736F66D8
:10FE000074776172652F6E72663532782D62617318
:10FE1000652F2F73646B2F6E7266355F73646B5F33
:10FE200031362E302E302F65787465726E616C2FEE
:10FE3000667072696E74662F6E72665F6670726944
:10FE40006E74665F666F726D61742E63003031325E
:10FE5000333435363738394142434445462F726F83
:10FE60006F742F6E752D6D6963726F6269742D6288
:10FE70006173652F736F6674776172652F6E72663A
:10FE80003532782D626173652F2F73646B2F6E721C
:10FE900066355F73646B5F31362E302E302F636FA3
:10FEA0006D706F6E656E74732F6C696272617269CA
:10FEB00065732F6C6F672F7372632F6E72665F6C42
:10FEC0006F675F64656661756C745F6261636B65C3
:10FED0006E64732E6300756172745F6C6F675F622E
:10FEE00061636B656E64002F726F6F742F6E752D7A
:10FEF0006D6963726F6269742D626173652F736FD0
:10FF00006674776172652F6E72663532782D626124
:10FF100073652F2F73646B2F6E7266355F73646B1E
:10FF20005F31362E302E302F636F6D706F6E656EC1
:10FF300074732F6C69627261726965732F6C6F677D
:10FF40002F7372632F6E72665F6C6F675F66726F7E
:10FF50006E74656E642E63004261636B656E6473DC
:10FF600020666C7573686564006170700000000045
:10FF7000BC1000207F0000003C1100201B5B313BC7
:10FF800033316D0025734C6F67732064726F70702E
:10FF90006564202825642925730D0A001B5B306DDC
:10FFA000002573003C25733E2025733A2000202550
:10FFB00030327800202020007C002563001B5B315C
:10FFC0003B33306D001B5B313B33326D001B5B31CB
:10FFD0003B33336D001B5B313B33346D001B5B31B6
:10FFE0003B33356D001B5B313B33366D001B5B31A2
:10FFF0003B33376D007761726E696E6700696E66BC
:020000021000EC
:100000006F006465627567009CFF0000BDFF000023
:100010007CFF0000C5FF0000CDFF0000D5FF000001
:10002000DDFF0000E5FF0000EDFF00000000000024
:1000300010F80000F5FF0000FDFF000002000100C5
:100040002F726F6F742F6E752D6D6963726F626999
:10005000742D626173652F736F6674776172652F9B
:100060006E72663532782D626173652F2F73646B03
:100070002F6E7266355F73646B5F31362E302E30B3
:100080002F636F6D706F6E656E74732F6C69627223
:1000900061726965732F6D656D6F626A2F6E72662E
:1000A0005F6D656D6F626A2E63007077725F6D675A
:1000B0006D74002F726F6F742F6E752D6D69637282
:1000C0006F6269742D626173652F736F66747761F7
:1000D00072652F6E72663532782D626173652F2FCF
:1000E00073646B2F6E7266355F73646B5F31362E8F
:1000F000302E302F636F6D706F6E656E74732F6C62
:1001000069627261726965732F71756575652F6EAD
:1001100072665F71756575652E63004E52465F535A
:10012000554343455353004E52465F4552524F523A
:100130005F5356435F48414E444C45525F4D4953CF
:1001400053494E47004E52465F4552524F525F53FD
:100150004F46544445564943455F4E4F545F454EC4
:1001600041424C4544004E52465F4552524F525F09
:10017000494E5445524E414C004E52465F455252F4
:100180004F525F4E4F5F4D454D004E52465F4552B8
:10019000524F525F4E4F545F464F554E44004E52A1
:1001A000465F4552524F525F4E4F545F5355505029
:1001B0004F52544544004E52465F4552524F525F93
:1001C000494E56414C49445F504152414D004E52B8
:1001D000465F4552524F525F494E56414C49445F2B
:1001E0005354415445004E52465F4552524F525F60
:1001F000494E56414C49445F4C454E475448004E89
:1002000052465F4552524F525F494E56414C494407
:100210005F464C414753004E52465F4552524F5243
:100220005F494E56414C49445F44415441004E524F
:10023000465F4552524F525F444154415F53495AC1
:1002400045004E52465F4552524F525F54494D450C
:100250004F5554004E52465F4552524F525F4E55D5
:100260004C4C004E52465F4552524F525F464F52E1
:1002700042494444454E004E52465F4552524F5209
:100280005F494E56414C49445F41444452004E52EE
:10029000465F4552524F525F42555359004E5246A7
:1002A0005F4552524F525F4D4F44554C455F4E4F44
:1002B000545F494E495449414C495A4544004E52B5
:1002C000465F4552524F525F4D555445585F494E17
:1002D00049545F4641494C4544004E52465F4552A1
:1002E000524F525F4D555445585F4C4F434B5F46FC
:1002F00041494C4544004E52465F4552524F525F71
:100300004D555445585F554E4C4F434B5F46414900
:100310004C4544004E52465F4552524F525F4D5538
:100320005445585F434F4E445F494E49545F4641E0
:10033000494C4544004E52465F4552524F525F4D24
:100340004F44554C455F414C52454144595F494EDD
:10035000495449414C495A4544004E52465F455222
:10036000524F525F53544F524147455F46554C4C94
:10037000004E52465F4552524F525F4150495F4EC8
:100380004F545F494D504C454D454E544544004EE9
:1003900052465F4552524F525F4645415455524571
:1003A0005F4E4F545F454E41424C4544004E5246CD
:1003B0005F4552524F525F494F5F50454E44494E40
:1003C00047004E52465F4552524F525F4452565F6D
:1003D0005457495F4552525F4F56455252554E0051
:1003E0004E52465F4552524F525F4452565F5457E9
:1003F000495F4552525F414E41434B004E52465F6A
:100400004552524F525F4452565F5457495F4552CE
:10041000525F444E41434B004E52465F4552524F4D
:10042000525F424C455F495053505F52585F504BAA
:10043000545F5452554E4341544544004E52465F1A
:100440004552524F525F424C455F495053505F43B3
:1004500048414E4E454C5F414C52454144595F45E1
:100460005849535453004E52465F4552524F525FC3
:10047000424C455F495053505F4C494E4B5F444995
:1004800053434F4E4E4543544544004E52465F45FC
:1004900052524F525F424C455F495053505F504556
:1004A00045525F52454A454354454400556E6B6E74
:1004B0006F776E206572726F7220636F64650000E3
:1004C000000000001B0101000100000027010100E5
:1004D0000200000045010100030000006601010068
:1004E0000400000079010100050000008A010100FC
:1004F000060000009E01010007000000B601010097
:1005000008000000CE01010009000000E601010022
:100510000A000000FF0101000B00000017020100AB
:100520000C0000002E0201000D000000420201003C
:100530000E000000540201000F00000063020100E1
:100540001000000077020100110000008E0201007F
:10055000800000009D02010081000000BE02010039
:1005600082000000DA02010083000000F6020100B0
:100570008400000014030100850000003503010021
:10058000860000005A030100900000007103010082
:10059000910000008F03010092000000AD030100F4
:1005A00000820000C203010001820000E00301009C
:1005B00002820000FC030100008400001804010016
:1005C000018400003C040100028400006604010074
:1005D000038400008B0401002F726F6F742F6E75FF
:1005E0002D6D6963726F6269742D626173652F731B
:1005F0006F6674776172652F6E72663532782D6220
:100600006173652F2F73646B2F6E7266355F736431
:100610006B5F31362E302E302F636F6D706F6E65CD
:100620006E74732F6C69627261726965732F74776F
:10063000695F6D6E67722F6E72665F7477695F6D4A
:100640006E67722E63004750494F54450050504921
:10065000002F726F6F742F6E752D6D6963726F62EC
:1006600069742D626173652F736F6674776172654B
:100670002F6E72663532782D626173652F2F736429
:100680006B2F6E7266355F73646B5F31362E302E62
:10069000302F6D6F64756C65732F6E7266782F6482
:1006A0007269766572732F7372632F7072732F6E17
:1006B0007266785F7072732E630050525300505709
:1006C0004D005341414443002F726F6F742F6E757C
:1006D0002D6D6963726F6269742D626173652F732A
:1006E0006F6674776172652F6E72663532782D622F
:1006F0006173652F2F73646B2F6E7266355F736441
:100700006B5F31362E302E302F6D6F64756C6573D4
:100710002F6E7266782F647269766572732F7372AA
:10072000632F6E7266785F7370696D2E630053502D
:10073000494D0054494D4552002F726F6F742F6E12
:10074000752D6D6963726F6269742D626173652FB7
:10075000736F6674776172652F6E72663532782DAD
:10076000626173652F2F73646B2F6E7266355F73D2
:10077000646B5F31362E302E302F6D6F64756C6573
:10078000732F6E7266782F647269766572732F7339
:1007900072632F6E7266785F7477696D2E63002FB7
:1007A000726F6F742F6E752D6D6963726F626974ED
:1007B0002D626173652F736F6674776172652F6E3A
:1007C00072663532782D626173652F2F73646B2FDB
:1007D0006E7266355F73646B5F31362E302E302F4C
:1007E000696E746567726174696F6E2F6E72667878
:1007F0002F6E7266785F676C75652E680054574976
:100800004D000000A12E0000B12E00002F726F6F6E
:10081000742F6E752D6D6963726F6269742D6261DC
:1008200073652F736F6674776172652F6E726635AC
:1008300032782D626173652F2F73646B2F6E726631
:10084000355F73646B5F31362E302E302F6D6F64E1
:10085000756C65732F6E7266782F64726976657237
:10086000732F7372632F6E7266785F756172742E68
:10087000630055415254002F726F6F742F6E752DA7
:100880006D6963726F6269742D626173652F736F36
:100890006674776172652F6E72663532782D62618B
:1008A00073652F2F73646B2F6E7266355F73646B85
:1008B0005F31362E302E302F6D6F64756C65732F5F
:1008C0006E7266782F647269766572732F737263C5
:1008D0002F6E7266785F75617274652E6300554184
:1008E00052544500F93C0000093D0000705F6275FC
:1008F000666665722D3E66726565203D3D206661C7
:100900006C7365002F726F6F742F6E752D6D696338
:10091000726F6269742D626173652F736F6674778D
:100920006172652F6E72663532782D626173652F44
:100930002F73646B2F6E7266355F73646B5F313635
:100940002E302E305F7468726561642F657874652F
:10095000726E616C2F6E52462D494545452D3830DB
:10096000322E31352E342D726164696F2D647269B7
:100970007665722F7372632F6E72665F3830323114
:1009800035342E63006E72665F3830323135345F35
:100990006275666665725F667265655F7261770033
:1009A0002F726F6F742F6E752D6D6963726F626930
:1009B000742D626173652F736F6674776172652F32
:1009C0006E72663532782D626173652F2F73646B9A
:1009D0002F6E7266355F73646B5F31362E302E304A
:1009E0005F7468726561642F65787465726E616C9E
:1009F0002F6E52462D494545452D3830322E313522
:100A00002E342D726164696F2D6472697665722F60
:100A10007372632F6E72665F3830323135345F63C4
:100A20006F72652E63006368616E6E656C203E3D7B
:100A3000203131202626206368616E6E656C203C73
:100A40003D203236006E72665F726164696F5F735B
:100A5000686F7274735F6765742829203D3D205369
:100A6000484F5254535F49444C45006E72665F7262
:100A70006164696F5F73686F7274735F6765742810
:100A800029203D3D2053484F5254535F5258006E29
:100A900072665F726164696F5F73686F7274735FAF
:100AA0006765742829203D3D2053484F5254535FB9
:100AB00052585F41434B006E756D5F646174615FB6
:100AC0006279746573203E3D205048525F53495A05
:100AD00045202B204643465F53495A4500706172BA
:100AE00073655F726573756C74006972715F656EB2
:100AF000645F73746174655F72785F61636B0069D2
:100B000072715F62636D617463685F737461746551
:100B10005F7278006972715F68616E646C65720003
:100B20006E72665F3830323135345F636F72655F85
:100B30006E6F746966795F6275666665725F66720C
:100B400065650066656D5F666F725F74785F72657C
:100B50007365740063757272656E745F6F70657231
:100B60006174696F6E5F7465726D696E6174650042
:100B7000636F6E745F707265635F64656E696564F0
:100B8000006368616E6E656C5F73657400636F6EA1
:100B9000745F707265635F617070726F7665640018
:100BA00071620000856800003563000000000000ED
:100BB0009D6200001169000000000000BD6200009D
:100BC0003568000000000000636E74203C20554929
:100BD0004E54385F4D4158002F726F6F742F6E75F1
:100BE0002D6D6963726F6269742D626173652F7315
:100BF0006F6674776172652F6E72663532782D621A
:100C00006173652F2F73646B2F6E7266355F73642B
:100C10006B5F31362E302E305F7468726561642FE1
:100C200065787465726E616C2F6E52462D4945452C
:100C3000452D3830322E31352E342D726164696F76
:100C40002D6472697665722F7372632F6E72665FA0
:100C50003830323135345F637269746963616C5F57
:100C600073656374696F6E2E630063726974696380
:100C7000616C5F73656374696F6E5F656E746572D6
:100C80006564006D5F6E65737465645F637269743B
:100C90006963616C5F73656374696F6E5F616C6CCF
:100CA0006F7765645F7072696F72697479203E3D19
:100CB0002030006D5F6E65737465645F6372697484
:100CC0006963616C5F73656374696F6E5F636F7591
:100CD0006E746572203E3D203100616374697665F3
:100CE0005F766563746F725F6964203E3D20434D9B
:100CF0005349535F4952515F4E554D5F56454354DA
:100D00004143544956455F4449464600636E74204A
:100D10003E2030002165786974696E675F6372698F
:100D2000745F736563740061746F6D69635F636E94
:100D300074203D3D20636E74006D5F6E6573746555
:100D4000645F637269746963616C5F73656374691E
:100D50006F6E5F616C6C6F7765645F7072696F72E4
:100D6000697479203D3D204E45535445445F4352BC
:100D700049544943414C5F53454354494F4E5F41A9
:100D80004C4C4F5745445F5052494F524954595F5C
:100D90004E4F4E45006E72665F3830323135345FEB
:100DA000637269746963616C5F73656374696F6EA4
:100DB0005F6163746976655F766563746F725F7097
:100DC00072696F726974795F676574006E72665FCD
:100DD0003830323135345F637269746963616C5FD6
:100DE00073656374696F6E5F6E657374696E675F58
:100DF00064656E79006E72665F3830323135345F0B
:100E0000637269746963616C5F73656374696F6E43
:100E10005F6E657374696E675F616C6C6F7700639A
:100E20007269746963616C5F73656374696F6E5F27
:100E300065786974006E72665F3830323135345FC0
:100E4000637269746963616C5F73656374696F6E03
:100E50005F666F72636566756C6C795F656E7465ED
:100E60007200637269746963616C5F73656374694E
:100E70006F6E5F656E74657200D8ECF0F4F8FC007C
:100E800002030405060708705F74696D6573746179
:100E90006D7020213D204E554C4C002F726F6F74A9
:100EA0002F6E752D6D6963726F6269742D62617347
:100EB000652F736F6674776172652F6E7266353257
:100EC000782D626173652F2F73646B2F6E72663598
:100ED0005F73646B5F31362E302E305F74687265DD
:100EE00061642F65787465726E616C2F6E52462D49
:100EF000494545452D3830322E31352E342D72611D
:100F000064696F2D6472697665722F7372632F6ED8
:100F100072665F3830323135345F74696D65725F87
:100F2000636F6F72642E63006E72665F38303231A9
:100F300035345F74696D65725F636F6F72645F747F
:100F4000696D657374616D705F676574002170729F
:100F50006F6365647572655F69735F72756E6E69E4
:100F60006E672829002F726F6F742F6E752D6D6953
:100F700063726F6269742D626173652F736F66743B
:100F8000776172652F6E72663532782D6261736596
:100F90002F2F73646B2F6E7266355F73646B5F31D6
:100FA000362E302E305F7468726561642F657874F8
:100FB00065726E616C2F6E52462D494545452D3840
:100FC00030322E31352E342D726164696F2D64728A
:100FD000697665722F7372632F6D61635F666561F9
:100FE00074757265732F6E72665F383032313534C6
:100FF0005F63736D615F63612E6300216E72665F74
:101000003830323135345F74696D65725F7363688F
:1010100065645F69735F72756E6E696E6728266DB1
:101020005F74696D657229006E72665F38303231A7
:1010300035345F63736D615F63615F74785F737490
:1010400061727465645F686F6F6B006D5F646C796B
:101050005F6F705F73746174655B525343485F44A4
:101060004C595F54585D203D3D2065787065637430
:1010700065645F7374617465002F726F6F742F6E97
:10108000752D6D6963726F6269742D626173652F6E
:10109000736F6674776172652F6E72663532782D64
:1010A000626173652F2F73646B2F6E7266355F7389
:1010B000646B5F31362E302E305F74687265616408
:1010C0002F65787465726E616C2F6E52462D49459E
:1010D00045452D3830322E31352E342D72616469FC
:1010E0006F2D6472697665722F7372632F6D616301
:1010F0005F66656174757265732F6E72665F3830F6
:10110000323135345F64656C617965645F7472781F
:101110002E6300646C795F6F705F73746174655FD8
:1011200067657428525343485F444C595F525829AD
:1011300020213D2044454C415945445F5452585F5D
:101140004F505F53544154455F50454E44494E47BC
:1011500000646C795F6F705F73746174655F67655D
:101160007428525343485F444C595F525829203DDC
:101170003D2044454C415945445F5452585F4F50BF
:101180005F53544154455F53544F50504544006E93
:1011900072665F3830323135345F64656C61796511
:1011A000645F7472785F61626F7274002F726F6F28
:1011B000742F6E752D6D6963726F6269742D626133
:1011C00073652F736F6674776172652F6E72663503
:1011D00032782D626173652F2F73646B2F6E726688
:1011E000355F73646B5F31362E302E305F746872FA
:1011F0006561642F65787465726E616C2F6E5246FE
:101200002D494545452D3830322E31352E342D723D
:101210006164696F2D6472697665722F7372632FD2
:101220006D61635F66656174757265732F6E72665A
:101230005F3830323135345F66696C7465722E63A5
:1012400000FFFF6473745F616464725F6368656369
:101250006B0000FFFFFFFFFFFFFF02FFFFFF086DB6
:101260005F74696D65722E6474203C3D204D415859
:101270005F52455452595F44454C4159002F726F9B
:101280006F742F6E752D6D6963726F6269742D6254
:101290006173652F736F6674776172652F6E726606
:1012A0003532782D626173652F2F73646B2F6E72E8
:1012B00066355F73646B5F31362E302E305F746835
:1012C000726561642F65787465726E616C2F6E5201
:1012D000462D494545452D3830322E31352E342D99
:1012E000726164696F2D6472697665722F737263BF
:1012F0002F6D61635F66656174757265732F6E72C1
:10130000665F3830323135345F707265636973659A
:101310005F61636B5F74696D656F75742E63002820
:10132000705F6672616D65203D3D206D705F667215
:10133000616D6529207C7C2028216D5F70726F6350
:1013400065647572655F69735F6163746976652949
:10135000006D5F70726F6365647572655F69735F5E
:10136000616374697665006E72665F38303231355C
:10137000345F61636B5F74696D656F75745F7478FA
:101380005F6661696C65645F686F6F6B006E726643
:101390005F3830323135345F61636B5F74696D651E
:1013A0006F75745F72785F61636B5F737461727481
:1013B00065645F686F6F6B006E72665F38303231E4
:1013C00035345F61636B5F74696D656F75745F74ED
:1013D00072616E736D69747465645F686F6F6B00C2
:1013E00074696D656F75745F74696D65725F726540
:1013F000747279002F726F6F742F6E752D6D696323
:10140000726F6269742D626173652F736F66747792
:101410006172652F6E72663532782D626173652F49
:101420002F73646B2F6E7266355F73646B5F31363A
:101430002E302E305F7468726561642F6578746534
:10144000726E616C2F6E52462D494545452D3830E0
:10145000322E31352E342D726164696F2D647269BC
:101460007665722F7372632F6D61635F6665617459
:10147000757265732F61636B5F67656E657261740A
:101480006F722F6E72665F3830323135345F616350
:101490006B5F646174612E63006E72665F38303218
:1014A0003135345F61636B5F646174615F70656E79
:1014B00064696E675F6269745F73686F756C645F9F
:1014C00062655F73657400616464725F696E646510
:1014D000785F66696E6400705F6672616D655B411E
:1014E000434B5F524551554553545F4F4646534514
:1014F000545D20262041434B5F524551554553547E
:101500005F424954002E2E2F2E2E2F6E72663532DA
:10151000782D626173652F2F73646B2F6E72663541
:101520005F73646B5F31362E302E305F7468726586
:1015300061642F65787465726E616C2F6E52462DF2
:10154000494545452D3830322E31352E342D7261C6
:1015500064696F2D6472697665722F7372632F6D83
:1015600061635F66656174757265732F61636B5F3C
:1015700067656E657261746F722F6E72665F383068
:10158000323135345F61636B5F67656E65726174BC
:101590006F722E63006E72665F3830323135345FA1
:1015A00061636B5F67656E657261746F725F6372B2
:1015B000656174650070617273655F726573756CE7
:1015C0007473002F726F6F742F6E752D6D69637257
:1015D0006F6269742D626173652F736F66747761D2
:1015E00072652F6E72663532782D626173652F2FAA
:1015F00073646B2F6E7266355F73646B5F31362E6A
:10160000302E305F7468726561642F65787465721E
:101610006E616C2F6E52462D494545452D3830324E
:101620002E31352E342D726164696F2D64726976A6
:1016300065722F7372632F6D61635F666561747588
:101640007265732F61636B5F67656E657261746F3E
:10165000722F6E72665F3830323135345F656E6876
:101660005F61636B5F67656E657261746F722E6335
:1016700000705F61636B2D3E705F6473745F6164C3
:10168000647220213D204E554C4C00705F61636BAD
:101690002D3E6473745F616464725F73697A652060
:1016A0003D3D20705F6672616D652D3E7372635FB4
:1016B000616464725F73697A6500705F6672616D00
:1016C000652D3E705F7365635F6374726C20213DAE
:1016D000204E554C4C0073656375726974795F6375
:1016E0006F6E74726F6C5F73657400646573746998
:1016F0006E6174696F6E5F736574006672616D65AB
:101700005F636F6E74726F6C5F73657400051200B7
:10171000000000286D5F617070726F7665645F70A5
:1017200072696F735B707265635D20213D2070721A
:10173000696F29207C7C20287072696F203D3D20D4
:10174000525343485F5052494F5F49444C4529002A
:101750002E2E2F2E2E2F6E72663532782D626173EB
:10176000652F2F73646B2F6E7266355F73646B5FCA
:1017700031362E302E305F7468726561642F657863
:101780007465726E616C2F6E52462D494545452D2C
:101790003830322E31352E342D726164696F2D64EC
:1017A00072697665722F7372632F727363682F6E1E
:1017B00072665F3830323135345F727363682E631E
:1017C0000070726563203C20525343485F5052457D
:1017D000435F434E54006E72665F383032313534A9
:1017E0005F727363685F707265635F69735F617076
:1017F00070726F76656400707265635F617070729D
:101800006F7665645F7072696F5F73657400705F97
:1018100074696D657220213D204E554C4C002E2E72
:101820002F2E2E2F6E72663532782D626173652FE2
:101830002F73646B2F6E7266355F73646B5F313626
:101840002E302E305F7468726561642F6578746520
:10185000726E616C2F6E52462D494545452D3830CC
:10186000322E31352E342D726164696F2D647269A8
:101870007665722F7372632F74696D65725F73631F
:10188000686564756C65722F6E72665F38303231D0
:1018900035345F74696D65725F73636865642E6368
:1018A0000028766F6964202A2974656D7020213DB7
:1018B00020705F63757200705F74696D65722D3E94
:1018C00063616C6C6261636B20213D204E554C4C12
:1018D00000705F63757220213D20705F74696D65D3
:1018E0007200705F6E65787420213D20705F7469AE
:1018F0006D65720074696D65725F72656D6F766596
:10190000006E72665F3830323135345F74696D65F0
:10191000725F73636865645F61646400216D5F6317
:101920006F6E74696E756F7573002E2E2F2E2E2FAD
:101930006E72663532782D626173652F2F73646B1A
:101940002F6E7266355F73646B5F31362E302E30CA
:101950005F7468726561642F65787465726E616C1E
:101960002F6E52462D494545452D3830322E3135A2
:101970002E342D726164696F2D6472697665722FE1
:101980007372632F727363682F7261616C2F736956
:101990006E676C655F7068792F73696E676C655FE1
:1019A0007068792E63006E72665F7261616C5F743D
:1019B000696D65736C6F745F7265717565737400C2
:1019C0006E72665F7261616C5F636F6E74696E7573
:1019D0006F75735F6D6F64655F65786974006E72B3
:1019E000665F7261616C5F636F6E74696E756F754F
:1019F000735F6D6F64655F656E746572002F726FE3
:101A00006F742F6E752D6D6963726F6269742D62CC
:101A10006173652F736F6674776172652F6E72667E
:101A20003532782D626173652F2F73646B2F6E7260
:101A300066355F73646B5F31362E302E305F7468AD
:101A4000726561642F65787465726E616C2F6E5279
:101A5000462D494545452D3830322E31352E342D11
:101A6000726164696F2D6472697665722F73726337
:101A70002F706C6174666F726D2F68705F74696D22
:101A800065722F6E72665F3830323135345F687040
:101A90005F74696D65722E63006E72665F383032F6
:101AA0003135345F68705F74696D65725F73796E2C
:101AB000635F74696D655F676574007431203C3DD8
:101AC0002031343533313235002F726F6F742F6E01
:101AD000752D6D6963726F6269742D626173652F14
:101AE000736F6674776172652F6E72663532782D0A
:101AF000626173652F2F73646B2F6E7266355F732F
:101B0000646B5F31362E302E305F746872656164AD
:101B10002F65787465726E616C2F6E52462D494543
:101B200045452D3830322E31352E342D72616469A1
:101B30006F2D6472697665722F7372632F6E726691
:101B40005F3830323135345F7574696C732E6800DC
:101B50006D5F6F66667365745F636F756E746572D3
:101B600020262030783031002F726F6F742F6E7501
:101B70002D6D6963726F6269742D626173652F7375
:101B80006F6674776172652F6E72663532782D627A
:101B90006173652F2F73646B2F6E7266355F73648C
:101BA0006B5F31362E302E305F7468726561642F42
:101BB00065787465726E616C2F6E52462D4945458D
:101BC000452D3830322E31352E342D726164696FD7
:101BD0002D6472697665722F7372632F706C6174F5
:101BE000666F726D2F6C705F74696D65722F6E72A7
:101BF000665F3830323135345F6C705F74696D65A3
:101C0000725F6E6F6472762E63004E52465F38309C
:101C1000323135345F55535F544F5F5254435F54F4
:101C200049434B53006F766572666C6F775F636FE5
:101C3000756E7465725F67657400000000000000D7
:101C40000000010040010000000001000100000050
:101C50000000020044010000000002002C20667514
:101C60006E6374696F6E3A200000000061737365E3
:101C70007274696F6E2022257322206661696C651B
:101C8000643A2066696C6520222573222C206C69D9
:101C90006E65202564257325730A0000002020202E
:101CA000202020202020282828282820202020200C
:101CB00020202020202020202020202020881010DC
:101CC0001010101010101010101010101004040438
:101CD00004040404040404101010101010104141F6
:101CE00041414141010101010101010101010101E4
:101CF00001010101010101011010101010104242F8
:101D000042424242020202020202020202020202B3
:101D10000202020202020202101010102000000053
:101D200000000000000000000000000000000000B3
:101D300000000000000000000000000000000000A3
:101D40000000000000000000000000000000000093
:101D50000000000000000000000000000000000083
:101D60000000000000000000000000000000000073
:101D70000000000000000000000000000000000063
:101D80000000000000000000000000000000000053
:101D90000000000000000000000000000000000043
:101DA0003000002030313233343536373839414253
:101DB0004344454600000000303132333435363775
:101DC000383961626364656600000000286E756CD6
:101DD0006C290000202020202020202020202020EE
:101DE0002020202030303030303030303030303033
:101DF00030303030494E4600696E66004E414E002C
:101E00006E616E0030000000202020202020202065
:101E10002020202020202020303030303030303042
:101E200030303030303030304E614E00496E6669AF
:101E30006E6974790000000042616C6C6F632073FE
:101E40007563636565646564000000002E2E2F2EA7
:101E50002E2F2E2E2F2E2E2F2E2E2F2E2E2F2E2E9D
:101E60002F2E2E2F6E65776C69622F6C6962632F3F
:101E70007374646C69622F64746F612E6300000078
:101E800043000000504F5349580000002E0000004E
:101E90002E2E2F2E2E2F2E2E2F2E2E2F2E2E2F2E5D
:101EA0002E2F2E2E2F2E2E2F6E65776C69622F6CA3
:101EB0006962632F7374646C69622F6D70726563FD
:101EC0002E63000000000000050000001900000063
:101ED0007D00000000000000000000000000F03F56
:101EE00000000000000024400000000000005940F5
:101EF0000000000000408F40000000000088C34048
:101F000000000000006AF8400000000080842E41BC
:101F100000000000D01263410000000084D7974108
:101F20000000000065CDCD41000000205FA002420E
:101F3000000000E876483742000000A2941A6D4283
:101F4000000040E59C30A2420000901EC4BCD64276
:101F500000003426F56B0C430080E03779C3414321
:101F600000A0D8855734764300C84E676DC1AB4397
:101F7000003D9160E458E143408CB5781DAF1544B5
:101F800050EFE2D6E41A4B4492D54D06CFF0804490
:101F9000F64AE1C7022DB544B49DD9794378EA44A5
:101FA000BC89D897B2D29C3C33A7A8D523F649392F
:101FB0003DA7F444FD0FA5329D978CCF08BA5B2551
:101FC000436FAC642806C80A0080E03779C34143F8
:101FD000176E05B5B5B89346F5F93FE9034F384D8F
:101FE000321D30F94877825A3CBF737FDD4F15753B
:041FF00000000000ED
:101FF40046060100000000004D060100000000003C
:10200400BA06010000000000BE0601000000000046
:10201400C2060100000000002E07010000000000BD
:102024003307010000000000FD070100000000006C
:102034007208010000000000DE080100000000003A
:1020440069FF00000000030375FD000000000000AC
:08205400AA00010000000000D9
:10205C00C80B0020900C0020980C0020D00B002006
:04206C001800000058
:102070002C0A0020240A00200100000004000000B7
:04208000010000005B
:102084009CFC000000000000D6FE000014000020AC
:08209400F4E1FE7F01000000F1
:10209C000000000000200040000000000020004074
:1020AC000000000000000000FF000000D200000053
:1020BC000090D00300000000300000200000000061
:1020CC00000000001C03002084030020EC0300200F
:1020DC0000000000000000000000000000000000F4
:1020EC0000000000000000000000000000000000E4
:1020FC0000000000000000000000000000000000D4
:10210C0000000000000000000000000000000000C3
:10211C0000000000000000000000000000000000B3
:10212C0000000000000000000000000000000000A3
:10213C000000000000000000000000000000000093
:10214C000000000000000000000000000000000083
:10215C000000000000000000000000000000000073
:10216C000000000000000000010000000000000062
:10217C000E33CDAB34126DE6ECDE05000B00000027
:10218C000000000000000000000000000000000043
:10219C000000000000000000000000000000000033
:1021AC000000000000000000000000000000000023
:1021BC000000000000000000000000000000000013
:1021CC000000000000000000000000000000000003
:1021DC0000000000000000000000000000000000F3
:1021EC0000000000000000000000000000000000E3
:1021FC0000000000000000000000000000000000D3
:10220C0000000000000000000000000000000000C2
:10221C0000000000000000000000000000000000B2
:10222C0000000000000000000000000000000000A2
:10223C000000000000000000000000000000000092
:10224C000000000000000000000000000000000082
:10225C000000000000000000000000000000000072
:10226C000000000000000000000000000000000062
:10227C000000000000000000000000000000000052
:10228C000000000000000000000000000000000042
:10229C000000000000000000000000000000000032
:1022AC000000000000000000000000000000000022
:1022BC000000000000000000000000000000000012
:1022CC000000000000000000000000000000000002
:1022DC0000000000000000000000000000000000F2
:1022EC0000000000000000000000000000000000E2
:1022FC0000000000000000000000000000000000D2
:10230C0000000000000000000000000000000000C1
:10231C0000000000000000000000000000000000B1
:10232C0000000000000000000000000000000000A1
:10233C000000000000000000000000000000000091
:10234C000000000000000000000000000000000081
:10235C000000000000000000000000000000000071
:10236C000000000000000000000000000000000061
:10237C000000000000000000000000000000000051
:10238C000000000000000000000000000000000041
:10239C000000000000000000000000000000000031
:1023AC000000000000000000000000000000000021
:1023BC000000000000000000000000000000000011
:1023CC000000000000000000000000000000000001
:1023DC0000000000000000000000000000000000F1
:1023EC0000000000000000000000000000000000E1
:1023FC0000000000000000000000000000000000D1
:10240C0000000000000000000000000000000000C0
:10241C0000000000000000000000000000000000B0
:10242C0000000000000000000000000000000000A0
:10243C000000000000000000000000000000000090
:10244C000000000000000000000000000000000080
:10245C000000000000000000000000000000000070
:10246C000000000000000000000000000000000060
:10247C000000000000000000000000000000000050
:10248C000000000000000000000000000000000040
:10249C000000000000000000000000000000000030
:1024AC000000000000000000000000000000000020
:1024BC000000000000000000000000000000000010
:1024CC000000000000000000000000000000000000
:1024DC0000000000000000000000000000000000F0
:1024EC00000000000000000043000000000000009D
:1024FC0000000000000000000000000000000000D0
:10250C00000000000000000043000000000000007C
:10251C0000000000000000000000000000000000AF
:10252C00000000000000000043000000000000005C
:10253C00000000000000000000000000000000008F
:10254C00000000000000000043000000000000003C
:10255C00000000000000000000000000000000006F
:10256C00000000000000000043000000000000001C
:10257C00000000000000000000000000000000004F
:10258C0000000000000000004300000000000000FC
:10259C00000000000000000000000000000000002F
:1025AC0000000000000000004300000000000000DC
:1025BC00000000000000000000000000000000000F
:1025CC00000000000000000021E4000025CD000008
:1025DC00000000009C1C01008C1E0100681C010006
:1025EC00681C0100681C0100681C0100681C0100CB
:1025FC00681C0100681C0100681C0100681C0100BB
:10260C00FFFFFFFFFFFFFFFFFFFFFFFFFFFF0000CC
:10261C000100415343494900000000000000000044
:10262C00000000000000000000000000000000009E
:10263C000000415343494900000000000000000025
:10264C00000000000000000000000000000000007E
:10265C00000000000000000000000000C405002085
:10266C00C4050020CC050020CC050020D40500209A
:10267C00D4050020DC050020DC050020E40500204A
:10268C00E4050020EC050020EC050020F4050020FA
:10269C00F4050020FC050020FC05002004060020A9
:1026AC00040600200C0600200C0600201406002056
:1026BC00140600201C0600201C0600202406002006
:1026CC00240600202C0600202C06002034060020B6
:1026DC00340600203C0600203C0600204406002066
:1026EC00440600204C0600204C0600205406002016
:1026FC00540600205C0600205C06002064060020C6
:10270C00640600206C0600206C0600207406002075
:10271C00740600207C0600207C0600208406002025
:10272C00840600208C0600208C06002094060020D5
:10273C00940600209C0600209C060020A406002085
:10274C00A4060020AC060020AC060020B406002035
:10275C00B4060020BC060020BC060020C4060020E5
:10276C00C4060020CC060020CC060020D406002095
:10277C00D4060020DC060020DC060020E406002045
:10278C00E4060020EC060020EC060020F4060020F5
:10279C00F4060020FC060020FC06002004070020A4
:1027AC00040700200C0700200C0700201407002051
:1027BC00140700201C0700201C0700202407002001
:1027CC00240700202C0700202C07002034070020B1
:1027DC00340700203C0700203C0700204407002061
:1027EC00440700204C0700204C0700205407002011
:1027FC00540700205C0700205C07002064070020C1
:10280C00640700206C0700206C0700207407002070
:10281C00740700207C0700207C0700208407002020
:10282C00840700208C0700208C07002094070020D0
:10283C00940700209C0700209C070020A407002080
:10284C00A4070020AC070020AC070020B407002030
:10285C00B4070020BC070020BC070020C4070020E0
:10286C00C4070020CC070020CC070020D407002090
:10287C00D4070020DC070020DC070020E407002040
:10288C00E4070020EC070020EC070020F4070020F0
:10289C00F4070020FC070020FC070020040800209F
:1028AC00040800200C0800200C080020140800204C
:1028BC00140800201C0800201C08002024080020FC
:1028CC00240800202C0800202C08002034080020AC
:1028DC00340800203C0800203C080020440800205C
:1028EC00440800204C0800204C080020540800200C
:1028FC00540800205C0800205C08002064080020BC
:10290C00640800206C0800206C080020740800206B
:10291C00740800207C0800207C080020840800201B
:10292C00840800208C0800208C08002094080020CB
:10293C00940800209C0800209C080020A40800207B
:10294C00A4080020AC080020AC080020B40800202B
:10295C00B4080020BC080020BC080020C4080020DB
:10296C00C4080020CC080020CC080020D40800208B
:10297C00D4080020DC080020DC080020E40800203B
:10298C00E4080020EC080020EC080020F4080020EB
:10299C00F4080020FC080020FC080020040900209A
:1029AC00040900200C0900200C0900201409002047
:1029BC00140900201C0900201C09002024090020F7
:1029CC00240900202C0900202C09002034090020A7
:1029DC00340900203C0900203C0900204409002057
:1029EC00440900204C0900204C0900205409002007
:1029FC00540900205C0900205C09002064090020B7
:102A0C00640900206C0900206C0900207409002066
:102A1C00740900207C0900207C0900208409002016
:102A2C00840900208C0900208C09002094090020C6
:102A3C00940900209C0900209C090020A409002076
:102A4C00A4090020AC090020AC090020B409002026
:102A5C00B4090020BC090020BC090020FFFFFFFFC7
:102A6C000000020031AA00006902000025080000E5
:042A7C004102000013
:0400000300007DA5D7
:00000001FF
