:10000000000002202D700000557000001D1100003E
:10001000597000005B7000005D700000000000007F
:100020000000000000000000000000005F70000001
:100030006170000000000000637000006570000047
:100040008D680000414700007D250000152B000051
:10005000252B000067700000E1230000D12600007E
:1000600041290000512900006770000067700000FE
:100070006770000067700000677000006770000024
:1000800067700000110C00006770000067700000CE
:10009000AD0C000067700000677000006770000022
:1000A00067700000677000006770000067700000F4
:1000B00099260000677000000000000000000000AA
:1000C00067700000A92600006770000091280000FA
:1000D000A16D00006770000067700000677000008D
:1000E000AD33000000000000000000000000000030
:1000F0000000000067700000000000006770000052
:1001000000000000000000000000000000000000EF
:1001100000000000000000000000000000000000DF
:1001200000000000000000000000000000000000CF
:1001300000000000000000000000000000000000BF
:1001400000000000000000000000000000000000AF
:10015000000000000000000000000000000000009F
:10016000000000000000000000000000000000008F
:10017000000000000000000000000000000000007F
:10018000000000000000000000000000000000006F
:10019000000000000000000000000000000000005F
:1001A000000000000000000000000000000000004F
:1001B000000000000000000000000000000000003F
:1001C000000000000000000000000000000000002F
:1001D000000000000000000000000000000000001F
:1001E000000000000000000000000000000000000F
:1001F00000000000000000000000000000000000FF
:100200000348044B834202D0034B03B118477047A5
:10021000EC060020EC060020000000000548064B1C
:100220001B1AD90F01EBA301491002D0034B03B1F4
:1002300018477047EC060020EC0600200000000084
:1002400010B5064C237843B9FFF7DAFF044B13B11E
:100250000448AFF300800123237010BDF006002096
:10026000000000007007010008B5044B1BB10449F1
:100270000448AFF30080BDE80840CFE7000000006D
:10028000F406002070070100A3F5803A704700BF14
:10029000154B002B08BF114B9D46FFF7F5FF0021C2
:1002A0008B460F461148124A121A06F075FF0C4B86
:1002B000002B00D098470B4B002B00D09847002014
:1002C000002104000D000B4807F0A0FA07F056F9D2
:1002D0002000290000F0F6F907F08AFA0000080073
:1002E000000000000000000000000220F0060020D6
:1002F0001C210020E17A00000A4B0D22C3F80C25D6
:100300004FF0FF32C3F810251C22C3F808254FF028
:100310008042C3F824250022C3F854250722C3F8DD
:1003200000257047003000402DE9F04F2DED028B85
:1003300087B080468946154600210F2202A89A46BA
:10034000DDE91276B0EE408A06F026FFBC4B187845
:10035000BC4B19780722002404F1180CC2EB82135D
:10036000C2EB83030DEB0C0E47FA02FB23331BF0A9
:10037000010F1EF810CC03F0070300F0038141FACF
:1003800003FB4CEA0B0C022B0EF810CC0ED904F137
:10039000190CC3F108030134EC4401FA03F31CF80F
:1003A00010EC43EA0E030CF8103CE4B2013AD3D24D
:1003B000072304F11807C3EB8312C3EB82020DEB92
:1003C000070C4AFA03FE4B321EF0010F1CF8107C9A
:1003D00002F0070200F0E88041FA02FE47EA0E0749
:1003E000022A0CF8107C0ED904F11907C2F1080298
:1003F00001346F4401FA02F217F810CC42EA0C0201
:1004000007F8102CE4B2013BD3D2072704F11802FD
:10041000C7EB8713C7EB83030DEB020C46FA07FE0D
:1004200073331EF0010F1CF8102C03F0070300F0CB
:10043000CD8041FA03FE42EA0E02022B0CF8102C8A
:100440000ED904F11902C3F1080301346A4401FA18
:1004500003F312F810CC43EA0C0302F8103CE4B2A8
:10046000013FD3D2784E0024771C38190F2202A9FD
:100470000F3406F0E9FFB4F5347FF6D1DFED736A8F
:10048000DDED147A88EE267A0F220021F8EEE77A65
:1004900067EE877AFCEEE77ACDED017A9DF80400ED
:1004A000C0EB0010013084B216FA80F006F074FE42
:1004B000634B1978634B1A780720C0EB8013C0EBAD
:1004C000830349FA00FC23331CF0010F375D03F06E
:1004D000070300F08D8042FA03FC47EA0C07022B69
:1004E000375508D9C3F10803013402FA03F3375D25
:1004F0003B433355A4B20138DFD20727C7EB87133C
:10050000C7EB830348FA07FC4B331CF0010F305D47
:1005100003F007037AD042FA03FC40EA0C00022BF6
:10052000305508D9C3F10803013402FA03F3305DF2
:1005300003433355A4B2013FE0D20727C7EB87132B
:10054000C7EB830345FA07FC73331CF0010F305DE2
:1005500003F0070367D042FA03FC40EA0C00022BC9
:10056000305508D9C3F10803013402FA03F3305DB2
:1005700003433355A4B2013FE0D207B0BDEC028B78
:10058000BDE8F08F40FA03FB4CEA0B0C022B0EF88F
:1005900010CC7FF60BAF04F1190CC3F10803013442
:1005A000EC4400FA03F3FAE640FA02FE47EA0E07CB
:1005B000022A0CF8107C7FF626AF04F11907C2F16D
:1005C000080201346F4400FA02F215E740FA03FE14
:1005D00042EA0E02022B0CF8102C7FF641AF04F118
:1005E0001902C3F1080301346A4400FA03F330E747
:1005F00041FA03FC47EA0C07022B37557FF67BAF25
:10060000C3F10803013401FA03F370E741FA03FC74
:1006100040EA0C00022B30558DD9C3F10803013498
:1006200001FA03F383E741FA03FC40EA0C00022BD2
:100630003055A0D9C3F10803013401FA03F396E75A
:1006400001000020000000200C0700200000B4433F
:10065000054B064AC3F8442540F2EA22C3F8482570
:1006600001221A61704700BF003000400C070020D3
:100670001FB5114B93ED000AF1EE047A30EE270A14
:10068000DFED0E7AB4EE670ADFED0D7AF1EE10FAC7
:1006900008BFB0EE670A83ED000A3C203023CDE9A5
:1006A0000103002300931A461946FFF73DFE05B0EB
:1006B0005DF804EBFFF7CCBFF80900200000B4435D
:1006C000000000001FB51548154C07F0B5F8FFF7FE
:1006D00013FEFF233022CDE9013219461A469FED61
:1006E000110A00931846FFF71FFEFFF7B1FF00F055
:1006F00035FC0D4A0D48012100F078FC0C48002221
:100700004FF47A7100F084FC44F001044FF47A75E0
:100710004FF47A40A047013DFAD1F7E75CDB0000D7
:10072000D0FC00000000000071060000D8FC0000B2
:10073000FC09002010B50368292B044604D9074999
:1007400040F2CD1000F004FD23681F2B83BF03F09F
:100750001F03236002484FF0A04010BD6CDB000077
:100760000003005007B5019001A8FFF7E3FF019ACD
:1007700001239340C0F80C3503B05DF804FB07B5C6
:10078000019001A8FFF7D6FF019A01239340C0F81A
:10079000083503B05DF804FB38B5054D044645F057
:1007A00001054FF47A40A847013CFAD138BD00BF9B
:1007B00050FD00002DE9F3413D4F3E4E052402253A
:1007C00017F8013B019301A8FFF7B4FF019B03F564
:1007D000E07340F8235001A816F8013B0193FFF79E
:1007E000A9FF019B03F5E073013C40F82350E7D1DA
:1007F000152501A80195FFF79DFF019B03F5E07307
:1008000040F2032640F82360132401A80194FFF767
:1008100091FF019B03F5E07340F2031840F8236059
:100820001C2601A80196FFF785FF019B03F5E073E5
:100830001E2740F8238001A80197FFF77BFF019B4B
:1008400003F5E07340F823802846FFF798FF204621
:10085000FFF795FF3046FFF785FF3846FFF782FF29
:100860001C20FFF77FFF1E20FFF77CFF4FF4FA707C
:10087000FFF792FF1C20FFF782FF1E20FFF77FFF8C
:100880003220FFF789FF1C20FFF76CFF1E20FFF7C7
:1008900069FF4FF4FA70FFF77FFF1C20FFF76FFF2F
:1008A0001E20FFF76CFFFA20FFF776FFD8E700BFA6
:1008B0005BFD000056FD000073B506460D4614466C
:1008C00072B601F001FB01F041F90028FBD112489A
:1008D00006F0B2FF44F201039E420AD044F2020342
:1008E0009E4214D1228861680C4806F0A5FFFFF7EC
:1008F00061FFA668304601F017FD2368019500935B
:10090000024663680648314606F096FFEFE729463F
:10091000044806F091FFEAE7D1DB0000EADB0000C3
:1009200005DC00002FDC00002DE9F743054601F04F
:10093000CBFA01F00BF90028FBD12A4B2A4C9E6A16
:100940002A4BE41AE408240444F00104002D44D0A6
:10095000AA692749204601F069FAEB680193AB6860
:100960000093D5E900232349204601F074FAEB698E
:100970000093D5E904232049204601F060FA194B81
:10098000DB6A990703D51D49204601F04BFADFF8D1
:100990007C80DFF87C900025012707FA05F33342BD
:1009A00006D058F825201AB14946204601F03EFAF3
:1009B00001351A2DF1D1320605D50A4B10495A6B73
:1009C000204601F033FA330405D5064B0D499A6BE6
:1009D000204601F02BFAFFF7EDFE0B49204601F00F
:1009E00021FACCE700ED00E07408010024080100C2
:1009F00049DC00005EDC000093DC0000EEDC00005F
:100A00003DDD00005DDD0000BBDC0000DCFC000023
:100A100032DD00007047704770477047704770477D
:100A200038B50E4B1B680021986806F0B5FC4FF4F2
:100A30000041002001F030F818B1094A142100F0FB
:100A4000BBF8084D00F054FF0A2445F001054FF4AF
:100A50007A40A847013CFAD138BD00BF28000020E9
:100A60002DE2000060FD00007047000007B5044B58
:100A70000093044A402300F0D9FE03B05DF804FB64
:100A8000DD0A00001E0A002030B50F4D0FCD89B0E1
:100A90006C460FC495E80F0084E80F000622282357
:100AA000CDE9002309480A4B06930022694600F06D
:100AB0005DFC18B1074A462100F07EF8064B002283
:100AC0001A7009B030BD00BF74FD000004000020A2
:100AD00000509D0084E200001C0A002038B50E483A
:100AE0000E4C0F4D002323700378EB5CD2B273B130
:100AF000043002F0DFFD18B10A4A562100F05CF81C
:100B0000094B1B7813B12378002BFCD038BD0C3077
:100B100002F07EFAEFE700BF040000201D0A00206B
:100B2000840B002084E200001C0A002008B508485D
:100B3000084A0378D35C33B1043002F039FDBDE8D4
:100B40000840FFF7A1BF0C3002F0F6F9F7E700BF4D
:100B500004000020840B0020FFF796BF10B5084862
:100B6000D4B20378074AD35C224623B1043002F0A2
:100B7000A1FD204610BD0C3002F04AFAF9E700BF93
:100B800004000020840B002008B50948094A0378B6
:100B9000D35C012243B1043002F006FE002814BFEA
:100BA0004FF0FF30012008BD0C3002F0A1FAF5E74C
:100BB00004000020840B002000B583B00290009157
:100BC000019244F2010071466A46FFF775FE03B0D8
:100BD00000BD0000094B5A7899780132D2B2914297
:100BE00008BF0022197891421FBF02705A7818215D
:100BF00001FB023014BF043000207047740A00204B
:100C0000024B4FF43C6043F001031847A0FD000085
:100C1000F8B51F491F4B0025C1F84051C1F8445198
:100C2000C1F84851C1F84C51C1F80051C1F8045104
:100C30001B684BB3D1F8044517490968641A24F0BE
:100C40007F442F461A68A24209D8A41A15441A7C78
:100C5000DE691AB1D3E905201F749047AEB90F4A77
:100C60000F4B11781B788B4205D10133DBB2022B7D
:100C700008BF0023137012780A4B43F822500A4B26
:100C80004FF48012C3F80021F8BD3346DAE700BF05
:100C900000100140700A00206C0A0020600A002049
:100CA000610A0020640A002000E100E02DE9F74F0E
:100CB0009F49A04A0B7812789F4D9A4255D0013334
:100CC000DBB2022B08BF00239C4A0B709C491668BC
:100CD00051F82300331823F07F43136000222B6860
:100CE00017461446944613B942B12B6006E01968C2
:100CF000814228D902B12B60091A19604FF0010B0B
:100D00002B68DFF8509200934FF0000A002F46D076
:100D10003C46FF69894B666819688A4AA368701A5D
:100D200020F07F40904200F2E180034401202074D3
:100D3000286823600021C4E90111E161002840F026
:100D4000DD802C60E2E7401A0C44D968D3F81CE03F
:100D5000C3F800C031B1321922F07F42C3E901214A
:100D6000DF611F4673460122BDE70027BB46C7E788
:100D700099F802402E68431CDBB29C4208BF002356
:100D800089F80030182303FB009003798468022B54
:100D90006AD0032B00F09480012B00F0948099F826
:100DA000000099F801308342E2D12B68BAF1000FBC
:100DB00005D1009A9A4202D1BBF1000F43D0002B1B
:100DC00041D0D3F800A0604D5C4BD5F804751C6889
:100DD000DFF884813E1B98F8003026F07F4603360A
:100DE0009BB94FF48033C5F84433C5F80433574BEF
:100DF0004FF40032C3F880211A604FF00109C5F8A2
:100E00000090FFF7FDFE88F80090B2452CBF5444D7
:100E1000A41924F07F44C5F84045D5F80435DB1B00
:100E200023F07F43E41B033324F07F44A3420AD919
:100E3000D5F80435C5F84035FFF7E2FE434B4FF4D3
:100E40000032C3F80021424B00221A7003B0BDE803
:100E5000F08F44450BD04046D8F81C80B8F1000F05
:100E6000F7D1002323749AE7B0463046F6E7844270
:100E70000DD1F3692B6053B93349019001228A6087
:100E80002E490B60324B1A70FFF7BAFE0198D8F862
:100E90001C20D8F80030C26112B111680B441360F5
:100EA0002B68B34218BF4FF0010ADAE73074F669D5
:100EB0000123002EFAD1002B3FF471AF2E606EE7B4
:100EC00000231846F5E7267C002E7FF468AFC16842
:100ED00061600369A3604369E3608369A3611C4B9C
:100EE0001B78002B18BF3146616013E7891B21F086
:100EF0007F41994234BF5B1A002317E7016899428A
:100F000013D3C91A0160E0611BE79B1BCE69084639
:100F10003EB131460E68B342F7D8F61A0E600E465F
:100F200001462360E661CC61F0E60146F2E700BFCE
:100F3000610A0020600A0020700A00206C0A00206C
:100F4000640A0020FEFF7F000010014000E100E085
:100F50005E0A0020740A00205F0A0020F8B51B4ECC
:100F60004FF40033C6F88030BFF34F8FBFF36F8F5D
:100F7000174D184F4FF480330124C5F84833C5F896
:100F800008336C60FFF73CFEAC6000243C60FFF768
:100F900037FE114B1C70114B0B221C809A70104BAA
:100FA0001C60104B1C70104B4FF480121C70E0231F
:100FB000C6F8802186F814333260C5F8084586F8F3
:100FC0001133D5F804353B602046F8BD00E100E060
:100FD000001001406C0A00205F0A0020740A002003
:100FE000700A0020610A0020600A0020074B9B78ED
:100FF0004BB132B128B10368187C20B959745A61D9
:101000007047072070470820704700BF740A00200F
:101010002DE9F3411D4FBB7804460D4616469BB3A0
:1010200090B31B4B4A1F9A422CD8436963B3437C4D
:101030000020012B0CBF88464FF0000800F04EF84E
:101040000DF10700FFF7C6FDD0B101230370114B6E
:101050004460D3F80435C0E90486C0E902359DF840
:1010600007307B700024002000F048F824B90A4BB8
:101070004FF48012C3F80021204602B0BDE8F08191
:101080000424F0E70724F7E70824F5E7740A0020B2
:10109000FAFFFF000010014000E100E072B6024AD2
:1010A0001368013313607047800B0020034A1368F4
:1010B000013B136003B962B6704700BF800B00208C
:1010C000EFF30583C3F308032BB9EFF31480C04398
:1010D00000F00100704701207047000008B5FFF7DD
:1010E000EFFF012803D00449432000F031F8BDE8A8
:1010F0000840FFF7D3BF00BFE1E2000008B5FFF7EB
:10110000DFFF012803D00449512000F021F8BDE899
:101110000840FFF7CBBF00BFE1E200001EF0040F64
:101120001CBFEFF309800AE0EFF308800549064A87
:10113000884201D8904202D88D464FF00000034B00
:10114000184700000000022000E0012029090000EB
:1011500007B5ADF8000001916A46002144F2020093
:10116000FFF7AAFB03B05DF804FB10B5034653E894
:10117000000F0A4643E8002494F0000FF7D110BD99
:1011800010B5034653E8002F42EA010043E800048B
:1011900094F0000FF6D110BD10B5034653E8000FD0
:1011A00000EA010243E8002494F0000FF6D110BDDC
:1011B00010B5034653E8002F02EB010043E800049A
:1011C00094F0000FF6D110BD10B5034653E8002F80
:1011D000A2EB010043E8000494F0000FF6D110BD2B
:1011E0000121FFF7CDBF0021FFF7D6BF10B50446A0
:1011F000002834D003681BB91A49FF20FFF7A8FF65
:10120000636823B917494FF48070FFF7A1FFA36803
:1012100023B9144940F20110FFF79AFFE36823B99C
:1012200010494FF48170FFF793FF238A23B90D49CA
:1012300040F20310FFF78CFFD4E9012321689B1AC9
:10124000DBB20A60013BDBB2FF2B226802D1002037
:10125000107110BD1168481C10600B70F2E70E2071
:10126000F7E700BF58E3000038B5044620B912493B
:101270004FF49270FFF76CFF0020FFF72FFF2268FA
:10128000616813688B4215D9591E116013F8013C2F
:10129000228AE56802FB03552268A36811685B1A7D
:1012A0001179DBB2994200D213710020FFF726FFBB
:1012B000284638BD0025F8E758E3000038B50C464D
:1012C000054620B90E4940F24710FFF741FF24B907
:1012D0000B494FF4A470FFF73BFF0020FFF7FEFE21
:1012E0002A681368591C1160EA68A41A2A8AB4FB98
:1012F000F2F41C70BDE838400020FFF7FFBE00BFCD
:1013000058E300001FB503788DF80030436801935F
:1013100083688DF80830C368054A0393054B684617
:1013200053F8213052F82110984705B05DF804FBBE
:10133000880B0020900B00201FB503788DF800303B
:101340004368019383688DF80830C368054A0393A6
:10135000054B684653F8213052F82110984705B0E4
:101360005DF804FB880B0020900B0020F0B5194BB2
:1013700090F800C0DFF86CE043F82C20164B1646BE
:101380000A6943F82C200C464B7F0EF80C300746B8
:101390000FCC89B06D460FC594E80F0085E80F00AB
:1013A0003B78CDF810C01EF803304BB1002E0B4A2D
:1013B000694608BF3246381D02F000F809B0F0BD9A
:1013C000002E074A694608BF324607F10C0001F0BB
:1013D000C7FCF3E7900B0020880B002005130000EA
:1013E00039130000840B002010B5044618B90649D3
:1013F0003120FFF7ADFEA2682AB163692168206938
:1014000098470023A36010BDD0E300000EB433B5AD
:10141000059D044618B911494220FFF799FE6369FA
:101420001BB90E494320FFF793FE23681BB90B49F4
:101430004420FFF78DFE63681BB908494520FFF77C
:1014400087FE35B106AB01AA29462046019300F07C
:1014500071F802B0BDE8304003B07047D0E300003F
:10146000826830B40468551C8560A154D0E901320B
:101470009A4202D330BCFFF7B7BF30BC70470000C0
:101480002DE9F84F9946DDE90A431546824688461C
:101490000A460127AA420FD24F4538BF4F4613F0E4
:1014A000010B01D164B900240126B9F1010F1CD947
:1014B00009F1FF396E43F8E70137B2FBF5F2E9E7CE
:1014C0009B0710D5B9F1000F0CBF30262026BC4277
:1014D000EAD9013C31465046FFF7C2FF002CE2D06A
:1014E000BC42F6D1E0E72026F1E7B8FBF6F39D42D7
:1014F000E0D9DFF83C90B8FBF6F3504619F803103A
:1015000006FB1388FFF7ACFF3346AB42B6FBF5F69C
:10151000F1D2BBF1000F00D034B9BDE8F88F202123
:101520005046013CFFF79CFFBC42F8D8F5E700BFEE
:10153000A6FD00002DE9F74F0F469046054620B95D
:10154000B74940F25220FFF703FE6B6923B9B44953
:101550004FF41570FFF7FCFD2B6823B9B04940F23A
:101560005520FFF7F5FD6B6823B9AD4940F25620D1
:10157000FFF7EEFD002F00F0558117F8011B49B968
:101580002B7B002B00F04E81284603B0BDE8F04FC6
:10159000FFF72ABF252940F0BD8000263A4612F801
:1015A000013B2D2B25D0302B27D02B2B28D00024EE
:1015B0002A2B07F1010226D1D8F80030191DC8F8EE
:1015C00000101B6817461C443B782E2B27D101378F
:1015D0004FF0000A0A20394611F8012BA2F1300C15
:1015E000BCF1090F1DD800FB0A22A2F1300A0F46F8
:1015F000F1E746F001061746D0E746F00206FAE7A3
:1016000046F00406F7E712F8013CA3F1300109297E
:10161000DAD80A2101FB0434303C1746C8E74FF002
:10162000000A3A4612F8011B01F0FB006828174631
:10163000F8D0782909D86F290BD8632964D021D82C
:10164000252967D0582900F095803B78002B94D14C
:1016500096E770390829F8D801A252F821F000BFA6
:10166000F71700004B1600004B160000891700000A
:101670004B1600005F1700004B1600004B160000D1
:1016800075170000642901D06929DED1D8F800203F
:10169000111DC8F80010D2F800B08BEAEB72A2EB73
:1016A000EB724FF001090A21092A37DCD14538BF16
:1016B000D1462CB1BBF1000F01DB720700D5013C14
:1016C000B30702D5BAF1000F03D0F00701D454BB21
:1016D0000024BBF1000F32DACBF1000B2D2128469C
:1016E000FFF7BEFE06F00302022A04D1BAF1000F92
:1016F00001D144BB0024CDE9004653460A22594695
:101700002846FFF7BDFEA0E7D8F800301A1DC8F83C
:10171000002019782846FFF7A3FE96E709F1010992
:10172000B2FBF1F2C0E7A145D3D2013C202128460B
:10173000FFF796FE002CCBD0A145F6D1C9E7710783
:10174000D0D52B21CBE7A145D5D2013C302128466D
:10175000FFF786FE002CCDD0A145F6D1CBE7D8F817
:1017600000100A1DC8F80020CDE9004653460A22A1
:101770000968C5E7D8F800100A1DC8F800205346CC
:10178000CDE900461022F3E7D8F800301A1DC8F85A
:10179000002016F00106D3F8009024D1B9F1000F13
:1017A00003D0484605F08CFC0646B4421DD809F12A
:1017B000FF3919F8011F00293FF447AF2846FFF70A
:1017C0004FFEF6E728460136FFF74AFE19F80610E5
:1017D0000029F7D1A642BFF438AF20212846013CAA
:1017E000FFF73EFEF6E70026F0E720212846013C01
:1017F000FFF736FED9E7D8F800301A1DC8F80020E8
:10180000302128461C68FFF72BFE78212846FFF779
:1018100027FE00220823CDE90032214610226FE77F
:1018200038E4000003B0BDE8F08F00BFF0B595B01C
:101830001D46164608460C4600F00EFD1A9B0D93F9
:10184000CDE9086500252B46082205A920460A9502
:101850008DF82C500C9500F027FD079B0293069BFA
:1018600003939DF814308DF8115003F00302012A00
:101870001DD1BDF81420059DC3F3C203C2F3831626
:101880008DF81030B20008230EA9204600F00CFDA0
:10189000C5F3952508AB0093324602AB0EA9284646
:1018A00000F080FB204600F0DBFC15B0F0BD022A02
:1018B000F8D1BDF81650C3F3C203C5F389158DF8EE
:1018C00010300827082D2E4628BF08263B463246F2
:1018D0000EA9204600F0E8FCAD1B08AB02AA314679
:1018E0000EA8374400F0C2FB002DEBD1DAE7000070
:1018F00008B5FFF731F90748042100F0BBFA0028CA
:1019000003DA05494820FFF723FC044B01225A71F2
:1019100008BD00BFA0080100A7E4000018000020D7
:10192000037813F0040215D003F00303012B03D056
:10193000022B09D0012070470B6802880233C2F3E2
:10194000831213440B60F5E70B684288023303EB04
:101950009213F7E7104670472DE9F04FDFF834A1F6
:101960000F4687B00446861C00201546FFF7B6FBDD
:10197000DAF800203A60DAE901130B4401339B1ACC
:101980000AF21C470AF583690AF21448B3421BD3D2
:101990000021002D77D004F00F04A40144F00504C9
:1019A00064F30F01DAF80020DAF80830134003334B
:1019B00032444AF823100020CAF80020FFF79EFBAB
:1019C000012007B0BDE8F08F01213846FFF7F0FB9A
:1019D0004846FFF705FC4046FFF702FCDAF8040032
:1019E000DAF808B0029000EA0B0003300AEB80003E
:1019F00002A9FFF795FF029B0246E0B90BEA03013B
:101A00000AEB8101C8680390991C013303EA0B03B8
:101A10000AEB830300F003000128DB6802912AD05F
:101A200002280BD01A49019240F28910FFF790FB6F
:101A3000019A93460CE00BEA0300D6E74FEA134BFA
:101A4000BDF80E30C3F38913033301EB9303029304
:101A50004046FFF7C8FB10B1029BCAF80430594654
:101A60003846FFF7A5FBDAE901231344DAF8002032
:101A700001339B1A8AE74FEA134BBDF80C30C3F3CE
:101A800083130B44E3E7A40544F006018AE700BF93
:101A900039E50000980B00200B4B0C48FF2210B5D5
:101AA0009A600022C3F81824C3E90022C3F8142462
:101AB000012283F8202400F08BFB044610B904486F
:101AC00000F00AFC204610BD980B00208C08010095
:101AD000B8FD000030B50A4C71B10A4A0A49121B20
:101AE000D20800239A4201D1002030BD31F82350A2
:101AF000854202D00133F5E7034654F83300F4E79A
:101B0000240801008C080100EC060020094B013973
:101B100003EBC000032909D8DFE801F0020A04063C
:101B20000220704700797047407970470020704765
:101B30000420704724080100034BD3E90030C31A86
:101B400058425841704700BF980B00202DE9FF47CD
:101B5000FFF7F2FF002840F083807E4DC5F818049F
:101B6000BFF34F8F6868AC6800902040033005EBEE
:101B700080006946FFF7D4FE009B18B1D5F8182401
:101B8000002A69D004EA03029F1C013305EB82029C
:101B9000234005EB8303D268DB68029302F0030362
:101BA000022B019200976ED1BDF806306A48C3F34C
:101BB0008918B8F1500FC14628BF4FF0500969F39A
:101BC0008F1309F10801ADF8063000F019FB064645
:101BD000002800F0A98000F03FFB002330460822D7
:101BE00001A900F04BFB24EA07030133B9EB830F93
:101BF0004FEA83003FD95FFA89F9002837D004EA19
:101C00000701C4B2A9EB040A0331A146534C05EB0A
:101C100081015FFA8AFA08234A46304600F02EFB1B
:101C200034B109F1080352462146304600F026FB44
:101C300008F1030807EB98070097D5F81834D5F892
:101C40001044002B5FD0304600F00AFBFFF774FF12
:101C500080F00100C0B204E02A689A4204D86A60A9
:101C6000002004B0BDE8F08704EA03007EE73B49AA
:101C700004468246CFE704EA0701033108234A46B7
:101C800005EB8101D1E7012B4ED1BDF8043032487C
:101C9000C3F38311062928BF062161F3891302319A
:101CA00001F00F018900ADF8043000F0A9FA0646F2
:101CB000002839D000F0D0FA0023082201A93046CC
:101CC00000F0DCFA0027BDF80420C2F38312BB0049
:101CD000BA4203F10803B0D900994A1C21400331EC
:101CE000009205EB81010422304600F0C7FA01376B
:101CF000E9E7E3685B7923B1236831461B68204636
:101D00009847E3681C68002CF3D1304600F0A8FA2D
:101D10002046FFF7E3F9D5F818340BB9009B6B6048
:101D20000020FFF7EBF991E7D5F8104454B90C4BBC
:101D30000C480D49C01AC008000440F0020000F031
:101D400071F883E7236820469B689847E3681C681E
:101D5000ECE700BF980B00208C080100A40B0020CA
:101D60002408010074080100B2E500002DE9F74FD6
:101D7000274E04460F46914601A901221846D6F87F
:101D800008A09846FFF7E8FD78B3019D0023A81C42
:101D9000434503EB000132D100211E48FFF7E5F96E
:101DA0004FEA144980F3100B1B4B1C4A9B1AB9EBEA
:101DB000D30F04D31A494FF4D770FFF7C9F96B1C3E
:101DC00003EA0A03E40006EB830304F0380449EA5B
:101DD0000B4205EA0A0544F00104DA60033544EADF
:101DE000881343EA872346F8253096F820341BB140
:101DF000FFF7ACFE0028FBD103B0BDE8F08F01EA8D
:101E00000A0106EB810159F82320CA600133BFE7BC
:101E1000980B0020B40F00208C080100240801005A
:101E200039E5000000231A46FFF7A0BF07B50123DC
:101E3000019201AAFFF79AFF03B05DF804FB1FB5FA
:101E4000CDE90123069B039301AA0323FFF78EFF2D
:101E500005B05DF804FB1FB5CDE90023069B029396
:101E6000079B03936A460423FFF780FF05B05DF8E4
:101E700004FB000030B51349D1F81044034600209C
:101E800022464AB9DC682071D1F8104484B9C1F8FF
:101E90001034DB681A600AE0D2681579854201D0F7
:101EA0001268EEE701300A28EAD14FF0FF3030BD6A
:101EB000E468DA6824681460D1F81024D2681360EA
:101EC000F5E700BF980B002038B5084B0125D3F883
:101ED000104483F8205404B938BDE3685D71236869
:101EE00020465B689847E3681C68F4E7980B00207D
:101EF00010B5037A052B0C460FD0437A23B1084A5C
:101F000008492046FFF782FA07492046FFF77EFA84
:101F10002046BDE81040FFF767BA002AF8D0F3E783
:101F2000C7E50000CCE50000ECE5000073B5C38810
:101F300004460D4633B1144A00921449144A284607
:101F4000FFF764FA217A05291CD0637A4BB1A08887
:101F5000FFF7DCFD0F4B104953F820202846FFF710
:101F600055FA227A0D4BA08853F822600021FFF722
:101F7000B1FD0B4903463246284602B0BDE8704029
:101F8000FFF744BA02B070BDC7E50000D7E5000016
:101F9000CFE50000C4FD0000CCE50000E8FD000036
:101FA000EFE500002DE9F04385B01F460C9D0023AE
:101FB00095F80C902B7306460C46904629463846F9
:101FC000FFF7B4FFB8F1060F09D8DFE808F00412F4
:101FD000181F2833400031462846FFF717FA002221
:101FE00029463846FFF784FF85F80C9005B0BDE818
:101FF000F083226831462846FFF708FAEFE7D4E974
:10200000002331462846FFF701FAE8E7A36800936A
:10201000D4E9002331462846FFF7F8F9DFE7E36803
:102020000193A3680093D4E9002331462846FFF7C3
:10203000EDF9D4E723690293E3680193A368009361
:10204000D4E9002331462846FFF7E0F9C7E7636982
:10205000039323690293E3680193A3680093D4E98F
:10206000002331462846FFF7D1F9B8E708292DE9C2
:10207000F84F80460E4617461C463BD8002593F87D
:102080000C901D7319461046FFF750FFDFF88CA027
:10209000DFF88CB0AE422FD918F8052059462046FB
:1020A000FFF7B4F90135082DF4D11949194DDFF8BE
:1020B00074B02046FFF7AAF94FF0000A564522D91E
:1020C00018F80A207E2A1CD81BF8021011F0970F6E
:1020D00008BF2E2210492046FFF798F90AF1010A9D
:1020E000BAF1080FEAD1012221463846FFF700FF76
:1020F00084F80C90BDE8F88F51462046FFF786F92A
:10210000D0E72E22E6E729462046FFF77FF9E5E7EC
:1021100003E6000001E6000005E60000FFE5000020
:10212000F9E50000010501002DE9F74F99469DF8FA
:102130003030009388469346064618B92349B620A6
:10214000FFF706F8F28871794A43043A4A4505D800
:102150001E490192C420FEF7FBFF019ADBF80070D4
:10216000B6F806A007EB0901914209F1040488BF03
:10217000A2EB0907B4FBFAF5CBF800700AFB154493
:1021800045B9AAEB040BBB4528BFBB462FB903B02A
:10219000BDE8F08F3668013DF2E7009B043408EBA0
:1021A000050034445A466BB12146A7EB0B0705F0F6
:1021B0004BF9BA455D443668D3464FF0000428BF5A
:1021C000BB46E3E701462046EFE700BF53E60000C9
:1021D000FFF70CB8F8B546790146721E0546002394
:1021E00093422D6803D30024A64202D8F8BD0133E0
:1021F000F6E70F682846FFF761F801343946F3E740
:102200002DE9F041CD1C078A0646FFF72DF8043F63
:102210003D440446B5FBF7F5D0B14FF48073EDB201
:10222000C7808380013D066080460027AF4210D200
:102230003046FFF719F840B1637901336371013714
:10224000C8F8000006608046F0E72046FFF7C2FFAE
:1022500000242046BDE8F08101210430FEF7A8BF2C
:1022600010B5012104460430FEF7AEFFC0B220B91C
:102270002046BDE81040FFF7ADBF10BD1FB51446A6
:1022800003920022009203AAFFF74EFF039BA34292
:1022900006D00449F62004B0BDE81040FEF758BF50
:1022A00004B010BD53E600001FB51446039201228E
:1022B000009203AAFFF738FF039BA34207D005490A
:1022C0004FF4807004B0BDE81040FEF741BF04B089
:1022D00010BD00BF53E6000082680023936082684F
:1022E0001361826853618268D36082685360826838
:1022F0001360704710B50B4AA2F58C739A4201D84F
:1023000000200CE0D11A091103EBC10453F831107D
:10231000814205D802D204F10803EFE7606810BDDE
:102320002246EBE714FF000008B5FFF7E3FF024B7E
:10233000002808BF184608BD14FF000000F18040C7
:1023400000F5C040002382B0036003680193019B45
:1023500002B07047C208012300F007008340885C88
:1023600003438B547047000010B50368292B0446C3
:1023700004D9074940F2CD10FEF7EAFE23681F2B6F
:1023800083BF03F01F03236002484FF0A04010BD3D
:102390006CDB00000003005013B5019001A80C464F
:1023A000FFF7E2FF019B00EB8300D0F8003723F436
:1023B0004033C0F80037D0F8003743EA0443C0F890
:1023C000003702B010BD00004FF0A043D3F8103525
:1023D0000360024BD3F81035436070470003005090
:1023E0002DE9F04F00248BB0CDE90244604D4FF44D
:1023F0008072012102F1804303F5C0431B68012B69
:1024000007D1D5F804330B4203D090B2FFF796FF03
:102410000C430432B2F5907F4FEA4101EAD1544BAC
:10242000D3F87C31012B08D14FF4BE70FFF786FF43
:1024300002A844F00044FFF7C7FFE3B2D3B14D4F09
:1024400000250126344210D0AB0003F1804303F590
:10245000C043D3F81005D3F8101557F8253023B131
:10246000C1F30141C0F3052098470135082D4FEA1B
:102470004606E7D1002C77DA0023CDE904334FF08C
:10248000FF33CDE90633DFF8ECB03B4B0193002777
:102490003D46019B13F9014F0193631C4ED0C4F3D9
:1024A000C2080122E3B204F03F0604F0070402FA76
:1024B00004F408F128020DEB020818F8102C22424F
:1024C0003CD00BEB06024FEA931A92F930205BF8EE
:1024D0002290B9F1000F07D1BAF1030F2ED104A950
:1024E0003046FFF737FF02E0BAF1030FF7D008A834
:1024F0000896FFF739FF089A18F8201C02F5E072D9
:10250000214250F82220C2F3014206D0022A15D1FE
:10251000BAF1030F0CD1514605E0032A0ED1BAF1EE
:10252000030F05D102213046FFF736FF0135EDB22A
:10253000B9F1000F02D051463046C8470137042F89
:10254000A7D18DB108A8FFF73FFF029B089A9A42D6
:10255000099B02D103998B4206D002920393049AFD
:10256000059B0692079390E70BB0BDE8F08F00BF84
:1025700000600040241100207D11002010B5054CA2
:1025800023681BB904495120FEF7E2FD2368BDE82A
:10259000104018478C1100206AEA000038B50C463C
:1025A00028B90C497720FEF7D3FD002038BD0A4B2F
:1025B0009842FAD10020FEF791FD084B1D7915B91C
:1025C00001221C601A710020FEF798FD002DECD04E
:1025D0001120EBE76AEA0000002000408C11002087
:1025E00018B906499B20FEF7B3BD054B984201BFC1
:1025F000044B00221A601A71704700BF6AEA00009B
:10260000002000408C1100200023435082B043582A
:102610000193019B02B0704770B5D0F810310546A8
:102620000C4653B14FF48871FFF7EEFF63795A07F8
:1026300003D523680BB101209847D5F814315BB15D
:102640004FF48A712846FFF7DFFF63791B0703D534
:1026500023680BB102209847D5F81C315BB128469E
:102660004FF48E71FFF7D0FF607910F0100002D1A7
:10267000236803B19847D5F8043163B14FF48271F0
:102680002846FFF7C1FF0123237123681BB1BDE872
:1026900070400320184770BD01490248FFF7BCBFD6
:1026A0009411002000C0014001490248FFF7B4BF67
:1026B0009C1100200010024000F1804000F5E04035
:1026C000002382B0036003680193019B02B070474E
:1026D000F0B5544B544CD3F8043194F82E2085B007
:1026E000002B3BD04FF48270FFF7E6FF2AB394F83B
:1026F0002F3013BB4B4AD2F80031002B32D04FF4AD
:102700008070FFF7D9FF638B94F82D00834250D976
:1027100021891B1A9BB289B26383CB1A616801EBD2
:102720004301C2F82C16C2F830064FF48270FFF74E
:10273000C3FF3C4B01225A6014E063680293238973
:10274000ADF80C30E36800218DF8041033BB23741E
:10275000236801A89847002384F82F3094F82E307E
:10276000002BC7D12F4BD3F810315BB14FF48870D9
:10277000FFF7A2FF0023237402238DF8043001A881
:1027800023689847274BD3F814310BB34FF48A7062
:10279000FFF792FF0023237405B0F0BD208B608308
:1027A00063602081E160002AD2D11E4B01221A60B1
:1027B000CEE7BAD1E168012084F82F0031B10020C2
:1027C0006083C2F82C16C2F83036AEE76183ACE7FE
:1027D00066694FF000470125002EDDD0B6FA86F27B
:1027E00027FA02F34632920026EA030602F18043FA
:1027F00003F5E0431B68002BEED01046A2F58C7267
:10280000FFF75AFFD30882F00402C2F380028DF86A
:1028100008308DF8045023688DF8092001A89847E6
:10282000DAE700BF00700040A411002010B5036873
:10283000292B044604D9074940F2CD10FEF788FC45
:1028400023681F2B83BF03F01F03236002484FF050
:10285000A04010BD6CDB00000003005007B50190E4
:1028600001A8FFF7E3FF019A01239340C0F80C355C
:1028700003B05DF804FB07B5019001A8FFF7D6FF90
:10288000019A01239340C0F8083503B05DF804FBBA
:1028900013B5144BD3F8182112B30022C3F8182132
:1028A000D3F81831104C0193019B236823B90F49C9
:1028B0004FF42770FEF74CFCE07FFF2803D0A37F86
:1028C0005BB1FFF7CBFF002363772372D4E90031BC
:1028D000074802B0BDE810401847FFF7CCFFF2E709
:1028E00002B010BD00300240D4110020E9EA00001F
:1028F000DC1100202DE9F743002406460F4600F5C1
:10290000A0754FF48038A1462B688BB1D6F80433FC
:1029100008FA04F21A420BD0C5F800902B68019314
:10292000019BA30003F5A07398B2D7E90031984743
:102930000134042C05F10405E6D103B0BDE8F083B1
:1029400001490248FFF7D6BFF8110020008000407F
:1029500001490248FFF7CEBF04120020009000405A
:102960000023435082B043580193019B02B070474B
:102970000A7B0346032A2CD8DFE802F024281C0235
:102980008868154A904204D1D3F84C2508699042D2
:1029900009D1886840F2022290421AD1D3F84C251E
:1029A0004969914215D000200622C3F80005C3F8FA
:1029B00000257047D3F84C2508699042F3D1D3F82D
:1029C0003C25EDE7D3F84C250969EAE7D3F83C2527
:1029D000FAE70120704700BF00020400F0B50B6861
:1029E00087B005460C4623B9484940F28620FEF7D9
:1029F000AFFBD5F82431B3B14FF492712846FFF7FD
:102A0000AFFFD5F8043173B9A368C5F808330223C2
:102A1000A360A368C5F8043301232B626B6184F8BB
:102A20002E3007B0F0BDD5F804316BB34FF482718E
:102A3000284604F10C07FFF793FF0FCF01AE0FC636
:102A40003B68336094F82E303BB921462846FFF7A7
:102A50008FFF80F0010084F82E004FF4B0712846FB
:102A6000FFF77EFF4FF4AE71FFF77AFF94F8303036
:102A700013B194F82E30CBB10023C5F80032A36017
:102A8000234BC5F8083311E04FF4A4712846FFF733
:102A900067FF237B1BBB04F10C070FCF01AE0FC6F2
:102AA0003B68336094F83030002BE6D0D5F8C4345E
:102AB000C5F8C4349A0724D413F0050F23D194F831
:102AC0002E309B00DBB28DF8003094F830300BB91B
:102AD00084F82F30D4E9003168469847A1E74FF4D5
:102AE0000073C5F8003240F20223A36003F1CE73F5
:102AF000C5F80833A368C5F804330123AB602B6223
:102B00008FE70123DFE70223DDE700BF62EB000070
:102B100002029C0101490248FFF760BF1012002029
:102B20000030004002494FF04020FFF757BF00BF80
:102B3000441200200023435082B043580193019B6C
:102B400002B070470A4610B54FF48E71FFF7F2FFDE
:102B5000136A9168C95C136A01331362C0F81C15CB
:102B600010BD08B502464FF492710068FFF7E2FF0E
:102B700010684FF48471FFF7DDFF136801221A60BB
:102B800008BD000010B50368292B044604D9074985
:102B900040F2CD10FEF7DCFA23681F2B83BF03F051
:102BA0001F03236002484FF0A04010BD6CDB000003
:102BB0000003005007B5019001A8FFF7E3FF019B58
:102BC00003F5E073022240F8232003B05DF804FB14
:102BD00010B58B690A464FF4847123B9FFF7AAFF39
:102BE000D0F8183510BDFFF7A5FF536AD168D0F8AB
:102BF0001805C854536A01335362F3E71FB5012324
:102C00008DF80030044BCDE90110D3E9001268467D
:102C1000904705B05DF804FB7812002030B54E4DAA
:102C2000D5F804339A0585B051D5D5F82431002B59
:102C30004DD04FF492712846FFF77CFF4FF401739B
:102C4000C5F80833454B93F829200AB901226A6078
:102C5000414902228DF80020D1F88024C1F8802457
:102C600003929A690292DA6801920022C3E906226D
:102C70006846D3E9001290473748D0F81C315BB161
:102C8000364A5169136A99424ED992F82830002B7E
:102C90004AD11146FFF756FF2F48D0F84431002B98
:102CA00057D04FF4A271FFF745FF2C4B93F8292022
:102CB0000AB1012202609A69002A4AD0586AD9688A
:102CC00000229A6105B0BDE83040FFF797BFD5F804
:102CD00004335B07D0D5D5F80831002BCCD01F4C7E
:102CE0001D482146FFF774FF636AA2699A42C3D167
:102CF000E36953B1A3612369E168E3600023606A7B
:102D0000E3616362FFF77AFFB6E794F829300BB905
:102D100001236B60104B4FF40172C3F808230023AA
:102D2000606AE168A361EDE70B484FF48E71FFF72D
:102D300001FF5369002BAFD05169029100239168C4
:102D40008DF80030019153616846D2E9001398472D
:102D5000A2E705B030BD00BF00200040781200207F
:102D60002DE9F743054691460C4619B96B49AA204F
:102D7000FEF7EEF995F80480694E2C2303FB0863F7
:102D800093F82A30002B40F0C48066492868FFF78A
:102D900005FC0746002840F0BE8023685A1C13D06B
:102DA00001A80193FFF7EEFE019A01239340C0F8BA
:102DB00008352368019301A8FFF7E4FE019B03F5A2
:102DC000E073032240F823206368581C09D001A84F
:102DD0000193FFF7D7FE019B03F5E073002240F853
:102DE00023202B68A269C3F82425217D637D2A68EE
:102DF0000B43C2F86C35D4E900122B68C3F81425D4
:102E0000C3F80C15237D012B2AD1A368591C09D0C6
:102E100001A80193FFF7B6FE019B03F5E0730022C2
:102E200040F82320E3685A1C13D001A80193FFF750
:102E3000A9FE019A01239340C0F80835E368019385
:102E400001A8FFF79FFE019B03F5E073032240F802
:102E50002320D4E902122B68C3F80825C3F8101503
:102E60002C2303FB08F3F218C2F804902269F250F5
:102E7000B9F1000F39D0286894F81C902A4A4FF411
:102E80008E71FFF757FE28684FF4A271FFF752FECC
:102E90002B68C3F804232C68B9F1070F44F30734F7
:102EA00003D922496B20FEF753F9002CB6BF204B03
:102EB00004F1604404F00F044FEA49195FFA89F9FC
:102EC000AABF04F5614403F8049084F800932B68CA
:102ED00043F30733002B08DB0122590903F01F03DA
:102EE00002FA03F3134A42F821302B680422C3F894
:102EF00000252C2303FB08660023C6E9063386F869
:102F000029307361012386F82A30384603B0BDE8C2
:102F1000F0830827F9E71127F7E700BFD5EB00009A
:102F2000781200201D2C00008000020043EC0000FD
:102F300014ED00E000E100E02DE9F84303680679B4
:102F40002A4D0022C3F800252C2303FB0653044618
:102F50005B68B3B10368264AC3F80823036843F3E8
:102F60000733002B0DDB5A09012103F01F039940A1
:102F700002F120031F4A42F82310BFF34F8FBFF323
:102F80006F8F23684FF0FF32D3F80C05D3F81495F8
:102F9000D3F80875D3F81085C3F81425C3F80C25A9
:102FA00023689042C3F80825C3F8102501D0FFF725
:102FB00001FEB9F1FF3F02D04846FFF7FBFDB8F133
:102FC000FF3F02D04046FFF7F5FD7B1C02D038469C
:102FD000FFF7F0FD2068FFF703FB2C2303FB0655EA
:102FE000002385F82A306B60BDE8F8837812002052
:102FF0008402020000E100E00279044B2C2101FB75
:1030000002335869003818BF012070477812002039
:103010002DE9F84FDFF8D48007792C2303FB0783D1
:10302000064693F82A30012B8946924604D02E4951
:103030004FF48C70FEF78CF8B9F1000F04D12A49D7
:1030400040F21910FEF784F8BAF1000F04D12649B6
:103050004FF48D70FEF77CF83046FFF7CDFF044645
:1030600000283CD12C2507FB058B4FF48E71CBF843
:1030700014A0CBF80890CBF820008BF8280030681B
:10308000FFF758FD336801229A6030685946FFF710
:1030900059FDDBF804305D461BBB3068DBF814409B
:1030A0002B6A9C4211D83368D3F81C21002AFBD02C
:1030B0000122DA6000202C2303FB078300225A61DF
:1030C000BDE8F88F95F828303BB9D0F81C31002BBB
:1030D000F8D05946FFF736FDE2E70F20EBE7112065
:1030E000EEE72046ECE700BFD5EB000078120020A9
:1030F0002DE9F843464C06792C2303FB064305468D
:1031000093F82A30012B8846174604D041494FF4E2
:10311000B670FEF71DF8B8F1000F04D13D4940F23A
:103120006D10FEF715F827B93A494FF4B770FEF75E
:103130000FF82C2303FB0643596821B12B684FF489
:103140000172C3F808232C2303FB06439A6952B18A
:10315000DA69002A3FD021B12B684FF40172C3F81D
:103160000423112035E09F61C3F80C805A62174692
:103170002C2303FB0643DF6193F829301BB912B9F6
:103180002846FFF7EEFC2C2707FB06482868D8F8EE
:103190000430A3BB4FF4A2714746FFF7CBFC28686D
:1031A000D0F82421D0F80811D0F84431194316D1B1
:1031B000002AF4D000232C2101FB06440021A16148
:1031C00012BB1BBB94F829102B680122A9B11A600D
:1031D0000020BDE8F883C3F810800122C8E753EA55
:1031E0000209E8D13946FFF7F3FCD8F82430D8F8C3
:1031F00018209A42D3D84A46DCE75A60E8E74FF4F1
:103200000173C0F80433E3E70320E2E70F20E0E7AF
:1032100078120020D5EB00000023435082B04358C1
:103220000193019B02B070471FB50123CDE9012135
:103230008DF80030D0E900136846984705B05DF876
:1032400004FB000010B50368292B044604D9074984
:1032500040F2CD10FDF77CFF23681F2B83BF03F0E6
:103260001F03236002484FF0A04010BD6CDB00003C
:103270000003005007B5019001A8FFF7E3FF019B91
:1032800003F5E073022240F8232003B05DF804FB4D
:103290007FB5D0F8246105460C46002E5CD04FF473
:1032A0009271FFF7B9FF02238DF80030D0F8803417
:1032B000C0F880340393D0F83C350293E36801935F
:1032C0000023C4E906336846D4E900139847D5F8CB
:1032D00044317BB14FF4A2712846FFF79DFFA369EB
:1032E00043B10023C4E90633E268D5F83C15204613
:1032F000FFF79AFFD5F82031ABB14FF49071284613
:10330000FFF78AFF0123EB60636963B1D5F84C25B1
:1033100002920023A2688DF8003063610192D4E923
:10332000001368469847D5F858319BB14FF4AC71FB
:103330002846FFF771FF636963B1D5F84C25029207
:103340000023A2688DF8003063610192D4E9001374
:103350006846984704B070BDD0F81031002BB6D045
:103360004FF48871FFF758FFD0F83C35A1699942B6
:10337000ADD1E369E26873B1D0F8003223F02003E5
:10338000C0F80032E369A3612369E360E661204687
:10339000FFF74AFF9BE7A361F9E7000001490248F4
:1033A000FFF776BFA4120020002000400149024828
:1033B000FFF76EBFC8120020008002402DE9F743DE
:1033C000054691460C4619B97249CF20FDF7C0FE5B
:1033D00095F80480704E242303FB086393F8203093
:1033E000002B40F0D3806D4B286853F82810FFF76E
:1033F000D5F80746002840F0CB8023685A1C13D02C
:1034000001A80193FFF71EFF019A01239340C0F822
:1034100008352368019301A8FFF714FF019B03F50A
:10342000E073032240F823206368581C09D001A8E8
:103430000193FFF707FF019B03F5E073002240F8BB
:1034400023202B68A269C3F82425217D637D2A6887
:103450000B43C2F86C35D4E900122B68C3F80C1585
:10346000C3F81425237D012B2AD1A368591C09D048
:1034700001A80193FFF7E6FE019B03F5E07300222C
:1034800040F82320E3685A1C13D001A80193FFF7EA
:10349000D9FE019A01239340C0F80835E3680193EF
:1034A00001A8FFF7CFFE019B03F5E073032240F86C
:1034B0002320D4E902212B68C3F80815C3F810258E
:1034C000242303FB08F3F218C2F804902269F25097
:1034D000B9F1000F48D0286894F81C90304A4FF496
:1034E0008871FFF799FE28684FF49071FFF794FEFA
:1034F00028684FF49271FFF78FFE28684FF4A2718D
:10350000FFF78AFE28684FF4AC71FFF785FE2B6841
:10351000C3F804232C68B9F1070F44F3073403D927
:1035200020496B20FDF714FE002CB6BF1E4B04F1A2
:10353000604404F00F044FEA49195FFA89F9AABF01
:1035400004F5614403F8049084F800932B6843F376
:103550000733002B08DB0122590903F01F0302FA8D
:1035600003F3124A42F821302B680822C3F80025E1
:10357000242303FB08660023C6E906337361012395
:1035800086F82030384603B0BDE8F0830827F9E715
:103590001127F7E7AEEC0000A412002028FF00007E
:1035A0001003420043EC000014ED00E000E100E0F5
:1035B0002DE9F843364D06790268242303FB0653B0
:1035C00004465B68ABB1334BC2F80833036843F37E
:1035D0000733002B0DDB5A09012103F01F0399402B
:1035E00002F120032C4A42F82310BFF34F8FBFF3A0
:1035F0006F8F2268D2F8003223F02003C2F8003225
:10360000236801225A6020684FF4AC71FFF704FE72
:103610002368DA602368D3F85821002AFBD00022FF
:10362000C3F8002523684FF0FF32D3F80C05D3F818
:103630001495D3F80875D3F81085C3F80C25C3F892
:10364000142523689042C3F80825C3F8102501D03B
:10365000FFF710FEB9F1FF3F02D04846FFF70AFE20
:10366000B8F1FF3F02D04046FFF704FE7B1C02D0BA
:103670003846FFF7FFFD2068FEF7B2FF242303FB67
:103680000655002385F820306B60BDE8F88300BF45
:10369000A41200201003420000E100E00279044B74
:1036A000242101FB02335869003818BF01207047FC
:1036B000A41200202DE9F047394F90F804A02423EC
:1036C00003FB0A73054693F82030012B8846914688
:1036D00004D0344940F22D10FDF73AFDB8F1000F47
:1036E00004D130494FF49770FDF732FDB9F1000F66
:1036F00004D12C4940F22F10FDF72AFD2B79012B24
:1037000002D8B9F5803F04D326494FF49870FDF7ED
:103710001FFD08F06043B3F1005F3AD12846FFF780
:10372000BDFF0446002836D1242606FB0A764FF456
:103730009071C6F81490C6F808802868FFF76CFDF1
:103740004FF4AC712868FFF767FD2B687269B168A8
:10375000C3F84415C3F848252B6801229A607368A2
:10376000DBB92B68D3F82021D3F858010243F9D0F4
:1037700068B90122DA602A68D2F85831002BFBD0F0
:10378000242303FB0A7700237B61BDE8F0870F2029
:10379000F6E71020F9E71120F7E72046F5E700BF2C
:1037A000A4120020AEEC00002DE9F8434B4D90F838
:1037B0000480242303FB0853044693F82030012B94
:1037C0000F46164604D046494FF4C070FDF7C0FCC2
:1037D00027B9434940F28110FDF7BAFC26B94049A8
:1037E0004FF4C170FDF7B4FC2379012B02D8B6F574
:1037F000803F04D33A4940F28310FDF7A9FC07F05B
:103800006043B3F1005F67D1242303FB0853596879
:1038100021B123684FF40472C3F80823242303FB67
:1038200008539A695AB1DA69002A43D021B1236852
:103830004FF40472C3F804231120BDE8F8839E619D
:10384000DF609146242303FB08584FF48871C8F8C1
:103850001C202068FFF7E0FC20684FF4A271FFF7FE
:10386000DBFC2368C3F83475C3F838652368B9F105
:10387000000F24D101221A6026792368242202FB3A
:103880000652526812BBD3F81011D3F84421D3F872
:103890002401114302D10028F5D00A46242303FB5A
:1038A00006550023984218BF03209A42AB6118BF07
:1038B0000F20C2E71F6132464FF00109C2E7D3F87B
:1038C000002242F02002C3F80022D5E74FF4047230
:1038D000C3F804230020B0E71020AEE7A4120020B4
:1038E000AEEC000007B501A801F0E6FD20B901909B
:1038F000019803B05DF804FB019B002BF8D1012374
:103900000193F5E708B590F8803033B1074B084ACA
:103910004FF4F871074803F091FC02F05AFF20B908
:10392000054B034A4FF4FB71F4E708BD23ED00009B
:1039300030FF00003BED00000FEF00007047FFF785
:10394000E1BF70B504460D461646FFF7CBFF324681
:10395000034629462046FFF7F2FF70BD70477047C7
:10396000084609B1FFF7CEBF7047F7B505461646C2
:103970001F460C4651B1FFF7B5FF00903B4632465B
:1039800021462846FFF7ECFF03B0F0BD0846F4E7F8
:103990007047704770477047704700F1804000F5EE
:1039A0008050002382B0036003680193019B02B042
:1039B00070470000034B186808B190F8800000F0D1
:1039C00001007047FC12002008B5FFF7F3FF08B1B3
:1039D000014B186808BD00BFFC12002000BF00BFEB
:1039E00000BF00BF00BF00BF7047000008B5084B14
:1039F000D3F85035DBB243B9064BFFF7EFFFD3F8EE
:103A00003C01003818BF012008BD0120FCE700BFC1
:103A10000010004000700140134B144AC3F84825C1
:103A200000F1804000F58050C3F84C0521B102F54B
:103A3000FD424832C3F82C290D4AC3F8402502F54F
:103A4000AF3202F59672C3F8442529B1D3F80028A5
:103A500042F08002C3F80028034B8022C3F80425FB
:103A60004022C3F80425704700F001403C7101403A
:103A700010110040074B01221A61D3F8002222F4F2
:103A80008072C3F8002203F5B0334FF48072C3F89C
:103A90000825704700900040034B1B781BB1034B77
:103AA0001022C3F808237047EC12002000100040D9
:103AB00010B5044602F0B2FCB0F5C07F0B4A12D339
:103AC000C009811EB1EBD41F4FEAD41396BFA4EBFB
:103AD000C1140024C31E1460054AC3F31403C2F8C2
:103AE0006436012010BD14600020FBE7F0120020B6
:103AF0000010004013B501A801F05EFC9DF8050020
:103B00009DF8044001F094FC9DF807309DF80620D4
:103B10001B0643EA02432343034A43EA0023C2F855
:103B20006C3602B010BD00BF0010004008B501F0B7
:103B3000A7FCBDE80840002002F084BC08B5054B96
:103B4000D3F8480500F07F0001F05DFC404240B230
:103B500008BD00BF0010004038B50446FFF7EEFF77
:103B600023782344054613F8010C01F053FC02B2FC
:103B70009200FF2A28BFFF2229462046D2B2BDE884
:103B8000384002F009BE000038B5074B1D680446F6
:103B90000146284601F04AFA28B121462846BDE8E8
:103BA000384002F0FFBD38BDF412002010B50446C5
:103BB00001F084FB204602F0F1FDBDE8104001F069
:103BC000ADBA10B5044601F079FB2046FFF7C4FFFB
:103BD000BDE8104001F0A2BA144B4022C3F80825FA
:103BE0008022C3F808254FF48072C3F80825104AD4
:103BF00001211161D3F8000820F08000C3F800080B
:103C00000020C3F82C091161D2F8003223F480732C
:103C1000C2F80032074B1B783BB1074B4FF45052B0
:103C2000C3F80823C3F800021961704700F001408F
:103C300000900040EC12002000100040134908B52D
:103C40004023C1F808358023C1F80835FFF712FF7B
:103C5000D1F8003823F08003C1F8003800220C4B63
:103C6000C1F82C291B787BB10A4B0A21C3F8081331
:103C70000121C3F800221961C3F84426BDE80840B9
:103C80004FF4AE70FFF789BE08BD00BF00F00140E1
:103C9000EC12002000100040104908B54023C1F884
:103CA00008358023C1F80835FFF7E4FED1F8003865
:103CB00023F08003C1F800380022094BC1F82C29F9
:103CC0001B784BB1074B4FF40041C3F80813C3F8FE
:103CD000002201229A621A6108BD00BF00F0014073
:103CE000EC12002000100040104908B54023C1F834
:103CF00008358023C1F80835FFF7BCFED1F800383D
:103D000023F08003C1F800380022094BC1F82C29A8
:103D10001B784BB1074B4FF4C021C3F80813C3F80D
:103D2000002201221A631A6108BD00BF00F00140A1
:103D3000EC1200200010004008B50E4B0121196163
:103D4000D3F8002222F44072C3F800220A4A127803
:103D5000043A8A4206D9094B094A0A4840F29E3180
:103D600003F06CFA196120B1074B4FF48072C3F86D
:103D7000082508BD00900040EE12002035ED00003F
:103D8000A4FF0000C4ED000000F0014010B5104C8D
:103D90004023C4F808358023C4F808350120FFF714
:103DA000CBFFD4F8003823F08003C4F80038002299
:103DB000084BC4F82C291B7843B1074B0749C3F8BB
:103DC0000813C3F8002201221A631A6110BD00BF54
:103DD00000F00140EC120020001000400200040836
:103DE000F8B504460F46164601F00AF9054680B1BB
:103DF0004C4B1B78092B00F28C80DFE803F0050C9C
:103E00000F2054545E636C75022F02D0042002F020
:103E100019FB2846F8BDFFF73FFEFAE7424B1B7837
:103E20005B0709D5002C7BD0FFF7D6FE002EF0D023
:103E3000062002F0B3FCECE7FFF7CEFEE9E7002C2A
:103E40006ED03A4B4022C3F808258022C3F80825DB
:103E50004FF48072C3F80825354A01211161D3F867
:103E6000000820F08000C3F800080020C3F82C09E7
:103E70001161D2F8003223F48073C2F800322D4B66
:103E80001B7833B12C4B2D4AC3F80823C3F800022A
:103E90001961002EBDD02A4B1868002380F88030AD
:103EA000FFF75AFEB5E7002C3AD0FFF76FFF002E60
:103EB000AFD00620FFF768FEABE7002C30D0FFF74D
:103EC000BDFEF4E764B3FFF7E7FE002EA1D00120AA
:103ED00002F06CFC9DE71CB3FFF706FF002E98D0A4
:103EE000012002F067FC94E7104B11494022C3F80F
:103EF00008258022C3F8082501220A614FF4807149
:103F0000C3F808150B4B1B78002B82D00A4B1A61A3
:103F10007FE70C4B0C4A0D4840F2BC5103F08EF980
:103F2000254676E7EE120020ED12002000F0014059
:103F300000900040EC120020001000400200000839
:103F4000FC12002035ED0000B5FF0000C4ED0000BC
:103F5000054B002282B0C3F83C21D3F83C310193D9
:103F6000019B02B0704700BF00700140F8B52B4BB9
:103F70001B7807460D46164613B900242046F8BDA7
:103F8000047801F07CFD630100283BD103F1EE00D1
:103F90000DB1A83080B202F017FA04460028ECD028
:103FA00001F0D0F91E4B1F4AC3F80C05002D08BFC5
:103FB0004FF4A012C3F804754FF4B670C3F8002292
:103FC000FFF7EBFC0DB34FF4A470FFF7E6FC164AC5
:103FD0001649134F4FF48270FFF7DFFC0B7842F065
:103FE000020223F00803AD000B7005F0FC00C7F8D7
:103FF00004230121FFF7ACFFFFF70EFD46B90123B3
:104000003B61BBE703F24E40C2E74FF00062DFE7DF
:10401000FFF7ECFC0028F2D0B0E700BFEC12002064
:10402000001000400038140000000408ED120020C9
:1040300038B5144B1B780546EBB1AE2002F0C4F93D
:10404000C8B1114C4FF42053C4F800324FF4A4709F
:10405000FFF7A3FC4FF4A270FFF79FFC4FF4C023BF
:10406000C4F8043301210420FFF772FFFFF7D4FCEA
:1040700015B90123236138BDFFF7B8FC0028F8D03B
:10408000F9E700BFEC12002000100040144938B5D9
:104090004023C1F8083518B1124B5222C3F8002250
:1040A000114B124A0F4C01251D618023C1F80435C4
:1040B00013784FF4947023F007031370FFF76DFC2F
:1040C0001823C4F86035FFF743FF40230848C1F8C0
:1040D000043501F0DDF9FFF789FC00B9256138BD31
:1040E00000F001400010004000900040ED12002060
:1040F0003011004038B5044601F024F9084D002184
:10410000C5F80C050846FFF723FFFFF785FC14B937
:1041100001232B6138BDFFF769FC0028F8D0F9E7CF
:104120000010004038B5114B1B780546C3B1104B49
:104130001868FFF7BDFC98B10E4C4FF40042C4F86C
:1041400000224FF49E70FFF728FC0121C4F80423DD
:104150000420FFF7FDFEFFF75FFC15B90123236183
:1041600038BDFFF743FC0028F8D0F9E7EC12002037
:10417000F0120020001000400B3808B5C3B20F2B1E
:1041800006D9094B094A0A4840F2052103F056F8BE
:1041900000EB800000F66510064B80B2A0F51660BB
:1041A000C3F8080508BD00BF52EE0000E2FF0000A2
:1041B000C4ED000000100040084B0222C3F880202C
:1041C000BFF34F8FBFF36F8FC3F88021002283F8B6
:1041D0000123BFF34F8FBFF36F8F704700E100E003
:1041E00008B5064B1B7833B102F018F93B2894BF91
:1041F0000020012008BD0120FCE700BFEC120020D8
:1042000008B501F059F820B1FFF7EAFF10B900F046
:10421000F3FF002008BD000038B5464B1B7805466B
:10422000002B7FD0444A137823F01703137001F05A
:1042300089F8424AC2F80C05FFF7BCFB0446002887
:1042400071D0FFF7C1FB3E4BC2F80405C2F8003243
:104250001823C2F860354FF49A70FFF79EFB4FF4B5
:104260009470FFF79AFB4FF49870FFF796FB35496F
:1042700035484FF45053C2F80433D1F8003243F4B8
:104280008073C1F800320123C1F840358223C1F8A0
:104290004435FFF75DFE2D4B2D4AC3F84825C3F882
:1042A0004C0500F5F030C3F82C09C3F85025C3F8CD
:1042B0005415D3F8002842F08002C3F80028254A9C
:1042C000C3F8402502F5AF3202F59672C3F84425D3
:1042D0008022C3F804254FF48072C3F80425A0F5AA
:1042E000EF304022C3F80425D43801F0D1F8E5B905
:1042F000124B01221A61ACB901F0A2F8164B1860FA
:10430000FFF758FB70B1FFF75FFB0C4B0C4AC3F88B
:104310000405C3F80022D3F85025D2B2022A04BF04
:1043200001229A6038BD522390E7FFF75FFB002817
:10433000DED0E0E7EC120020ED120020001000407B
:1043400052000800009000400410004000F00140BE
:104350003C71014010110040FC1200202DE9FF418A
:104360000446002800F0AF8002F058F83B2840F2E5
:10437000FB807F4E337803F0FF07002B40F0F48082
:104380007C4C01250F233946C4F8FC7F0D22C4F86C
:10439000FC5F6846C4F8103502F0FEFE08238DF875
:1043A00000307F238DF808309DF807309DF80120FC
:1043B0008DF806505B0743EA02239DF8022043EA8A
:1043C00002439DF8032043EA02539DF8042043EA88
:1043D000825343F0C0634FF0020843F008038DF8A6
:1043E0000580C4F814359DF809309DF80C201B0297
:1043F00043EA42639DF80A2043EA02439DF80B20FA
:1044000043EA026343F07F03C4F8183540F2022305
:10441000C4F85056C4F83435574BC4F83835FFF754
:1044200069FB564BC4F84476C4F8483600F084FF64
:10443000FFF7A2FE524B83F80173C3F88081D4F8D2
:10444000003233B14F4B504A40F22C714F4802F0CA
:10445000F5FE357001F006F84D4B1B78092B2DD871
:10446000DFE803F0822C052C0B142C171D230020F1
:1044700004B0BDE8F041FFF7CFBE00220121454B5B
:10448000186804B0BDE8F041FFF770BD0022114686
:10449000F5E7002004B0BDE8F041FFF743BE00207F
:1044A00004B0BDE8F041FFF7C3BD3378002B5BD00B
:1044B000002004B0BDE8F041FFF71CBE364B324A85
:1044C00040F25371C2E72A4B1A783AB3187001F0E0
:1044D0007DFF38B1FFF770FE264B0122C3F8FC4F79
:1044E000C3F8FC2F00F0CCFF002202210120FFF7CF
:1044F00077FC20B9294B2A4A40F27171A6E7244B78
:104500001A78092A2BD8DFE802F009050E162020B8
:104510002009090900221A70FFF708FB04B0BDE862
:10452000F04101F04FBF1F4B1B785B07F6D505200C
:10453000FFF73CFBF2E702221A701B4B18680023BE
:1045400080F88030FFF73DFBE8E702221A7000F0A8
:10455000B5FE0420FFF718FB00F0E0FDDEE70E4B90
:104560000F4A4FF4F36171E704B0BDE8F08100BF7A
:10457000EC1200200010004021100100000700FF95
:1045800000E100E071EE0000EEFF0000C4ED00006D
:10459000EE120020F412002035ED00000FEF0000B5
:1045A000D1FF0000ED120020FC1200202DE9F8439D
:1045B000074688461546994600F07EFE0446F8B147
:1045C000114E3378022B06D03378032B03D0FFF73C
:1045D00007FE40B900240DB12046A84700F00CFEAC
:1045E0002046BDE8F8834A4641463846FFF7F8FBC7
:1045F0000028EFD0022301203370FFF70DFEEAE719
:10460000002DEDD0A847EBE7EE1200202DE9F04792
:10461000099E9DF8209080468A4617461D46FFF762
:10462000EFFD044630B3012251464046FFF7D8FB68
:10463000044640B900240EB12046B04700F0DCFD2E
:104640002046BDE8F087DFF83880022388F8003084
:104650000A4B0122294638461F60FFF787FCB9F153
:10466000000F01D00028E5D0C5F10505EDB288F8AE
:104670000050E0E7002EE3D0B047E1E7F41200205D
:10468000EE12002010B50446FFF7BAFD012184F8B0
:10469000801058B1204B1B7833B1204B1B78022B74
:1046A000DAB205D0062A1FD000F0A6FD012010BD09
:1046B0001B4AD2F85035DBB2022BF5D1D2F80032CA
:1046C000522B06D0174B184A40F62E41174802F0DD
:1046D000B5FD174B1C60FFF777F9164BC2F80405C0
:1046E000C2F800329160DFE70D4AD2F85035DBB2F4
:1046F000022BD9D1D2F80032122B04D00E4B0A4A29
:1047000040F63D41E2E70A4B1C60FFF75DF90B4BB9
:10471000C2F80405E4E700BFEC120020EE1200200E
:104720000010004097EE000081FF0000C4ED000083
:10473000FC12002052000800BBEE0000120008002E
:104740002DE9F04F8DB000F0D7FCAA4BD3F804232D
:10475000950728D5D3F804312BB34FF48270FFF7B7
:104760001CF9A54B1A78052AD3B209D8032B0CD80B
:1047700038D0A24BA24A40F68521A24802F05EFD45
:10478000062BF6D100F07AFC0DE09F4B1C6820460A
:1047900000F060FC10B12046FFF7E1F89B4A137867
:1047A00043F008031370934ED6F804335C055CD5D0
:1047B000D6F82831002B58D04FF49470FFF7EDF85D
:1047C0008D4B1B78022B40F00B81D6F86075C7F338
:1047D000C707022F8DF8187009D88D4B8D4A4FF4FA
:1047E000FA61CAE78C4B1868FFF7A8F8DBE7D6F840
:1047F0003431002B39D1854C237813F0010815D1C1
:10480000DFF8189243F00403D9F80000237006A9DA
:1048100001F018F80546002840F0C0809DF81830D7
:104820009F4200F0B680DB00C6F860354FF001080B
:104830002378980719D4B8F1000F16D0774E306856
:10484000057801F01CF96B01002840F0C08003F1ED
:10485000C00001F0B9FD002800F0BC80237830686A
:1048600043F00203237000F007FC624BD3F80423EB
:10487000910412D5D3F834317BB14FF49A70FFF71D
:104880008CF85D4B1B78022BDCB240F0AE80002030
:10489000FFF7FCFB2046FFF789F9564BD3F80423BA
:1048A000D20440F10081D3F83031002B00F0FB80BE
:1048B000514E4FF49870FFF770F83378022B40F0A8
:1048C0009D81524F554C3B78256843F010033B7057
:1048D000DB0740F1A980206801F0D1F8002800F042
:1048E000AC8000F019FD002800F0A780206801F0DE
:1048F00051FB494B1860002800F09F803D4A484911
:10490000C2F804054FF4A013C2F800324FF4AA70A5
:10491000FFF743F8434BC3F858154FF40071C3F841
:104920005C25C3F80415A3F5B0330121D3F8440581
:10493000D964D3F84C15D3F84035884205D998424C
:1049400040F29F80994200F29C80FFF747F8D2F82E
:104950005035DBB2092B00F09480D2F85431002B93
:1049600040F08F80226882F880302E4A4FF4007128
:10497000C2F80815C2F85835C2F85C35C2F83439A7
:10498000FFF72AF90120FFF747FC2846FFF719F93E
:1049900089E0237843F00103237047E7092810D109
:1049A000FFF71AF90120FFF737FCD9F800305B78E0
:1049B00003F00703022B3FF43BAF2846FFF7F6F85E
:1049C00036E700F0A1FC00287FF430AFE8E703F5FC
:1049D00038703EE7FFF700F9052001F0DFFE44E7FD
:1049E000064B074A40F69A21C7E6044B044A4FF4A7
:1049F0002B61C2E600100040EE12002035ED0000F1
:104A000075FF0000C4ED0000F4120020ED1200203C
:104A1000E3EE000060FF0000F8120020FC1200200E
:104A20004491004000F0014000F06EFC002800F0CE
:104A3000DC803B78DF073FF54EAF0120FFF726FB18
:104A40006B7803F00703022B00F0BD80236800227F
:104A500083F8802000F0F4FC2060FEF7ABFF002814
:104A600093D0FEF7B1FFBA4BBA4AC3F80405C3F8B6
:104A70000022D3F85025D2B2022A04BF01229A6044
:104A800083E7B34A032333704FF45053C2F808331B
:104A90004FF4B670FEF781FF4FF48270FEF77DFF92
:104AA000AD4BC2F80433AA4CD4F804331D0140F1D5
:104AB0001081D4F86C31002B00F00B81A74EA84F69
:104AC0004FF4B670FEF769FF3278032AD3B200F0D4
:104AD0009A80043B012B00F273813B78180740F168
:104AE000F880A04F386800F0CAFF0546002800F0A3
:104AF0005181FEF75FFF9C4A9C4B051E08BF1223A5
:104B00004FF04001C2F80815C4F8003203D0FEF798
:104B10005BFFC4F804054FF48670FEF73EFF944B2C
:104B2000C4F808334FF48270FEF737FF0A23C4F845
:104B300004330020FFF700F98B498E4BC1F848354C
:104B4000A3F5B033A3F59C73C1F84C3503F5F033EE
:104B5000C1F82C39FFF7FCF98023C1F80435402354
:104B6000C1F8043506233370FEF740FF08B901236E
:104B70002361ADB900F064FC7F4B1860FEF71AFFAB
:104B800070B1FEF721FF724B784AC3F80405C3F8F1
:104B90000022D3F85025D2B2022A04BF01229A6023
:104BA0003A68937803F03003202B00F092804FF4A2
:104BB000AE70FEF7F2FED378654A1B0643F400732D
:104BC000C2F8443685E000F09FFB00287FF43EAF3A
:104BD0005F4B604AC3F80022D3F85025D2B2022AB4
:104BE0007FF461AF01229A605DE7FEF7F5FF0120D7
:104BF000FFF712FB0420FEF7D9FF54E75F4B604A32
:104C000040F6C421B9E558495E4ADFF86C914FF08F
:104C1000400B4FF0010A5223D9F80080C1F808B5C3
:104C2000C2F810A0C4F800321823C4F860354A4B0B
:104C3000C4F808334FF49A70FEF7AFFE4FF4947047
:104C4000FEF7ABFE4FF49870FEF7A7FE4FF45053FB
:104C5000C4F804334FF40073C2F810A00025C1F863
:104C600008358023C1F85855C1F85C55C1F834594E
:104C7000C1F80435FFF76CF94348C1F804B500F0FA
:104C800007FCFEF7B3FE08B9C4F810A0D9F800304D
:104C900083F8805000F0D4FBC9F80000FEF78AFECC
:104CA00070B1FEF791FE2A4B2A4AC3F80405C3F8F7
:104CB0000022D3F85025D2B2022A04BF01229A6002
:104CC000022333703B78404623F007033B70FEF726
:104CD00078FF1F4AD2F80433190740F1B280D2F8A6
:104CE0000C31002B00F0AD801C4E4FF48670FEF7A7
:104CF00054FE3378062B40F0FF801F4DD2F85C3114
:104D00002C6823B1D2F80034DB0700F1E980154BA1
:104D10001868837803F03003202B69D1A37803F05F
:104D20003003202B64D1637803F00703022B5FD19B
:104D3000074BD3F80034DF075AD5694600F039FF36
:104D4000002842D1114B124A4FF4206115E500BFF3
:104D5000001000405200080002000008EE1200207F
:104D6000ED120020F412002000F0014012000800B3
:104D7000020004083C710140FC12002035ED0000E7
:104D800075FF0000009000403011004009EF000066
:104D90004BFF0000FEF7FAFF022301203370FFF7FC
:104DA0003BFA3C6800F08AFA204600F03DF92B46B9
:104DB0002A462946204601F0F3FC00F0AFF988E7C7
:104DC000884B894A40F6DC21D7E406A9204600F04A
:104DD000F0FE68B1039858B1079949B19DF81530B4
:104DE0009DF82C209A4203D102F000FB002877D0D6
:104DF00000242546FEF722FF022701203770FFF727
:104E00000BFA002C72D0FEF799FE2B782B44064645
:104E100013F8010C00F0FEFA744B1F68044600F012
:104E20004DFA384600F000F923B29B00FF2B28BF53
:104E3000FF23DBB232462946384601F0B1FC00F0D0
:104E40006DF96B4BD3F80423D00610D5D3F810318D
:104E50006BB168494FF48870FEF79FFD0B78012B0A
:104E60004FD1FEF719FE00230B70FEF75FFE604B7B
:104E7000D3F80423910318D5D3F84431ABB14FF4E0
:104E8000A270FEF78AFD5B480378082B3ED1FEF73F
:104E90002BFF022303700120FFF7BEF900F00EFA8A
:104EA000012001F085FC00F039F9514BD3F80423BF
:104EB00052034BD5D3F84831002B47D04D4C4FF41B
:104EC000A470FEF76AFD2278052AD3B24FF00205DE
:104ED00021D8032B2DD8434B434A40F62D314CE4C7
:104EE0002D68002385F88030012483E700F0E6F97F
:104EF0003846FEF749FEA2E73A4B3B4A40F6EF211F
:104F00003BE4384B384A40F6023136E4354B364AFA
:104F100040F6153131E4082BDDD10120FEF7E4FE27
:104F20002570FFF779F900F0C9F9002001F040FC85
:104F30000AE0FEF72BFF01202570FFF76DF900F066
:104F4000BDF90120FEF720FE00F0E8F8284CD4F867
:104F500004331B041BD5D4F83C31C3B1254E4FF4A8
:104F60009E70FEF71AFD3378072B34D1224DD4F80A
:104F700068362A78DBB2934238BF13462B701F4B3A
:104F8000186860B1FEF794FD30B1012363620DB083
:104F9000BDE8F04F00F030B9FEF76CFDF7E700F028
:104FA000CBF9FFF7E9F8FEF777FE01200223337013
:104FB000FFF732F9287800F034FA044600F07EF961
:104FC00020B28000FF2828BFFF20C0B201F0ECFB18
:104FD00000F0A4F8DBE7034B034A4FF43461FFF71A
:104FE000CCBB00BF35ED000075FF0000F4120020BF
:104FF00000100040EE120020EF120020F0120020FE
:10500000F8B5084F05460E46002457F8043B33B167
:1050100031462846984718B10134042CF5D10120B7
:10502000F8BD00BF1C00010000F090BEF8B5084FAD
:1050300005460E46002457F8043B33B13146284656
:10504000984718B10134032CF5D10120F8BD00BFF9
:105050001000010070B5074E0546002456F8043BC9
:105060002BB12846984718B10134032CF6D1012002
:1050700070BD00BF0400010000F0CEBB00F082BE96
:1050800008B5174AD2E84F3FDBB2FF2B05D1154BCD
:10509000154A16487B2102F0D1F80133DBB2C2E891
:1050A000413F0029EED101F0F1F901F095FD012118
:1050B000084601F099F938B10D4B0222C3F880205F
:1050C000BFF34F8FBFF36F8FBFF34F8FBFF36F8F60
:1050D000084A13780133DBB21370012008BD00BF0A
:1050E0000213002016EF0000F900010026EF000077
:1050F00000E100E00313002008B5FFF7C1FF28B965
:10510000034B044A0448E52102F098F808BD00BFAB
:10511000C0EF0000CC00010026EF000008B50B4BEB
:105120001A78120606D50A4B0A4A4FF480710A48CB
:1051300002F084F8094A127822B9094B054A40F274
:105140000111F4E7FF221A7008BD00BF011300200F
:10515000D9EF00006300010026EF000002130020D9
:1051600009F0000008B513494A68C2F30803EBB11F
:1051700012F4F87F06D1104B104A114840F2171173
:1051800002F05CF8DBB2A3F11000C2B200064BBF24
:1051900003F00F0302F16043043B03F561434ABF90
:1051A000C91893F80003087E400908BD4FF0FF308E
:1051B000FBE700BF00ED00E030F000002C00010034
:1051C00026EF000008B50A4B1B781BB9BDE8084064
:1051D000FFF756BFFFF7C6FF431C064B1B7808BFFF
:1051E0007F205BB240B29842F0D0002008BD00BFE3
:1051F00002130020011300202DE9F041244D2B78EB
:1052000003F0FF046BB1DFF8AC80224E98F8007019
:10521000012CFFB21AD133784BB11F4B1F4A9E218C
:1052200002E01F4B1D4A95211E4802F007F834701A
:1052300001F02EF92146204601F0D6F810B11A4BA4
:1052400002221A6001F0DCFC00233370631EDBB223
:10525000D5E84F2FD2B2944203D0144B0F4AAC2161
:10526000E2E7C5E8423F002AF2D1012C0ED101F05D
:105270001FF918B998F800309F4207D0FFF7A2FF36
:105280000028C3D10A4B054AB921CDE7BDE8F0811A
:1052900002130020001300206AF00000B600010095
:1052A00062F0000026EF000000E100E07DF0000069
:1052B0000FEF000003130020FFF784BF10B50C4C64
:1052C0002378FF2B05D00B4B0B4AF6210B4801F03E
:1052D000B5FF0B4B1B781BB90A4B074AF821F5E7C2
:1052E000FFF740FF431C08BF7F2040B2207010BD75
:1052F000011300208FF000008C00010026EF000059
:105300000213002009F00000024B587C00F001005D
:10531000704700BF04130020024B587CC0F34000CC
:10532000704700BF04130020024B587CC0F380007C
:10533000704700BF04130020014B587CC008704721
:1053400004130020F0B5144B587C93F9001085B07D
:10535000C00800F06DF9114B6A46044603F10807D6
:10536000154618685968164603C60833BB423246CC
:10537000F7D118689B883060072CB38009DC2B4676
:10538000002213F8010B41B28C4203DD01320E2AD8
:10539000F7D1082005B0F0BD041300201001010072
:1053A000004870470513002000487047091300208B
:1053B00000487047071300200149042202F044B856
:1053C0001113002008B501F041FD10F11D0F0FDB96
:1053D00010F1090F0EDB0A280EDD1E280EDD322823
:1053E0000EDD4628CCBF6FF002006FF0010008BD53
:1053F0000320FCE70220FAE70120F8E70020F6E7A7
:105400004FF0FF30F3E710B50446FFF7DBFF204411
:10541000C0B210BD10B50446FFF7D4FF201AC0B2C9
:1054200010BD10B50446FFF7CDFF201AC0B210BD65
:1054300010B50446FFF7C6FF201AC0B210BD000029
:10544000074A0023114692F8800018B103EBC313FA
:10545000C81870470133102B02F18102F3D1704755
:105460001613002008B5054B00221A7001F030FA1F
:1054700001F04EFABDE8084001F032BC2D1B0020BF
:1054800008B501F03FFABDE8084001F06FBC00002C
:1054900010B5044601F06AFA054B064AC3F8804588
:1054A000C3F88405C3F8482901229A6010BD00BFE3
:1054B00000F001400CF001402DE9F041064628B90A
:1054C000254B264A2648992101F0B8FE254B1B782A
:1054D00003F0FF088BB3244F01F04CFA7B68C51A28
:1054E000224B187828B3224B1968CB1711F580028C
:1054F000A5FB01EC05FB03CC43F1000311F5800F84
:10550000ACBF00210121B1EBDC7F4FEAD37417D08F
:10551000A41843F10001640844EAC17464424FEAEC
:10552000610161EB410114EB0E004CEB010108F04D
:1055300059F93B681D442D1A35604046BDE8F0819D
:10554000A41843F10001640844EAC17414EB0E008E
:105550004CEB6101EBE700BFEBF000001E01010026
:10556000FFF000002D1B0020301B00202C1B002012
:10557000281B0020F7B501A801F0DAF900284AD06D
:10558000274E284C284D01F0FFFB3378009023B3C1
:105590002268019FC2F500113A446768D21B01449A
:1055A000101A90EA91522A784FEA91534FEAD1515A
:1055B0004BBF401A091890FBF3F391FBF3F31B491F
:1055C00042B10A68C2EBC202D31821D51A1F48BFE4
:1055D000DA1CD3100B6001232B7000233370BFF350
:1055E0005F8F02AB13E9030084E80300BFF35F8F12
:1055F0000123337001F08CF92B782068002B0CBF4D
:105600004FF480014FF0807101F09AFB03B0F0BDC0
:105610000433DB10DEE701F07BF901F061FBF5E715
:105620002D1B0020301B00202C1B0020281B0020DD
:105630000846704770B501F007FC0C4B0C4D1B7809
:1056400001249C4000260B4BAB60013C0440EE6003
:1056500000F0EEFFE4B24FF4A0735C4328606C608E
:1056600031462846BDE8704000F0EEBF541B0020D4
:105670003C1B0020B956000010B50C490B789BB1BB
:105680000B4A0C4813780133DBB213700278042AFA
:105690009CBF01320270032B4FF0000403D8FFF7C8
:1056A000C9FF204610BD0C700120FBE7381B00200D
:1056B000551B0020541B002007B50B4B1B787BB1FA
:1056C0000A4B0B4A0193002000901268012303212A
:1056D00001F077F820B903B05DF804EBFFF7CCBF19
:1056E00003B05DF804FB00BF381B0020F556000036
:1056F000501B002040B9054B1B78022B04D9044BEA
:105700000121186801F04EB8704700BF551B0020FA
:10571000501B0020012910B507D8074C38B10748A5
:10572000002100F0F5FF00232370012002E0207823
:1057300080F0010010BD00BF381B00203C1B002082
:10574000034B1B68834201D1FFF796BF01207047CE
:10575000501B002008B5094B1B6883420BD1084839
:1057600000F0E0FF28B1074B074A0848F92101F093
:1057700065FD074B1870012008BD00BF501B0020BD
:105780003C1B00204AF2000043010100ACF1000084
:10579000381B002013B50C4A531CD3E84F3FDBB233
:1057A0008DF807309DF80730834204D0BFF32F8F68
:1057B000002002B010BD541CC4E8431F002BEBD1E5
:1057C000BFF35F8F0120F4E7601B0020052910B5AF
:1057D000034615D00C4C6278022AD0B210D18BB19E
:1057E0000021FFF7D7FF10B10A2000F0D7FF637840
:1057F00033B1064B064A07484FF4027101F01EFD13
:10580000012010BD1846FCE7601B002085F3000056
:1058100066010100A5F2000038B5084B5B78022B49
:10582000044609D100F004FF054D23782860204686
:105830002B7100F024F9687138BD00BF601B002097
:10584000581B0020F0B50D4641782C788378032C46
:1058500089B0064601F0070734D10278053A7A2A62
:1058600000F28780052F03F030020AD020D8042FE1
:1058700001D0302A01D101246BE0102A03D0202A64
:1058800018D0002AF7D103F00C03082B0FD00C2BF3
:105890000CD0002BEFD1FFF747FD08B9002F58D1EE
:1058A00096F90230002BE6DA062300E00E232B7077
:1058B00000244EE04B07DED400F002F9FF28DAD0D6
:1058C0002870F5E702A900F074F90028D3D0029CF3
:1058D000DCB1FFF765FD02220146204601F086FD9E
:1058E00098B1254B02221D88ADF8045001A920462D
:1058F00001F07CFD48B15FBBFFF752FD0222694613
:10590000ADF8005001F072FD10BB9DF81C40022C58
:1059100009D0082C20D02CB3184B194A19484FF441
:10592000D97101F08BFC039DFFF742FD2246014631
:10593000284601F05BFD0028BAD00F4B1B88ADF85C
:105940000430224601A9284601F050FD0028AFD0BE
:105950000324204609B0F0BD039DFFF725FD224634
:105960000146F0E7FFF7E0FC0028A1D1002F9FD00F
:10597000EEE70924EDE700BF9201010035ED0000DC
:1059800083010100C3F30000807800F030031F2B77
:1059900083BF00F00100C0F10400C0B204207047D2
:1059A000807800F0C000802807D0C02807D00038D9
:1059B00018BF01204042C0B2704702207047082043
:1059C000704700008378024A03F00C03D05C7047F4
:1059D000940101008378990603F00C0203D4101E91
:1059E00018BF0120704740780C2A00F0400007D112
:1059F00003F0C001C02909D1B0FA80F04009704716
:105A00003F2BECD8002AF7D10038E9E73F2BE6D846
:105A1000F2E78378427813F0200002F0400205D1CB
:105A20003F2B14D9B2FA82F04009704703F00C0101
:105A30000C2905D103F0C001C02909D1002006E0DE
:105A40003F2BFBD9B2FA82F040090029EAD1704716
:105A50003F2BE7D8F2E7807800F0C000A0F1C00348
:105A6000584258417047807800F0C000A0F1800390
:105A7000584258417047807800F0010070474078E4
:105A8000C0F34010704710B50446FFF7A3FF20B1E4
:105A90002046BDE81040FFF777BF10BD10B58378F2
:105AA00013F00C03044609D0FFF7EDFF20B92046A0
:105AB000BDE81040FFF768BF0230C3B2184610BD02
:105AC00038B50146FFF760FF05460846FFF77AFF45
:105AD000FF28044607D00846FFF77CFF08B10235CF
:105AE000EDB22C44E4B2204638BD38B50546FFF788
:105AF000CAFF04462846FFF78CFFB0B12846FFF7DF
:105B0000CDFF014648B12846FFF75CFFFF28044659
:105B100001D00C44E4B2204638BD0CB10234F9E7A0
:105B20002846BDE83840FFF72FBF2846FFF752FF51
:105B3000002808BF0024EEE710B583783F2B044609
:105B40001FD9FFF766FF30B12046FFF7CEFFFF28D1
:105B50000DD002300AE02046FFF7A0FF01462046A4
:105B600031B1FFF72FFFFF2801D00844C0B210BDAC
:105B7000FFF789FF0028ECD12046BDE81040FFF771
:105B800003BF0020F3E738B504460D46FFF7D4FF06
:105B9000431EDBB2FD2B09D8A37803F0C003A3F1A9
:105BA000C0025342534120442B7038BD0023184695
:105BB000FAE72DE9F0410546FFF7E6FE04462846E0
:105BC0000E46FFF707FF07462846FFF722FF8046ED
:105BD000A7B129190234E4B23160AB7813F00C0399
:105BE0000ED02B1973602846FFF7ECFE0444FF2803
:105BF0003075E4B206D10020BDE8F0813946EBE70C
:105C000073603375B8F1000F19D029190234E4B26A
:105C1000B160AB783F2B16D92B19F3602846FFF7FC
:105C2000BFFE0444FF287075E4B2E4D0B4756B780D
:105C300013F008030BD0254435610120DCE7002F69
:105C400008BF0021E4E70023F3607375EEE73361DA
:105C5000F3E70000034B00211970BFF35F8F024888
:105C600000F056BD681B00206C1B002020B1034BC8
:105C70000521186800F096BD704700BF641B002026
:105C800010B5104C237843B10F4A002304210120A2
:105C900000F095FD10B10023237010BD0B480C4A95
:105CA000436803F5FA739342436005D9094B0A4AE6
:105CB0000A485E2101F0C2FABDE81040012100F05F
:105CC000C3BC00BF681B00206D5C00006C1B002083
:105CD00040420F0060F400001A0201007EF4000050
:105CE00038B50E4C0E4D0F4BA3600023E3602860C7
:105CF00000F09EFC2B6820601A780B4B1B6803EBAE
:105D0000421303F5C07301256360084B2046294602
:105D10001D7000F099FC284638BD00BF6C1B0020A8
:105D2000641B0020815C000020000020681B002014
:105D300008B5054B1B7823B1042902D010B1FFF739
:105D400089FF012008BD00BF681B002008B5084B73
:105D50001B68834208D0074B1B782BB1064B074AC0
:105D60000748A32101F06AFABDE80840FFF772BFB7
:105D7000641B0020681B002028F50000F2010100D0
:105D80007EF4000008B5064B1B782BB9054B064A7C
:105D90000648AA2101F052FABDE80840FFF75ABFB1
:105DA000681B00205AF50000C70101007EF40000C6
:105DB00008B5084B1B68834208D0074B1B782BB1F2
:105DC000064B074A0748B22101F038FAFFF742FFB5
:105DD000012008BD641B0020681B002028F500007E
:105DE000A10101007EF400002DE9F8430746894631
:105DF000184642B1012A0CD0264B274A27484FF4B7
:105E00009C7101F01BFA264A4BB9966E02240132AE
:105E100008E0244A8BB9D2F818610B2402E0D66E50
:105E2000082415320025B4462B469C450ADA6A1C24
:105E30009A4208BF1D46002025E0D2F81C611124BB
:105E40006E32EFE7ACEB030503EB6505AE42EED92E
:105E500005FB04FE02EB0E0868B152F80EE039684B
:105E60008E4514D805D3D8F804E079688E450ED84D
:105E700009D26B1CD9E7B7F8008032F80EE0F04584
:105E800005D3F6D80120C9F80050BDE8F88305F124
:105E9000FF3CCAE735ED00005C02010070F5000030
:105EA000A41C0020841B002030B5234B1D78012D3D
:105EB00089B0044614D0022D15D0002D34D101A98B
:105EC000FFF761FE1D4B1B786BB130B19DF80430BC
:105ED0002A4602A9FFF788FF0346184609B030BDDD
:105EE000164B1B780BB90123F7E702A94578FFF79A
:105EF00060FE0028F7D005F00705032D12D19DF8AC
:105F00001E30E35C042B0DD19DF81D30022BEAD12D
:105F100000231A46059801A9FFF766FF80F00103E8
:105F2000DBB2DAE70023D8E7054B064A064840F221
:105F3000C22101F083F900BF801B0020A41C0020B7
:105F400035ED00002E02010070F5000073B50E461D
:105F50001546D0B10B46012201A9FFF745FF98B1C4
:105F6000019C0B484EB104EB04140319763493F8EA
:105F70007E302B70204402B070BD0B235C430319AC
:105F800002349B7A2B70F5E728700020F3E700BFFE
:105F9000841B002008B542789206034605D40C4BBA
:105FA0000C4A0D484F2101F049F9827802F0300285
:105FB000102A02D0202A05D042B91846BDE8084070
:105FC00000F006B9BDE8084000F008B8002008BDA0
:105FD0001DF600006C0201004BF60000F0B58FB01A
:105FE00002A90546FFF7E5FD002800F093809DF823
:105FF0001D106E4CA1F10800414241410DF1070214
:106000000598FFF7A3FF032206460021204601F072
:10601000C3F8637843F0020363706A7802F0080201
:10602000134328466370FFF73FFF18B1637843F0CE
:10603000100363706B785B0648BF6378284644BFE3
:1060400043F040036370FFF716FD18B1A37843F0E7
:106050000103A3701EB1A37843F00203A370284686
:10606000FFF7F9FC90B1A37843F00C03A370A37879
:106070004E4843F0200308A9A370FFF79AFD70B9BA
:106080004B4B4C4A9A214C4801F0D8F82846FFF770
:10609000EAFC0028EBD0A37843F00803E6E79DF87C
:1060A0003630284601332370FFF7E5FC08B9EB785A
:1060B000E370089B53B1049921B9029911B9FFF714
:1060C0006FF901460898022201F0BEF9059989B1DD
:1060D000099818B9394B3A4ABF21D4E79DF81D30C9
:1060E0009DF834209A4203D0364B354AC021CAE786
:1060F00001F0AAF90C9B7BB99DF83650601946B1A6
:106100009DF8075031462A4601F09EF923781D4438
:10611000257026480FB0F0BD069A1AB92A4B2B4AB3
:10612000D221B0E712781A702278531C23700C9B8E
:10613000197811F0200F05BF053222705D1C5D1D1E
:106140001B78069903F0180314BF01310531102B99
:106150001FD0182B1FD0082B1FD101273A462846E5
:1061600001F072F923783B4423700C9B1A780123C9
:1061700002F00702934013F0880F13D113F0440F7D
:106180000DD113F0220F02D0237804332370E819C5
:10619000B5E70527E2E70927E0E70027E5E72378E9
:1061A0000833F3E723781033F0E700BF141D002015
:1061B000FDF60000B10201000BF70000C1F700007E
:1061C000A1020100DBF700000AF800008C020100C8
:1061D00010B5064CC378E370FFF766FE00280CBFCD
:1061E000022312236370204610BD00BF941D0020BF
:1061F00008B5084B1B7803B959B9074B1A5C8A429A
:1062000006D129B1054B064A0648B92101F016F816
:10621000195408BDDD1D0020DE1D002026F80000F9
:10622000E402010063F800002DE9F04F374FDFF87A
:10623000E08085B00123D7E84F5F15F0FF0509D056
:10624000BFF32F8F324A13780133DBB2137005B0DE
:10625000BDE8F08FC7E8443F002CECD1BFF35F8F5F
:10626000DFF8B49098F8006099F800A0DFF8ACB0BF
:1062700000F0DEF9F6B20190DBF80410DBF808203C
:106280000391029200F0D6F99BF800C0AC45DDE91D
:10629000022108D9121AA2F5F072019800F0CCF987
:1062A00008B99BF800500BF1200B2CB3194B1C784C
:1062B000AC4238BF2C46A24515D089F80040ECB955
:1062C00000F07AFA21462046FFF792FF00F09CFA90
:1062D00021460120FFF78CFF204600F0F7FA214607
:1062E0000220FFF785FFBFF35F8F00233B7098F814
:1062F0000030B3429ED1AAE70124BDE700F05EFA68
:1063000000F0B1FA00F068FAE6E700BFE31D0020F4
:10631000E21D0020DC1D0020DD1D00209C1D002052
:1063200070B51D4D1D4E0122D5E84F3FDBB23BB18C
:10633000BFF32F8F194A13780133DBB2137070BD8E
:10634000C5E8432F002BEFD1BFF35F8F144B347898
:106350001A78032A98BF18785A788CBF0420C0B2E4
:10636000904288BF58789A7888BFC0B2824238BFBE
:1063700098780C4B1A7838BFC0B28242E4B202D08F
:10638000187000F061F8BFF35F8F00232B70337833
:10639000A342C8D1D3E700BFE51D0020E41D0020C3
:1063A000DE1D0020E11D002008B5054B1870BFF36D
:1063B0005F8FFFF739FFBDE80840FFF7B1BF00BFAF
:1063C000DC1D002000F036BA00F036BA054B1A7812
:1063D00032B95A7822B99878003818BF012070472E
:1063E00001207047DE1D0020022808B506D9074BA2
:1063F000074A084840F20E2100F020FF064B185CC7
:10640000884234BF0020012008BD00BFF6F800001C
:10641000C302010063F80000DE1D002000F020BA76
:1064200008B504210120FFF7E3FEBDE80840FFF7AF
:1064300077BF08B504210020FFF7DAFEBDE8084069
:10644000FFF76EBFFFF7B0BF13B50446FEF734FF8A
:106450000D4B50B11A78FF2A07D12046FDF77EFF79
:1064600002B0BDE81040FEF7C7BED3E84F2FD2B24E
:106470008DF807209DF80720C3E8424F002AF4D189
:106480000028EDD102B010BDE61D002070470000CD
:10649000064AFF23D2E84F0FC2E8413F0029F9D155
:1064A000C0B2FF2801D0FDF759BF7047E61D00209C
:1064B000024B1878FF3818BF01207047E61D0020F6
:1064C00082B00122D0E84F3FDBB28DF807309DF853
:1064D000073023B1BFF32F8F002002B07047C0E810
:1064E000432F002BEED1BFF35F8F0120F5E70000B3
:1064F000094A82B0D2E84F3FDBB28DF807309DF8F1
:1065000007300133DBB2C2E8413F0029F2D1BFF3CB
:106510005F8F02B0704700BFEC1D0020F8B50E4E33
:106520000E4F35780E483C68EDB2FFF7C9FF38B121
:1065300054B900F0C7FBBFF35F8F094B00221A70FC
:106540003378AB42EDD1F8BD3B6820686168A34267
:10655000F1D100F069FBEEE7EC1D0020E81D002002
:10656000EE1D00202DE9F34103460E4688B12A4F67
:10657000DFF8B8C04FF000083978CDF80480C9B210
:10658000624652E8004F54B1A34208D004F1100211
:10659000F7E7224B224ABD21224800F04FFE38780F
:1065A0008142E9D1A34215D119690191DCF80010AB
:1065B0008B421FD1019900290BBF0120002000252B
:1065C0000125019942E8001EBEF1000FD4D1FFF76A
:1065D0008FFF03E0BFF32F8F00200546A4B104F125
:1065E000100353E8003F9C4207D10F4B0C4A4FF475
:1065F0008871D1E700200546E3E704F1100141E886
:106600000032002AEBD1012406B13470002D18BFEE
:10661000284602B0BDE8F081EC1D00200BF9000017
:10662000FB0201001BF90000C0F90000E81D00207A
:1066300000F0F4BA00F0F6BA121A0A44002AD4BFE5
:106640000020012070470000F8B5044630B9284BFF
:10665000284A4FF4AA71284800F0F0FD836823B956
:10666000264B244A40F25511F5E729B100F0DAFA39
:106670006368013B0344636000212046FFF772FF1B
:1066800008B1FFF74BFF1E4E1E4D30782946C0B2B1
:1066900051E8003F9C4204D11B4B164A4FF4B8719D
:1066A000D9E75BB1D4E900273A441F68D21B5F6881
:1066B000D21B002A02DB03F11001E9E732788242A3
:1066C000E3D1A34204D1114B0A4A40F28911C2E737
:1066D000236141E80043002BD7D1FFF709FF2B6866
:1066E000A34203D1BDE8F840FFF718BFF8BD00BFD3
:1066F0000BF90000080301001BF90000D6F90000A7
:10670000EC1D0020E81D0020F0F9000001FA000057
:1067100008B5FFF727FF18B1BDE80840FFF7FEBE38
:1067200008BD000030B5094B094C1D6801462278B0
:106730002846D2B218B923789342F8D130BD8842A6
:1067400001D00069F6E70120F5E700BFE81D002051
:10675000EC1D002037B50E48FFF7B2FE98B10D4B87
:10676000186858B10DF10701D0E90245FFF7FAFEAC
:106770009DF8073013B10CB12846A047BFF35F8FD7
:10678000034B00221A7003B0BDE83040FFF7C6BECD
:10679000ED1D0020E81D0020FDF7D3B8FDF7DEB8A1
:1067A000FDF7E3B8FDF7F4B8FDF7F3B8FDF7F2B87D
:1067B000FDF7F1B8FDF7F0B800F063B87047FDF7EA
:1067C000F5BE10B49DF8044001945DF8044BFDF74C
:1067D0001DBFFDF757BF000008B5074B1A782AB157
:1067E000064B074A07483B2100F028FD01221A709A
:1067F000BDE80840FFF714BEEF1D002013FA0000AB
:106800005B03010021FA000008B5064B1A782AB98B
:10681000054B064A0648432100F010FD00221A707D
:1068200008BD00BFEF1D002014FA00003D03010069
:1068300021FA00007047000008B5054B1B782BB902
:10684000044B054A0548512100F0F8FC012008BD21
:10685000EF1D002014FA00002303010021FA0000BC
:106860004FF0FF3070474FF08043002282B0C3F8F2
:106870000021D3F800210192019A01221A6002B08E
:1068800070474FF0804301225A60704707B54FF0C0
:106890008043D3F8002142B10022C3F80021D3F88D
:1068A00000310093009BFFF7C4FD4FF08043D3F805
:1068B000042142B10022C3F80421D3F8043101932A
:1068C000019B00F067FA03B05DF804FB704700001D
:1068D0000B4BD3F8042522F00302C3F80425D3F8A8
:1068E000082542F00302C3F80825D3F8102522F04A
:1068F0000F0242F00402C3F8102501221A6070470B
:1069000000800040014B01221A6170470080004066
:10691000054A064901235364D2F84435013B0B6014
:10692000C2F84835704700BF00800040F01D0020CD
:1069300008B5094BD3F8483528B9084B084A094827
:106940007B2100F07BFC084A12689A4216BF036064
:106950000020012008BD00BF00800040EBF00000D7
:106960007A030100BFFA0000F01D002000487047C4
:106970004C800040014BD3F84C057047008000402C
:10698000F8B51C4A430B43EAC1434C0BA3FB023549
:1069900002FB04551B0F43EA05132D0F6A0243F651
:1069A000095742EAD3525C02A3FB0736C31A1248C6
:1069B00007FB056561EB050198424FF00000884137
:1069C00005D20E4B0E4A0F48902100F037FC0E4DB9
:1069D00040F23140584305FB0100A3FB0535013B64
:1069E000284447F6FF7340EB0300C00B001942F147
:1069F0000001F8BDD07B6308452C160063FB000046
:106A00009C03010071FB00007B2DE8BDF8B5214D12
:106A100005EB001C044606011F48DCF80470C0F8B2
:106A20000873DCF80C70C0F84473D3E900038142AA
:106A30002AD9081A002800DA013B8A184FF0000012
:106A400040EB000119441018FFF79AFF43F609576D
:106A5000A0FB073207FB012140F2FF129B18DFF871
:106A60003CC00D4A41F100015B0A43EAC1534CF8B6
:106A70003430AB590CEBC40E03F5A873490ACEF8B9
:106A8000041042F82300F8BDD7D2401A0028B8BF3E
:106A90000133D2E7CC03010000400240001E002079
:106AA00000F1402000F50030002382B0036003684D
:106AB0000193019B02B0704737B526490122D1E806
:106AC0004F3FDBB28DF807309DF8073063B1BFF35D
:106AD0002F8F214BD3F80421204B12B91A68D2070B
:106AE00035D5186802302FE0C1E8432F002BE6D1DE
:106AF000194B0222C3F80823BFF35F8FD3F8043188
:106B0000164A4BB1136801331360BFF35F8F4FF424
:106B10008270FFF7C5FF01230F4C10680225C4F8EF
:106B20000453BFF35F8F00240C7063B11368D9075F
:106B300006D40B4B0B4A0C484FF4887100F07EFBD7
:106B40001368013313600130400803B030BD18688A
:106B5000FAE700BFF61D002000400240F81D0020AB
:106B600000FC0000B703010018FC00002DE9F04113
:106B700006460C46FFF7A0FF0546BFF35F8FDFF820
:106B80002080D8F80475BFF35F8FFFF795FF306062
:106B9000854218BFD8F804752760BDE8F08100BFB2
:106BA0000040024007B501A96846FFF7DFFF019AE0
:106BB00043F6095340F2FF100021E2FB0301400AB3
:106BC000009A044B40EAC150490AE2FB030103B0BA
:106BD0005DF804FB0080841E074B5A68D20642BF52
:106BE000064A012111601022C3F88420BFF34F8FA1
:106BF000BFF36F8F704700BF00E100E0FC1D002075
:106C0000044B1A6822B100221A60034B10225A600A
:106C1000704700BFFC1D002000E100E008B5FFF751
:106C2000C1FF08BD1F207047F0B585B006460F466E
:106C3000684601A9FFF79AFF019D1D49002043F610
:106C40000952044640F2FF13E5FB02345B0A009A46
:106C500043EAC453640AE2FB0134CDE902343A4604
:106C600002AB3146FFF7D2FE124BD3F804359D42FA
:106C700003D0FFF797FFCDE902010F49029B039A6A
:106C8000D1E900013E3342F1000283428A4108D338
:106C90000A4B01221A700A4B1022C3F8042105B0D6
:106CA000F0BD044B4FF48032C3F80423F7E700BF74
:106CB0000080841E00400240001E0020F41D0020C1
:106CC00000E100E0054B4FF48032C3F848234FF455
:106CD000A070C3F80823FFF7E3BE00BF00400240E6
:106CE000F0B5154E154F85B00424694601A8FFF78D
:106CF0003DFF009D43F6095240F2FF110023E5FBE2
:106D00000213490A019A41EAC3515B0AE2FB0613E6
:106D1000CDE902133E2202AB0120FFF777FE4FF4CC
:106D20000033C7F80433D7F804359D4201D0013C45
:106D3000DBD105B0F0BD00BF0080841E00400240E2
:106D400037B504460D46FFF72DFF6B46CDE9000130
:106D50002A4621460120FFF759FE034B4FF400322B
:106D6000C3F8042303B030BD00400240054B4FF48C
:106D70000032C3F848234FF4A270C3F80823FFF78A
:106D80008FBE00BF00400240014B9868704700BFB3
:106D9000001E0020014B01221A707047F51D0020D3
:106DA00010B5264BD3F8042122B10222C3F80823E0
:106DB000FFF782FE224B1A7872B100224FF4A070C6
:106DC0001A70FFF76DFE1D4B4FF48032C3F8482355
:106DD000C3F80823FFF7BEFC184CD4F80433DA03D9
:106DE00016D5D4F840319BB14FF4A070FFF758FE90
:106DF000FFF7D8FE134BD3E900239042994107D304
:106E00004FF48033C4F84833C4F80833FFF7A2FCCA
:106E10000A4AD2F804339B030ED5D2F844315BB151
:106E20004FF4A270FFF73CFE4FF40033C2F8483332
:106E3000C2F80833FEF79EFB10BD00BF00400240C1
:106E4000F41D0020001E002000F016B91420704729
:106E5000BFF34F8F0549064BCA6802F4E062134343
:106E6000CB60BFF34F8F00BFFDE700BF00ED00E038
:106E70000400FA054FF08053D3F830210D2A03BFE8
:106E8000D3F83401B0FA80F04009002070470000C8
:106E900008B5FFF7EFFF40B14FF080430022C3F881
:106EA0000C21C3F81021C3F83825FFF7E3FF0028B1
:106EB00046D04FF08052584BD2F80414C3F8201536
:106EC000D2F80814C3F82415D2F80C14C3F8281506
:106ED000D2F81014C3F82C15D2F81414C3F83015D6
:106EE000D2F81814C3F83415D2F81C14C3F840159E
:106EF000D2F82014C3F84415D2F82414C3F8481566
:106F0000D2F82814C3F84C15D2F82C14C3F8501535
:106F1000D2F83014C3F85415D2F83414C3F86015FD
:106F2000D2F83814C3F86415D2F83C14C3F86815C5
:106F3000D2F84014C3F86C15D2F84424C3F8702575
:106F4000FFF798FF48B14FF08043D3F80024D107F2
:106F500044BF6FF00102C3F80024304AD2F88830F1
:106F600043F47003C2F88830BFF34F8FBFF36F8FC5
:106F70004FF01023D3F80C22D2071DD5284B012245
:106F8000C3F80425D3F80024002AFBD04FF01022C8
:106F9000D2F80C3223F00103C2F80C32204BD3F8A4
:106FA0000024002AFBD00022C3F80425D3F80024D3
:106FB000002AFBD0FFF74CFFD3F80022002A03DBA6
:106FC000D3F80432002B22DA154B0122C3F8042532
:106FD000D3F80024002AFBD04FF010221221C2F86F
:106FE0000012D3F80024002AFBD04FF01023122205
:106FF000C3F804220A4BD3F80024002AFBD0002255
:10700000C3F80425D3F80024002AFBD0D2E7054BAF
:10701000054A1A6008BD00BF00C0004000ED00E056
:1070200000E00140240000200090D0030649074AF8
:10703000074B9B1A03DD043BC858D050FBDCFFF71D
:1070400027FFF9F725F90000B8080100000000202B
:10705000F0060020FEE7FEE7FEE7FEE7FEE7FEE7BC
:10706000FEE7FEE7FEE7FEE7024B1B680022C3E9EE
:1070700026027047280000200C4B0D4819680D4A65
:10708000D1F8983010B4D1F89C4003FB00F002FB1B
:107090000400A3FB0232013340EB0200C1E92630B9
:1070A0005DF8044B20F00040704700BF280000202E
:1070B0002DF451582D7F954C000000000000000079
:1070C00030B490F800F020F007016FF0000C10F0E1
:1070D000070491F820F040F048804FF000046FF072
:1070E0000700D1E9002391F840F000F1080082FA8E
:1070F0004CF2A4FA8CF283FA4CF3A2FA8CF34BBB59
:10710000D1E9022382FA4CF200F10800A4FA8CF2D1
:1071100083FA4CF3A2FA8CF3E3B9D1E9042382FA9F
:107120004CF200F10800A4FA8CF283FA4CF3A2FAB4
:107130008CF37BB9D1E9062301F1200182FA4CF2EC
:1071400000F10800A4FA8CF283FA4CF3A2FA8CF353
:10715000002BC6D0002A04BF04301A4612BAB2FA75
:1071600082F200EBD20030BC7047D1E9002304F07A
:107170000305C4F100004FEAC50514F0040F91F8AF
:1071800040F00CFA05F562EA05021CBF63EA05034C
:1071900062464FF00004AAE7830730B547D0541E7B
:1071A000002A3ED0CAB2034601E0013C39D303F8BD
:1071B000012B9D07F9D1032C2CD9CDB205EB052568
:1071C0000F2C05EB054535D9A4F1100222F00F0C68
:1071D00003F1100EE6444FEA121C1A46C2E90055AC
:1071E000C2E9025510327245F8D10CF1010214F0D7
:1071F0000C0F03EB021204F00F0C13D0ACF10403DC
:1072000023F003030433134442F8045B9342FBD19D
:107210000CF003042CB1C9B21C4403F8011BA342B7
:10722000FBD130BD64461346002CF4D1F9E7034688
:107230001446C0E71A46A446E0E700BF00B50B4C71
:1072400025681446EE681A4685B003460D464CB1D3
:1072500007490095CDE901143046064900F0B2F81F
:1072600000F092F804490C46F3E700BF2800002024
:10727000EC030100FC030100F803010008B513460C
:107280000022FFF7DBFF00BF88420ED98B18834234
:107290000BD900EB020C002A6ED0624613F801CD28
:1072A00002F801CD9942F9D170470F2A0FD8034651
:1072B00002F1FF3C002A5FD00CF1010C013B8C4431
:1072C00011F8012B03F8012F6145F9D1704740EA0D
:1072D00001039B0751D1A2F1100370B501F1200CFD
:1072E00023F00F0501F1100E00F11004AC441B094E
:1072F0005EF8105C44F8105C5EF80C5C44F80C5CC2
:107300005EF8085C44F8085C5EF8045C44F8045CD1
:107310000EF1100EE64504F11004E9D1013312F02C
:107320000C0F01EB031102F00F0400EB031328D044
:10733000043C24F003064FEA940C1E441C1F8E46A6
:107340005EF8045B44F8045FB442F9D10CF1010427
:1073500002F0030203EB840301EB840102F1FF3C22
:107360004AB10CF1010C013B8C4411F8012B03F8DC
:10737000012F6145F9D170BD704702F1FF3C034612
:107380009AE72246EAE700BF08B5062000F004FBB2
:10739000012005F091FD00BFB1FA81F252094FF4CE
:1073A0008063520001F06ABF0CB400B583B004AB37
:1073B00053F8042B019302F013F803B05DF804EBCB
:1073C00002B070470EB410B583B005AB064C53F84D
:1073D000042B01930146206802F002F803B0BDE8D7
:1073E000104003B0704700BF28000020032A30B4CB
:1073F00015D941EA0004A40784460B4604D0541E64
:107400000FE0043A032A08D91946604653F8044BA2
:107410005CF8045BA542F4D0F1E760461946541EBF
:107420007AB1431E0139021901E09A4209D013F8DA
:10743000010F11F801CF6045F7D0A0EB0C0030BC74
:107440007047002030BC7047844641EA000313F0C7
:1074500003036DD1403A41D351F8043B40F8043B5B
:1074600051F8043B40F8043B51F8043B40F8043B1E
:1074700051F8043B40F8043B51F8043B40F8043B0E
:1074800051F8043B40F8043B51F8043B40F8043BFE
:1074900051F8043B40F8043B51F8043B40F8043BEE
:1074A00051F8043B40F8043B51F8043B40F8043BDE
:1074B00051F8043B40F8043B51F8043B40F8043BCE
:1074C00051F8043B40F8043B51F8043B40F8043BBE
:1074D00051F8043B40F8043B403ABDD2303211D35E
:1074E00051F8043B40F8043B51F8043B40F8043B9E
:1074F00051F8043B40F8043B51F8043B40F8043B8E
:10750000103AEDD20C3205D351F8043B40F8043B5D
:10751000043AF9D2043208D0D2071CBF11F8013B5B
:1075200000F8013B01D30B8803806046704700BF21
:10753000082A13D38B078DD010F003038AD0C3F130
:107540000403D21ADB071CBF11F8013B00F8013B12
:1075500080D331F8023B20F8023B7BE7043AD9D3D1
:10756000013A11F8013B00F8013BF9D20B780370A6
:107570004B7843708B7883706046704770B50F4BC3
:107580000F4DAB42A3EB050607D0B610002455F80B
:10759000043B01349847A642F9D806F0D3FA094DC6
:1075A000094B5E1BAB424FEAA60606D0002455F8F5
:1075B000043B01349847A642F9D870BDDC06002090
:1075C000DC060020DC060020E806002000207047D2
:1075D000024A0349034800F097BA00BF5001002057
:1075E0009DB70000300000200C4B4168994210B557
:1075F000044601D004F0D2F8A168094B994202D0A8
:10760000204604F0CBF8E168064B994204D02046AE
:10761000BDE8104004F0C2B810BD00BF101E00202D
:10762000781E0020E01E0020002070472DE9F8435E
:107630002A4C2B49DFF8BC90DFF8BC80294FC4F8F6
:107640003811002504230822294604F15C00264E47
:10765000E360C4E90055C4E90455A5606566A56109
:10766000FFF79AFD214B63670822294604F1C40005
:10767000C4E90749C4E90987C4E91A55C4E91E5594
:107680002567C4F8CC50C4F88050E662FFF784FD4B
:10769000174BC4F8DC30294604F16803082204F5CE
:1076A0009670C4F88430C4E92298C4E92476C4E909
:1076B0003455C4E93855C4F8D850C4F83451C4F826
:1076C000E850FFF769FD04F1D003C4E93C98C4E930
:1076D0003E76C4F8EC30BDE8F88300BF101E0020F1
:1076E000D175000095B90000B9B90000090001008A
:1076F000120002002DB9000055B90000F8B5254B65
:10770000D3F838310646002B3CD0234FD7E901345B
:10771000013B04D51DE05A1C04F1680419D0B4F9EA
:107720000C50013B002DF6D11C4BE360C4E9015520
:10773000C4E9045565662560A5610822294604F15F
:107740005C00FFF729FDC4E90C55C4E9115520463A
:10775000F8BD3D680DB12F46D8E74FF4D6713046DD
:1077600002F0E0FB044680B10423C0E900530C3072
:107770002946A0604FF4D0722546FFF70DFD3C600E
:107780002F46C3E7FFF752FFBFE70C233860336093
:10779000DDE700BF101E0020500100200100FFFFA8
:1077A000436B03B17047044B044AD3F8383142634A
:1077B000002BF7D13AE700BF101E0020E97500004A
:1077C000704700BF704700BF024A0349002000F025
:1077D0009BB900BF50010020CD750000024A03494B
:1077E000002000F091B900BF500100202976000070
:1077F00008B50021044604F019F8034B1B6803B1D7
:107800009847204605F058FB481F002000230146FA
:107810001A46184604F0D4B80EB400B582B003ABD3
:10782000816853F8042B019300F092F902B05DF8DF
:1078300004EB03B0704700BF0FB400B5074983B035
:1078400004AB086853F8042B8168019300F080F9B9
:1078500003B05DF804EB04B0704700BF28000020BF
:1078600038B5D0F818410CB1002038BD802105464C
:1078700002F058FB0246C5F8180130B1031F7C32F4
:1078800043F8044F9342FBD1EEE74FF0FF3038BD91
:1078900030B51F2983B0054609D8D0F818310C46F9
:1078A00053B153F8240043F8242003B030BD16230D
:1078B00003604FF0FF30F8E78021019202F032FBC5
:1078C000019AC5F8180103460028F2D0011F00F103
:1078D0007C05002041F8040FA942FBD1E1E700BF7D
:1078E0001F2938B505461FD8D0F818210C466AB1B3
:1078F00052F8213053B1012B06D0591C10D0002171
:1079000042F8241020469847002038BD284601F050
:10791000DDFB224601462846BDE8384001F0C0BBE9
:1079200016230360012038BD162303604FF0FF309B
:1079300038BD00BF1F292CD838B5D0F818310C46F7
:107940000546A3B153F8242003EB84034AB1511C2C
:107950000BD0012A07D0002520461D6090472846FD
:1079600038BD012038BD032038BD022038BD80213C
:1079700002F0D8FA0346C5F8180138B1021F0021F9
:107980007C3042F8041F8242FBD1DBE74FF0FF302E
:1079900038BD4FF0FF30704738B5144B1F281D68B5
:1079A0001ED8D5F81821044662B152F820304BB1E8
:1079B000012B05D0591C0FD0002142F82010984708
:1079C000002038BD284601F081FB224601462846AA
:1079D000BDE8384001F064BB16232B60012038BDA0
:1079E00016232B604FF0FF3038BD00BF2800002069
:1079F000124B1F2870B51E6809D8D6F818310446F6
:107A00000D464BB153F8240043F8245070BD1623A3
:107A100033604FF0FF3070BD8021304602F082FAB3
:107A20000346C6F818010028F3D0021F00217C305D
:107A300042F8041F8242FBD1E4E700BF2800002087
:107A400038B50C4B1D68D5F818410CB1002038BD75
:107A50008021284602F066FAC5F8180138B1031FE4
:107A600000F17C0243F8044F9342FBD1EEE74FF064
:107A7000FF3038BD2800002038B5184B1F281D687E
:107A800028D80446D5F81801A0B150F8243000EBEE
:107A900084004BB15A1C0BD0012B07D00025056088
:107AA00020469847284638BD012038BD032038BD00
:107AB000022038BD8021284602F034FAC5F81801AA
:107AC00040B1031F00F17C01002243F8042F8B42D8
:107AD000FBD1DAE74FF0FF3038BD00BF28000020AF
:107AE00038B5074D074C2C1BA41005D0013C55F8A8
:107AF000043D9847002CF9D1BDE8384006F028B87D
:107B0000EC060020E80600202DE9F84307468846E9
:107B100016464FF00009D6E90154013D10D4A3895F
:107B2000012B08D9B4F90E3001332146384602D072
:107B3000C04749EA0009013D6B1C04F16804EED11D
:107B40003668002EE7D14846BDE8F8830000000003
:107B50002DE9F04FBFB01C460491914609930546AC
:107B6000089004F00BFD036810931846FFF7A8FA7D
:107B70000F901DB16B6B002B01F020800499B1F9BF
:107B80000C204B6E900405D442F4005223F40053B1
:107B90008A814B669F0401F13E81049AB2F90C3050
:107BA0001E0740F1DD801269002A00F0D98003F041
:107BB0001A030A2B00F0E3809FED817B0023CDE9BF
:107BC0002233CDE911338DED0C7B2EAA0E93219239
:107BD00092460693CB469BF80030002B00F0648160
:107BE0005C4604E014F8013F002B00F04181252B96
:107BF000F8D1B4EB0B0540F03E812378002B00F068
:107C000053814FF000038DF86730002763780597A4
:107C100004F1010B4FF0FF390BF1010B9846A8F16D
:107C20002003582B00F24D81DFE813F083024B0153
:107C30004B017E024B014B014B014B014B014B01B0
:107C4000460278024B01510256024B017302590061
:107C5000590059005900590059005900590059005C
:107C60004B014B014B014B014B014B014B014B01B4
:107C70004B014B016800C6014B01C6014B014B0192
:107C80004B014B01AE024B014B01B8004B014B01C4
:107C90004B014B014B01CE004B014B0152064B01F6
:107CA0004B014B014B014B014B014B014B014B0174
:107CB0004B01A0026A00C601C601C6019B026A0010
:107CC0004B014B018E024B01EA02BA00D902D402E9
:107CD0004B01B3024B01D0004B014B017206A8F1DE
:107CE000300300221BF8018B02EB820203EB4202FD
:107CF000A8F13003092BF5D9059290E747F010075A
:107D0000BD0640F1B281099B073323F007031A46F1
:107D1000596852F8083B09920A460029C0F2B78117
:107D2000B9F1000F9DF86740C0F2B88127F08001DB
:107D3000029153EA020140F0B0810121B9F1000F34
:107D400040F05383002940F0F18417F001030793BA
:107D500000F0318530238DF8B7300DF1B70573E0B1
:107D6000049D0898294603F05FFB002841F05380EA
:107D7000B5F90C3003F01A030A2B7FF41DAF049BF6
:107D8000B3F90E30002BFFF617AF0499089823467D
:107D90004A463FB0BDE8F04F01F0FAB847F010078F
:107DA00017F0200200F05281099B073323F00703EC
:107DB00019465A6851F8083B0991002114E000BFA8
:107DC000000000000000000047F0100717F020023C
:107DD00000F03281099B073323F0070319465A68E4
:107DE00051F8083B099101210024B9F1000F8DF8E9
:107DF000674006DB27F08000029053EA02009DD026
:107E0000029F012900F04A81022900F0F8822EAD7C
:107E100003F00701DB0843EA4273D208303153EA2A
:107E20000206284605F8011DF2D1FB0740F1F58254
:107E3000302900F0F2823023023805F8013C2EABE5
:107E40001B1A029707930546079B4B45B8BF4B4645
:107E5000039300230B9314B1039B01330393029B01
:107E600013F002033FD0039B0233039302233AE053
:107E7000B4EB0B0518D0239B2B442393229B013397
:107E8000072BCAE900B5229305DC0AF1080A069B14
:107E90002B440693B1E60499089821AA03F000FE4A
:107EA00030B90DF1B80AF2E7239B002B40F00487AC
:107EB000049B9B895B0600F1AE8706983FB0BDE846
:107EC000F08FB8F1000FEFD000238DF86730012359
:107ED0008DF890800393079324AD4FF0000902972B
:107EE000CDF82C904B46029A239C12F084020A9201
:107EF00005D1059A0399561A002E00F3FE829DF8CB
:107F000067208AB1229A0DF1670101320134CAF863
:107F10000010072A4FF0010123942292CAF804109E
:107F200000F326830AF1080A83B1229A1AA90132C2
:107F30000234CAF80010072A4FF00201239422925B
:107F4000CAF8041000F322830AF1080A0A9B802B66
:107F500000F0CA81079BA9EB0306002E00F30682FE
:107F6000029BDE0500F15981079BCAF804301C44CE
:107F7000229BCAF800500133072B2394229300F36D
:107F800065820AF1080A029B5A0705D5059B039AE8
:107F90009D1A002D00F30683DDE9052303998A422B
:107FA000ACBF9B185B180693002C40F03B8200236B
:107FB00022930DF1B80A0EE6099B073323F007035D
:107FC000B3EC027B55EC174B099325F00043159356
:107FD0008DED147ADDE91401BD4B4FF0FF328DEDCC
:107FE0000C7B05F0C1FB002840F0F083DDE91401B3
:107FF000B74B4FF0FF3205F099FB002840F0E683C5
:10800000002200232046294605F086FB002840F088
:108010003D869DF86740AF4D27F080030293AE4B3D
:10802000B8F1470FD8BF1D464FF000090323039353
:108030000793CDF82C900EE7099951F8043B09916C
:1080400017F0100100F0BA830121CDE6099951F82B
:10805000043B099117F010017FF4AFAE17F0400216
:108060003FF4ABAE0A469BB2A7E6099AFC0652F86B
:10807000043B099206D4780604D543F3C032114676
:108080001BB24AE6DA1711460029BFF649AE5B4239
:1080900062EB42022D240121A7E6029F0A2B72F116
:1080A000000180F0018530338DF8B730012302974D
:1080B00007930DF1B705C7E6099B53F8042B05920A
:1080C000002A80F27383059A0993524205929BF825
:1080D000003047F004079FE55A4612F8018BB8F1CB
:1080E0002A0F00F02287A8F13003092B98BF4FF028
:1080F000000900F2A18612F8018B09EB890903EB54
:108100004909A8F13003092BF5D949EAE9799346E1
:1081100085E59BF8003047F080077DE52B238DF83F
:1081200067309BF8003077E59BF8003047F0010797
:1081300072E59DF867209BF80030002A7FF46CAD53
:1081400020228DF8672067E59BF800306C2B03BF79
:108150009BF8013047F020070BF1010B47F01007A7
:108160005AE59BF8003047F0400755E5099B00228F
:108170008DF8672053F8042B099301238DF8902084
:108180000393079324ADA8E69BF8003047F0080757
:1081900042E5099C54F8045B00268DF86760002DC9
:1081A00000F0C583B9F1000FC0F21A854A46314686
:1081B000284600F025FF002800F03286431B079375
:1081C00023EAE3730994B1469DF86740029703934D
:1081D0000B9640E69BF8003047F020071CE5099A13
:1081E00052F8043B099247F63002ADF868203B4A4A
:1081F000119247F00207002202214FF07808F3E5C0
:10820000BD0640F15C83099B069A1B681A60D21771
:108210005A60099B04330993DDE4B8F1650F40F31C
:108220002181DDE90C010022002305F06BFA002812
:1082300000F0F581229B2A4ACAF80020013301345C
:108240000122072B23942293CAF8042000F3A98467
:108250000AF1080A1B9B0E9A934280F2A2820F9B9E
:10826000109A1C44CAE90023229B23940133072B54
:10827000229300F350830AF1080A0E9B5D1E002D25
:108280007FF781AE102D229B164F40F3D480DDF88E
:108290002080DDF81090102605E00AF1080A103D54
:1082A000102D40F3C88001331034072BCAE9007643
:1082B000CDE92234F1DD21AA4946404603F0F0FB26
:1082C00000287FF4F5ADDDE922340DF1B80AE6E7C8
:1082D000FFFFEF7F300401002C0401005004010077
:1082E0006C04010014060100059B039A9E1A002EDF
:1082F0007FF730AE102E229BAF4F24DD5246214631
:10830000AA46089C049D04E0103E102E02F10802CB
:1083100016DD013310311020072BCDE92231176013
:108320005060F1DD21AA2946204603F0B9FB002860
:108330007FF4BEAD103E102EDDE922312EAAE8DC1E
:1083400055460C46924601333444072BCDE922347E
:10835000CAF80070CAF8046000F33584079BA9EBE3
:108360000306002E0AF1080A7FF7FAAD102E229BB1
:10837000914F2CDD52462146B246089C2E464FF0C6
:108380001009049D06E0AAF1100ABAF1100F02F1DB
:10839000080218DD013388481031072BC2E90009B3
:1083A000CDE92231EFDD21AA2946204603F078FBF2
:1083B00000287FF47DADAAF1100ABAF1100FDDE9B3
:1083C00022312EAAE6DC35460C465646924601334B
:1083D0003444072BCDE92234CAF80070CAF804608F
:1083E00000F3D2810AF1080ABAE50129029F4FF091
:1083F00000033FF458AE02291A467FF408AD1198E5
:108400002EAD03F00F011B09415C05F8011D43EA85
:108410000273120953EA0201F3D12EAB5B1B0297E0
:10842000079311E50499089821AA03F039FB002865
:108430003FF4BDAD3CE501332C44072BCAF8007076
:10844000CAF80450CDE922347FF79BAD049908980F
:1084500021AA03F025FB00287FF42AAD239C0DF10F
:10846000B80A90E50E9B229E012B04F1010406F14F
:1084700001060AF1080840F33E810123072ECDE9E9
:108480002264CAF80050CAF8043000F3F3820F9B4C
:10849000109A01361C44072EC8E90023CDE9226456
:1084A00000F3F58208F108080E9BDDE90C0103F1E9
:1084B000FF390022002305F025F9002840F03B8118
:1084C000013601354C44072ECDE92264C8F800502E
:1084D000C8F8049000F31D8108F10808129BC8F841
:1084E000043001361C44072E1DABCDE92264C8F8C8
:1084F0000030ABDC08F1080A45E5102E229A2F4F18
:1085000028DD51462046CA46089C1393A946049D7F
:1085100004E0103E102E01F1080116DD013210308A
:108520001023072ACDE922200F604B60F1DD21AA3C
:108530002946204603F0B4FA00287FF4B9AC103E77
:10854000102EDDE922202EA9E8DC139B4D460446BF
:10855000D1468A4601323444072ACDE92224CAF89A
:108560000070CAF8046000F3D9820AF1080AC6E470
:1085700004990898139321AA03F092FA00287FF433
:1085800097AC239C139B0DF1B80ACDE4049908988D
:1085900021AA03F085FA00287FF48AAC239C0DF110
:1085A000B80AD3E4102D229B044F25DDDDF820808E
:1085B000DDF81090102608E0140601000406010002
:1085C000103D102D0AF1080A16DD01331034072B77
:1085D000CAE90076CDE92234F2DD21AA49464046B7
:1085E00003F05EFA00287FF463AC103D102DDDE946
:1085F00022340DF1B80AE8DC01332C44072BCAE918
:108600000075CDE922347FF7C7AC0499089821AAF8
:1086100003F046FA00287FF44BAC239CBCE41B9982
:10862000002940F38A820B9F0E9B9F42A8BF1F46E2
:10863000002F0BDD229B01333C44072BCAE9005776
:108640002394229300F3C9830AF1080A0B9E002F9A
:10865000A8BFF61B002E00F374811B9B0E9A934259
:10866000C0F29E81029AD00700F19A810E9A0B996E
:10867000D31A561A9E42A8BF1E46002E0EDD229A1D
:10868000CAF8046001320D443444072ACAF8005085
:108690002394229200F3AD830AF1080A002EACBFA6
:1086A0009D1B1D46002D7FF76EAC102D229BB84FF1
:1086B0007FF7C1AEDDF82080DDF81090102605E0D0
:1086C0000AF1080A103D102D7FF7B5AE01331034C2
:1086D000072BCAE90076CDE92234F1DD21AA49460B
:1086E000404603F0DDF900287FF4E2ABDDE92234F7
:1086F0000DF1B80AE6E7029BD9073FF5BEAE0123AC
:10870000072ECDE92264CAF80050CAF804307FF77A
:10871000E5AE0499089821AA03F0C2F900287FF475
:10872000C7ABDDE922640DF1B808D7E6CDF81C909F
:108730002EADFFF789BB0E9B012B7FF7CFAE112B20
:10874000934F40F38982DDF820A0102507E008F15F
:108750000808A9F11009B9F1100F40F37D82013624
:108760001034072EC8E90075CDE92264EFDD0499C5
:1087700021AA504603F094F900287FF499ABDDE973
:1087800022640DF1B808E4E70499089821AA03F0DF
:1087900087F900287FF48CAB239C0DF1B80AFFF712
:1087A000DFBB029BDD077FF5EEAB58E509939BF835
:1087B0000030FFF731BA2EADFFF746BB17F040028D
:1087C0001CBF0A469BB20121FFF70EBBDDE90C017D
:1087D00002460B4604F0C8FF002840F06E83B9F152
:1087E000FF3F28F0200600F01383472E04D1B9F193
:1087F000000F08BF4FF00109DDE90C0147F480725A
:1088000000290292C0F2C6829DED0C7B8DED167B95
:1088100000230A93B8F1650F00F0998200F3D58226
:10882000B8F1450F00F093821FAB01931CAB00938E
:1088300002219DED160B08981BAB4A4601F0B2FED3
:10884000F907054640F1C08000EB0904DDE9160197
:108850000022002304F056FF002840F029821F9BCD
:10886000A34206D230215A1C1F9219701F9B9C42B2
:10887000F9D81B9A0B925B1B472E0E9300F0A98030
:10888000B8F1660F40F0BC800B9A07F00103002A94
:1088900043EA090340F35783002B40F034830B9BDA
:1088A000039307934FF066080A9B002B00F06C823D
:1088B0002D238DF867304FF00009FFF7CDBAFC0685
:1088C0007DD478067BD5099B069A1B681A80A0E4A4
:1088D000304B119317F0200200F0BE80099B073344
:1088E00023F0070319465A6851F8083B0991F90724
:1088F00040F1AF8053EA020100F0AB8030218DF8E7
:1089000068108DF8698047F002070221FFF76CBA02
:10891000214B1193DEE70499089821AA03F0C0F8CF
:1089200000287FF4C5AA239C0DF1B80AA5E44B46A4
:10893000062B28BF0623194D079309940393FFF7CD
:10894000CCBA102E229B124F40F393812246DDF8C1
:108950002090049C4FF0100805E00AF1080A103E30
:10896000102E40F3858101331032072BCAE90078BD
:10897000CDE92232F1DD21AA2146484603F090F8E4
:1089800000287FF495AADDE922320DF1B80AE6E766
:10899000140601003C0401005004010064040100BD
:1089A0000F9A10991444CAE90012229A23940132B2
:1089B000072A229200F3FC810AF1080A56E6099B75
:1089C000069A1B681A6024E41F9B1B1A0E931B9BBC
:1089D0000B930B9BDA1C11DB99450FDB0E9B0B9A5B
:1089E000934200F34F82FE070B9B00F1778223EA4C
:1089F000E372039207934FF0670855E7A8F1020866
:108A00000B9B8DF87480591E00291B91B6BFC3F1D2
:108A100001012B232D2309298DF8753000F3538193
:108A2000302330318DF8763004238DF8771012938F
:108A30000E9A129B012A1344079340F31A82079B54
:108A40000F9A1344079323EAE373039300230B93D2
:108A50002AE70221FFF7C8B9099951F8043B0991A7
:108A600017F010017FF443AF17F040021CBF9BB218
:108A70000A463CE70499089821AA03F011F8002857
:108A80007FF416AADDE922640DF1B808FFE4049929
:108A9000089821AA03F004F800287FF409AADDE968
:108AA00022640DF1B808FFE4CDE90287BD4E2EAD7A
:108AB0004FF0050E991841F10001A6FB010727F0C0
:108AC000030000EB9700091A581A9846944662F181
:108AD00000034FF0CC3202FB00F206FB0322A0FBA6
:108AE000063003F001070244A7FB0E074018B8F157
:108AF0000A0F4FEA530300F130007CF1000C43EA07
:108B0000C27305F8010D4FEA5202D3D2DDE90287A4
:108B10002EAB5B1B02970793FFF796B90499089851
:108B2000139321AA02F0BCFF00287FF4C1A9239C63
:108B3000139B0DF1B80AFFF7E2B9229B9A4ACAF8D3
:108B40000020013301340122072B23942293CAF819
:108B5000042000F3A0800AF1080A002946D1029BF4
:108B60000E9A03F0010313433FF40DAA0F9B1099D3
:108B70001A19CAE90013229B23920133072B22936F
:108B800000F3CB800AF1080A0E99CAF800500133AD
:108B90008C18072BCDE92234CAF804107FF7F1A90D
:108BA00054E40499089821AA02F07AFF00287FF47F
:108BB0007FA9239C0DF1B80AFFF74CBB0898FEF77C
:108BC000EFFDFEF7DBBF0499089821AA02F068FFC9
:108BD00000287FF46DA9239C0DF1B80AFFF7BAB9FC
:108BE0002846FEF76DFA0346FFF7E9BA0F9B109887
:108BF0001A19CAE90003229B23920133072B2293FF
:108C000000F38B800AF1080A0029BDDA4E421031C8
:108C1000664F80F21681DDF82080DDF81090102478
:108C200005E00AF1080A103E102E40F30A810133D4
:108C30001032072BCAE90074CDE92232F1DD21AAF6
:108C40004946404602F02CFF00287FF431A9DDE9B7
:108C500022320DF1B80AE6E701364C44072ECDE981
:108C60002264C8F80070C8F804907FF735AC50E56E
:108C7000144601333444072BCDE92234CAF800707E
:108C8000CAF8046057DC0AF1080AE6E42D248DF8DE
:108C90006740FFF7C0B90499089821AA02F000FFC5
:108CA00000287FF405A91B99239C0DF1B80A54E70D
:108CB0001B9A0B922346DEE50499089821AA02F03C
:108CC000EFFEFFF7F5B80DF18304364E2346184644
:108CD000A6FB0123DB0803EB8302A1EB4202303247
:108CE00000F8012C0A46632A194600F1FF33EEDC36
:108CF000303103F8011C831EA34280F021810DF165
:108D0000750213F8011B02F8011FA342F9D13EAB13
:108D1000181AA0F1710312938AE60499089821AAFF
:108D200002F0BEFE00287FF4C3A8DDE922321B99C1
:108D30000DF1B80A68E70499089821AA02F0B0FE7C
:108D400000287FF4B5A8239C0DF1B80A85E409F149
:108D5000010303930221039C08981FAB01931CABF2
:108D6000009322469DED160B1BAB01F01BFCB8F1E6
:108D7000660F054604447FF469AD2B78302B00F074
:108D80008E801B9B1C4461E5DDF828909DF86740B0
:108D9000FFF761B801F1004317932D2316900A9352
:108DA00038E500BFCDCCCCCC6C040100140601002A
:108DB0000499089821AA02F073FE00287FF478A88D
:108DC0001B9B239C0DF1B80A50E4B8F1660F7FF4A9
:108DD0002BADCDF80C900321BDE70499089821AA8A
:108DE00002F05EFE00287FF463A8239C0DF1B80A10
:108DF0002CE40499089821AA02F052FE00287FF47E
:108E000057A81B9B0E9A239CD31A0DF1B80A45E470
:108E10004FF00609F0E44FF0FF330693FFF74DB82B
:108E20000994CDF80C90CDF81C909DF867400297FE
:108E300081460B90FFF70FB893464FF00009FEF7FD
:108E4000EEBE01333244072BCDE92232CAF800705E
:108E5000CAF804607FF796AE0499089821AA02F038
:108E60001FFE00287FF424A8DDE922320DF1B80AA4
:108E70008AE617F001020B927FF4E1AD23EAE37377
:108E8000039311E5DDE90E3213440B9A0793002A90
:108E90002DDD23EAE37303934FF0670804E5DDE972
:108EA00016010022002304F02DFC002837D01B9B64
:108EB0000B931C44631B0E93E6E40D9B2B4D002B80
:108EC000B8BF2D2427F080030293A8BF9DF8674008
:108ED000274BB8BF8DF86740FFF7A2B80F9A13442D
:108EE000079323EAE37303934FF06708DCE40B9BDB
:108EF000079AC3F101031A4422EAE273079203932B
:108F00004FF06708D0E40F9B09EB030808EB02035E
:108F1000079323EAE37303934FF06608C4E4039BCB
:108F2000C3F101031B931C4490E409999BF80130A1
:108F300051F8049B0991934649EAE979FEF76CBE22
:108F40000223129374E52BB9012303934FF06608B3
:108F50000793A9E40F9B03F1010808EB09030793AA
:108F600023EAE37303934FF066089DE4380401009D
:108F70003404010010B4054C8446134620685DF8A3
:108F8000044B0A466146FEF7E3BD00BF28000020FF
:108F900070B50C468989ADF58D6D21F00201ADF8F3
:108FA0000C101AA9009104914FF48061029105916F
:108FB000616E1991E189ADF80E10E1690791616A5E
:108FC00009910021069169460646FEF7C1FD051E7E
:108FD00007DB6946304600F017F9002818BF4FF04C
:108FE000FF35BDF80C305B0603D5A38943F0400381
:108FF000A38128460DF58D6D70BD00BF00000000F7
:1090000001F0FF01102A2BDB10F0070F08D010F839
:10901000013B013A8B422DD010F0070F42B3F6D13D
:10902000F0B441EA012141EA014122F007047FF056
:1090300000070023F0E80256083C85EA010586EAAD
:10904000010685FA47F5A3FA87F586FA47F6A5FAE9
:1090500087F68EB9EED1F0BC01F0FF0102F00702F5
:1090600032B110F8013B013A83EA010313B1F8D1A0
:109070000020704701387047002D06BF3546033881
:10908000073815F0010F07D1013015F4807F02BFBA
:10909000013015F4C03F0130F0BC0138704700BF0B
:1090A00070B50C46084D03460026204611461C4666
:1090B0002E60F7F7B3FC431C00D070BD2B68002B6B
:1090C000FBD0236070BD00BF841F0020F7F7A4BC55
:1090D000B1F90C202DE9F04116070C4680464ED41C
:1090E000496842F400630029A38163DDA56A002D6D
:1090F00042D0002112F48052D8F80060C8F8001065
:10910000E16964D101234046A847451C02466ED060
:10911000B4F90C30A56AE169580705D56368D21A1D
:10912000236B0BB1E36BD21A00234046A847431CC4
:109130004FD1D8F80010B4F90C301D2940D8314A6D
:10914000CA40D7073CD52269226023F40062A2817D
:10915000DD044FF00002626001D5002945D0216B8B
:10916000C8F8006041B104F14003994202D0404682
:1091700002F018FA002323630020BDE8F0810E6995
:10918000002EF9D00D680E6092070CBF4B690023CA
:10919000AD1B8B600BE02B463246E169676A4046A7
:1091A000B847B0F1000CA5EB0C05664406DD002DB8
:1091B000F1DCE1E7E16B002998DCDDE7B4F90C3084
:1091C00043F04003A3814FF0FF30BDE8F081226DF2
:1091D000A2E7B4F90C302269226023F40062A28174
:1091E000DB044FF000026260B9D52065B7E7D8F81C
:1091F0000030002B8CD01D2B01D0162BDED1C8F8EF
:109200000060B9E70100402010B5044682B008B103
:10921000436B53B1B1F90C0008B902B010BD204640
:1092200002B0BDE81040FFF753BF0191FEF7B8FA56
:109230000199EFE7A0B138B50C4B1D6804460DB19C
:109240006B6B4BB1B4F90C0000B938BD2146284610
:10925000BDE83840FFF73CBF2846FEF7A1FAF1E72A
:10926000034A04490448FEF74FBC00BF2800002011
:109270005001002009920000300000202DE9F04349
:10928000564CD4F8008083B004460E4617461D465F
:10929000B8F1000F04D0D8F83430002B00F08780EC
:1092A000022F05D0012F00F28680002DC0F28380AE
:1092B00021464046FFF7A8FF216B41B104F140036E
:1092C000994202D0404602F06DF900232363B4F9BD
:1092D0000CC000231CF0800FA361636047D12CF405
:1092E0004A6C2CF0030C022FA4F80CC04DD001AB3B
:1092F0006A462146404603F0B7F9A3891843A08186
:1093000005B306B3D8F8343053B3009AB4F90C302F
:109310002660AA421CBF43F40063A381012F04BF4F
:1093200043F00103A38113F00802C4E904651BD0D4
:10933000DB073AD500236D42A360A561002003B08E
:10934000BDE8F083009D284602F0D2FA0646A8B395
:10935000A38943F08003A381D8F83430002BD4D103
:109360004046FEF71DFAD0E7A2600020E7E721693A
:10937000404602F017F9B4F90CC02CF44A6C2CF0FA
:10938000030C022FA4F80CC0B1D1002004F1430358
:109390004CF0020C00210122C4E90432A4F80CC0F4
:1093A000A160236003B0BDE8F083A560DDE740461F
:1093B000FEF7F6F974E74FF0FF30C0E7DDF80090F4
:1093C000A94506D0484602F093FA064608B14D4634
:1093D000BEE7B4F90CC04FF0FF30D7E728000020FB
:1093E0002DE9F04FADB0CDE907301C460291934610
:1093F00018B1436B002B00F003850299B1F90C20E2
:109400004B6E950405D442F4005223F400538A8134
:109410004B66980400F12485029BB3F90C201107D8
:1094200040F1D3801B69002B00F0CF8002F01A02BC
:109430000A2A00F0D9800023CDE910330DF170091C
:10944000CDF83C900993CA4605939BF80030002B59
:1094500000F0F4805C4604E014F8013F002B00F0BB
:10946000D280252BF8D1B4EB0B0540F0CF802378C8
:10947000002B00F0E3804FF000038DF837304FF001
:10948000FF320023CDE90323617804F1010B9846F4
:109490000BF1010BA1F12003582B00F2DC80DFE877
:1094A00013F0B201DA00DA00AD01DA00DA00DA0016
:1094B000DA00DA00DA007601A701DA00810186011C
:1094C000DA00A20159005900590059005900590009
:1094D000590059005900DA00DA00DA00DA00DA003F
:1094E000DA00DA00DA00DA00DA006800DA00DA001E
:1094F000DA00DA00DA00DA00DA00DA00DA00DA009C
:109500001902DA00DA00DA00DA00DA00EA01DA0039
:10951000DA001D04DA00DA00DA00DA00DA00DA0034
:10952000DA00DA00DA00DA00DD016A00DA00DA00D7
:10953000DA00D8016A00DA00DA00CB01DA00BD01F6
:109540001B047F027A02DA005902DA001904DA00F9
:10955000DA004204A1F1300300221BF8011B02EBE8
:10956000820203EB4202A1F13003092BF5D90492E8
:1095700090E748F0100818F0200F00F0D780079B04
:10958000073323F007031A46596852F8083B07923D
:109590000A460029C0F2DE8003999DF83750002961
:1095A000C0F2E38053EA020128F0800840F0DD8039
:1095B000039B002B40F0598401934C46002D00F092
:1095C000BE81019A01320192B9E1029D08982946B3
:1095D00001F02AFF002840F04384B5F90C2002F086
:1095E0001A020A2A7FF427AF029BB3F90E30002B30
:1095F000FFF621AF0299089823465A462DB0BDE8E0
:10960000F04F00F059BCB4EB0B0517D0119B2B4465
:109610001193109B0133072BCAE900B5109305DCA9
:109620000AF1080A059B2B44059320E70299089844
:109630000FAA02F035FA28B9CA46F3E7119B002BAE
:1096400040F00084029B9B895B0600F10984059829
:109650002DB0BDE8F08F0029F0D000238DF8373011
:1096600001238DF84810019312AC00220392069258
:1096700018F08407DDE9102105D10498019D451BF0
:10968000002D00F34F829DF8370080B101320DF1BB
:1096900037000131CAF80000072A4FF00100CDE978
:1096A0001021CAF8040000F377820AF1080A06982C
:1096B00078B101320EA80231CAF80000072A4FF033
:1096C0000200CDE91021CAF8040000F373820AF108
:1096D000080A802F00F09B810398C51A002D00F323
:1096E000D58101321944072ACDE91021CAF800407A
:1096F000CAF8043000F302820AF1080A18F0040FD5
:1097000005D0049B019A9C1A002C00F36182DDE9CC
:10971000042301988242ACBF9B181B1805930029B3
:1097200040F0F78100231093CA468EE6079A18F09E
:10973000100F52F8043B079207D118F0400F04D0E5
:1097400043F3C03211461BB223E7DA171146002952
:10975000BFF622AF03995B4262EB42022D2500293E
:109760008DF8375001DB28F080080A2B72F10001D8
:1097700080F0F3823033DBB28DF86F30039B012B26
:10978000B8BF012301930DF16F04012316E7079B76
:1097900053F8042B0492002A80F28882049A0793DB
:1097A000524204929BF8001048F0040870E65846B4
:1097B00010F8011B2A2900F05A83A1F13003092B6C
:1097C00098BF002200F2478310F8011B02EB8202CF
:1097D00003EB4202A1F13003092BF5D942EAE2730F
:1097E0000393834656E69BF8001048F080084FE646
:1097F0002B239BF800108DF8373049E69BF80010BA
:1098000048F0010844E69DF837309BF80010002B23
:109810007FF43EAE20238DF8373039E618F0200F64
:1098200000F04D82079B059A1B681A60D2175A6098
:10983000079B0433079308E69BF800106C2903BFCD
:109840009BF8011048F020080BF1010B48F01008BC
:109850001EE69BF8001048F0400819E6079B00221E
:109860008DF8372053F8042B079301238DF84820F7
:10987000019312ACF9E648F0100111F0200200F05B
:10988000DE81079B073323F0070318465A6850F818
:10989000083B079003980025A8428DF83750C0F286
:1098A000A782012553EA020021F0800840F094804D
:1098B0000398002840F09E82002D40F0F38111F0C3
:1098C000010300F0F88130228DF86F2001930DF133
:1098D0006F0434E048F0100111F0200200F0BE8166
:1098E000079B073323F0070318465A6850F8083BD4
:1098F000079003980025A8428DF83750D2DA8846A1
:109900004C4603F00701DB0843EA4273D2083031CA
:1099100053EA0205204604F8011DF2D118F0010FA8
:109920006DD030296BD0039A0238302304F8013C03
:10993000A9EB00039A42B8BF1A460446019218F0F8
:10994000020206923FF494AE019A02320192022280
:1099500006928DE6079D039B55F8044B00218DF878
:109960003710002C00F05E82002BC0F2DF811A4617
:109970002046FFF745FB002800F06B82031B9DF893
:10998000372023EAE3710191002A00F0528200227D
:109990000795039215E69BF8001048F0200877E53C
:1099A000079A52F8043B079247F63002ADF8382088
:1099B000B24A099248F00208002200218DF83710BF
:1099C000039900290DDB414653EA02004FF00205DE
:1099D00021F080083FF46CAF012D00F05482022D7D
:1099E0008ED109984C4603F00F011B09415C04F825
:1099F000011D43EA0273120953EA0201F3D1039AEB
:109A0000A9EB04039A42B8BF1A46019297E704985B
:109A1000019D451B002D7FF75FAE102D984E23DD75
:109A200006945046089C10279A4604E0103D102DDD
:109A300000F1080015DD01321031072AC0E9006786
:109A4000CDE91021F2DD02990FAA204602F028F894
:109A500000287FF4F7AD103D102DDDE910214846B8
:109A6000E9DC069C5346824601322944072ACDE9A7
:109A70001021CAF80060CAF8045000F3C5810398A9
:109A8000C51A002D0AF1080A7FF72BAE102D7C4E67
:109A900026DD03945046089CB24610271E4604E07B
:109AA000103D102D00F1080016DD0132744B10310D
:109AB000072AC0E90037CDE91021F1DD02990FAA8C
:109AC000204601F0EDFF00287FF4BCAD103D102DC5
:109AD000DDE910214846E8DC039C334656468246C1
:109AE00001322944072ACDE91021CAF80060CAF8DA
:109AF000045000F3C9800AF1080AF2E502990898B7
:109B00000FAA01F0CDFF00287FF49CAD1199CA4641
:109B1000F4E5029908980FAA01F0C2FF00283FF46B
:109B200001AE8FE5102D574E28DDCDE90A74504661
:109B30003746089C029E9A4604E0103D102D00F125
:109B4000080016DD013210311023072ACDE910215B
:109B500007604360F1DD0FAA3146204601F0A0FF07
:109B600000287FF46FAD103D102DDDE9102148462F
:109B7000E8DC3E460B9C0A9F53468246013229444C
:109B8000072ACDE91021CAF80060CAF8045000F392
:109B900021810AF1080A76E5029908980A930FAA2A
:109BA00001F07EFF00287FF44DADDDE910210A9B16
:109BB000CA467CE50299089806930FAA01F070FF47
:109BC00000287FF43FADDDE91021069BCA4680E501
:109BD000102C109B2B4E1FDD089FDDF808801025F0
:109BE00004E0103C102C0AF1080A15DD0133103195
:109BF000072BCAE90065CDE91031F2DD0FAA414615
:109C0000384601F04DFF00287FF41CAD103C102CAD
:109C1000DDE91031CA46E9DC01332144072BCAE9EA
:109C20000064CDE910317FF772AD029908980FAA50
:109C300001F036FF00287FF405AD119967E507981C
:109C400050F8043B079011F010007FF423AE11F0A0
:109C500040023FF41FAE9BB202461BE6079850F845
:109C6000043B079011F010007FF443AE11F0400266
:109C70003FF43FAE9BB202463BE600BF50040100FA
:109C800034060100240601000299089803930FAAE4
:109C900001F006FF00287FF4D5ACDDE91021039B1D
:109CA000CA461EE5039B01934C4648E69BF800100C
:109CB0000793FFF7EDBB039A01924C463FE618F07D
:109CC000100F38D118F0400F35D0079B059A1B684C
:109CD0001A80ADE54146D0E54146FDE56B4B099361
:109CE00018F020022CD0079B073323F007031846F7
:109CF0005A6850F8083B079018F0010F3FF45DAE2A
:109D000053EA02003FF459AE8DF8391030218DF836
:109D1000381000218DF837100399002980F28D80CA
:109D200048F002085DE65A4B0993D9E72046FDF753
:109D3000C7F9034623E6079B059A1B681A6077E577
:109D4000079850F8043B079018F01000D4D118F091
:109D500040021CBF9BB20246CEE74E4ECDF804A097
:109D60004C464FF0050E991841F10001A6FB010782
:109D700027F0030000EB9700091A581A9A469446F8
:109D800062F100034FF0CC3202FB00F206FB03222B
:109D9000A0FB063003F001070244A7FB0E074018A2
:109DA000BAF10A0F4FEA530300F130007CF1000CC6
:109DB00043EAC27304F8010D4FEA5202D3D2039A68
:109DC000DDF804A0A9EB04039A42B8BF1A46019239
:109DD000FFF7F4BB029908980A930FAA01F060FEFE
:109DE00000287FF42FACDDE910210A9BCA464AE423
:109DF0008846BAE4012D7FF4F2AD00253023BBE4A0
:109E0000FDF7CEFCFFF7F9BA0299089806930FAA5E
:109E100001F046FE00287FF415ACDDE91021069B19
:109E2000CA4659E4062B28BF06231B4C079501930D
:109E30001BE4CDE9062503921AE428F0800141F0E5
:109E40000208CEE5029908980FAA01F029FEFFF753
:109E5000F9BB039B93E5002383460393FFF71ABBEB
:109E60004FF0FF330593FFF7F2BB302384E4079BE9
:109E70009BF8011053F8042B079342EAE2728346E1
:109E80000392FFF705BB00256FE400BF3C0401000F
:109E900050040100CDCCCCCC6404010010B4054CBE
:109EA0008446134620685DF8044B0A466146FFF776
:109EB00097BA00BF2800002070B50C468989ADF51F
:109EC0008D6D21F00201ADF80C101AA900910491DA
:109ED0004FF4806102910591616E1991E189ADF8AD
:109EE0000E10E1690791616A0991002106916946A6
:109EF0000646FFF775FA051E07DB69463046FFF791
:109F000083F9002818BF4FF0FF35BDF80C305B0611
:109F100003D5A38943F04003A38128460DF58D6D39
:109F200070BD00BF2DE9F04F01F10B05162D83B078
:109F3000064623D8102900F2AF8001F089FD1025D4
:109F400018230220C04F3B44A3F108025C689442EE
:109F500000F024816368E268A16823F00303CA600B
:109F60002344304691605A6842F001025A6001F081
:109F700071FD0834204603B0BDE8F08F35F00705C9
:109F800000F18A80A94200F2878001F061FDB5F5F9
:109F9000FC7FC0F06B816B0A00F08280042B00F222
:109FA0002381AB0903F1390003F1380EC300A64F3A
:109FB0003B44A3F1080C5C68A44507D10DE0002ADE
:109FC000E16880F2E5808C4507D00C46636823F099
:109FD00003035A1B0F2AF2DD7046DFF870823C69DA
:109FE000444500F0C280636823F0030CACEB05032A
:109FF0000F2B00F33F81002BC7E9048880F22A81F0
:10A00000BCF5007FD7F804E080F0CE804FEADC0199
:10A0100001314FEA5C1C012303FA0CF357F831209D
:10A02000A2604EEA030E07EBC103083BE360C7F8EA
:10A0300004E047F83140D46083104FF0010C0CFA73
:10A0400003FCF44532D81CEA0E0F08D120F00300BF
:10A050004FEA4C0C1CEA0E0F00F10400F8D007EB9D
:10A06000C00AD6468146DEF80C300BE0596821F074
:10A0700003014A1B0F2A1C46DB6800F3C180002A3B
:10A0800080F2D5809E45F1D109F1010919F0030F45
:10A090000EF1080EE7D116E10C233360002469E7C6
:10A0A0004FF4007340204FF03F0E80E7BC686368B8
:10A0B00023F00309A94503D3A9EB05030F2B57DCB4
:10A0C000DFF88CB1DBF8002004EB09031032082024
:10A0D00002EB0508009301F01BFCD7F808140131CE
:10A0E000024605D008F1FF388044414201EA0808E1
:10A0F00041463046019201F0AFFCB0F1FF3F019ABA
:10A10000824600F0D280009B834200F2CC80DBF8D4
:10A1100004104144CBF80410084602F1FF3C40F023
:10A12000F4801AEA0C0F40F0F080D7F808A0C84479
:10A1300048F00100CAF80400DBF82C208A42DBF862
:10A14000302038BFCBF82C108A4238BFCBF8301003
:10A15000544620F00308A845A8EB050301D30F2BB4
:10A1600006DC304601F076FC98E7D7F804E063E7B8
:10A17000621943F0010345F0010565603046BA609D
:10A18000536001F067FC0834204603B0BDE8F08F4F
:10A19000A2682344D16030468A60E4E6DC68A342CA
:10A1A0007FF4D8AE023018E7BCF5206F4FEA5C228E
:10A1B00072D3142A00F2088102F15C03DB005B32E7
:10A1C000F918FB580839994203D1E4E09B68994299
:10A1D00004D05A6822F003026245F7D8D968C4E96E
:10A1E00002318C60DC6027E7142B61D9542B00F21C
:10A1F000F4802B0B03F16F0003F16E0EC300D6E663
:10A20000D4F808C03046661945F001056560CCF801
:10A210000C30C3F808C042F00103C7E90466C6E980
:10A2200002887360625001F015FC0834A2E62144F4
:10A2300030464A6842F001024A6054F8082FD36061
:10A240009A6001F007FC95E660010020680100209B
:10A250004C1F0020A4443046DCF8043043F00103D6
:10A26000CCF8043001F0F6FB083483E6E80805F189
:10A27000080367E6621943F0010145F001056560D6
:10A280003046C7E90422C2E90288516044F80C3024
:10A2900001F0E0FB08346DE64FEA9C1202F139034D
:10A2A000DB0038328CE7BC4228D0BC68606850E7DD
:10A2B00003F15C0003F15B0EC30078E65AF808393D
:10A2C000534540F0D78010F0030F00F1FF30F5D177
:10A2D0007B6823EA0C037B604FEA4C0C9C453FF6FD
:10A2E000E5AEBCF1000F04D1E0E64FEA4C0C09F1F9
:10A2F00004091CEA030FF8D04846B0E6DBF8040076
:10A300004044CBF8040002F1FF3CD7F808140131B7
:10A310006DD0009BAAEB03031844CBF804001AF09D
:10A320000703009341D0C3F108018A44D0440A4492
:10A3300008EA0C01521A02EA0C013046019101F0C0
:10A340008BFB421C6FD00199A0EB0A0000EB0108C7
:10A35000DBF80420C7F808A048F001001144BC4213
:10A36000CAF80400CBF804103FF4E6AEB9F10F0FC1
:10A3700040D96268A9F10C0020F0070002F0010248
:10A3800002436260052322180F28C2E9013352D824
:10A39000DAF80400D0E692104FF0010C0CFA02F249
:10A3A0004EEA020EC7F804E019E70AEB080101EAD9
:10A3B0000C01521A02EA0C013046019101F04CFBEB
:10A3C000431CC0D10099C3E7542A17D84FEA1C3266
:10A3D00002F16F03DB006E32F2E6B3F5AA7F17D805
:10A3E000EB0B03F1780003F1770EC300DFE5C7F84C
:10A3F00008A494E70123CAF80430B2E6B2F5AA7FB4
:10A4000023D84FEADC3202F17803DB007732D7E65B
:10A4100040F25452934223D8AB0C03F17D0003F178
:10A420007C0EC300C3E5009BA3F108029044A8EB97
:10A430000A0800218CE704F10801304601F0B2F867
:10A44000DBF80410D7F808A0A2E740F254539A4270
:10A450000CD84FEA9C4202F17D03DB007C32AFE670
:10A460004FF47E737F204FF07E0EA0E54FF47E7395
:10A470007E22A5E67B682FE72DE9F04F03690C6982
:10A48000A34283B0C0F28A80013C01F1140500F1BF
:10A49000140855F8243058F8242001339A428E4687
:10A4A00081464FEA840105EB840708EB840AB2FB7E
:10A4B000F3F63AD3CDE900150022AC4640461346E8
:10A4C0005CF8041B05681FFA81FB06FB0B22090CD4
:10A4D0004FEA124B06FB01BB92B2A9B2891A19448A
:10A4E0001FFA8BF3C3EB214303EB154389B241EA17
:10A4F0000341674540F8041B4FEA1B424FEA2343E0
:10A50000DED2DDE9001558F8013073B9AAF1040A6A
:10A51000D04504D307E0D04504F1FF3403D25AF804
:10A520000439002BF7D0C9F810407146484601F0B5
:10A53000A9FD00282EDB4146002255F8040BD1F876
:10A5400000C01FFA80FE1FFA8CF3A3EB0E03134426
:10A55000020CC2EB234202EB1C429BB243EA0243D1
:10A56000AF4241F8043B4FEA2242E6D258F8242099
:10A5700008EB84036AB9043B434504D807E09845D7
:10A5800004F1FF3403D253F80429002AF7D0C9F8A4
:10A5900010400136304603B0BDE8F08F002003B014
:10A5A000BDE8F08F2DE9F04F9DB0CDE90A32029160
:10A5B000816B269D04908DED060B57EC106B49B115
:10A5C000C26B4A600123934004468B6001F09EFAFF
:10A5D0000023A363B7F10009B4BF012300232B605C
:10A5E000774BBCBF29F00049CDF81C9033EA090332
:10A5F00000F0AA809DED067B002251EC170B002392
:10A600008DED007B03F07EF8804668B10A9A012345
:10A610001360279B13B1279A6A4B13606A4B05930B
:10A6200005981DB0BDE8F08F9DED000B04981AAAA7
:10A630001BA901F095FE5FEA1955824640F09A8009
:10A64000DDE91A85454405F23243202B40F38C8323
:10A65000C3F1400309FA03F905F2124326FA03F3A2
:10A6600049EA030002F06CFD0123013DA1F1F871FC
:10A670001293564B002202F025FC4BA3D3E9002392
:10A6800002F0D8FD4AA3D3E9002302F01DFC0646E0
:10A6900028460F4602F064FD47A3D3E9002302F0E9
:10A6A000C9FD02460B463046394602F00DFC06460F
:10A6B0000F4603F06FF8002204460990002330464D
:10A6C000394603F029F8002840F02483099CA8EBC0
:10A6D000050808F1FF33162C089300F28C813C4BDF
:10A6E00003EBC403D3E90023DDE9000103F014F810
:10A6F000002873D0631E099300231193089B002B3D
:10A70000C0F27F8100230C93099B002B6CDA099B1C
:10A710000C9A0D93D21A0C925A4200230993029B71
:10A720001092092B6AD8052B40F32383043B029334
:10A730000025029B023B032B00F23886DFE813F072
:10A7400070046D04650449040A9AC9F3130942F2BE
:10A750000F7359EA060913601CD1279B002B00F0E8
:10A7600045861C4B05930833279A059813601DB046
:10A77000BDE8F08FDDE90012C2F31303084643F091
:10A780007F51CDF84880A5F2FF35DDF8688041F4AF
:10A7900040116EE7279B002B40F0F6830E4B05938C
:10A7A0003EE700BFAFF3008061436F63A787D23FEE
:10A7B000B3C8608B288AC63FFB799F501344D33FB0
:10A7C0000000F07F6D0401006C0401000000F83F00
:10A7D00058060100700401007C040100B8F1000F6C
:10A7E00040F3A38411900C90DDE9083213440893E0
:10A7F00000231093029B0D92092B94D9002301256D
:10A8000002930E954FF0FF3B0B93049BCDF84CB099
:10A810000021D963049801F053F90590002800F055
:10A82000CE85DDE90432BBF10E0F9A6300F2188188
:10A83000002D00F015810D99002940F34684B34B9B
:10A8400001F00F0203EBC203C805D3E900894FEA08
:10A85000211540F10884AE4BDDE90001D3E908235E
:10A8600002F012FECDE9140105F00F0503277DB1BA
:10A87000A74EE90708D540464946D6E9002302F02D
:10A88000D9FC0137804689466D1006F10806F0D1E3
:10A8900042464B46DDE9140102F0F6FD804689464A
:10A8A000119B43B19B4B00224046494602F034FFC6
:10A8B000002840F00B85384602F052FC42464B46D9
:10A8C00002F0B8FC944B002202F0FEFAA1F15073A2
:10A8D000CDE914011593BBF1000F00F0A8800D9B8A
:10A8E000CDE918B34946404602F054FF189A874B09
:10A8F00003EBC20313ED027B05468DED167B02F0E0
:10A900002FFC0B4602464946404602F0DBFA059F03
:10A910000E9B30357E1CECB2804689463546002BB6
:10A9200000F06C84DDE916237C49002002F0ACFDC8
:10A93000DDE9142302F0C6FA3C7042464B46044659
:10A940000D4602F007FF002840F0B884CDF850A073
:10A95000CDF858B00027AB46A246189D2AE0013733
:10A96000AF4280F2FD846E4B50465946002202F001
:10A9700061FC6B4B002282468B464046494602F002
:10A9800059FC8946804602F005FF044602F0E8FBC8
:10A9900002460B464046494602F094FA303406F827
:10A9A000014B52465B468046894602F0B5FE0028C0
:10A9B00040F0D38442464B465649002002F082FACA
:10A9C00052465B4602F0A8FE0028C8D0199BDDF86D
:10A9D00050A0059A374603F1010802E0974200F0C3
:10A9E0009B843E4617F8013D392BF7D00133DBB28B
:10A9F0003B7045467DE101231193089B002BBFF678
:10AA000081AEC8F101030C93002308937CE638461D
:10AA100002F0A6FB42464B4602F00CFC3E4B0022E5
:10AA200002F052FAA1F15073CDE9140115933D4B98
:10AA300000224046494602F045FADDE91445224627
:10AA40002B4606460F4602F085FE002840F0738430
:10AA500030463946224605F1004302F05DFE28BB30
:10AA60001B9B002BC0F290800D9A0E2A00F38C8065
:10AA7000264B0D9A03EBC20393ED007B0B9B002B3F
:10AA80008DED027B19DABBF1000F16DC0ED1254BE0
:10AA90000022DDE9020102F0CDFB02460B46DDE9B2
:10AAA000000102F043FE002800F045840023059ECB
:10AAB00000931F460B9BDD432DE2059B5D1CDDE9EA
:10AAC0000278DDE900013A46434602F0DDFC02F07F
:10AAD00061FE064602F044FB3A46434602F0AAFBFA
:10AAE00002460B46DDE9000102F0ECF9059A06F199
:10AAF0003003BBF1010F2F46137000F021830125B5
:10AB0000CDF800A0A846DDE9029A2BE05806010026
:10AB1000480701000000F03F00001C400000E03F3B
:10AB200000002440000014404A465346204629466F
:10AB300002F0AAFC02F02EFE064602F011FB4A4685
:10AB4000534602F077FB08F101080B4602462946FE
:10AB5000204602F0B7F906F13003D84507F8013B6B
:10AB600000F0EC82844B002202F064FB0022002300
:10AB700004460D4602F0C6FD0028D5D00D9DDDF837
:10AB800000A001353E46B4E00E9A002A40F0D8807D
:10AB90000023109E0C9D0E931F4665B1089A002A53
:10ABA00009DD0C99AA421346A8BF2B46C91AED1A13
:10ABB000D31A0C910893109B53B10E9B13B1002E26
:10ABC00040F0F7825146109A049801F089F98246C4
:10ABD0000498012101F0A0F8099B0090002B40F09F
:10ABE000BE81029B012B40F3D4810120089A1044BE
:10ABF00010F01F0000F09B80C0F12003042B40F3F5
:10AC0000E3810C9BC0F11C00034402440C930544F7
:10AC100008920C9B002B05DD514604981A4601F062
:10AC2000B9F98246089B002B05DD009904981A4665
:10AC300001F0B0F90090119B002B40F07581BBF141
:10AC4000000F40F34C810E9B002B40F0A4800D9D23
:10AC50000135DDF81480009CDDF81090012607E036
:10AC6000514600230A22484600F05AFF0136824628
:10AC700021465046FFF700FCB34500F1300008F8CC
:10AC8000010BEDDCBBF1000F059BCCBF5E4601263E
:10AC9000814603EB060B002451460122049801F083
:10ACA00079F90099824601F0EDF9002840F3EE8130
:10ACB000059A02E0934500F003825E460BF1FF3BEC
:10ACC00016F8013C392BF5D001338BF80030DDF854
:10ACD00010800099404600F019FF57B12CB1BC42DA
:10ACE00003D02146404600F011FF0498394600F099
:10ACF0000DFF0498514600F009FF002333700A9BB2
:10AD00001D60279B002B3FF48BAC05981E601DB087
:10AD1000BDE8F08F204602F023FA32463B4602F0AF
:10AD2000F1FC00287FF4D2AC631E0993CEE41C230F
:10AD30000C9A1A440C92089A1A441D44089268E727
:10AD4000029A012A40F3AD81109B0BF1FF36B3420A
:10AD5000C0F26981BBF1000FA3EB060680F2EF821F
:10AD60000C9BA3EB0B056CE1C3F1200306FA03F087
:10AD700078E40125DDE400BF0000244039460023CB
:10AD800004980A2200F0CCFE139B002B074640F3E8
:10AD9000FF820D969B46002D05DD394604982A4614
:10ADA00001F0F8F80746099B002B40F0E681B84611
:10ADB000059E731E03EB0B04069B03F00103CDE914
:10ADC0000B43049C00995046FFF756FB39468346D7
:10ADD000504601F057F9009905464246204601F0D9
:10ADE00073F9C3680BF130090146ABBB09905046BB
:10ADF00001F048F909990890204600F087FE089A6A
:10AE0000002A54D1029B1BB90C9B002B00F0AE8290
:10AE1000002D3FDB0B9BB3469E420BF8019B00F0DD
:10AE2000C381514600230A22204600F079FE47459F
:10AE3000824639464FF000034FF00A02204630D0D8
:10AE400000F06EFE4146074600230A22204600F02D
:10AE500067FE5E468046B5E7049800F057FE002D79
:10AE600006DB069B03F00102029B1D432A4329D106
:10AE700051460122049801F08DF80099824601F0B4
:10AE800001F9002840F3F680B9F1390F00F049824A
:10AE90000BF131090D9D06F8019B3C4601354746F3
:10AEA00015E700F03DFE5E46074680468AE7002D26
:10AEB000C0F29382029B1D430C9B1D4300F08D82C8
:10AEC000002AA7DDB9F1390F00F02B820D9D09F1A1
:10AED00001033C4606F8013B01354746F7E6029B75
:10AEE000022B7FF7B0AEBBF1000F40F02581009937
:10AEF00004985B46052200F013FE01460090504680
:10AF000001F0C0F8002840F31781059E0D9D312304
:10AF100006F8013B01350099049800F0F7FD013572
:10AF2000002F7FF4E2AEE4E60099504601F0AAF863
:10AF30000028BFF684AE5146002304980D9C0A22D7
:10AF400000F0EEFD0E9B661E8246002B7FF416AFCE
:10AF5000139B002B40F311820D9D9B4679E6014621
:10AF60001A46049800F0BCFF029B0090012B6EDD96
:10AF700000230993009A136902EB8303186900F018
:10AF800079FEC0F1200031E6984B05930333FFF7BB
:10AF9000EBBB069B002B7FF428AEDDE90612C2F363
:10AFA0001303002B7FF421AE914B134033B10C9B64
:10AFB00001330C93089B013308930123099A0993E9
:10AFC000002A3FF412AED5E73FF423AEC0F13C03B4
:10AFD000AEE601230E930B9B0D9A134403F1010B74
:10AFE0005E46012E1393B8BF0126172E40F3F98158
:10AFF000012204235B0003F11400B042114602F168
:10B000000102F7D9049BD96304E401230E930B9E3C
:10B01000002E36DD1396B346E7E700230E93DAE7FA
:10B0200000230E93F3E7109B099A1096F31A1A4423
:10B03000089B09925B4408930C9B1D465B440C9350
:10B0400000260498012100F067FE0746A5E5069B4F
:10B05000002B8DD1DDE90601C1F313030A46002B55
:10B06000A2D0099086E79DED007B02278DED147B31
:10B07000FFF7FDBB7FF40EAF19F0010F7FF404AFB3
:10B0800008E701230B939B46FFF7BFBB03D119F0E1
:10B09000010F7FF40DAE5E461BF8013D302BFAD058
:10B0A00015E6129A002A00F09C8003F23343089AB6
:10B0B000109E1A4408920C9A15461A440C92C0E746
:10B0C000059A31230135137001E600F0FA800D9ADC
:10B0D000484B554205F00F0203EBC203D3E90023AE
:10B0E000DDE9000102F0A6F82D11CDE9140100F010
:10B0F0005881414E0023022780468946EA0709D538
:10B10000D6E900234046494602F094F801378046CC
:10B11000894601236D1006F10806EFD1002B7FF45C
:10B12000BFABDDE91489FFF7BBBBC8F10103089091
:10B130000C931190FFF758BB059EBBE4DDF800A00F
:10B1400002460B4601F0C0FE0D9DCDE90001013520
:10B1500002460B46DDE90201A84602F0DDFA40B9DD
:10B16000DDE90023DDE9020102F0CCFA18B1F307B2
:10B1700001D5059A35E43E46BBE57968049800F0B0
:10B180009FFC0546002800F021813B6902339A00AC
:10B1900007F10C010C30FCF757F9049829460122FD
:10B1A00000F0F8FE804603E60D9D3C46013547461B
:10B1B00072E5049C39463246204600F091FE524624
:10B1C00001460746204600F0D5FD51468046204600
:10B1D00000F09CFC109B9B1BC24610933FF4F8AC04
:10B1E000F0E41A9BC3F1360361E700BF7C04010061
:10B1F0000000F07F5806010048070100DDE9162332
:10B20000DDE9140102F016F8059B1C70189B012B58
:10B21000CDE90E0100F0C380189F059B12961F44D4
:10B220007A4B00224046494602F004F80D46044697
:10B2300002F0B0FA814601F093FF09F130090246AD
:10B240000B462046294601F03DFE06F8019BBE4212
:10B2500080468946E4D1129D6D4B0022DDE90E0146
:10B2600001F032FE02460B464046494602F072FAB1
:10B2700000286CD1DDE90E236549002001F022FE93
:10B2800002460B464046494602F046FA80B91B9BEF
:10B29000002BFFF67DAC0D9B0E2B3FF779AC5D4B81
:10B2A0000D9A03EBC20393ED007B8DED027B06E468
:10B2B0003E46013F16F8013C302BF9D0199D01356F
:10B2C00017E5DDE900890227FFF7EABABBF1000FB5
:10B2D0003FF49DAB139C002C7FF7C2AB0D9B013B51
:10B2E0000022404649461993484B01F0A3FF80468F
:10B2F0008946781C01F034FF42464B4601F09AFF24
:10B30000454B002201F0E0FDA1F15073CDE914019D
:10B3100018941593FFF7E6BA08F101083123FFF7F7
:10B3200067BB0D9D059AB34639233C460BF8013B9C
:10B3300001354746C1E4002300931F46E5E5089B1D
:10B340005B4408930C9B1D465B440C9379E6199B68
:10B35000059A03F10108FFF744BBDDF850A0ADE703
:10B36000DDF850A0DDF858B0FFF77ABBB9F1390F1E
:10B37000D7D0002D3FF78CAD8CE5029B022B03DC70
:10B380000D9DDDF84CB064E4DDF84CB00D96AAE5F7
:10B39000029B022BF8DCDDF84CB00D96FBE437463F
:10B3A0005AE7DDE914890227FFF77ABA049B0025E2
:10B3B000DD632946184600F083FB0590D0B9174B92
:10B3C0001748002240F2AF11FBF738FF134B144827
:10B3D0002A4640F2EF21FBF731FF002A3FF748AD44
:10B3E00058E5049B0021D963FFF714BA0D4B059370
:10B3F000FFF716B9DDE904329A634FF0FF330122FB
:10B400000B9513930E929B46FFF72ABB0000244036
:10B410000000E03F5806010000001C4080040100CD
:10B42000940401007004010038B52F4B1B680546D9
:10B430000C4613B15A6B002A4BD0B4F90C301807E4
:10B440001CD5226922B313F0010107D061690020E5
:10B450004942A060A1613AB1002038BD980758BFA9
:10B460006169A160002AF7D1190658BF1046F4D5CA
:10B4700043F04003A3814FF0FF3038BDD9062CD5EF
:10B480005A0712D4226943F00803A381002ADAD1B3
:10B4900003F42071B1F5007FD5D02146284601F094
:10B4A00075F8B4F90C302269CDE7216B51B104F184
:10B4B0004002914204D0284600F074F8B4F90C30F0
:10B4C0000022226322690021C4E9002123F0240321
:10B4D000D9E71846FCF764F9AFE7092243F04003C7
:10B4E0002A60A381C7E700BF280000202DE9F843A8
:10B4F00006460820894600F00BFADFF8A4800546CE
:10B50000304600F0A5FAD8F808305F6827F0030746
:10B51000A7F11104A4EB09042C44B4FBF5F4013C9D
:10B5200005FB04F4A54208DC0021304600F094FA43
:10B53000D8F808303B44984205D0304600F08AFAEB
:10B540000020BDE8F8836142304600F085FA013002
:10B550000FD0114AD8F808303F1B47F001075F6051
:10B56000136830461B1B136000F074FA0120BDE81D
:10B57000F8830021304600F06FFAD8F80820831ACB
:10B580000F2BDADD43F001035360044B02491B68C3
:10B59000C01A0860D1E700BF501F002068050020D6
:10B5A0006001002000297CD02DE9F0410C46804646
:10B5B00000F04EFA54F8043C754FA4F1080523F04E
:10B5C00001016818BE684268864222F0030200F05A
:10B5D0008380DE07426000EB020C33D454F8084C41
:10B5E000DCF804302D1B2144AC6807F1080C6445DD
:10B5F00003F0010364D0D5F80CE0C4F80CE0CEF8F9
:10B600000840002B00F0818041F001036B60016075
:10B61000B1F5007F22D27868CB08012249090133B5
:10B620008A40024357F833107A6007EBC302083AA6
:10B63000C5E9021247F83350CD604046BDE8F041FD
:10B6400000F008BADCF80430DB072BD541F0010329
:10B65000B1F5007F44F8043C0160DCD3B1F5206F04
:10B660004FEA512353D28B0903F1390003F1380219
:10B67000C300F818FB580838984203D161E09B6872
:10B68000984204D05A6822F003028A42F7D8D86858
:10B69000C5E902308560DD604046BDE8F04100F05C
:10B6A000D9B97047114407F1080C836863453FD04E
:10B6B000C268DA60936041F001036B606950A7E7EC
:10B6C000002B5FD10A44D0E90213CB60996042F0AD
:10B6D00001036B60AA50B0E7DB070A4407D454F8B3
:10B6E000083CED1A1A44D5E90213CB60996042F088
:10B6F00001036B60274BBD601B6893429DD8264BAE
:10B7000040461968FFF7F2FE97E71144CDE7142B86
:10B7100008D9542B1DD80B0B03F16F0003F16E02F7
:10B72000C300A6E703F15C0003F15B02C300A0E7DE
:10B7300041F00103C7E90455C5E902CC6B606950CB
:10B740007BE779689210012404FA02F20A437A60D6
:10B750009EE7B3F5AA7F06D8CB0B03F1780003F17F
:10B760007702C30085E740F25452934206D88B0C0F
:10B7700003F17D0003F17C02C3007AE74FF47E738E
:10B780007E2276E741F001036B60016055E700BF60
:10B79000600100206C0500204C1F002070B539B1FD
:10B7A00006460C4608B1436B83B3B4F90C3013B9A9
:10B7B0000025284670BD21463046FDF789FCE36A26
:10B7C000054633B1E169304698470028B8BF4FF0CD
:10B7D000FF35A3891B061CD4216B41B104F1400342
:10B7E000994202D03046FFF7DDFE00232363616CEF
:10B7F00021B13046FFF7D6FE00236364FBF7E0FF7C
:10B800000023A381FBF7DEFF284670BDFBF7C8FFCE
:10B81000CBE721693046FFF7C5FEDDE7024B014665
:10B820001868FFF7BBBF00BF280000202DE9F04FCC
:10B83000294F83B03E6801905EB38B464FF00009FC
:10B840004FF001087468651E23D4013406EB8404AC
:10B85000BBF1000F20D173682268013BAB420CBFE3
:10B860007560C4F800907AB1D6F88811D6F804A0B3
:10B8700008FA05FC1CEA010F1AD1904771683A6872
:10B88000514522D1B24220D1013D6B1CA4F10404E8
:10B89000DED103B0BDE8F08FD4F800315B45DAD0DB
:10B8A000013D6A1CA4F10404F6D103B0BDE8F08F99
:10B8B000D6F88C31D4F880101CEA030F09D1019816
:10B8C000904771683A685145DCD0002AE1D01646AD
:10B8D000B8E708469047D1E7801F0020024B13B11C
:10B8E0000248FBF793BF704700000000E17A0000B8
:10B8F000024B01461868FEF715BB00BF2800002068
:10B90000024B01461868FFF74DBE00BF280000201B
:10B91000082802D14FF48050704708B500F0F4FEBB
:10B92000162303604FF0FF3008BD00BF10B50C4672
:10B93000B1F90E1000F024FF002803DB236D03444F
:10B94000236510BDA38923F48053A38110BD00BFDC
:10B95000002070472DE9F0410C46B1F90C101F464C
:10B96000CB05054616460BD421F48051A1813B46F8
:10B97000B4F90E1032462846BDE8F04100F052B846
:10B98000B4F90E100223002200F028FFB4F90C10C5
:10B99000EAE700BF10B50C46B1F90E1000F01EFF2B
:10B9A000B4F90C30421C0EBF23F4805343F480538F
:10B9B0002065A38110BD00BFB1F90E1000F05EB884
:10B9C00070B4164D2C681CB365681F2D23DC38B984
:10B9D000AB1C0135656044F82310002070BC704733
:10B9E00004EB850C0228CCF88820D4F888614FF04D
:10B9F000010202FA05F246EA0206C4F88861CCF8B0
:10BA00000831E5D1D4F88C311343C4F88C31DFE729
:10BA1000034C2C60D8E74FF0FF30DFE7801F002099
:10BA2000881F002038B50C46084D84461146204634
:10BA30001A4600232B606446F5F790F8431C00D0AB
:10BA400038BD2B68002BFBD0236038BD841F00203D
:10BA5000704700BF704700BF38B5074D002204464D
:10BA600008462A6001F01AFA431C00D038BD2B6842
:10BA7000002BFBD0236038BD841F002038B5074D54
:10BA80000022044608462A60F4F7C4FF431C00D095
:10BA900038BD2B68002BFBD0236038BD841F0020ED
:10BAA000936810B514461BB918460023636010BD97
:10BAB00000F0D2FE0023A3600023636010BD00BF2E
:10BAC000436C70B505460C464BB153F8240080B169
:10BAD000026843F824200023C0E9033370BD21220B
:10BAE000042100F017FE034668640028EDD1002011
:10BAF00070BD012101FA04F6721D9200284600F083
:10BB000009FE0028F3D0C0E90146E4E731B1436CF7
:10BB10004A6853F82200086043F82210704700BFBB
:10BB20002DE9F0410D6907460E461C4601F1140E41
:10BB30000020DEF800108BB202FB03434FEA134CE7
:10BB4000090C02FB01CC01309BB203EB0C43854294
:10BB50004EF8043B4FEA1C44EBDC3CB1B368AB420B
:10BB600007DD06EB850301355C6135613046BDE8D4
:10BB7000F081716838460131FFF7A2FF8046A8B115
:10BB80003269023206F10C0192000C30FBF75CFCCA
:10BB90007B6C726853F82210316043F8226046468D
:10BBA00006EB850301355C613561DFE7024B034835
:10BBB0004246BA21FBF742FB80040100C0040100A9
:10BBC0002DE9F8431746284A1E4608330C46092E2D
:10BBD00082FB03124FEAE3730546C3EB62033ADDCF
:10BBE0004FF0010C00214FEA4C0C634501F10101BB
:10BBF000F9DC2846FFF764FF014670B3089B4361F8
:10BC0000092F4FF00103036112DC0A340927BE42F9
:10BC10000BDDF61B264414F8013B0A22303B284674
:10BC2000FFF77EFFB4420146F5D10846BDE8F88330
:10BC300004F1090804EB0709444614F8013B0A2201
:10BC4000303B2846FFF76CFF4C450146F5D1A7F184
:10BC500008044444DBE70021CBE70A46034B0448D1
:10BC6000D321FBF7EBFA00BF398EE33880040100E3
:10BC7000C0040100B0F5803F034636BF0304002036
:10BC80001020B3F1807F3CBF1B020830B3F1805F0E
:10BC90003CBF1B010430B3F1804F03D3002B06DB04
:10BCA000013070479B0003D45B0003D42020704711
:10BCB0000230704703307047036813F007020146F3
:10BCC00007D0DA071FD4980721D55B080B60012045
:10BCD000704798B2A0B11046DAB20AB908301B0A10
:10BCE0001A0704BF1B0904309A0704BF9B080230DF
:10BCF000DA0703D45B0800F1010006D00B6070473F
:10BD00001B0C1020E8E700207047202070479B089C
:10BD10000B600220704700BF38B5436C04460D46E7
:10BD20004BB15868B0B102685A6000220123C0E9E3
:10BD30000323456138BD2122042100F0EBFC0346BA
:10BD400060640028EDD1094B0948002240F24511FA
:10BD5000FBF774FA1C220121204600F0DBFC0028CE
:10BD6000F1D001220223C0E90123DEE780040100B3
:10BD7000C00401002DE9F04FD1F810801569A845E5
:10BD800085B00E46924605DB2A46534645468A460E
:10BD900090461E46DAF80830DAF8041005EB08047D
:10BDA000A342B8BF0131FFF78BFE8446002800F0A4
:10BDB0008B8000F1140707EB840E774505D23B46D4
:10BDC000002243F8042B9E45FBD8143606EB880866
:10BDD0000AF11409464509EB850566D2A5EB0A036D
:10BDE000153B23F003030AF1150A043355452CBF14
:10BDF0009B464FF0040BCDF808E00394AE46E246B4
:10BE000005E0090C2AD1B04507F104074AD956F8D4
:10BE1000041B8DB2002DF4D0CC463C460023019685
:10BE20005CF8040B216886B28AB2000C05FB06227E
:10BE3000090C1A4405FB001101EB124192B242EACF
:10BE40000142E64544F8042B4FEA1143E8D8019E2D
:10BE500047F80B3056F8041C090CD4D03B6800227C
:10BE600048461D463C469446028801FB02C202EB4E
:10BE700015429BB243EA024344F8043B50F8043BAA
:10BE800025684FEA134CABB201FB0C3303EB1243B2
:10BE900070454FEA134CE7D3B04547F80B3007F134
:10BEA0000407B4D8DDE902E4D446002C02DC05E046
:10BEB000013C03D05EF8043D002BF9D06046CCF87D
:10BEC000104005B0BDE8F08F034B044862464FF4C4
:10BED000B171FBF7B3F900BF80040100C004010099
:10BEE00012F003032DE9F041144607462CD10D460C
:10BEF000A4101CD03E6C86B3E3074FF0000806D4B4
:10BF0000641014D03068A8B10646E307F8D532466D
:10BF100029463846FFF72EFF35B17B6C696853F828
:10BF200021202A6043F8215064100546EAD12846B2
:10BF3000BDE8F081324631463846FFF71BFF3060DE
:10BF4000C0F800800646E0E7013B0F4A52F8232084
:10BF50000023FFF7E5FD0546CAE701213846FFF754
:10BF6000AFFD064640B1012340F27122C0E9043220
:10BF7000002338640360BFE7044B0548324640F2B3
:10BF80004511FBF75BF900BF480601008004010082
:10BF9000C00401002DE9F0470C4690462769A368CC
:10BFA000496807EB62177D1C9D4206464FEA6219FD
:10BFB00004DD5B009D4201F10101FADC3046FFF730
:10BFC0007FFD8446002851D0B9F1000F00F1140024
:10BFD0000EDD09F105024FEA820E03460CEB8202E8
:10BFE000002143F8041B9342FBD1AEF11403184423
:10BFF000216904F1140318F01F0803EB81012DD00F
:10C00000C8F1200986464FF0000A1A6802FA08F2C1
:10C0100042EA0A024EF8042B53F8042B994222FA02
:10C0200009FAF2D80B1B153B23F00303043304F188
:10C030001502914238BF042340F803A0BAF1000F63
:10C0400000D13D46736C6268CCF8105053F8221052
:10C050002160604643F82240BDE8F087043853F879
:10C06000042B40F8042F9942F9D8EAE7034B04481F
:10C0700062464FF4EF71FBF7E1F800BF8004010066
:10C08000C00401000B6984460069C01A16D10CF186
:10C09000140C14310CEB830210B401EB830301E0A8
:10C0A000944508D252F8044D53F8041D8C42F7D041
:10C0B00005D24FF0FF305DF8044B70477047012008
:10C0C0005DF8044B704700BF2DE9F04F15460A6933
:10C0D0002B69D21A002A83B0884640F0878001F18C
:10C0E000140605F1140101EB830106EB830301E063
:10C0F0009E427ED253F8044D51F8042D9442F7D05D
:10C1000075D32B460024454698466968FFF7D8FC4E
:10C110008146002800F089802E69C460D8F810009C
:10C1200005F1140B08F1140E09F1140A05F11002BF
:10C130000EEB80000BEB860157464FF0000CCDF85C
:10C1400004B05EF8044B52F8045F1FFA84FBABB2F4
:10C15000A3EB0B03240C6344C4EB154404EB23440E
:10C160009BB243EA0443704547F8043B4FEA244C32
:10C17000E7D8A0EB080208F115084045A2F1150226
:10C1800034BF0020012092080028DDF804B002F13D
:10C1900001044FEA840408BF04240BEB0405A94200
:10C1A000544433D92746284650F8043B1CFA83FEF2
:10C1B0001A0C634402EB2E429BB243EA02438142D3
:10C1C00047F8043B4FEA224CEED80139491B21F0D5
:10C1D00003010C4423B954F8043D013E002BFAD06E
:10C1E0004846C9F8106003B0BDE8F08F89DA012431
:10C1F0008BE70021FFF764FC814678B10122002320
:10C20000C0E90423484603B0BDE8F08F00284FEA98
:10C21000820208BF00220AEB0204DBE7064B074854
:10C220004A4640F23721FBF709F8034B03484A46D8
:10C2300040F24521FBF702F880040100C004010030
:10C2400082B08DED000B164B019A1340A3F1507391
:10C25000002B06DD00221946104641EC100B02B0FF
:10C2600070475B42B3F1A07F4FEA235209DA4FF4E3
:10C270000023134100221946104641EC100B02B076
:10C280007047A2F114031E2BDABF4FF00042DA40D0
:10C29000012200231946104641EC100B02B07047F2
:10C2A0000000F07FF8B5046900F1140606EB840481
:10C2B000271F54F8045C2846FFF7DCFCC0F120037C
:10C2C0000A280B6033DDBE42A0F10B0119D254F8ED
:10C2D000080C21B3C1F120078D4020FA07F2154365
:10C2E0008840A4F1080145F07F538E4243F4401387
:10C2F00019D254F80C1CF9400843024643EC102BA9
:10C30000F8BD0B280AD005FA01F141F07F53002057
:10C3100043F44013024643EC102BF8BD002045F0D7
:10C320007F5343F44013024643EC102BF8BDC0F199
:10C330000B0C25FA0CF1BE4241F07F5338BF54F884
:10C34000081C00F1150034BF21FA0CF1002105FA98
:10C3500000F0084343F44013024643EC102BF8BDB1
:10C360002DE9F0430E4683B0012159EC108B1546A0
:10C37000FFF7A6FB0446002846D0C9F30A57C9F3C5
:10C3800013030FB143F480130193B8F1000313D1E9
:10C3900001A8FFF791FC019B63610122203022611B
:10C3A0000FB3A7F233470744C0F135003760286068
:10C3B000204603B0BDE8F08368460093FFF77CFC9D
:10C3C000019BF8B10099C0F1200203FA02F2C340C8
:10C3D0000A430193002B62610CBF01220222A36178
:10C3E0002261002FDDD104EB8203A0F232403060E5
:10C3F0001869FFF73FFCC0EB42102860204603B0ED
:10C40000BDE8F083009AE5E7034B0448224640F27A
:10C410000F31FAF713FF00BF80040100C0040100D0
:10C420002DE9F04383B0884669468146FFF73AFF1D
:10C4300001A9404655EC104BFFF734FFD8F81030F7
:10C44000D9F81020D21ADDE900315B1A03EB421350
:10C45000002B59EC108B0DDD05EB03573D46424692
:10C460004B462046294601F00FF841EC100B03B073
:10C47000BDE8F083C3EB033309EB03518946EEE7D4
:10C48000172870B506460CDD0A490B4D0020002424
:10C4900022462B4600F0CEFE013EF9D141EC100BB6
:10C4A00070BD064B03EBC003D3E9040141EC100B54
:10C4B00070BD00BF0000F03F0000244048060100AE
:10C4C0000139491101F1010C116902F1140303EB67
:10C4D00081018B4200EB8C0C16D210B5A0F1040E3A
:10C4E00053F8044B4EF8044F9942F9D88B1A153B78
:10C4F00023F0030304331844844504D9002340F88F
:10C50000043B8445FBD810BD844505D9002340F881
:10C51000043B8445FBD87047704700BF03694A114C
:10C52000934200F1140009DA00EB830302E053F8B0
:10C53000042DAAB98342FAD80020704700EB820389
:10C54000F8DD11F01F01F5D010B450F8224024FAA4
:10C5500001F28A40944209D001205DF8044B7047F3
:10C560000120704753F8042D002AF5D18342F9D8F1
:10C5700000205DF8044B7047F0307047004870476A
:10C580006006002000487047600600202DE9F04159
:10C59000B1F90C300C46990796B008D504F1430365
:10C5A0000122C4E90432236016B0BDE8F081B4F979
:10C5B0000E100029064626DB6A4600F025F9002801
:10C5C0001FDB019D05F47045A5F50055B5FA85F50D
:10C5D0004FF480686D094FF4006741463046FDF71F
:10C5E000A1FCE8B1B4F90C30C4F8148043F0800326
:10C5F00020602061A3813DBB3B43A38116B0BDE811
:10C60000F081B4F90C3013F0800519D04FF04008D8
:10C610000025414630462F46FDF784FC0028E1D135
:10C62000B4F90C309A05BFD423F0030304F143029C
:10C6300043F002030121C4E90421A3812260B3E78E
:10C640004FF480682F46C8E7B4F90E10304600F06A
:10C65000F1F810B9B4F90C30CEE7A38923F0030345
:10C6600043F001031BB2C7E770B50C46B1F90E10D9
:10C67000002996B015461E4614DB6A4600F0C4F841
:10C6800000280FDB019901F47041A1F50051B1FAC6
:10C6900081F14FF4806349094FF4006031602B60F1
:10C6A00016B070BDA18911F0800106D00021402391
:10C6B000084631602B6016B070BD4FF480630846A9
:10C6C00031602B6016B070BD10B4034CD4F8E44058
:10C6D000A4465DF8044B60477005002082B049B164
:10C6E0005AB16BB113780B601278101E18BF01207D
:10C6F00002B0704701A9002AF3D1104602B070477A
:10C700006FF00100F4E700BF014B1868704700BFED
:10C710002800002038B5A1FB021454BBFDF702FC31
:10C72000054650B350F8042C22F00302043A242AA0
:10C7300010D8132A13D91B2AC0E9004416D9242A79
:10C74000C0E902440ABFC0E9044400F1100200F14C
:10C75000180205E02146FAF71FFD284638BD0246BB
:10C760000023C2E900339360284638BD00F1080277
:10C77000F6E7FFF7C9FF0C2303600025284638BD04
:10C7800038B50C46084D8446114620461A4600230B
:10C790002B606446F4F7F8F9431C00D038BD2B68D1
:10C7A000002BFBD0236038BD841F002010B4034C45
:10C7B000D4F8E040A4465DF8044B604770050020C3
:10C7C00049B1FF2A02D80A70012070478A2303600A
:10C7D0004FF0FF3070470846704700BF38B50C4631
:10C7E000084D8446114620461A4600232B606446B5
:10C7F000F4F715F9431C00D038BD2B68002BFBD093
:10C80000236038BD841F002070B50C46084D0346D8
:10C810000026204611461C462E60F4F7FCF8431C07
:10C8200000D070BD2B68002BFBD0236070BD00BF13
:10C83000841F002038B5074D0022044608462A60B0
:10C84000F4F7EBF8431C00D038BD2B68002BFBD06D
:10C85000236038BD841F00209368002B00F0F8800F
:10C860002DE9F04FB1F90CC01CF0080F83B09046D1
:10C8700081460C4631D00B697BB31CF00207D8F817
:10C88000006038D00027D4F824B0E169DFF8C4A2F2
:10C890003D4655452B463A4628BF53464846C5B106
:10C8A000D847002840F3CA80D8F808301B1A07443C
:10C8B0002D1AC8F80830002B00F0B68055452B46DD
:10C8C000D4F824B0E16928BF53463A464846002DC3
:10C8D000E6D1D6E900750836DBE721464846FEF783
:10C8E000A3FD002840F0AF80B4F90CC0D8F8006078
:10C8F0001CF00207C6D11CF0010A63D12368A168AD
:10C90000574618468B46002F58D01CF4007F00F085
:10C91000B580B9420A4600F2E1801CF4906F2FD036
:10C92000216962695D1A02EB420202EBD2726B1C52
:10C9300052103B44934292BF93469B461A461CF4C6
:10C94000806F00F0EA8011464846FDF7EBFA0028B8
:10C9500000F0F9802A4621690090FAF775FDA28956
:10C96000009B22F4906242F08002A2815819ABEB46
:10C970000505C4F814B02361A5602060BB463A46A3
:10C9800051460092FAF780FCA1682368009AA1EB57
:10C990000B011A443D46A16022600027D8F80830F8
:10C9A0005B1BAA44C8F80830002B3DD02368A1685F
:10C9B000B4F90CC018468B46002FA6D1D6E900A7C3
:10C9C00008369EE73846BB463D460097002D41D0CD
:10C9D000002846D0009A2068A168D4E90473AA42CE
:10C9E00028BF2A46B84204D901EB030A524500F396
:10C9F0008580934275DCE169676A5A464846B847C4
:10CA0000B0F1000A1ADD009BB3EB0A0300930FD0CC
:10CA10000120D8F80830A3EB0A03D344A5EB0A059C
:10CA2000C8F80830002BD1D1002003B0BDE8F08F4A
:10CA300021464846FCF7E8FB0028EAD0B4F90C3060
:10CA400043F04003A3814FF0FF3003B0BDE8F08F07
:10CA500000207047756833460836002DFAD0D3F8A9
:10CA600000B02A460A215846FCF7CAFA002867D0C7
:10CA70000130A0EB0B0300931A46ACE722699A42FF
:10CA800014D36269BA4211D86FF00043BB4228BF89
:10CA90003B46656A93FBF2F3E16902FB03F3484608
:10CAA0005246A847051EC9DD7F1B77E7B94228BF5C
:10CAB00039460D4618460A465146FAF7E5FBA16885
:10CAC0002368491B2B44A16023600029ECD1214637
:10CAD0004846FCF799FB0028E6D0AFE7BB463A464C
:10CAE0004EE759460192FAF7CFFB019AA3689B1AC9
:10CAF000A360236813442360924684E75946524654
:10CB0000FAF7C2FB23685344236021464846FCF7EA
:10CB10007BFB00283FF477AF90E7484600F01CF815
:10CB2000034600287FF422AF21694846FEF73AFD0C
:10CB3000B4F90C300C22C9F8002023F080037FE701
:10CB40006A1C009247E70C22B4F90C30C9F80020A7
:10CB500076E700BF00FCFF7F2DE9F84F164600295D
:10CB600000F096800C46804606F10B05FEF770FF3C
:10CB700054F8041C162DA4F1080921F0030758D815
:10CB80001025AE4258D8AF4260DABE4B9A6809EB26
:10CB9000070C6245DCF8040000F0908020F00103EF
:10CBA00063445B68DB0768D420F003003B189D42B8
:10CBB00047DDCB0712D454F8083CA9EB030BDBF894
:10CBC000043023F00302104400EB070A554540F3FC
:10CBD000F68007EB020A554540F3CC8031464046CB
:10CBE000FDF7A0F90646002800F0208154F8043C27
:10CBF00023F001034B44A0F10802934200F0B480FB
:10CC00003A1F242A00F2D780132A00F2A28003469A
:10CC10002246116819605168596092689A602146ED
:10CC20004046FEF7BFFC4046FEF714FF3046BDE825
:10CC3000F88F35F00705A4D50C23C8F8003000267E
:10CC400018E01F46DCE90223D3609A60D9F804306B
:10CC50007A1B0F2A03F0010309EB07001DD83B43A1
:10CC6000C9F80430436843F0010343604046FEF7CF
:10CC7000F1FE26463046BDE8F88FC907AED454F819
:10CC8000083CA9EB030BDBF8043023F00302A0E718
:10CC9000BDE8F84F1146FDF745B909EB05012B43F7
:10CCA00042F00102C9F804304A60436843F00103CE
:10CCB000436008314046FEF775FCD7E720F00300DB
:10CCC000C21905F1100C624580F29180CA0785D423
:10CCD00054F8082CA9EB020BDBF8042022F0030225
:10CCE000104400EB070AD4453FF773AF5E46DBF80C
:10CCF0000C1056F8080F3A1F242AC160886000F211
:10CD0000AE80132A40F2A9802168CBF80810616830
:10CD1000CBF80C101B2A00F2A88008340BF110028B
:10CD20002168116061685160A16891600BEB050199
:10CD3000AAEB050242F0010299604A60DBF8043078
:10CD400003F001032B434046CBF80430FEF782FE8C
:10CD500090E723680360636843601B2A3CD804F1B2
:10CD6000080200F1080354E750F8043C23F00303E1
:10CD70001F446BE73A1F5E46DBF80C3056F8081F7D
:10CD8000242ACB60996022D8132A1ED92368CBF8B5
:10CD900008306368CBF80C301B2A3BD808340BF101
:10CDA000100322681A6062685A60A2689A6034466A
:10CDB0005746D9464AE72146FAF766FA2FE7DCE9F3
:10CDC00002133A1FCB609960D5E73346E9E7214665
:10CDD0003046FAF759FAEAE7A3688360E368C3606C
:10CDE000242A27D004F1100200F1100311E709EB07
:10CDF00005019960531B43F001034B6054F8043C58
:10CE000003F001032B43404644F8043CFEF722FEA6
:10CE100026462FE7A368CBF81030E368CBF8143030
:10CE2000242A10D010340BF11803BAE74046FEF75D
:10CE300011FE04E7236903616169416104F118028D
:10CE400000F11803E5E62369CBF818306369CBF8E5
:10CE50001C3018340BF12003A3E7324660E721466B
:10CE60003046FAF711FA074B60E7A168CBF81010CB
:10CE7000E168CBF81410242A06D010340BF1180204
:10CE80004EE700BF600100202269CBF818206269DC
:10CE9000CBF81C2018340BF1200241E7044A054965
:10CEA0001368002B08BF0B461844106018467047E3
:10CEB0001821002020210020FEE700BF81F0004162
:10CEC00002E000BF83F0004330B54FEA41044FEA6F
:10CED000430594EA050F08BF90EA020F1FBF54EA0A
:10CEE000000C55EA020C7FEA645C7FEA655C00F0A6
:10CEF000E2804FEA5454D4EB5555B8BF6D420CDD77
:10CF00002C4480EA020281EA030382EA000083EAF9
:10CF1000010180EA020281EA0303362D88BF30BD99
:10CF200011F0004F4FEA01314FF4801C4CEA1131EF
:10CF300002D0404261EB410113F0004F4FEA03334E
:10CF40004CEA133302D0524263EB430394EA050FD9
:10CF500000F0A780A4F10104D5F1200E0DDB02FA48
:10CF60000EFC22FA05F2801841F1000103FA0EF2DC
:10CF7000801843FA05F359410EE0A5F120050EF1A2
:10CF8000200E012A03FA0EFC28BF4CF0020C43FAD3
:10CF900005F3C01851EBE37101F0004507D54FF0E0
:10CFA000000EDCF1000C7EEB00006EEB0101B1F530
:10CFB000801F1BD3B1F5001F0CD349085FEA300076
:10CFC0004FEA3C0C04F101044FEA445212F5800F81
:10CFD00080F09A80BCF1004F08BF5FEA500C50F11E
:10CFE000000041EB045141EA050130BD5FEA4C0C01
:10CFF000404141EB0101013C28BFB1F5801FE9D25E
:10D0000091F0000F04BF01460020B1FA81F308BF80
:10D010002033A3F10B03B3F120020CDA0C3208DD4C
:10D0200002F1140CC2F10C0201FA0CF021FA02F127
:10D030000CE002F11402D8BFC2F1200C01FA02F197
:10D0400020FA0CFCDCBF41EA0C019040E41AA2BFBC
:10D0500001EB0451294330BD6FEA04041F3C1CDA84
:10D060000C340EDC04F11404C4F1200220FA04F0A4
:10D0700001FA02F340EA030021FA04F345EA03014E
:10D0800030BDC4F10C04C4F1200220FA02F001FA10
:10D0900004F340EA0300294630BD21FA04F0294692
:10D0A00030BD94F0000F83F4801306BF81F480112B
:10D0B0000134013D4EE77FEA645C18BF7FEA655C9E
:10D0C00029D094EA050F08BF90EA020F05D054EA70
:10D0D000000C04BF1946104630BD91EA030F1EBF75
:10D0E0000021002030BD5FEA545C05D14000494179
:10D0F00028BF41F0004130BD14F580043CBF01F56C
:10D10000801130BD01F0004545F0FE4141F4700151
:10D110004FF0000030BD7FEA645C1ABF194610462C
:10D120007FEA655C1CBF0B46024650EA013406BF2D
:10D1300052EA033591EA030F41F4002130BD00BFEC
:10D1400090F0000F04BF0021704730B54FF48064A9
:10D1500004F132044FF000054FF0000150E700BF2A
:10D1600090F0000F04BF0021704730B54FF4806489
:10D1700004F1320410F0004548BF40424FF0000176
:10D180003EE700BF42004FEAE2014FEA31014FEAB9
:10D1900002701FBF12F07F4393F07F4F81F0605108
:10D1A000704732F07F4208BF704793F07F4F04BF53
:10D1B00041F40021704730B54FF4607401F0004530
:10D1C00021F000411CE700BF50EA010208BF704790
:10D1D00030B54FF000050AE050EA010208BF704781
:10D1E00030B511F0004502D5404261EB41014FF4EA
:10D1F000806404F132045FEA915C3FF4D8AE4FF0F2
:10D2000003025FEADC0C18BF03325FEADC0C18BFD4
:10D21000033202EBDC02C2F1200300FA03FC20FA25
:10D2200002F001FA03FE40EA0E0021FA02F1144472
:10D23000BDE600BF70B54FF0FF0C4CF4E06C1CEA8B
:10D2400011541DBF1CEA135594EA0C0F95EA0C0FFC
:10D2500000F0DEF82C4481EA030621EA4C5123EA6F
:10D260004C5350EA013518BF52EA033541F480119E
:10D2700043F4801338D0A0FB02CE4FF00005E1FB51
:10D2800002E506F00042E0FB03E54FF00006E1FB9B
:10D2900003569CF0000F18BF4EF0010EA4F1FF04DE
:10D2A000B6F5007F64F5407404D25FEA4E0E6D411E
:10D2B00046EB060642EAC62141EA55514FEAC5202F
:10D2C00040EA5E504FEACE2EB4F1FD0C88BFBCF5AB
:10D2D000E06F1ED8BEF1004F08BF5FEA500E50F15C
:10D2E000000041EB045170BD06F0004646EA010122
:10D2F00040EA020081EA0301B4EB5C04C2BFD4EB54
:10D300000C0541EA045170BD41F480114FF0000E4C
:10D31000013C00F3AB8014F1360FDEBF002001F0BA
:10D32000004170BDC4F10004203C35DA0C341BDC34
:10D3300004F11404C4F1200500FA05F320FA04F006
:10D3400001FA05F240EA020001F0004221F000413A
:10D3500010EBD37021FA04F642EB06015EEA430EAD
:10D3600008BF20EAD37070BDC4F10C04C4F12005DD
:10D3700000FA04F320FA05F001FA04F240EA020090
:10D3800001F0004110EBD37041F100015EEA430E61
:10D3900008BF20EAD37070BDC4F1200500FA05F281
:10D3A0004EEA020E20FA04F301FA05F243EA020300
:10D3B00021FA04F001F0004121FA04F220EA02000F
:10D3C00000EBD3705EEA430E08BF20EAD37070BD55
:10D3D00094F0000F0FD101F00046400041EB010135
:10D3E00011F4801F08BF013CF7D041EA060195F017
:10D3F000000F18BF704703F00046520043EB0303D1
:10D4000013F4801F08BF013DF7D043EA06037047BD
:10D4100094EA0C0F0CEA135518BF95EA0C0F0CD0C8
:10D4200050EA410618BF52EA4306D1D181EA03010E
:10D4300001F000414FF0000070BD50EA410606BF08
:10D440001046194652EA430619D094EA0C0F02D14D
:10D4500050EA013613D195EA0C0F05D152EA033692
:10D460001CBF104619460AD181EA030101F00041B0
:10D4700041F0FE4141F470014FF0000070BD41F0F9
:10D48000FE4141F4780170BD70B54FF0FF0C4CF4D3
:10D49000E06C1CEA11541DBF1CEA135594EA0C0FF2
:10D4A00095EA0C0F00F0A7F8A4EB050481EA030E3F
:10D4B00052EA03354FEA013100F088804FEA033326
:10D4C0004FF0805545EA131343EA12634FEA0222F4
:10D4D00045EA111545EA10654FEA00260EF00041B5
:10D4E0009D4208BF964244F1FD0404F5407402D207
:10D4F0005B084FEA3202B61A65EB03055B084FEA98
:10D5000032024FF480104FF4002CB6EB020E75EB94
:10D51000030E22BFB61A754640EA0C005B084FEABC
:10D520003202B6EB020E75EB030E22BFB61A754639
:10D5300040EA5C005B084FEA3202B6EB020E75EB84
:10D54000030E22BFB61A754640EA9C005B084FEAFC
:10D550003202B6EB020E75EB030E22BFB61A754609
:10D5600040EADC0055EA060E18D04FEA051545EAF8
:10D5700016754FEA06164FEAC30343EA52734FEAA1
:10D58000C2025FEA1C1CC0D111F4801F0BD141EA1A
:10D5900000014FF000004FF0004CB6E711F4801F7F
:10D5A00004BF01430020B4F1FD0C88BFBCF5E06F5F
:10D5B0003FF6AFAEB5EB030C04BFB6EB020C5FEA6F
:10D5C000500C50F1000041EB045170BD0EF0004EC4
:10D5D0004EEA113114EB5C04C2BFD4EB0C0541EAF6
:10D5E000045170BD41F480114FF0000E013C90E6F3
:10D5F00045EA060E8DE60CEA135594EA0C0F08BFB7
:10D6000095EA0C0F3FF43BAF94EA0C0F0AD150EAB5
:10D6100001347FF434AF95EA0C0F7FF425AF104648
:10D6200019462CE795EA0C0F06D152EA03353FF470
:10D63000FDAE1046194622E750EA410618BF52EAED
:10D6400043067FF4C5AE50EA41047FF40DAF52EAC1
:10D6500043057FF4EBAE12E74FF0FF3C06E000BF5E
:10D660004FF0010C02E000BF4FF0010C4DF804CD6B
:10D670004FEA410C7FEA6C5C4FEA430C18BF7FEA2B
:10D680006C5C1BD001B050EA410C0CBF52EA430C59
:10D6900091EA030F02BF90EA020F0020704710F1D9
:10D6A000000F91EA030F58BF994208BF90422CBF68
:10D6B000D8176FEAE37040F0010070474FEA410C61
:10D6C0007FEA6C5C02D150EA013C07D14FEA430C7F
:10D6D0007FEA6C5CD6D152EA033CD3D05DF8040BF0
:10D6E000704700BF8446104662468C461946634622
:10D6F00000E000BF01B5FFF7B7FF002848BF10F1F9
:10D70000000F01BD4DF808EDFFF7F4FF0CBF01203D
:10D7100000205DF808FB00BF4DF808EDFFF7EAFFB9
:10D7200034BF012000205DF808FB00BF4DF808ED74
:10D73000FFF7E0FF94BF012000205DF808FB00BF69
:10D740004DF808EDFFF7CEFF94BF012000205DF8F3
:10D7500008FB00BF4DF808EDFFF7C4FF34BF012000
:10D7600000205DF808FB00BF4FEA410C7FEA6C5CCB
:10D7700002D150EA013C0AD14FEA430C7FEA6C5CCB
:10D7800002D152EA033C02D14FF0000070474FF043
:10D79000010070474FEA410212F5001215D211D56F
:10D7A0006FF47873B3EB625212D94FEAC12343F09E
:10D7B000004343EA505311F0004F23FA02F018BF20
:10D7C000404270474FF00000704750EA013005D1E9
:10D7D00011F0004008BF6FF0004070474FF00000AC
:10D7E000704700BF7BB972B90029BEBF00204FF05F
:10D7F000004106E008BF00281CBF6FF000414FF059
:10D80000FF3000F09DB9ADF1080C6DE904CE0029A0
:10D8100009DB002B1ADB00F035F8DDF804E0DDE968
:10D82000022304B07047404261EB4101002B1BDB37
:10D8300000F028F8DDF804E0DDE9022304B04042FE
:10D8400061EB4101524263EB43037047524263EB89
:10D85000430300F017F8DDF804E0DDE9022304B02B
:10D86000404261EB41017047524263EB430300F0D9
:10D8700009F8DDF804E0DDE9022304B0524263EB6D
:10D88000430370472DE9F047089D0E4604460F46B6
:10D89000002B4AD194468C45B2FA82F260D942B14B
:10D8A000C2F12003974020FA03F30CFA02FC1F4355
:10D8B00094404FEA1C4E1FFA8CF6B7FBFEF1230C86
:10D8C0000EFB117743EA074301FB06F098420AD9A1
:10D8D0001CEB030301F1FF3780F01581984240F201
:10D8E0001281023963441B1AA4B2B3FBFEF00EFB93
:10D8F000103344EA034400FB06F6A6420AD91CEBA7
:10D90000040400F1FF3380F00081A64240F2FD8064
:10D910006444023840EA0140A41B00211DB1D440F8
:10D920000023C5E90043BDE8F0878B4205D90DB15E
:10D93000C5E9000100210846F5E7B3FA83F10029A3
:10D9400046D1B34202D3824200F2F580841A66EBDC
:10D95000030201201746002DE5D0C5E90047E2E7A4
:10D96000002A40F09380A1EB0C034FEA1C471FFAFA
:10D970008CFE0121B3FBF7F607FB1630230C43EABC
:10D9800000430EFB06F0984208D91CEB030306F196
:10D99000FF3802D2984200F2D08046461B1AA4B249
:10D9A000B3FBF7F007FB103344EA03440EFB00FE21
:10D9B000A64508D91CEB040400F1FF3302D2A645AA
:10D9C00000F2B6801846A4EB0E0440EA0640A5E734
:10D9D000C1F120078B4022FA07FC4CEA030C06FA3F
:10D9E00001FE20FA07F426FA07F344EA0E0400FACF
:10D9F00001F84FEA1C404FEA1449B3FBF0FE1FFA4E
:10DA00008CF600FB1E3349EA03430EFB06F99945E9
:10DA100002FA01F20BD91CEB03030EF1FF3A80F07E
:10DA20008580994540F28280AEF1020E6344A3EBFB
:10DA30000909A4B2B9FBF0F300FB139944EA0944C5
:10DA400003FB06F6A64208D91CEB040403F1FF30E1
:10DA500068D2A64266D9023B644443EA0E40A41B46
:10DA6000A0FB02E6B4427346B14652D34FD05DB13B
:10DA7000B8EB030264EB090404FA07F722FA01F396
:10DA80001F43CC40C5E9007400214CE7C2F12001DE
:10DA900020FA01F30CFA02FC26FA01F19640334316
:10DAA0004FEA1C471FFA8CFEB1FBF7F007FB10167C
:10DAB000190C41EA064100FB0EF68E4204FA02F40C
:10DAC00008D91CEB010100F1FF382DD28E422BD971
:10DAD00002386144891B9BB2B1FBF7F607FB1611B4
:10DAE00043EA014306FB0EF1994208D91CEB0303FC
:10DAF00006F1FF3814D2994212D9023E63445B1AF0
:10DB000046EA004136E73946EDE6184602E7F045B9
:10DB1000ADD2BEEB020366EB0C060138B146A6E7B8
:10DB20004646ECE7034698E74046D3E7D6467EE70D
:10DB30006444023847E708460DE7023E63442DE798
:10DB4000704700BFF8B500BFF8BC08BC9E467047E0
:10DB5000F8B500BFF8BC08BC9E467047426F6172C2
:10DB6000642073746172746564210A002F686F6D9C
:10DB7000652F7A68616F68616E2F6E752D6D6963B0
:10DB8000726F6269742D626173652F736F6674774B
:10DB90006172652F6E72663532782D626173652F02
:10DBA0002F73646B2F6E7266355F73646B5F3136F3
:10DBB0002E302E302F6D6F64756C65732F6E72660C
:10DBC000782F68616C2F6E72665F6770696F2E6860
:10DBD000000A0A2A2A2A2A2A2041707020457272D5
:10DBE0006F72202A2A2A2A2A0A0041535345525486
:10DBF000494F4E204641494C4544206174202573CD
:10DC00003A25750A004552524F5220256C75205B0B
:10DC100025735D2061742025733A256C75090950C0
:10DC2000432061743A2030782530386C580A00550A
:10DC30004E4B4E4F574E204641554C542061742058
:10DC400030782530386C580A00484152442046410B
:10DC5000554C5420617420307825303858002020ED
:10DC600052303A2020307825303858202052313A2E
:10DC70002020307825303858202052323A20203069
:10DC80007825303858202052333A202030782530FB
:10DC900038580020205231323A2030782530385818
:10DCA00020204C523A2020307825303858202050FF
:10DCB00053523A2030782530385800537461636BE2
:10DCC0002076696F6C6174696F6E3A20737461635A
:10DCD0006B20706F696E746572206F757473696400
:10DCE0006520737461636B20617265612E0043610E
:10DCF0007573653A204275734661756C74206F6E5A
:10DD0000206120766563746F72207461626C652097
:10DD10007265616420647572696E672065786365F9
:10DD20007074696F6E2070726F63657373696E676C
:10DD30002E0043617573653A2025732E004D656D85
:10DD40004D616E616765204661756C742041646445
:10DD5000726573733A2030782530385800427573F5
:10DD6000204661756C7420416464726573733A2057
:10DD7000307825303858005468652070726F6365BC
:10DD800073736F722068617320617474656D707451
:10DD9000656420746F206578656375746520616EB5
:10DDA00020756E646566696E656420696E73747251
:10DDB000756374696F6E005468652070726F636577
:10DDC00073736F7220617474656D70746564206123
:10DDD000206C6F6164206F722073746F72652061B4
:10DDE000742061206C6F636174696F6E2074686168
:10DDF0007420646F6573206E6F74207065726D6936
:10DE00007420746865206F7065726174696F6E004C
:10DE1000556E737461636B20666F7220616E20654E
:10DE20007863657074696F6E2072657475726E20A8
:10DE300068617320636175736564206F6E65206F20
:10DE400072206D6F726520616363657373207669FC
:10DE50006F6C6174696F6E7300537461636B696E8C
:10DE60006720666F7220616E2065786365707469E3
:10DE70006F6E20656E7472792068617320636175BE
:10DE8000736564206F6E65206F72206D6F72652000
:10DE90006163636573732076696F6C6174696F6E1B
:10DEA000730041204D656D4D616E6167652066614F
:10DEB000756C74206F63637572726564206475722B
:10DEC000696E6720666C6F6174696E672D706F692B
:10DED0006E74206C617A792073746174652070723D
:10DEE00065736572766174696F6E00496E737472E2
:10DEF000756374696F6E20627573206572726F72DC
:10DF0000004461746120627573206572726F7220C3
:10DF10002850432076616C756520737461636B656E
:10DF20006420666F7220746865206578636570741C
:10DF3000696F6E2072657475726E20706F696E7491
:10DF40007320746F2074686520696E7374727563D2
:10DF500074696F6E207468617420636175736564A1
:10DF600020746865206661756C7429004461746171
:10DF700020627573206572726F72202872657475E5
:10DF8000726E206164647265737320696E207468B8
:10DF90006520737461636B206672616D65206973BF
:10DFA000206E6F742072656C6174656420746F20DC
:10DFB00074686520696E737472756374696F6E201E
:10DFC000746861742063617573656420746865208A
:10DFD0006572726F722900556E737461636B20668F
:10DFE0006F7220616E20657863657074696F6E2052
:10DFF00072657475726E20686173206361757365F4
:10E0000064206F6E65206F72206D6F72652042759F
:10E01000734661756C747300537461636B696E67EA
:10E0200020666F7220616E20657863657074696F19
:10E030006E20656E747279206861732063617573F8
:10E040006564206F6E65206F72206D6F726520426F
:10E0500075734661756C7473004120627573206638
:10E0600061756C74206F636375727265642064758A
:10E0700072696E6720666C6F6174696E672D706F70
:10E08000696E74206C617A79207374617465207094
:10E090007265736572766174696F6E00546865208D
:10E0A00070726F636573736F72206861732061743F
:10E0B00074656D7074656420746F20657865637530
:10E0C000746520616E20696E737472756374696F14
:10E0D0006E2074686174206D616B657320696C6C6F
:10E0E0006567616C20757365206F662074686520B4
:10E0F00045505352005468652070726F63657373A6
:10E100006F722068617320617474656D70746564EA
:10E1100020616E20696C6C6567616C206C6F616456
:10E12000206F66204558435F52455455524E207427
:10E130006F207468652050432C2061732061207229
:10E140006573756C74206F6620616E20696E7661F0
:10E150006C696420636F6E746578742C206F722014
:10E16000616E20696E76616C6964204558435F5228
:10E17000455455524E2076616C7565005468652093
:10E1800070726F636573736F72206861732061745E
:10E1900074656D7074656420746F2061636365736A
:10E1A00073206120636F70726F636573736F7200A9
:10E1B0005468652070726F636573736F7220686155
:10E1C00073206D61646520616E20756E616C696796
:10E1D0006E6564206D656D6F727920616363657330
:10E1E00073005468652070726F636573736F72207B
:10E1F00068617320657865637574656420616E205D
:10E2000053444956206F72205544495620696E7315
:10E210007472756374696F6E207769746820612009
:10E2200064697669736F72206F662030002F686FA3
:10E230006D652F7A68616F68616E2F6E752D6D69DF
:10E2400063726F6269742D626173652F736F667498
:10E25000776172652F626F617264732F6D6963728B
:10E260006F6269745F76322F2E2F6D6963726F62F1
:10E2700069745F6265666F72655F737461727475ED
:10E28000702E63002F686F6D652F7A68616F68610B
:10E290006E2F6E752D6D6963726F6269742D626188
:10E2A00073652F736F6674776172652F626F617229
:10E2B00064732F6D6963726F6269745F76322F2E9B
:10E2C0002F6D6963726F6269745F6E72665F6C6FE7
:10E2D000675F6261636B656E645F756172742E6304
:10E2E000002F686F6D652F7A68616F68616E2F6EA1
:10E2F000752D6D6963726F6269742D626173652F2C
:10E30000736F6674776172652F6E72663532782D21
:10E31000626173652F2F73646B2F6E7266355F7346
:10E32000646B5F31362E302E302F636F6D706F6EE1
:10E33000656E74732F6C69627261726965732F7593
:10E3400074696C2F6170705F7574696C5F706C615B
:10E3500074666F726D2E63002F686F6D652F7A681B
:10E36000616F68616E2F6E752D6D6963726F626982
:10E37000742D626173652F736F6674776172652F98
:10E380006E72663532782D626173652F2F73646B00
:10E390002F6E7266355F73646B5F31362E302E30B0
:10E3A0002F636F6D706F6E656E74732F6C69627220
:10E3B00061726965732F62616C6C6F632F6E726638
:10E3C0005F62616C6C6F632E6300636C6F636B00E4
:10E3D0002F686F6D652F7A68616F68616E2F6E753B
:10E3E0002D6D6963726F6269742D626173652F733D
:10E3F0006F6674776172652F6E72663532782D6242
:10E400006173652F2F73646B2F6E7266355F736453
:10E410006B5F31362E302E302F65787465726E61E9
:10E420006C2F667072696E74662F6E72665F6670AE
:10E4300072696E74662E63002F686F6D652F7A683F
:10E44000616F68616E2F6E752D6D6963726F6269A1
:10E45000742D626173652F736F6674776172652FB7
:10E460006E72663532782D626173652F2F73646B1F
:10E470002F6E7266355F73646B5F31362E302E30CF
:10E480002F65787465726E616C2F667072696E7438
:10E49000662F6E72665F667072696E74665F666F15
:10E4A000726D61742E63002F686F6D652F7A6861DD
:10E4B0006F68616E2F6E752D6D6963726F6269741E
:10E4C0002D626173652F736F6674776172652F6E4D
:10E4D00072663532782D626173652F2F73646B2FEE
:10E4E0006E7266355F73646B5F31362E302E302F5F
:10E4F000636F6D706F6E656E74732F6C696272619D
:10E50000726965732F6C6F672F7372632F6E7266FB
:10E510005F6C6F675F64656661756C745F62616391
:10E520006B656E64732E6300756172745F6C6F67E8
:10E530005F6261636B656E64002F686F6D652F7A33
:10E5400068616F68616E2F6E752D6D6963726F62A1
:10E5500069742D626173652F736F6674776172657C
:10E560002F6E72663532782D626173652F2F73645A
:10E570006B2F6E7266355F73646B5F31362E302E93
:10E58000302F636F6D706F6E656E74732F6C696280
:10E590007261726965732F6C6F672F7372632F6E70
:10E5A00072665F6C6F675F66726F6E74656E642E05
:10E5B00063004261636B656E647320666C7573689B
:10E5C000656400617070001B5B306D002573001B7B
:10E5D0005B313B33316D0025734C6F677320647280
:10E5E0006F70706564202825642925730D0A003C2E
:10E5F00025733E2025733A200020253032780020F4
:10E600002020007C002563001B5B313B33306D0014
:10E610001B5B313B33326D001B5B313B33336D0091
:10E620001B5B313B33346D001B5B313B33356D007D
:10E630001B5B313B33366D001B5B313B33376D0069
:10E640007761726E696E6700696E666F00646562FD
:10E650007567002F686F6D652F7A68616F68616EEE
:10E660002F6E752D6D6963726F6269742D626173AF
:10E67000652F736F6674776172652F6E72663532BF
:10E68000782D626173652F2F73646B2F6E72663500
:10E690005F73646B5F31362E302E302F636F6D7079
:10E6A0006F6E656E74732F6C6962726172696573E7
:10E6B0002F6D656D6F626A2F6E72665F6D656D6F2F
:10E6C000626A2E63007077725F6D676D74004E52E0
:10E6D000465F53554343455353004E52465F4552A0
:10E6E000524F525F5356435F48414E444C45525F30
:10E6F0004D495353494E47004E52465F4552524F83
:10E70000525F534F46544445564943455F4E4F541C
:10E710005F454E41424C4544004E52465F45525281
:10E720004F525F494E5445524E414C004E52465F47
:10E730004552524F525F4E4F5F4D454D004E52462F
:10E740005F4552524F525F4E4F545F464F554E44B5
:10E75000004E52465F4552524F525F4E4F545F53E8
:10E760005550504F52544544004E52465F45525208
:10E770004F525F494E56414C49445F504152414DC2
:10E78000004E52465F4552524F525F494E56414CE1
:10E7900049445F5354415445004E52465F455252DE
:10E7A0004F525F494E56414C49445F4C454E475489
:10E7B00048004E52465F4552524F525F494E5641B5
:10E7C0004C49445F464C414753004E52465F4552C8
:10E7D000524F525F494E56414C49445F4441544167
:10E7E000004E52465F4552524F525F444154415F82
:10E7F00053495A45004E52465F4552524F525F545C
:10E80000494D454F5554004E52465F4552524F5266
:10E810005F4E554C4C004E52465F4552524F525F30
:10E82000464F5242494444454E004E52465F45527F
:10E83000524F525F494E56414C49445F4144445205
:10E84000004E52465F4552524F525F425553590057
:10E850004E52465F4552524F525F4D4F44554C45C4
:10E860005F4E4F545F494E495449414C495A4544C3
:10E87000004E52465F4552524F525F4D55544558D7
:10E880005F494E49545F4641494C4544004E52460B
:10E890005F4552524F525F4D555445585F4C4F4360
:10E8A0004B5F4641494C4544004E52465F455252EB
:10E8B0004F525F4D555445585F554E4C4F434B5F3B
:10E8C0004641494C4544004E52465F4552524F52D4
:10E8D0005F4D555445585F434F4E445F494E495430
:10E8E0005F4641494C4544004E52465F4552524FA7
:10E8F000525F4D4F44554C455F414C524541445940
:10E900005F494E495449414C495A4544004E52468C
:10E910005F4552524F525F53544F524147455F46F5
:10E92000554C4C004E52465F4552524F525F41503B
:10E93000495F4E4F545F494D504C454D454E5445EF
:10E9400044004E52465F4552524F525F4645415435
:10E950005552455F4E4F545F454E41424C45440031
:10E960004E52465F4552524F525F494F5F50454E9F
:10E9700044494E47004E52465F4552524F525F4403
:10E9800052565F5457495F4552525F4F5645525257
:10E99000554E004E52465F4552524F525F445256BA
:10E9A0005F5457495F4552525F414E41434B004EC1
:10E9B00052465F4552524F525F4452565F54574938
:10E9C0005F4552525F444E41434B004E52465F45B5
:10E9D00052524F525F424C455F495053505F52581C
:10E9E0005F504B545F5452554E4341544544004E82
:10E9F00052465F4552524F525F424C455F49505319
:10EA0000505F4348414E4E454C5F414C5245414456
:10EA1000595F455849535453004E52465F45525230
:10EA20004F525F424C455F495053505F4C494E4BEB
:10EA30005F444953434F4E4E4543544544004E5264
:10EA4000465F4552524F525F424C455F49505350CA
:10EA50005F504545525F52454A454354454400473F
:10EA600050494F544500505049002F686F6D652F35
:10EA70007A68616F68616E2F6E752D6D6963726F54
:10EA80006269742D626173652F736F66747761724A
:10EA9000652F6E72663532782D626173652F2F7324
:10EAA000646B2F6E7266355F73646B5F31362E3028
:10EAB0002E302F6D6F64756C65732F6E7266782FB4
:10EAC000647269766572732F7372632F7072732F1D
:10EAD0006E7266785F7072732E63005052530050EE
:10EAE000574D005341414443002F686F6D652F7AA5
:10EAF00068616F68616E2F6E752D6D6963726F62EC
:10EB000069742D626173652F736F667477617265C6
:10EB10002F6E72663532782D626173652F2F7364A4
:10EB20006B2F6E7266355F73646B5F31362E302EDD
:10EB3000302F6D6F64756C65732F6E7266782F64FD
:10EB40007269766572732F7372632F6E7266785F67
:10EB50007370696D2E63005350494D0054494D4503
:10EB600052002F686F6D652F7A68616F68616E2F34
:10EB70006E752D6D6963726F6269742D6261736564
:10EB80002F736F6674776172652F6E726635327897
:10EB90002D626173652F2F73646B2F6E7266355F04
:10EBA00073646B5F31362E302E302F6D6F64756C51
:10EBB00065732F6E7266782F647269766572732F33
:10EBC0007372632F6E7266785F7477696D2E63005F
:10EBD0005457494D002F686F6D652F7A68616F68D3
:10EBE000616E2F6E752D6D6963726F6269742D622F
:10EBF0006173652F736F6674776172652F6E7266CD
:10EC00003532782D626173652F2F73646B2F6E72AE
:10EC100066355F73646B5F31362E302E302F6D6F2B
:10EC200064756C65732F6E7266782F647269766591
:10EC300072732F7372632F6E7266785F7561727470
:10EC40002E63002F686F6D652F7A68616F68616E43
:10EC50002F6E752D6D6963726F6269742D626173B9
:10EC6000652F736F6674776172652F6E72663532C9
:10EC7000782D626173652F2F73646B2F6E7266350A
:10EC80005F73646B5F31362E302E302F696E746582
:10EC900067726174696F6E2F6E7266782F6E72661E
:10ECA000785F676C75652E680055415254002F6877
:10ECB0006F6D652F7A68616F68616E2F6E752D6D4F
:10ECC0006963726F6269742D626173652F736F6619
:10ECD00074776172652F6E72663532782D6261735A
:10ECE000652F2F73646B2F6E7266355F73646B5F75
:10ECF00031362E302E302F6D6F64756C65732F6E2C
:10ED00007266782F647269766572732F7372632FDF
:10ED10006E7266785F75617274652E63005541523C
:10ED2000544500705F6275666665722D3E66726559
:10ED300065203D3D2066616C7365002F686F6D65D1
:10ED40002F7A68616F68616E2F6E752D6D696372C1
:10ED50006F6269742D626173652F736F667477617A
:10ED600072652F6E72663532782D626173652F2F52
:10ED700073646B2F6E7266355F73646B5F31362E12
:10ED8000302E305F7468726561642F6578746572C7
:10ED90006E616C2F6E52462D494545452D383032F7
:10EDA0002E31352E342D726164696F2D647269764F
:10EDB00065722F7372632F6E72665F383032313531
:10EDC000342E63002F686F6D652F7A68616F6861FC
:10EDD0006E2F6E752D6D6963726F6269742D62613D
:10EDE00073652F736F6674776172652F6E72663507
:10EDF00032782D626173652F2F73646B2F6E72668C
:10EE0000355F73646B5F31362E302E305F746872FD
:10EE10006561642F65787465726E616C2F6E524601
:10EE20002D494545452D3830322E31352E342D7241
:10EE30006164696F2D6472697665722F7372632FD6
:10EE40006E72665F3830323135345F636F72652EB3
:10EE500063006368616E6E656C203E3D2031312039
:10EE60002626206368616E6E656C203C3D2032363C
:10EE7000006E72665F726164696F5F73686F72744F
:10EE8000735F6765742829203D3D2053484F5254D5
:10EE9000535F49444C45006E72665F726164696FEE
:10EEA0005F73686F7274735F6765742829203D3DD6
:10EEB0002053484F5254535F5258006E72665F722F
:10EEC0006164696F5F73686F7274735F67657428DC
:10EED00029203D3D2053484F5254535F52585F41C3
:10EEE000434B006E756D5F646174615F6279746538
:10EEF00073203E3D205048525F53495A45202B20F5
:10EF00004643465F53495A450070617273655F72AC
:10EF10006573756C7400636E74203C2055494E54C3
:10EF2000385F4D4158002F686F6D652F7A68616FAB
:10EF300068616E2F6E752D6D6963726F6269742DD5
:10EF4000626173652F736F6674776172652F6E727D
:10EF5000663532782D626173652F2F73646B2F6E67
:10EF60007266355F73646B5F31362E302E305F749E
:10EF700068726561642F65787465726E616C2F6E5E
:10EF800052462D494545452D3830322E31352E34E7
:10EF90002D726164696F2D6472697665722F737268
:10EFA000632F6E72665F3830323135345F63726959
:10EFB000746963616C5F73656374696F6E2E63005F
:10EFC000637269746963616C5F73656374696F6EA2
:10EFD0005F656E7465726564006D5F6E6573746500
:10EFE000645F637269746963616C5F73656374699C
:10EFF0006F6E5F616C6C6F7765645F7072696F7262
:10F00000697479203E3D2030006D5F6E65737465D4
:10F01000645F637269746963616C5F73656374696B
:10F020006F6E5F636F756E746572203E3D203100B8
:10F030006163746976655F766563746F725F696436
:10F04000203E3D20434D5349535F4952515F4E5539
:10F050004D5F564543544143544956455F444946E4
:10F060004600636E74203E20300021657869746923
:10F070006E675F637269745F736563740061746F58
:10F080006D69635F636E74203D3D20636E74006D37
:10F090005F6E65737465645F637269746963616CE4
:10F0A0005F73656374696F6E5F616C6C6F776564C5
:10F0B0005F7072696F72697479203D3D204E4553CF
:10F0C0005445445F435249544943414C5F5345437F
:10F0D00054494F4E5F414C4C4F5745445F50524945
:10F0E0004F524954595F4E4F4E4500705F74696DE1
:10F0F000657374616D7020213D204E554C4C002F7E
:10F10000686F6D652F7A68616F68616E2F6E752DFF
:10F110006D6963726F6269742D626173652F736FBD
:10F120006674776172652F6E72663532782D626112
:10F1300073652F2F73646B2F6E7266355F73646B0C
:10F140005F31362E302E305F7468726561642F65D2
:10F15000787465726E616C2F6E52462D4945454537
:10F160002D3830322E31352E342D726164696F2D79
:10F170006472697665722F7372632F6E72665F3880
:10F1800030323135345F74696D65725F636F6F72F1
:10F19000642E63002170726F6365647572655F69C8
:10F1A000735F72756E6E696E672829002F686F6DC8
:10F1B000652F7A68616F68616E2F6E752D6D69635A
:10F1C000726F6269742D626173652F736F667477F5
:10F1D0006172652F6E72663532782D626173652FAC
:10F1E0002F73646B2F6E7266355F73646B5F31369D
:10F1F0002E302E305F7468726561642F6578746597
:10F20000726E616C2F6E52462D494545452D383042
:10F21000322E31352E342D726164696F2D6472691E
:10F220007665722F7372632F6D61635F66656174BB
:10F23000757265732F6E72665F3830323135345FA8
:10F2400063736D615F63612E6300216E72665F3868
:10F2500030323135345F74696D65725F7363686530
:10F26000645F69735F72756E6E696E6728266D5F85
:10F2700074696D657229006D5F646C795F6F705F92
:10F2800073746174655B525343485F444C595F54D7
:10F29000585D203D3D2065787065637465645F73DB
:10F2A00074617465002F686F6D652F7A68616F688F
:10F2B000616E2F6E752D6D6963726F6269742D6258
:10F2C0006173652F736F6674776172652F6E7266F6
:10F2D0003532782D626173652F2F73646B2F6E72D8
:10F2E00066355F73646B5F31362E302E305F746825
:10F2F000726561642F65787465726E616C2F6E52F1
:10F30000462D494545452D3830322E31352E342D88
:10F31000726164696F2D6472697665722F737263AE
:10F320002F6D61635F66656174757265732F6E72B0
:10F33000665F3830323135345F64656C617965649D
:10F340005F7472782E6300646C795F6F705F7374A2
:10F350006174655F67657428525343485F444C5934
:10F360005F52582920213D2044454C415945445F76
:10F370005452585F4F505F53544154455F50454E6F
:10F3800044494E4700646C795F6F705F73746174B9
:10F39000655F67657428525343485F444C595F5218
:10F3A0005829203D3D2044454C415945445F545225
:10F3B000585F4F505F53544154455F53544F505022
:10F3C0004544002F686F6D652F7A68616F68616EC4
:10F3D0002F6E752D6D6963726F6269742D62617332
:10F3E000652F736F6674776172652F6E7266353242
:10F3F000782D626173652F2F73646B2F6E72663583
:10F400005F73646B5F31362E302E305F74687265C7
:10F4100061642F65787465726E616C2F6E52462D33
:10F42000494545452D3830322E31352E342D726107
:10F4300064696F2D6472697665722F7372632F6DC4
:10F4400061635F66656174757265732F6E72665F66
:10F450003830323135345F66696C7465722E630002
:10F460006D5F74696D65722E6474203C3D204D4162
:10F47000585F52455452595F44454C4159002F68DA
:10F480006F6D652F7A68616F68616E2F6E752D6D77
:10F490006963726F6269742D626173652F736F6641
:10F4A00074776172652F6E72663532782D62617382
:10F4B000652F2F73646B2F6E7266355F73646B5F9D
:10F4C00031362E302E305F7468726561642F657836
:10F4D0007465726E616C2F6E52462D494545452DFF
:10F4E0003830322E31352E342D726164696F2D64BF
:10F4F00072697665722F7372632F6D61635F6665E3
:10F500006174757265732F6E72665F383032313593
:10F51000345F707265636973655F61636B5F7469A3
:10F520006D656F75742E630028705F6672616D651E
:10F53000203D3D206D705F6672616D6529207C7C89
:10F540002028216D5F70726F6365647572655F69F5
:10F55000735F61637469766529006D5F70726F63B4
:10F5600065647572655F69735F6163746976650070
:10F570002F686F6D652F7A68616F68616E2F6E7589
:10F580002D6D6963726F6269742D626173652F738B
:10F590006F6674776172652F6E72663532782D6290
:10F5A0006173652F2F73646B2F6E7266355F7364A2
:10F5B0006B5F31362E302E305F7468726561642F58
:10F5C00065787465726E616C2F6E52462D494545A3
:10F5D000452D3830322E31352E342D726164696FED
:10F5E0002D6472697665722F7372632F6D61635F2C
:10F5F00066656174757265732F61636B5F67656EB5
:10F60000657261746F722F6E72665F383032313599
:10F61000345F61636B5F646174612E6300705F6669
:10F6200072616D655B41434B5F5245515545535483
:10F630005F4F46465345545D20262041434B5F5261
:10F640004551554553545F424954002F686F6D65CD
:10F650002F7A68616F68616E2F6E752D6D696372A8
:10F660006F6269742D626173652F736F6674776161
:10F6700072652F6E72663532782D626173652F2F39
:10F6800073646B2F6E7266355F73646B5F31362EF9
:10F69000302E305F7468726561642F6578746572AE
:10F6A0006E616C2F6E52462D494545452D383032DE
:10F6B0002E31352E342D726164696F2D6472697636
:10F6C00065722F7372632F6D61635F666561747518
:10F6D0007265732F61636B5F67656E657261746FCE
:10F6E000722F6E72665F3830323135345F61636B12
:10F6F0005F67656E657261746F722E630070617210
:10F7000073655F726573756C7473002F686F6D65D8
:10F710002F7A68616F68616E2F6E752D6D696372E7
:10F720006F6269742D626173652F736F66747761A0
:10F7300072652F6E72663532782D626173652F2F78
:10F7400073646B2F6E7266355F73646B5F31362E38
:10F75000302E305F7468726561642F6578746572ED
:10F760006E616C2F6E52462D494545452D3830321D
:10F770002E31352E342D726164696F2D6472697675
:10F7800065722F7372632F6D61635F666561747557
:10F790007265732F61636B5F67656E657261746F0D
:10F7A000722F6E72665F3830323135345F656E6845
:10F7B0005F61636B5F67656E657261746F722E6304
:10F7C00000705F61636B2D3E705F6473745F616492
:10F7D000647220213D204E554C4C00705F61636B7C
:10F7E0002D3E6473745F616464725F73697A65202F
:10F7F0003D3D20705F6672616D652D3E7372635F83
:10F80000616464725F73697A6500705F6672616DCE
:10F81000652D3E705F7365635F6374726C20213D7C
:10F82000204E554C4C00286D5F617070726F76658C
:10F83000645F7072696F735B707265635D20213DF8
:10F84000207072696F29207C7C20287072696F207B
:10F850003D3D20525343485F5052494F5F49444C0D
:10F860004529002F686F6D652F7A68616F68616E3A
:10F870002F6E752D6D6963726F6269742D6261738D
:10F88000652F736F6674776172652F6E726635329D
:10F89000782D626173652F2F73646B2F6E726635DE
:10F8A0005F73646B5F31362E302E305F7468726523
:10F8B00061642F65787465726E616C2F6E52462D8F
:10F8C000494545452D3830322E31352E342D726163
:10F8D00064696F2D6472697665722F7372632F721B
:10F8E0007363682F6E72665F3830323135345F7201
:10F8F0007363682E630070726563203C205253432B
:10F90000485F505245435F434E5400705F74696DC9
:10F91000657220213D204E554C4C002F686F6D655F
:10F920002F7A68616F68616E2F6E752D6D696372D5
:10F930006F6269742D626173652F736F667477618E
:10F9400072652F6E72663532782D626173652F2F66
:10F9500073646B2F6E7266355F73646B5F31362E26
:10F96000302E305F7468726561642F6578746572DB
:10F970006E616C2F6E52462D494545452D3830320B
:10F980002E31352E342D726164696F2D6472697663
:10F9900065722F7372632F74696D65725F7363682C
:10F9A0006564756C65722F6E72665F383032313502
:10F9B000345F74696D65725F73636865642E63009C
:10F9C00028766F6964202A2974656D7020213D2096
:10F9D000705F63757200705F74696D65722D3E6350
:10F9E000616C6C6261636B20213D204E554C4C0074
:10F9F000705F63757220213D20705F74696D657260
:10FA000000705F6E65787420213D20705F74696DB1
:10FA1000657200216D5F636F6E74696E756F7573CB
:10FA2000002F686F6D652F7A68616F68616E2F6E49
:10FA3000752D6D6963726F6269742D626173652FD4
:10FA4000736F6674776172652F6E72663532782DCA
:10FA5000626173652F2F73646B2F6E7266355F73EF
:10FA6000646B5F31362E302E305F7468726561646E
:10FA70002F65787465726E616C2F6E52462D494504
:10FA800045452D3830322E31352E342D7261646962
:10FA90006F2D6472697665722F7372632F72736350
:10FAA000682F7261616C2F73696E676C655F706837
:10FAB000792F73696E676C655F7068792E63002FAC
:10FAC000686F6D652F7A68616F68616E2F6E752D36
:10FAD0006D6963726F6269742D626173652F736FF4
:10FAE0006674776172652F6E72663532782D626149
:10FAF00073652F2F73646B2F6E7266355F73646B43
:10FB00005F31362E302E305F7468726561642F6508
:10FB1000787465726E616C2F6E52462D494545456D
:10FB20002D3830322E31352E342D726164696F2DAF
:10FB30006472697665722F7372632F706C6174667C
:10FB40006F726D2F68705F74696D65722F6E72666B
:10FB50005F3830323135345F68705F74696D65725B
:10FB60002E63007431203C3D203134353331323541
:10FB7000002F686F6D652F7A68616F68616E2F6EF8
:10FB8000752D6D6963726F6269742D626173652F83
:10FB9000736F6674776172652F6E72663532782D79
:10FBA000626173652F2F73646B2F6E7266355F739E
:10FBB000646B5F31362E302E305F7468726561641D
:10FBC0002F65787465726E616C2F6E52462D4945B3
:10FBD00045452D3830322E31352E342D7261646911
:10FBE0006F2D6472697665722F7372632F6E726601
:10FBF0005F3830323135345F7574696C732E68004C
:10FC00006D5F6F66667365745F636F756E74657242
:10FC100020262030783031002F686F6D652F7A688C
:10FC2000616F68616E2F6E752D6D6963726F6269A9
:10FC3000742D626173652F736F6674776172652FBF
:10FC40006E72663532782D626173652F2F73646B27
:10FC50002F6E7266355F73646B5F31362E302E30D7
:10FC60005F7468726561642F65787465726E616C2B
:10FC70002F6E52462D494545452D3830322E3135AF
:10FC80002E342D726164696F2D6472697665722FEE
:10FC90007372632F706C6174666F726D2F6C705F1E
:10FCA00074696D65722F6E72665F3830323135342B
:10FCB0005F6C705F74696D65725F6E6F6472762ED3
:10FCC00063000000000000000000000000000000D1
:10FCD0000338FDD870470000FC09002077DD0000E4
:10FCE000B7DD00000000000010DE000059DE00005B
:10FCF000A2DE00000000000000000000EBDE0000BB
:10FD000001DF00006CDF0000D7DF000018E000001A
:10FD100059E00000000000000000000077DD000056
:10FD20009CE00000F5E000007CE100000000000025
:10FD3000000000000000000000000000B0E1000032
:10FD4000E2E10000000000000000000000000000F0
:10FD50000338FDD870471C0B1F251E15160F1813EE
:10FD60000338FDD8704700006D0A00002D0B00001D
:10FD7000690A0000FFFFFFFFFFFFFFFFFFFFFFFF1C
:10FD8000FFFFFFFF00000000000000000000D601A0
:10FD9000070100000000000000000000000000005B
:10FDA0000338FDD87047303132333435363738397F
:10FDB0004142434445460000D40F00207F0000002C
:10FDC000BC0F0020C7E5000008E60000CFE50000FA
:10FDD00010E6000018E6000020E6000028E600001B
:10FDE00030E6000038E6000000000000FBDE000006
:10FDF00040E6000048E600004DE60000000000007C
:10FE0000CEE6000001000000DAE60000020000007B
:10FE1000F8E600000300000019E7000004000000FD
:10FE20002CE70000050000003DE700000600000090
:10FE300051E700000700000069E70000080000002B
:10FE400081E700000900000099E700000A000000B7
:10FE5000B2E700000B000000CAE700000C00000041
:10FE6000E1E700000D000000F5E700000E000000D3
:10FE700007E800000F00000016E800001000000076
:10FE80002AE800001100000041E8000080000000A6
:10FE900050E800008100000071E8000082000000CE
:10FEA0008DE8000083000000A9E800008400000045
:10FEB000C7E8000085000000E8E8000086000000B8
:10FEC0000DE900009000000024E90000910000000E
:10FED00042E900009200000060E90000008200009A
:10FEE00075E900000182000093E900000282000031
:10FEF000AFE9000000840000CBE9000001840000AD
:10FF0000EFE900000284000019EA00000384000009
:10FF10003EEA0000556E6B6E6F776E206572726FF1
:10FF20007220636F646500009D330000AD330000F4
:10FF30006E72665F3830323135345F627566666581
:10FF4000725F667265655F726177006972715F6585
:10FF50006E645F73746174655F72785F61636B0078
:10FF60006972715F62636D617463685F73746174F9
:10FF7000655F7278006972715F68616E646C65724A
:10FF8000006E72665F3830323135345F636F726590
:10FF90005F6E6F746966795F6275666665725F66CB
:10FFA0007265650066656D5F666F725F74785F721B
:10FFB000657365740063757272656E745F6F7065EA
:10FFC000726174696F6E5F7465726D696E6174657C
:10FFD00000636F6E745F707265635F64656E696500
:10FFE00064006368616E6E656C5F73657400636F57
:10FFF0006E745F707265635F617070726F76656456
:020000021000EC
:100000000000000055570000E15C00000000000007
:1000100041570000B15D00000000000015570000CE
:10002000315D0000CD570000000000006E72665F79
:100030003830323135345F637269746963616C5F83
:1000400073656374696F6E5F6163746976655F760B
:100050006563746F725F7072696F726974795F67DC
:100060006574006E72665F3830323135345F6372AA
:1000700069746963616C5F73656374696F6E5F6EE9
:10008000657374696E675F64656E79006E72665F32
:100090003830323135345F637269746963616C5F23
:1000A00073656374696F6E5F6E657374696E675FA5
:1000B000616C6C6F7700637269746963616C5F7304
:1000C000656374696F6E5F65786974006E72665FF0
:1000D0003830323135345F637269746963616C5FE3
:1000E00073656374696F6E5F666F72636566756C66
:1000F0006C795F656E7465720063726974696361BF
:100100006C5F73656374696F6E5F656E74657200B2
:10011000D8ECF0F4F8FC00020304050607086E7240
:10012000665F3830323135345F74696D65725F6394
:100130006F6F72645F74696D657374616D705F6712
:100140006574006E72665F3830323135345F6373C8
:100150006D615F63615F74785F737461727465640D
:100160005F686F6F6B006E72665F383032313534A6
:100170005F64656C617965645F7472785F61626FFA
:100180007274006473745F616464725F6368656352
:100190006B00FFFF00FFFFFFFFFFFFFF02FFFFFFFE
:1001A000086E72665F3830323135345F61636B5F81
:1001B00074696D656F75745F74785F6661696C658D
:1001C000645F686F6F6B006E72665F383032313516
:1001D000345F61636B5F74696D656F75745F7278AE
:1001E0005F61636B5F737461727465645F686F6F86
:1001F0006B006E72665F3830323135345F61636B2D
:100200005F74696D656F75745F7472616E736D692B
:10021000747465645F686F6F6B0074696D656F758A
:10022000745F74696D65725F7265747279006E7265
:10023000665F3830323135345F61636B5F6461749F
:10024000615F70656E64696E675F6269745F736831
:100250006F756C645F62655F73657400616464727E
:100260005F696E6465785F66696E64006E72665F72
:100270003830323135345F61636B5F67656E65724C
:1002800061746F725F637265617465007365637535
:10029000726974795F636F6E74726F6C5F7365748B
:1002A0000064657374696E6174696F6E5F73657401
:1002B000006672616D655F636F6E74726F6C5F7301
:1002C0006574006E72665F3830323135345F727338
:1002D00063685F707265635F69735F617070726F8E
:1002E00076656400707265635F617070726F7665C9
:1002F000645F7072696F5F7365740074696D6572B5
:100300005F72656D6F7665006E72665F3830323190
:1003100035345F74696D65725F73636865645F61CE
:100320006464006E72665F7261616C5F74696D65B2
:10033000736C6F745F72657175657374006E72664D
:100340005F7261616C5F636F6E74696E756F7573F8
:100350005F6D6F64655F65786974006E72665F7269
:1003600061616C5F636F6E74696E756F75735F6DDD
:100370006F64655F656E746572006E72665F3830BB
:10038000323135345F68705F74696D65725F73799F
:100390006E635F74696D655F676574004E52465F9A
:1003A0003830323135345F55535F544F5F525443C8
:1003B0005F5449434B53006F766572666C6F775F8D
:1003C000636F756E7465725F67657400000000008E
:1003D00000000100400100000000010001000000D9
:1003E0000000020044010000000002002C2066759D
:1003F0006E6374696F6E3A2000000000617373656C
:100400007274696F6E2022257322206661696C65A3
:10041000643A2066696C6520222573222C206C6961
:100420006E65202564257325730A0000494E460039
:10043000696E66004E414E006E616E00303132339F
:1004400034353637383941424344454600000000D0
:10045000303132333435363738396162636465663A
:1004600000000000286E756C6C2900003000000050
:10047000496E66696E697479000000004E614E0035
:1004800042616C6C6F63207375636365656465645A
:10049000000000002E2E2F2E2E2F2E2E2F2E2E2F30
:1004A0002E2E2F2E2E2F6E65776C69622F6C69624F
:1004B000632F7374646C69622F64746F612E6300C0
:1004C0002E2E2F2E2E2F2E2E2F2E2E2F2E2E2F2E47
:1004D0002E2F6E65776C69622F6C6962632F73745F
:1004E000646C69622F6D707265632E63000000009A
:1004F00043000000504F5349580000002E000000F8
:1005000000202020202020202020282828282820E3
:1005100020202020202020202020202020202020DB
:100520002088101010101010101010101010101043
:100530001004040404040404040404101010101033
:1005400010104141414141410101010101010101FD
:10055000010101010101010101010101101010104F
:1005600010104242424242420202020202020202CF
:100570000202020202020202020202021010101023
:10058000200000000000000000000000000000004B
:10059000000000000000000000000000000000005B
:1005A000000000000000000000000000000000004B
:1005B000000000000000000000000000000000003B
:1005C000000000000000000000000000000000002B
:1005D000000000000000000000000000000000001B
:1005E000000000000000000000000000000000000B
:1005F00000000000000000000000000000000000FB
:10060000000000002020202020202020202020206A
:10061000202020203030303030303030303030301A
:10062000303030302020202020202020202020208A
:1006300020202020303030303030303030303030FA
:1006400030303030000000000500000019000000CC
:100650007D00000000000000000000000000F03FEE
:10066000000000000000244000000000000059408D
:100670000000000000408F40000000000088C340E0
:1006800000000000006AF8400000000080842E4155
:1006900000000000D01263410000000084D79741A1
:1006A0000000000065CDCD41000000205FA00242A7
:1006B000000000E876483742000000A2941A6D421C
:1006C000000040E59C30A2420000901EC4BCD6420F
:1006D00000003426F56B0C430080E03779C34143BA
:1006E00000A0D8855734764300C84E676DC1AB4330
:1006F000003D9160E458E143408CB5781DAF15444E
:1007000050EFE2D6E41A4B4492D54D06CFF0804428
:10071000F64AE1C7022DB544B49DD9794378EA443D
:10072000BC89D897B2D29C3C33A7A8D523F64939C7
:100730003DA7F444FD0FA5329D978CCF08BA5B25E9
:10074000436FAC642806C80A0080E03779C3414390
:10075000176E05B5B5B89346F5F93FE9034F384D27
:10076000321D30F94877825A3CBF737FDD4F1575D3
:100770001000000000000000017A5200027C0E010F
:100780001B0C0D001C000000180000003469FFFF66
:10079000D800000000410E088501840202490A4A7F
:1007A000C5C4410B1000000000000000017A520097
:1007B000027C0E011B0C0D0014000000180000004C
:1007C000886CFFFF340100000002710A430B000037
:1007D0001000000000000000017A5200027C0E01AF
:1007E0001B0C0D0038000000180000001488FFFFEB
:1007F0009E00000000510E108404850386028701CC
:100800005BC7C6C5C40E004C0A420B0A420B0E1051
:10081000840485038602870151C7C6C5C40E000043
:0408200000000000D4
:100824005FEA00000000000066EA0000000000002B
:10083400DBEA000000000000DFEA00000000000026
:10084400E3EA00000000000057EB00000000000095
:100854005CEB000000000000D0EB00000000000092
:10086400A9EC0000000000001DED000000000000E5
:10087400C3E5000000000303CAE300000000000019
:08088400C5E6000000000000C1
:10088C00541000201C110020241100205C100020AA
:04089C001800000040
:1008A00068FD00000000000028E50000180000209E
:0808B000D8F9FE7F01000000F1
:1008B800E080000000000000002000400000000070
:1008C800002000400000000000000000FF000000C1
:1008D800D20000000090D00330000020000000008B
:1008E80000000000101E0020781E0020E01E0020DE
:1008F80000000000000000000000000000000000F0
:1009080000000000000000000000000000000000DF
:1009180000000000000000000000000000000000CF
:1009280000000000000000000000000000000000BF
:1009380000000000000000000000000000000000AF
:10094800000000000000000000000000000000009F
:10095800000000000000000000000000000000008F
:10096800000000000000000000000000000000007F
:10097800000000000000000001000000000000006E
:100988000E33CDAB34126DE6ECDE05000B00000033
:10099800000000000000000000000000000000004F
:1009A800000000000000000000000000000000003F
:1009B800000000000000000000000000000000002F
:1009C800000000000000000000000000000000001F
:1009D800000000000000000000000000000000000F
:1009E80000000000000000000000000000000000FF
:1009F80000000000000000000000000000000000EF
:100A08000000000003000000101E0020000000008D
:100A180000000000000000006001002060010020CC
:100A2800680100206801002070010020700100208A
:100A3800780100207801002080010020800100203A
:100A480088010020880100209001002090010020EA
:100A58009801002098010020A0010020A00100209A
:100A6800A8010020A8010020B0010020B00100204A
:100A7800B8010020B8010020C0010020C0010020FA
:100A8800C8010020C8010020D0010020D0010020AA
:100A9800D8010020D8010020E0010020E00100205A
:100AA800E8010020E8010020F0010020F00100200A
:100AB800F8010020F80100200002002000020020B8
:100AC8000802002008020020100200201002002066
:100AD8001802002018020020200200202002002016
:100AE80028020020280200203002002030020020C6
:100AF8003802002038020020400200204002002076
:100B08004802002048020020500200205002002025
:100B180058020020580200206002002060020020D5
:100B28006802002068020020700200207002002085
:100B38007802002078020020800200208002002035
:100B480088020020880200209002002090020020E5
:100B58009802002098020020A0020020A002002095
:100B6800A8020020A8020020B0020020B002002045
:100B7800B8020020B8020020C0020020C0020020F5
:100B8800C8020020C8020020D0020020D0020020A5
:100B9800D8020020D8020020E0020020E002002055
:100BA800E8020020E8020020F0020020F002002005
:100BB800F8020020F80200200003002000030020B3
:100BC8000803002008030020100300201003002061
:100BD8001803002018030020200300202003002011
:100BE80028030020280300203003002030030020C1
:100BF8003803002038030020400300204003002071
:100C08004803002048030020500300205003002020
:100C180058030020580300206003002060030020D0
:100C28006803002068030020700300207003002080
:100C38007803002078030020800300208003002030
:100C480088030020880300209003002090030020E0
:100C58009803002098030020A0030020A003002090
:100C6800A8030020A8030020B0030020B003002040
:100C7800B8030020B8030020C0030020C0030020F0
:100C8800C8030020C8030020D0030020D0030020A0
:100C9800D8030020D8030020E0030020E003002050
:100CA800E8030020E8030020F0030020F003002000
:100CB800F8030020F80300200004002000040020AE
:100CC800080400200804002010040020100400205C
:100CD800180400201804002020040020200400200C
:100CE80028040020280400203004002030040020BC
:100CF800380400203804002040040020400400206C
:100D0800480400204804002050040020500400201B
:100D180058040020580400206004002060040020CB
:100D2800680400206804002070040020700400207B
:100D3800780400207804002080040020800400202B
:100D480088040020880400209004002090040020DB
:100D58009804002098040020A0040020A00400208B
:100D6800A8040020A8040020B0040020B00400203B
:100D7800B8040020B8040020C0040020C0040020EB
:100D8800C8040020C8040020D0040020D00400209B
:100D9800D8040020D8040020E0040020E00400204B
:100DA800E8040020E8040020F0040020F0040020FB
:100DB800F8040020F80400200005002000050020A9
:100DC8000805002008050020100500201005002057
:100DD8001805002018050020200500202005002007
:100DE80028050020280500203005002030050020B7
:100DF8003805002038050020400500204005002067
:100E08004805002048050020500500205005002016
:100E18005805002058050020FFFFFFFF00000200D2
:100E28004300000000000000000000000000000077
:100E380000000000000000000000000000000000AA
:100E48004300000000000000000000000000000057
:100E5800000000000000000000000000000000008A
:100E68004300000000000000000000000000000037
:100E7800000000000000000000000000000000006A
:100E88004300000000000000000000000000000017
:100E9800000000000000000000000000000000004A
:100EA80043000000000000000000000000000000F7
:100EB800000000000000000000000000000000002A
:100EC80043000000000000000000000000000000D7
:100ED800000000000000000000000000000000000A
:100EE80043000000000000000000000000000000B7
:100EF80000000000000000000000000000000000EA
:100F0800C1C70000DDC600000000000000050100A8
:100F1800FC040100F8030100F8030100F8030100D4
:100F2800F8030100F8030100F8030100F8030100C9
:100F3800F8030100F8030100FFFFFFFFFFFFFFFFB9
:100F4800FFFFFFFFFFFF0000010041534349490035
:100F58000000000000000000000000000000000089
:100F68000000000000000000000041534349490010
:100F78000000000000000000000000000000000069
:100F8800000000000000000000000000DDB80000C4
:0C0F980069020000210A00004102000074
:040000030000702D5C
:00000001FF
