:1000000000000220AD740000D5740000350E000021
:10001000D9740000DB740000DD74000000000000F3
:10002000000000000000000000000000DF7400007D
:10003000E174000000000000E3740000E5740000BB
:10004000576C0000B948000095220000852B000085
:10005000952B0000E7740000F92000004127000004
:10006000B1290000C1290000E7740000E774000016
:10007000E7740000E7740000E7740000E774000014
:10008000E7740000690A0000E7740000E7740000EC
:10009000050B0000E7740000E7740000E77400003F
:1000A000E7740000E7740000E7740000E7740000E4
:1000B00009270000E77400000000000000000000B5
:1000C000E774000019270000E77400000129000010
:1000D000FD710000E7740000E7740000E7740000A1
:1000E0001D340000000000000000000000000000BF
:1000F00000000000E774000000000000E77400004A
:1001000000000000000000000000000000000000EF
:1001100000000000000000000000000000000000DF
:1001200000000000000000000000000000000000CF
:1001300000000000000000000000000000000000BF
:1001400000000000000000000000000000000000AF
:10015000000000000000000000000000000000009F
:10016000000000000000000000000000000000008F
:10017000000000000000000000000000000000007F
:10018000000000000000000000000000000000006F
:10019000000000000000000000000000000000005F
:1001A000000000000000000000000000000000004F
:1001B000000000000000000000000000000000003F
:1001C000000000000000000000000000000000002F
:1001D000000000000000000000000000000000001F
:1001E000000000000000000000000000000000000F
:1001F00000000000000000000000000000000000FF
:100200000348044B834202D0034B03B118477047A5
:10021000FC060020FC060020000000000548064BFC
:100220001B1AD90F01EBA301491002D0034B03B1F4
:1002300018477047FC060020FC0600200000000064
:1002400010B5064C237843B9FFF7DAFF044B13B11E
:100250000448AFF300800123237010BD0007002085
:1002600000000000500D010008B5044B1BB104490B
:100270000448AFF30080BDE80840CFE7000000006D
:1002800004070020500D0100A3F5803A704700BF1D
:10029000154B002B08BF114B9D46FFF7F5FF0021C2
:1002A0008B460F461148124A121A07F0B5F90C4B4B
:1002B000002B00D098470B4B002B00D09847002014
:1002C000002104000D000B4807F0E0FC07F096FB4E
:1002D0002000290000F010F807F0CAFC0000080018
:1002E00000000000000000000000022000070020C5
:1002F000341E0020617F00001FB5224807F0DCFC9F
:1003000000F0B8F800F08FF81F4807F0D5FC03F0B4
:1003100044FB1E4807F0D0FC0B2003F02BFB002011
:1003200003F084FB012003F07FFB4AF6CD3301A8E4
:10033000ADF8043003F02DFB154807F0BDFC154A5D
:100340001068516802AB03C302A803F024FB03F05A
:1003500049FBA0B11048114C114E07F0ADFC44F020
:100360000104304607F0A8FC022000F09BF84FF48F
:100370007A754FF47A40A047013DFAD1F1E7094878
:10038000E9E700BFDCDF0000ECDF000001E0000077
:1003900011E0000062E0000024E00000B002010073
:1003A00058E000003AE0000010B50368292B04462D
:1003B00004D9074940F2CD1000F056FD23681F2BE9
:1003C00083BF03F01F03236002484FF0A04010BD1D
:1003D0006BE000000003005007B5019001A8FFF793
:1003E000E3FF019A01239340C0F80C3503B05DF898
:1003F00004FB07B5019001A8FFF7D6FF019A01237E
:100400009340C0F8083503B05DF804FB07B50190D0
:1004100001A8FFF7C9FF019A01239340C0F81835DE
:1004200003B05DF804FB08B50E20FFF7EFFF2520B1
:10043000FFF7ECFF0B20FFF7E9FF0A20FFF7E6FFCD
:100440000E20FFF7C9FF2520FFF7C6FF0B20FFF79F
:10045000C3FF0A20FFF7C0FF1E20FFF7D7FF0C20C5
:10046000FFF7D4FF1E20FFF7B7FFBDE808400C20C0
:10047000FFF7B2BF09490A4840F202330B8041F648
:1004800004734B8004234B714FF47A7300220B8169
:1004900002238A714B8102F00DB800BF1C070020B7
:1004A000B8020100012870B524D002283CD00028F1
:1004B0004FD10E20274CFFF79CFF252048F2F41562
:1004C000FFF78AFF0B202580FFF793FF0A20FFF735
:1004D00083FF1E206580FFF78CFF0C20A580FFF7AF
:1004E0007BFFE580BDE870401B491C4802230122C8
:1004F00002F0B8B82520FFF77CFF164D0E20FFF75D
:100500006BFF48F2F4160A202E80FFF772FF0B20D3
:10051000FFF762FF1E206E80FFF75EFF0C20AE80AB
:10052000FFF767FFEE80DDE70E20FFF762FF094D62
:100530002520FFF751FF48F2F4160A202E80FFF71E
:1005400058FF0B20FFF748FF1E206E80FFF751FF7A
:10055000E4E770BD2807002000000020B802010079
:1005600070B54FF0A0420446D2F804350F48104E43
:10057000D94301F4801103F48013C2F80815C2F8BE
:100580000C3507F099FB00252378023BAB4207DCD2
:10059000084807F091FB2046BDE8704003F028BAF8
:1005A000615D304607F088FB0135EDE7D0E00000E3
:1005B000DBE00000E1E0000010B50368292B0446F1
:1005C00004D9074940F2CD1000F04EFC23681F2BE0
:1005D00083BF03F01F03236002484FF0A04010BD0B
:1005E0006BE000000003005007B5019001A8FFF781
:1005F000E3FF019A01239340C0F80C3503B05DF886
:1006000004FB07B5019001A8FFF7D6FF019A01236B
:100610009340C0F8083503B05DF804FB38B5054DCC
:10062000044645F001054FF47A40A847013CFAD151
:1006300038BD00BF300301002DE9F3413D4F3E4E70
:100640000524022517F8013B019301A8FFF7B4FF29
:10065000019B03F5E07340F8235001A816F8013B15
:100660000193FFF7A9FF019B03F5E073013C40F8FC
:100670002350E7D1152501A80195FFF79DFF019BA8
:1006800003F5E07340F2032640F82360132401A829
:100690000194FFF791FF019B03F5E07340F203180B
:1006A00040F823601C2601A80196FFF785FF019BF7
:1006B00003F5E0731E2740F8238001A80197FFF798
:1006C0007BFF019B03F5E07340F823802846FFF78A
:1006D00098FF2046FFF795FF3046FFF785FF384625
:1006E000FFF782FF1C20FFF77FFF1E20FFF77CFF34
:1006F0004FF4FA70FFF792FF1C20FFF782FF1E20D5
:10070000FFF77FFF3220FFF789FF1C20FFF76CFF08
:100710001E20FFF769FF4FF4FA70FFF77FFF1C20E0
:10072000FFF76FFF1E20FFF76CFFFA20FFF776FF41
:10073000D8E700BF3B0301003603010073B506464E
:100740000D46144672B601F04BFA01F08BF8002802
:10075000FBD1124807F0B0FA44F201039E420AD0DE
:1007600044F202039E4214D1228861680C4807F0CB
:10077000A3FAFFF761FFA668304601F061FC236829
:1007800001950093024663680648314607F094FAE3
:10079000EFE72946044807F08FFAEAE7E4E00000B3
:1007A000FDE0000018E1000042E100002DE9F74300
:1007B000054601F015FA01F055F80028FBD12A4B47
:1007C0002A4C9E6A2A4BE41AE408240444F00104EB
:1007D000002D44D0AA692749204601F0B3F9EB68FF
:1007E0000193AB680093D5E900232349204601F02B
:1007F000BEF9EB690093D5E904232049204601F0B6
:10080000AAF9194BDB6A990703D51D49204601F067
:1008100095F9DFF87C80DFF87C900025012707FA46
:1008200005F3334206D058F825201AB14946204630
:1008300001F088F901351A2DF1D1320605D50A4BA0
:1008400010495A6B204601F07DF9330405D5064B5B
:100850000D499A6B204601F075F9FFF7EDFE0B4943
:10086000204601F06BF9CCE700ED00E0540E0100EA
:10087000040E01005CE1000071E10000A6E100004F
:1008800001E2000050E2000070E20000CEE1000052
:10089000C002010045E20000704770477047704792
:1008A0007047704738B50E4B1B680021986806F0FA
:1008B000B3FF4FF40041002000F07AFF18B1094A5D
:1008C000142100F0BBF8084D00F09EFE0A2445F00C
:1008D00001054FF47A40A847013CFAD138BD00BF6A
:1008E0003800002040E7000040030100704700008E
:1008F00007B5044B0093044A402300F023FE03B0E5
:100900005DF804FB610900003207002030B50F4D8F
:100910000FCD89B06C460FC495E80F0084E80F0036
:1009200006222823CDE9002309480A4B069300221A
:10093000694600F0A7FB18B1074A462100F07EF88F
:10094000064B00221A7009B030BD00BF54030100ED
:100950001000002000509D0097E7000030070020A5
:1009600038B50E480E4C0F4D002323700378EB5C16
:10097000D2B273B1043002F0D5FE18B10A4A562142
:1009800000F05CF8094B1B7813B12378002BFCD0E6
:1009900038BD0C3002F074FBEFE700BF1000002000
:1009A000310700209808002097E70000300700205A
:1009B00008B50848084A0378D35C33B1043002F024
:1009C0002FFEBDE80840FFF7A1BF0C3002F0ECFAA3
:1009D000F7E700BF1000002098080020FFF796BF3F
:1009E00010B50848D4B20378074AD35C224623B135
:1009F000043002F097FE204610BD0C3002F040FBA0
:100A0000F9E700BF100000209808002008B5094849
:100A1000094A0378D35C012243B1043002F0FCFEA2
:100A2000002814BF4FF0FF30012008BD0C3002F049
:100A300097FBF5E7100000209808002000B583B070
:100A400002900091019244F2010071466A46FFF75C
:100A500075FE03B000BD0000024B4FF43C6043F054
:100A60000103184780030100F8B51F491F4B0025FB
:100A7000C1F84051C1F84451C1F84851C1F84C5136
:100A8000C1F80051C1F804511B684BB3D1F80445BB
:100A900017490968641A24F07F442F461A68A24255
:100AA00009D8A41A15441A7CDE691AB1D3E90520C5
:100AB0001F749047AEB90F4A0F4B11781B788B42C9
:100AC00005D10133DBB2022B08BF0023137012786B
:100AD0000A4B43F822500A4B4FF48012C3F800210E
:100AE000F8BD3346DAE700BF00100140840700205C
:100AF0008007002074070020750700207807002079
:100B000000E100E02DE9F74F9F49A04A0B781278E9
:100B10009F4D9A4255D00133DBB2022B08BF002310
:100B20009C4A0B709C49166851F82300331823F037
:100B30007F43136000222B6817461446944613B96E
:100B400042B12B6006E01968814228D902B12B60BE
:100B5000091A19604FF0010B2B68DFF850920093CF
:100B60004FF0000A002F46D03C46FF69894B66686B
:100B700019688A4AA368701A20F07F40904200F2F8
:100B8000E180034401202074286823600021C4E927
:100B90000111E161002840F0DD802C60E2E7401A9D
:100BA0000C44D968D3F81CE0C3F800C031B1321945
:100BB00022F07F42C3E90121DF611F467346012213
:100BC000BDE70027BB46C7E799F802402E68431CE3
:100BD000DBB29C4208BF002389F80030182303FBD6
:100BE000009003798468022B6AD0032B00F0948074
:100BF000012B00F0948099F8000099F801308342AD
:100C0000E2D12B68BAF1000F05D1009A9A4202D1C5
:100C1000BBF1000F43D0002B41D0D3F800A0604DB2
:100C20005C4BD5F804751C68DFF884813E1B98F88E
:100C3000003026F07F4603369BB94FF48033C5F869
:100C40004433C5F80433574B4FF40032C3F88021C6
:100C50001A604FF00109C5F80090FFF7FDFE88F813
:100C60000090B2452CBF5444A41924F07F44C5F829
:100C70004045D5F80435DB1B23F07F43E41B0333E9
:100C800024F07F44A3420AD9D5F80435C5F840358D
:100C9000FFF7E2FE434B4FF40032C3F80021424B12
:100CA00000221A7003B0BDE8F08F44450BD04046D7
:100CB000D8F81C80B8F1000FF7D1002323749AE70D
:100CC000B0463046F6E784420DD1F3692B6053B944
:100CD0003349019001228A602E490B60324B1A7011
:100CE000FFF7BAFE0198D8F81C20D8F80030C2618E
:100CF00012B111680B4413602B68B34218BF4FF058
:100D0000010ADAE73074F6690123002EFAD1002BCC
:100D10003FF471AF2E606EE700231846F5E7267C9E
:100D2000002E7FF468AFC16861600369A360436906
:100D3000E3608369A3611C4B1B78002B18BF31460D
:100D4000616013E7891B21F07F41994234BF5B1A30
:100D5000002317E70168994213D3C91A0160E061C3
:100D60001BE79B1BCE6908463EB131460E68B34275
:100D7000F7D8F61A0E600E4601462360E661CC6194
:100D8000F0E60146F2E700BF750700207407002077
:100D9000840700208007002078070020FEFF7F00E6
:100DA0000010014000E100E07207002088070020E9
:100DB0007307002072B6024A13680133136070474C
:100DC00094080020034A1368013B136003B962B61C
:100DD000704700BF94080020EFF30583C3F30803B6
:100DE0002BB9EFF31480C04300F0010070470120DD
:100DF0007047000008B5FFF7EFFF012803D0044952
:100E0000432000F031F8BDE80840FFF7D3BF00BF32
:100E1000F4E7000008B5FFF7DFFF012803D004491D
:100E2000512000F021F8BDE80840FFF7CBBF00BF1C
:100E3000F4E700001EF0040F1CBFEFF309800AE086
:100E4000EFF308800549064A884201D8904202D84B
:100E50008D464FF00000034B1847000000000220B1
:100E600000E00120AD07000007B5ADF800000191DA
:100E70006A46002144F20200FFF760FC03B05DF80F
:100E800004FB10B5034653E8000F0A4643E800246C
:100E900094F0000FF7D110BD10B5034653E8002FB2
:100EA00042EA010043E8000494F0000FF6D110BDBF
:100EB00010B5034653E8000F00EA010243E800249E
:100EC00094F0000FF6D110BD10B5034653E8002F83
:100ED00002EB010043E8000494F0000FF6D110BDCE
:100EE00010B5034653E8002FA2EB010043E80004CD
:100EF00094F0000FF6D110BD0121FFF7CDBF002106
:100F0000FFF7D6BF10B50446002834D003681BB9DC
:100F10001A49FF20FFF7A8FF636823B917494FF468
:100F20008070FFF7A1FFA36823B9144940F20110B4
:100F3000FFF79AFFE36823B910494FF48170FFF778
:100F400093FF238A23B90D4940F20310FFF78CFF6A
:100F5000D4E9012321689B1ADBB20A60013BDBB2B2
:100F6000FF2B226802D10020107110BD1168481CAF
:100F700010600B70F2E70E20F7E700BF6BE800008F
:100F800038B5044620B912494FF49270FFF76CFF50
:100F90000020FFF72FFF2268616813688B4215D984
:100FA000591E116013F8013C228AE56802FB0355C3
:100FB0002268A36811685B1A1179DBB2994200D2EA
:100FC00013710020FFF726FF284638BD0025F8E7FB
:100FD0006BE8000038B50C46054620B90E4940F2D2
:100FE0004710FFF741FF24B90B494FF4A470FFF7F6
:100FF0003BFF0020FFF7FEFE2A681368591C1160B2
:10100000EA68A41A2A8AB4FBF2F41C70BDE83840DE
:101010000020FFF7FFBE00BF6BE800001FB503789C
:101020008DF800304368019383688DF80830C368F9
:10103000054A0393054B684653F8213052F82110B6
:10104000984705B05DF804FB9C080020A408002028
:101050001FB503788DF800304368019383688DF8DD
:101060000830C368054A0393054B684653F821309E
:1010700052F82110984705B05DF804FB9C08002049
:10108000A4080020F0B5194B90F800C0DFF86CE020
:1010900043F82C20164B16460A6943F82C200C46C0
:1010A0004B7F0EF80C3007460FCC89B06D460FC54C
:1010B00094E80F0085E80F003B78CDF810C01EF8CB
:1010C00003304BB1002E0B4A694608BF3246381D2B
:1010D00002F0ACF909B0F0BD002E074A694608BF1E
:1010E000324607F10C0001F073FEF3E7A40800207C
:1010F0009C0800201D1000005110000098080020DE
:1011000010B5044618B906493120FFF7ADFEA268B4
:101110002AB163692168206998470023A36010BD44
:10112000E3E800000EB433B5059D044618B9114933
:101130004220FFF799FE63691BB90E494320FFF770
:1011400093FE23681BB90B494420FFF78DFE6368AB
:101150001BB908494520FFF787FE35B106AB01AA48
:1011600029462046019300F071F802B0BDE83040F6
:1011700003B07047E3E80000826830B40468551C8F
:101180008560A154D0E901329A4202D330BCFFF706
:10119000B7BF30BC704700002DE9F84F9946DDE934
:1011A0000A431546824688460A460127AA420FD2BC
:1011B0004F4538BF4F4613F0010B01D164B90024ED
:1011C0000126B9F1010F1CD909F1FF396E43F8E787
:1011D0000137B2FBF5F2E9E79B0710D5B9F1000F33
:1011E0000CBF30262026BC42EAD9013C314650468D
:1011F000FFF7C2FF002CE2D0BC42F6D1E0E7202688
:10120000F1E7B8FBF6F39D42E0D9DFF83C90B8FB7C
:10121000F6F3504619F8031006FB1388FFF7ACFFEE
:101220003346AB42B6FBF5F6F1D2BBF1000F00D06E
:1012300034B9BDE8F88F20215046013CFFF79CFFF0
:10124000BC42F8D8F5E700BF860301002DE9F74F4F
:101250000F469046054620B9B74940F25220FFF7A5
:1012600003FE6B6923B9B4494FF41570FFF7FCFD19
:101270002B6823B9B04940F25520FFF7F5FD6B68A4
:1012800023B9AD4940F25620FFF7EEFD002F00F0E4
:10129000558117F8011B49B92B7B002B00F04E81BB
:1012A000284603B0BDE8F04FFFF72ABF252940F0DC
:1012B000BD8000263A4612F8013B2D2B25D0302B5D
:1012C00027D02B2B28D000242A2B07F1010226D16E
:1012D000D8F80030191DC8F800101B6817461C44C8
:1012E0003B782E2B27D101374FF0000A0A203946D0
:1012F00011F8012BA2F1300CBCF1090F1DD800FB35
:101300000A22A2F1300A0F46F1E746F0010617461D
:10131000D0E746F00206FAE746F00406F7E712F8CF
:10132000013CA3F130010929DAD80A2101FB043478
:10133000303C1746C8E74FF0000A3A4612F8011B46
:1013400001F0FB0068281746F8D0782909D86F29E2
:101350000BD8632964D021D8252967D0582900F0FB
:1013600095803B78002B94D196E770390829F8D8FE
:1013700001A252F821F000BF0F1500006313000016
:1013800063130000A1140000631300007714000031
:1013900063130000631300008D140000642901D062
:1013A0006929DED1D8F80020111DC8F80010D2F844
:1013B00000B08BEAEB72A2EBEB724FF001090A214D
:1013C000092A37DCD14538BFD1462CB1BBF1000F1B
:1013D00001DB720700D5013CB30702D5BAF1000F5B
:1013E00003D0F00701D454BB0024BBF1000F32DA64
:1013F000CBF1000B2D212846FFF7BEFE06F00302BD
:10140000022A04D1BAF1000F01D144BB0024CDE976
:10141000004653460A2259462846FFF7BDFEA0E77C
:10142000D8F800301A1DC8F8002019782846FFF7B0
:10143000A3FE96E709F10109B2FBF1F2C0E7A1456D
:10144000D3D2013C20212846FFF796FE002CCBD0BA
:10145000A145F6D1C9E77107D0D52B21CBE7A1452E
:10146000D5D2013C30212846FFF786FE002CCDD096
:10147000A145F6D1CBE7D8F800100A1DC8F8002026
:10148000CDE9004653460A220968C5E7D8F800109E
:101490000A1DC8F800205346CDE900461022F3E7A4
:1014A000D8F800301A1DC8F8002016F00106D3F84D
:1014B000009024D1B9F1000F03D0484606F040F85F
:1014C0000646B4421DD809F1FF3919F8011F002959
:1014D0003FF447AF2846FFF74FFEF6E728460136B0
:1014E000FFF74AFE19F806100029F7D1A642BFF40B
:1014F00038AF20212846013CFFF73EFEF6E70026E4
:10150000F0E720212846013CFFF736FED9E7D8F85E
:1015100000301A1DC8F80020302128461C68FFF74B
:101520002BFE78212846FFF727FE00220823CDE96D
:101530000032214610226FE74BE9000003B0BDE8FE
:10154000F08F00BFF0B595B01D46164608460C4614
:1015500000F00EFD1A9B0D93CDE9086500252B4682
:10156000082205A920460A958DF82C500C9500F00C
:1015700027FD079B0293069B03939DF814308DF87B
:10158000115003F00302012A1DD1BDF81420059D5E
:10159000C3F3C203C2F383168DF81030B2000823E0
:1015A0000EA9204600F00CFDC5F3952508AB00936D
:1015B000324602AB0EA9284600F080FB204600F020
:1015C000DBFC15B0F0BD022AF8D1BDF81650C3F30C
:1015D000C203C5F389158DF810300827082D2E4653
:1015E00028BF08263B4632460EA9204600F0E8FCFC
:1015F000AD1B08AB02AA31460EA8374400F0C2FB6F
:10160000002DEBD1DAE7000008B5FFF7E7F907484E
:10161000042100F0BBFA002803DA05494820FFF74F
:1016200023FC044B01225A7108BD00BF800E01004B
:10163000BAE9000024000020037813F0040215D05A
:1016400003F00303012B03D0022B09D001207047C4
:101650000B6802880233C2F3831213440B60F5E770
:101660000B684288023303EB9213F7E7104670478A
:101670002DE9F04FDFF834A10F4687B00446861CF1
:1016800000201546FFF7B6FBDAF800203A60DAE9E9
:1016900001130B4401339B1A0AF21C470AF58369B4
:1016A0000AF21448B3421BD30021002D77D004F076
:1016B0000F04A40144F0050464F30F01DAF80020DC
:1016C000DAF808301340033332444AF8231000207C
:1016D000CAF80020FFF79EFB012007B0BDE8F08F9D
:1016E00001213846FFF7F0FB4846FFF705FC40466E
:1016F000FFF702FCDAF80400DAF808B0029000EA1A
:101700000B0003300AEB800002A9FFF795FF029B54
:101710000246E0B90BEA03010AEB8101C8680390B5
:10172000991C013303EA0B030AEB830300F0030067
:101730000128DB6802912AD002280BD01A490192B5
:1017400040F28910FFF790FB019A93460CE00BEAF8
:101750000300D6E74FEA134BBDF80E30C3F38913ED
:10176000033301EB930302934046FFF7C8FB10B12C
:10177000029BCAF8043059463846FFF7A5FBDAE960
:1017800001231344DAF8002001339B1A8AE74FEA59
:10179000134BBDF80C30C3F383130B44E3E7A405EC
:1017A00044F006018AE700BF4CEA0000AC080020C4
:1017B0000B4B0C48FF2210B59A600022C3F8182486
:1017C000C3E90022C3F81424012283F8202400F086
:1017D0008BFB044610B9044800F00AFC204610BDFB
:1017E000AC0800206C0E01009803010030B50A4CD3
:1017F00071B10A4A0A49121BD20800239A4201D148
:10180000002030BD31F82350854202D00133F5E786
:10181000034654F83300F4E7040E01006C0E010097
:10182000FC060020094B013903EBC000032909D84D
:10183000DFE801F0020A04060220704700797047D1
:10184000407970470020704704207047040E010063
:10185000034BD3E90030C31A58425841704700BFC8
:10186000AC0800202DE9FF47FFF7F2FF002840F009
:1018700083807E4DC5F81804BFF34F8F6868AC684D
:1018800000902040033005EB80006946FFF7D4FE4E
:10189000009B18B1D5F81824002A69D004EA030285
:1018A0009F1C013305EB8202234005EB8303D268C2
:1018B000DB68029302F00303022B019200976ED1C2
:1018C000BDF806306A48C3F38918B8F1500FC14615
:1018D00028BF4FF0500969F38F1309F10801ADF8E3
:1018E000063000F019FB0646002800F0A98000F041
:1018F0003FFB00233046082201A900F04BFB24EAFD
:1019000007030133B9EB830F4FEA83003FD95FFA36
:1019100089F9002837D004EA0701C4B2A9EB040A08
:101920000331A146534C05EB81015FFA8AFA082383
:101930004A46304600F02EFB34B109F10803524606
:101940002146304600F026FB08F1030807EB980714
:101950000097D5F81834D5F81044002B5FD03046E6
:1019600000F00AFBFFF774FF80F00100C0B204E052
:101970002A689A4204D86A60002004B0BDE8F08763
:1019800004EA03007EE73B4904468246CFE704EAC7
:101990000701033108234A4605EB8101D1E7012BFA
:1019A0004ED1BDF804303248C3F38311062928BF55
:1019B000062161F38913023101F00F018900ADF8AE
:1019C000043000F0A9FA0646002839D000F0D0FA19
:1019D0000023082201A9304600F0DCFA0027BDF8F8
:1019E0000420C2F38312BB00BA4203F10803B0D94A
:1019F00000994A1C21400331009205EB8101042229
:101A0000304600F0C7FA0137E9E7E3685B7923B1B4
:101A1000236831461B6820469847E3681C68002C01
:101A2000F3D1304600F0A8FA2046FFF7E3F9D5F8E5
:101A300018340BB9009B6B600020FFF7EBF991E7BE
:101A4000D5F8104454B90C4B0C480D49C01AC008C5
:101A5000000440F0020000F071F883E7236820469C
:101A60009B689847E3681C68ECE700BFAC0800205F
:101A70006C0E0100B8080020040E0100540E010095
:101A8000C5EA00002DE9F74F274E04460F46914660
:101A900001A901221846D6F808A09846FFF7E8FDEC
:101AA00078B3019D0023A81C434503EB000132D10C
:101AB00000211E48FFF7E5F94FEA144980F3100BA7
:101AC0001B4B1C4A9B1AB9EBD30F04D31A494FF492
:101AD000D770FFF7C9F96B1C03EA0A03E40006EBB1
:101AE000830304F0380449EA0B4205EA0A0544F08E
:101AF0000104DA60033544EA881343EA872346F891
:101B0000253096F820341BB1FFF7ACFE0028FBD13E
:101B100003B0BDE8F08F01EA0A0106EB810159F834
:101B20002320CA600133BFE7AC080020C80C0020A6
:101B30006C0E0100040E01004CEA000000231A465E
:101B4000FFF7A0BF07B50123019201AAFFF79AFF93
:101B500003B05DF804FB1FB5CDE90123069B039399
:101B600001AA0323FFF78EFF05B05DF804FB1FB544
:101B7000CDE90023069B0293079B03936A46042347
:101B8000FFF780FF05B05DF804FB000030B5134996
:101B9000D1F810440346002022464AB9DC6820717F
:101BA000D1F8104484B9C1F81034DB681A600AE037
:101BB000D2681579854201D01268EEE701300A2813
:101BC000EAD14FF0FF3030BDE468DA682468146071
:101BD000D1F81024D2681360F5E700BFAC080020EC
:101BE00038B5084B0125D3F8104483F8205404B9C4
:101BF00038BDE3685D71236820465B689847E368F9
:101C00001C68F4E7AC08002010B5037A052B0C46DD
:101C10000FD0437A23B1084A08492046FFF782FAD9
:101C200007492046FFF77EFA2046BDE81040FFF73F
:101C300067BA002AF8D0F3E7DAEA0000DFEA00002A
:101C4000FFEA000073B5C38804460D4633B1144A59
:101C500000921449144A2846FFF764FA217A0529AC
:101C60001CD0637A4BB1A088FFF7DCFD0F4B104905
:101C700053F820202846FFF755FA227A0D4BA0880A
:101C800053F822600021FFF7B1FD0B4903463246AD
:101C9000284602B0BDE87040FFF744BA02B070BDFC
:101CA000DAEA0000EAEA0000E2EA0000A403010028
:101CB000DFEA0000C803010002EB00002DE9F04359
:101CC00085B01F460C9D002395F80C902B7306469B
:101CD0000C46904629463846FFF7B4FFB8F1060F88
:101CE00009D8DFE808F00412181F283340003146F5
:101CF0002846FFF717FA002229463846FFF784FFE7
:101D000085F80C9005B0BDE8F0832268314628467E
:101D1000FFF708FAEFE7D4E9002331462846FFF73A
:101D200001FAE8E7A3680093D4E900233146284686
:101D3000FFF7F8F9DFE7E3680193A3680093D4E9BC
:101D4000002331462846FFF7EDF9D4E723690293D3
:101D5000E3680193A3680093D4E900233146284641
:101D6000FFF7E0F9C7E76369039323690293E36828
:101D70000193A3680093D4E9002331462846FFF776
:101D8000D1F9B8E708292DE9F84F80460E461746E5
:101D90001C463BD8002593F80C901D73194610463D
:101DA000FFF750FFDFF88CA0DFF88CB0AE422FD9E0
:101DB00018F8052059462046FFF7B4F90135082DDB
:101DC000F4D11949194DDFF874B02046FFF7AAF98C
:101DD0004FF0000A564522D918F80A207E2A1CD84E
:101DE0001BF8021011F0970F08BF2E221049204651
:101DF000FFF798F90AF1010ABAF1080FEAD10122B6
:101E000021463846FFF700FF84F80C90BDE8F88FB4
:101E100051462046FFF786F9D0E72E22E6E729460D
:101E20002046FFF77FF9E5E716EB000014EB000012
:101E300018EB000012EB00000CEB0000E10A0100BF
:101E40002DE9F74F99469DF8303000938846934628
:101E5000064618B92349B620FFF706F8F2887179CB
:101E60004A43043A4A4505D81E490192C420FEF768
:101E7000FBFF019ADBF80070B6F806A007EB09013A
:101E8000914209F1040488BFA2EB0907B4FBFAF5FB
:101E9000CBF800700AFB154445B9AAEB040BBB450F
:101EA00028BFBB462FB903B0BDE8F08F3668013DAF
:101EB000F2E7009B043408EB050034445A466BB14A
:101EC0002146A7EB0B0705F0FFFCBA455D443668D9
:101ED000D3464FF0000428BFBB46E3E70146204647
:101EE000EFE700BF66EB0000FFF70CB8F8B54679E6
:101EF0000146721E0546002393422D6803D3002439
:101F0000A64202D8F8BD0133F6E70F682846FFF76E
:101F100061F801343946F3E72DE9F041CD1C078A19
:101F20000646FFF72DF8043F3D440446B5FBF7F5A0
:101F3000D0B14FF48073EDB2C7808380013D06605D
:101F400080460027AF4210D23046FFF719F840B163
:101F50006379013363710137C8F800000660804679
:101F6000F0E72046FFF7C2FF00242046BDE8F081DD
:101F700001210430FEF7A8BF10B50121044604304A
:101F8000FEF7AEFFC0B220B92046BDE81040FFF713
:101F9000ADBF10BD1FB5144603920022009203AAE4
:101FA000FFF74EFF039BA34206D00449F62004B07E
:101FB000BDE81040FEF758BF04B010BD66EB00004E
:101FC0001FB5144603920122009203AAFFF738FFBF
:101FD000039BA34207D005494FF4807004B0BDE8CD
:101FE0001040FEF741BF04B010BD00BF66EB00001B
:101FF00082680023936082681361826853618268FB
:10200000D3608268536082681360704710B50B4AD2
:10201000A2F58C739A4201D800200CE0D11A091164
:1020200003EBC10453F83110814205D802D204F108
:102030000803EFE7606810BD2246EBE7F4040100F7
:1020400008B5FFF7E3FF024B002808BF184608BD9C
:10205000F404010000F1804000F5C040002382B08C
:10206000036003680193019B02B07047C20801231B
:1020700000F007008340885C03438B5470470000E6
:1020800010B50368292B044604D9074940F2CD1046
:10209000FEF7EAFE23681F2B83BF03F01F032360B4
:1020A00002484FF0A04010BD6BE00000000300505C
:1020B00013B5019001A80C46FFF7E2FF019B00EB6E
:1020C0008300D0F8003723F44033C0F80037D0F84D
:1020D000003743EA0443C0F8003702B010BD0000E7
:1020E0004FF0A043D3F810350360024BD3F81035FE
:1020F00043607047000300502DE9F04F00248BB07F
:10210000CDE90244604D4FF48072012102F1804319
:1021100003F5C0431B68012B07D1D5F804330B42EC
:1021200003D090B2FFF796FF0C430432B2F5907FD4
:102130004FEA4101EAD1544BD3F87C31012B08D14D
:102140004FF4BE70FFF786FF02A844F00044FFF78B
:10215000C7FFE3B2D3B14D4F00250126344210D062
:10216000AB0003F1804303F5C043D3F81005D3F867
:10217000101557F8253023B1C1F30141C0F30520F4
:1021800098470135082D4FEA4606E7D1002C77DA4B
:102190000023CDE904334FF0FF33CDE90633DFF8F8
:1021A000ECB03B4B019300273D46019B13F9014FD7
:1021B0000193631C4ED0C4F3C2080122E3B204F0C1
:1021C0003F0604F0070402FA04F408F128020DEBBC
:1021D000020818F8102C22423CD00BEB06024FEA02
:1021E000931A92F930205BF82290B9F1000F07D1D1
:1021F000BAF1030F2ED104A93046FFF737FF02E0F2
:10220000BAF1030FF7D008A80896FFF739FF089A2C
:1022100018F8201C02F5E072214250F82220C2F387
:10222000014206D0022A15D1BAF1030F0CD1514652
:1022300005E0032A0ED1BAF1030F05D10221304681
:10224000FFF736FF0135EDB2B9F1000F02D051466C
:102250003046C8470137042FA7D18DB108A8FFF732
:102260003FFF029B089A9A42099B02D103998B4235
:1022700006D002920393049A059B0692079390E777
:102280000BB0BDE8F08F00BF00600040380E0020AA
:10229000910E002010B5054C23681BB9044951204C
:1022A000FEF7E2FD2368BDE810401847A00E0020AD
:1022B0007DEF000038B50C4628B90C497720FEF7B1
:1022C000D3FD002038BD0A4B9842FAD10020FEF71A
:1022D00091FD084B1D7915B901221C601A7100206F
:1022E000FEF798FD002DECD01120EBE77DEF00000C
:1022F00000200040A00E002018B906499B20FEF7E0
:10230000B3BD054B984201BF044B00221A601A71FD
:10231000704700BF7DEF000000200040A00E0020AD
:102320000023435082B043580193019B02B0704791
:1023300038B51D4602230B710B684A7104467BB108
:1023400012F0040F14BF92218221100748BF41F000
:102350002001D306236848BF21F08001C3F8001391
:1023600020684FF48271FFF7DBFF12F0800F2068C6
:1023700005BF012343514019002038BD70B5D0F886
:10238000103105460C4653B14FF48871FFF7C8FF72
:1023900063795A0703D523680BB101209847D5F814
:1023A00014315BB14FF48A712846FFF7B9FF6379A6
:1023B0001B0703D523680BB102209847D5F81C31C1
:1023C0005BB128464FF48E71FFF7AAFF607910F0D9
:1023D000100002D1236803B19847D5F8043163B1E6
:1023E0004FF482712846FFF79BFF01232371236876
:1023F0001BB1BDE870400320184770BD10B50368DD
:10240000292B044604D9074940F2CD10FEF72CFDD4
:1024100023681F2B83BF03F01F03236002484FF084
:10242000A04010BD6BE00000000300502DE9F0411A
:1024300004460E46154622B91D4940F2AB20FEF770
:1024400013FD2F6827B91A494FF42E70FEF70CFDC3
:1024500004EB4618C8F82075AF881FBB144940F23A
:10246000C120FEF701FDC8F82475AF68B7F1807F81
:1024700004D30F4940F2CB20FEF7F6FC4FEA461892
:1024800004EB4616C6F82875ED68B5F1807F04D3D5
:1024900007494FF43570FEF7E7FC4444C4F82C5567
:1024A000BDE8F0813B04DED5014940F2C220D8E707
:1024B000F2EF00002DE9F04F044689B090460D463A
:1024C00019B962498020FEF7CFFC2779604EFB00E6
:1024D000019306EBC7031B79002B40F0B48046F84C
:1024E000378005F1FF390DF1100805F1030A19F8DD
:1024F000012FFF2A00F0A28022F0800B1306C8F8FB
:1025000000B0CDF80CB003A840F19080FFF776FF43
:10251000039901228A40C0F8082503A8CDF80CB021
:10252000FFF76CFF039B03F5E073032240F82320C1
:10253000D14508F10408DAD12368049AC3F860256C
:10254000059AC3F86425069AC3F86825079AC3F864
:102550006C2523680122C3F80025B5F90830D4F8AA
:10256000008095F805B095F806A0B5F80890002B06
:1025700004DA38494FF42870FEF776FCC8F80CB539
:10258000C8F804A5C8F8089523686A89C3F8102517
:1025900022680023C2F800322268C2F800332068A3
:1025A0004FF48E71FFF7BCFE20684FF48871FFF77F
:1025B000B7FE20684FF48A71FFF7B2FE20684FF42F
:1025C0008271FFF7ADFE56F837303BB32D7927689F
:1025D000072D47F3073703D91F496B20FEF744FC4B
:1025E000002FB6BF1D4B07F1604707F00F074FEAFA
:1025F0004515EDB2AABF07F56147DD5587F80053D1
:10260000236843F30733002B08DB0122590903F049
:102610001F0302FA03F3124A42F82130019B1E44C1
:1026200001233371002009B0BDE8F08FFFF7E6FE0B
:10263000039901228A40C0F80C256EE74FF0FF3362
:10264000C8F8003074E70820EDE700BF56F000003E
:10265000A80E0020F2EF0000C3F0000014ED00E02F
:1026600000E100E02DE9F04115461E460279244BB9
:1026700003EBC208044698F804300F4623B92149F9
:102680004FF48D70FEF7F0FB25B91E4940F21B1088
:10269000FEF7EAFB3B6803F06043B3F1005F04D050
:1026A00018494FF48E70FEF7DFFB20683A46002190
:1026B000FFF7BCFE3A4620680121FFF7B7FE22680B
:1026C00005F0010303EB5505C2F81455F20715D4C4
:1026D00016F0020203D0002B0CBF0422082221684E
:1026E000002BC1F800222046F2B2414608BF082361
:1026F000BDE8F04118BF0C23FFF71ABE1022EEE729
:10270000A80E002056F0000001490248FFF736BE2F
:10271000A80E002000C0014001490248FFF72EBE6C
:10272000B00E00200010024000F1804000F5E040B3
:10273000002382B0036003680193019B02B07047DD
:10274000F0B5544B544CD3F8043194F82E2085B096
:10275000002B3BD04FF48270FFF7E6FF2AB394F8CA
:102760002F3013BB4B4AD2F80031002B32D04FF43C
:102770008070FFF7D9FF638B94F82D00834250D906
:1027800021891B1A9BB289B26383CB1A616801EB62
:102790004301C2F82C16C2F830064FF48270FFF7DE
:1027A000C3FF3C4B01225A6014E063680293238903
:1027B000ADF80C30E36800218DF8041033BB2374AE
:1027C000236801A89847002384F82F3094F82E300E
:1027D000002BC7D12F4BD3F810315BB14FF4887069
:1027E000FFF7A2FF0023237402238DF8043001A811
:1027F00023689847274BD3F814310BB34FF48A70F2
:10280000FFF792FF0023237405B0F0BD208B608397
:1028100063602081E160002AD2D11E4B01221A6040
:10282000CEE7BAD1E168012084F82F0031B1002051
:102830006083C2F82C16C2F83036AEE76183ACE78D
:1028400066694FF000470125002EDDD0B6FA86F20A
:1028500027FA02F34632920026EA030602F1804389
:1028600003F5E0431B68002BEED01046A2F58C72F6
:10287000FFF75AFFD30882F00402C2F380028DF8FA
:1028800008308DF8045023688DF8092001A8984776
:10289000DAE700BF00700040B80E002010B50368F2
:1028A000292B044604D9074940F2CD10FEF7DCFA83
:1028B00023681F2B83BF03F01F03236002484FF0E0
:1028C000A04010BD6BE000000003005007B5019070
:1028D00001A8FFF7E3FF019A01239340C0F80C35EC
:1028E00003B05DF804FB07B5019001A8FFF7D6FF20
:1028F000019A01239340C0F8083503B05DF804FB4A
:1029000013B5144BD3F8182112B30022C3F81821C1
:10291000D3F81831104C0193019B236823B90F4958
:102920004FF42770FEF7A0FAE07FFF2803D0A37FC3
:102930005BB1FFF7CBFF002363772372D4E900314B
:10294000074802B0BDE810401847FFF7CCFFF2E798
:1029500002B010BD00300240E80E002033F100004C
:10296000F00E00202DE9F743002406460F4600F53F
:10297000A0754FF48038A1462B688BB1D6F804338C
:1029800008FA04F21A420BD0C5F800902B680193A4
:10299000019BA30003F5A07398B2D7E900319847D3
:1029A0000134042C05F10405E6D103B0BDE8F08341
:1029B00001490248FFF7D6BF0C0F002000800040FD
:1029C00001490248FFF7CEBF180F002000900040D9
:1029D0000023435082B043580193019B02B07047DB
:1029E0000A7B0346032A2CD8DFE802F024281C02C5
:1029F0008868154A904204D1D3F84C250869904262
:102A000009D1886840F2022290421AD1D3F84C25AD
:102A10004969914215D000200622C3F80005C3F889
:102A200000257047D3F84C2508699042F3D1D3F8BC
:102A30003C25EDE7D3F84C250969EAE7D3F83C25B6
:102A4000FAE70120704700BF00020400F0B50B68F0
:102A500087B005460C4623B9484940F28620FEF768
:102A600003FAD5F82431B3B14FF492712846FFF739
:102A7000AFFFD5F8043173B9A368C5F80833022352
:102A8000A360A368C5F8043301232B626B6184F84B
:102A90002E3007B0F0BDD5F804316BB34FF482711E
:102AA000284604F10C07FFF793FF0FCF01AE0FC6C6
:102AB0003B68336094F82E303BB921462846FFF737
:102AC0008FFF80F0010084F82E004FF4B07128468B
:102AD000FFF77EFF4FF4AE71FFF77AFF94F83030C6
:102AE00013B194F82E30CBB10023C5F80032A360A7
:102AF000234BC5F8083311E04FF4A4712846FFF7C3
:102B000067FF237B1BBB04F10C070FCF01AE0FC681
:102B10003B68336094F83030002BE6D0D5F8C434ED
:102B2000C5F8C4349A0724D413F0050F23D194F8C0
:102B30002E309B00DBB28DF8003094F830300BB9AA
:102B400084F82F30D4E9003168469847A1E74FF464
:102B50000073C5F8003240F20223A36003F1CE7384
:102B6000C5F80833A368C5F804330123AB602B62B2
:102B70008FE70123DFE70223DDE700BFACF10000B0
:102B800002029C0101490248FFF760BF240F0020A8
:102B90000030004002494FF04020FFF757BF00BF10
:102BA000580F00200023435082B043580193019BEB
:102BB00002B070470A4610B54FF48E71FFF7F2FF6E
:102BC000136A9168C95C136A01331362C0F81C155B
:102BD00010BD08B502464FF492710068FFF7E2FF9E
:102BE00010684FF48471FFF7DDFF136801221A604B
:102BF00008BD000010B50368292B044604D9074915
:102C000040F2CD10FEF730F923681F2B83BF03F08D
:102C10001F03236002484FF0A04010BD6BE000008E
:102C20000003005007B5019001A8FFF7E3FF019BE7
:102C300003F5E073022240F8232003B05DF804FBA3
:102C400010B58B690A464FF4847123B9FFF7AAFFC8
:102C5000D0F8183510BDFFF7A5FF536AD168D0F83A
:102C60001805C854536A01335362F3E71FB50123B3
:102C70008DF80030044BCDE90110D3E9001268460D
:102C8000904705B05DF804FB8C0F002030B54E4D29
:102C9000D5F804339A0585B051D5D5F82431002BE9
:102CA0004DD04FF492712846FFF77CFF4FF401732B
:102CB000C5F80833454B93F829200AB901226A6008
:102CC000414902228DF80020D1F88024C1F88024E7
:102CD00003929A690292DA6801920022C3E90622FD
:102CE0006846D3E9001290473748D0F81C315BB1F1
:102CF000364A5169136A99424ED992F82830002B0E
:102D00004AD11146FFF756FF2F48D0F84431002B27
:102D100057D04FF4A271FFF745FF2C4B93F82920B1
:102D20000AB1012202609A69002A4AD0586AD96819
:102D300000229A6105B0BDE83040FFF797BFD5F893
:102D400004335B07D0D5D5F80831002BCCD01F4C0D
:102D50001D482146FFF774FF636AA2699A42C3D1F6
:102D6000E36953B1A3612369E168E3600023606A0A
:102D7000E3616362FFF77AFFB6E794F829300BB995
:102D800001236B60104B4FF40172C3F8082300233A
:102D9000606AE168A361EDE70B484FF48E71FFF7BD
:102DA00001FF5369002BAFD0516902910023916854
:102DB0008DF80030019153616846D2E900139847BD
:102DC000A2E705B030BD00BF002000408C0F0020FE
:102DD0002DE9F743054691460C4619B96B49AA20DF
:102DE000FEF742F895F80480694E2C2303FB086334
:102DF00093F82A30002B40F0C48066492868FFF71A
:102E000059FA0746002840F0BE8023685A1C13D0A8
:102E100001A80193FFF7EEFE019A01239340C0F849
:102E200008352368019301A8FFF7E4FE019B03F531
:102E3000E073032240F823206368581C09D001A8DE
:102E40000193FFF7D7FE019B03F5E073002240F8E2
:102E500023202B68A269C3F82425217D637D2A687D
:102E60000B43C2F86C35D4E900122B68C3F8142563
:102E7000C3F80C15237D012B2AD1A368591C09D056
:102E800001A80193FFF7B6FE019B03F5E073002252
:102E900040F82320E3685A1C13D001A80193FFF7E0
:102EA000A9FE019A01239340C0F80835E368019315
:102EB00001A8FFF79FFE019B03F5E073032240F892
:102EC0002320D4E902122B68C3F80825C3F8101593
:102ED0002C2303FB08F3F218C2F804902269F25085
:102EE000B9F1000F39D0286894F81C902A4A4FF4A1
:102EF0008E71FFF757FE28684FF4A271FFF752FE5C
:102F00002B68C3F804232C68B9F1070F44F3073486
:102F100003D922496B20FDF7A7FF002CB6BF204B39
:102F200004F1604404F00F044FEA49195FFA89F98B
:102F3000AABF04F5614403F8049084F800932B6859
:102F400043F30733002B08DB0122590903F01F0369
:102F500002FA03F3134A42F821302B680422C3F823
:102F600000252C2303FB08660023C6E9063386F8F8
:102F700029307361012386F82A30384603B0BDE852
:102F8000F0830827F9E71127F7E700BF1FF20000D9
:102F90008C0F00208D2C000080000200C3F0000088
:102FA00014ED00E000E100E02DE9F8430368067944
:102FB0002A4D0022C3F800252C2303FB06530446A8
:102FC0005B68B3B10368264AC3F80823036843F378
:102FD0000733002B0DDB5A09012103F01F03994031
:102FE00002F120031F4A42F82310BFF34F8FBFF3B3
:102FF0006F8F23684FF0FF32D3F80C05D3F8149588
:10300000D3F80875D3F81085C3F81425C3F80C2538
:1030100023689042C3F80825C3F8102501D0FFF7B4
:1030200001FEB9F1FF3F02D04846FFF7FBFDB8F1C2
:10303000FF3F02D04046FFF7F5FD7B1C02D038462B
:10304000FFF7F0FD2068FFF757F92C2303FB065527
:10305000002385F82A306B60BDE8F8838C0F0020D0
:103060008402020000E100E00279044B2C2101FB04
:1030700002335869003818BF012070478C0F0020B8
:103080002DE9F84FDFF8D48007792C2303FB078361
:10309000064693F82A30012B8946924604D02E49E1
:1030A0004FF48C70FDF7E0FEB9F1000F04D12A490E
:1030B00040F21910FDF7D8FEBAF1000F04D12649ED
:1030C0004FF48D70FDF7D0FE3046FFF7CDFF04467C
:1030D00000283CD12C2507FB058B4FF48E71CBF8D3
:1030E00014A0CBF80890CBF820008BF828003068AB
:1030F000FFF758FD336801229A6030685946FFF7A0
:1031000059FDDBF804305D461BBB3068DBF814402A
:103110002B6A9C4211D83368D3F81C21002AFBD0BB
:103120000122DA6000202C2303FB078300225A616E
:10313000BDE8F88F95F828303BB9D0F81C31002B4A
:10314000F8D05946FFF736FDE2E70F20EBE71120F4
:10315000EEE72046ECE700BF1FF200008C0F0020D6
:103160002DE9F843464C06792C2303FB064305461C
:1031700093F82A30012B8846174604D041494FF472
:10318000B670FDF771FEB8F1000F04D13D4940F271
:103190006D10FDF769FE27B93A494FF4B770FDF796
:1031A00063FE2C2303FB0643596821B12B684FF4BF
:1031B0000172C3F808232C2303FB06439A6952B11A
:1031C000DA69002A3FD021B12B684FF40172C3F8AD
:1031D0000423112035E09F61C3F80C805A62174622
:1031E0002C2303FB0643DF6193F829301BB912B986
:1031F0002846FFF7EEFC2C2707FB06482868D8F87E
:103200000430A3BB4FF4A2714746FFF7CBFC2868FC
:10321000D0F82421D0F80811D0F84431194316D140
:10322000002AF4D000232C2101FB06440021A161D7
:1032300012BB1BBB94F829102B680122A9B11A609C
:103240000020BDE8F883C3F810800122C8E753EAE4
:103250000209E8D13946FFF7F3FCD8F82430D8F852
:1032600018209A42D3D84A46DCE75A60E8E74FF480
:103270000173C0F80433E3E70320E2E70F20E0E73F
:103280008C0F00201FF200000023435082B04358EF
:103290000193019B02B070471FB50123CDE90121C5
:1032A0008DF80030D0E900136846984705B05DF806
:1032B00004FB000010B50368292B044604D9074914
:1032C00040F2CD10FDF7D0FD23681F2B83BF03F024
:1032D0001F03236002484FF0A04010BD6BE00000C8
:1032E0000003005007B5019001A8FFF7E3FF019B21
:1032F00003F5E073022240F8232003B05DF804FBDD
:103300007FB5D0F8246105460C46002E5CD04FF402
:103310009271FFF7B9FF02238DF80030D0F88034A6
:10332000C0F880340393D0F83C350293E3680193EE
:103330000023C4E906336846D4E900139847D5F85A
:1033400044317BB14FF4A2712846FFF79DFFA3697A
:1033500043B10023C4E90633E268D5F83C152046A2
:10336000FFF79AFFD5F82031ABB14FF490712846A2
:10337000FFF78AFF0123EB60636963B1D5F84C2541
:1033800002920023A2688DF8003063610192D4E9B3
:10339000001368469847D5F858319BB14FF4AC718B
:1033A0002846FFF771FF636963B1D5F84C25029297
:1033B0000023A2688DF8003063610192D4E9001304
:1033C0006846984704B070BDD0F81031002BB6D0D5
:1033D0004FF48871FFF758FFD0F83C35A169994246
:1033E000ADD1E369E26873B1D0F8003223F0200375
:1033F000C0F80032E369A3612369E360E661204617
:10340000FFF74AFF9BE7A361F9E700000149024883
:10341000FFF776BFB80F00200020004001490248A6
:10342000FFF76EBFDC0F0020008002402DE9F7435C
:10343000054691460C4619B97249CF20FDF714FD97
:1034400095F80480704E242303FB086393F8203022
:10345000002B40F0D3806D4B286853F82810FEF7FE
:1034600029FF0746002840F0CB8023685A1C13D060
:1034700001A80193FFF71EFF019A01239340C0F8B2
:1034800008352368019301A8FFF714FF019B03F59A
:10349000E073032240F823206368581C09D001A878
:1034A0000193FFF707FF019B03F5E073002240F84B
:1034B00023202B68A269C3F82425217D637D2A6817
:1034C0000B43C2F86C35D4E900122B68C3F80C1515
:1034D000C3F81425237D012B2AD1A368591C09D0D8
:1034E00001A80193FFF7E6FE019B03F5E0730022BC
:1034F00040F82320E3685A1C13D001A80193FFF77A
:10350000D9FE019A01239340C0F80835E36801937E
:1035100001A8FFF7CFFE019B03F5E073032240F8FB
:103520002320D4E902212B68C3F80815C3F810251D
:10353000242303FB08F3F218C2F804902269F25026
:10354000B9F1000F48D0286894F81C90304A4FF425
:103550008871FFF799FE28684FF49071FFF794FE89
:1035600028684FF49271FFF78FFE28684FF4A2711C
:10357000FFF78AFE28684FF4AC71FFF785FE2B68D1
:10358000C3F804232C68B9F1070F44F3073403D9B7
:1035900020496B20FDF768FC002CB6BF1E4B04F1E0
:1035A000604404F00F044FEA49195FFA89F9AABF91
:1035B00004F5614403F8049084F800932B6843F306
:1035C0000733002B08DB0122590903F01F0302FA1D
:1035D00003F3124A42F821302B680822C3F8002571
:1035E000242303FB08660023C6E906337361012325
:1035F00086F82030384603B0BDE8F0830827F9E7A5
:103600001127F7E792F20000B80F0020080501002B
:1036100010034200C3F0000014ED00E000E100E000
:103620002DE9F843364D06790268242303FB06533F
:1036300004465B68ABB1334BC2F80833036843F30D
:103640000733002B0DDB5A09012103F01F039940BA
:1036500002F120032C4A42F82310BFF34F8FBFF32F
:103660006F8F2268D2F8003223F02003C2F80032B4
:10367000236801225A6020684FF4AC71FFF704FE02
:103680002368DA602368D3F85821002AFBD000228F
:10369000C3F8002523684FF0FF32D3F80C05D3F8A8
:1036A0001495D3F80875D3F81085C3F80C25C3F822
:1036B000142523689042C3F80825C3F8102501D0CB
:1036C000FFF710FEB9F1FF3F02D04846FFF70AFEB0
:1036D000B8F1FF3F02D04046FFF704FE7B1C02D04A
:1036E0003846FFF7FFFD2068FEF706FE242303FBA4
:1036F0000655002385F820306B60BDE8F88300BFD5
:10370000B80F00201003420000E100E00279044BF2
:10371000242101FB02335869003818BF012070478B
:10372000B80F00202DE9F047394F90F804A024236A
:1037300003FB0A73054693F82030012B8846914617
:1037400004D0344940F22D10FDF78EFBB8F1000F84
:1037500004D130494FF49770FDF786FBB9F1000FA3
:1037600004D12C4940F22F10FDF77EFB2B79012B61
:1037700002D8B9F5803F04D326494FF49870FDF77D
:1037800073FB08F06043B3F1005F3AD12846FFF7BE
:10379000BDFF0446002836D1242606FB0A764FF4E6
:1037A0009071C6F81490C6F808802868FFF76CFD81
:1037B0004FF4AC712868FFF767FD2B687269B16838
:1037C000C3F84415C3F848252B6801229A60736832
:1037D000DBB92B68D3F82021D3F858010243F9D084
:1037E00068B90122DA602A68D2F85831002BFBD080
:1037F000242303FB0A7700237B61BDE8F0870F20B9
:10380000F6E71020F9E71120F7E72046F5E700BFBB
:10381000B80F002092F200002DE9F8434B4D90F8CC
:103820000480242303FB0853044693F82030012B23
:103830000F46164604D046494FF4C070FDF714FBFE
:1038400027B9434940F28110FDF70EFB26B94049E4
:103850004FF4C170FDF708FB2379012B02D8B6F5B0
:10386000803F04D33A4940F28310FDF7FDFA07F098
:103870006043B3F1005F67D1242303FB0853596809
:1038800021B123684FF40472C3F80823242303FBF7
:1038900008539A695AB1DA69002A43D021B12368E2
:1038A0004FF40472C3F804231120BDE8F8839E612D
:1038B000DF609146242303FB08584FF48871C8F851
:1038C0001C202068FFF7E0FC20684FF4A271FFF78E
:1038D000DBFC2368C3F83475C3F838652368B9F195
:1038E000000F24D101221A6026792368242202FBCA
:1038F0000652526812BBD3F81011D3F84421D3F802
:103900002401114302D10028F5D00A46242303FBE9
:1039100006550023984218BF03209A42AB6118BF96
:103920000F20C2E71F6132464FF00109C2E7D3F80A
:10393000002242F02002C3F80022D5E74FF40472BF
:10394000C3F804230020B0E71020AEE7B80F002032
:1039500092F2000007B501A801F0EEFE20B9019037
:10396000019803B05DF804FB019B002BF8D1012303
:103970000193F5E738B5044601F0D4FD054620462D
:1039800001F0D6FDA54203D0BDE8384003F0DCB815
:1039900038BD01F007BE01F011BE08B502F0C4FB4E
:1039A00000F06EFE03F020F901F062FC01F074FDFE
:1039B00003F0A8F803F0FAFA01F070FD03F0B3F891
:1039C00003F070FC03F0B3F802F0DAFE02F062FEDE
:1039D00001F044FE03F078FC01F060FEBDE8084011
:1039E00002F0CABF012300221146184603F0A0B816
:1039F00008B590F8803033B1074B084A4FF4F8719E
:103A0000074803F05BFE03F09DF820B9054B034A1D
:103A10004FF4FB71F4E708BD07F300001005010047
:103A20001FF30000F3F4000001F05CBD01F06ABD7B
:103A3000704770477047084609B1FFF7D9BF704714
:103A4000F7B5054616461F460C4651B1FFF782FFF3
:103A500000903B46324621462846FFF7ECFF03B074
:103A6000F0BD0846F4E770477047704770477047ED
:103A700000F1804000F58050002382B003600368AD
:103A80000193019B02B07047034B186808B190F88E
:103A9000800000F0010070471010002008B5FFF70B
:103AA000F3FF08B1014B186808BD00BF10100020DB
:103AB00000BF00BF00BF00BF00BF00BF70470000D5
:103AC00008B5084BD3F85035DBB243B9064BFFF7C6
:103AD000EFFFD3F83C01003818BF012008BD0120DA
:103AE000FCE700BF0010004000700140134B144A77
:103AF000C3F8482500F1804000F58050C3F84C051C
:103B000021B102F5FD424832C3F82C290D4AC3F811
:103B1000402502F5AF3202F59672C3F8442529B16B
:103B2000D3F8002842F08002C3F80028034B80221B
:103B3000C3F804254022C3F80425704700F0014073
:103B40003C71014010110040074B01221A61D3F86B
:103B5000002222F48072C3F8002203F5B0334FF440
:103B60008072C3F80825704700900040034B1B7813
:103B70001BB1034B1022C3F808237047001000202C
:103B80000010004010B5044602F0E6FDB0F5C07F1D
:103B90000B4A12D3C009811EB1EBD41F4FEAD413D4
:103BA00096BFA4EBC1140024C31E1460054AC3F3DE
:103BB0001403C2F86436012010BD14600020FBE736
:103BC000041000200010004013B501A801F002FD10
:103BD0009DF805009DF8044001F038FD9DF8073080
:103BE0009DF806201B0643EA02432343034A43EAA7
:103BF0000023C2F86C3602B010BD00BF00100040B8
:103C000008B501F07DFDBDE80840002002F0BEBD12
:103C100008B5054BD3F8480500F07F0001F001FD21
:103C2000404240B208BD00BF0010004038B5044615
:103C3000FFF7EEFF23782344054613F8010C01F04B
:103C4000F7FC02B29200FF2A28BFFF222946204635
:103C5000D2B2BDE8384002F056BF000038B5074B7D
:103C60001D6804460146284601F09CFA28B1214609
:103C70002846BDE8384002F04CBF38BD081000208F
:103C800010B5044601F0E2FB204602F03EFFBDE81D
:103C9000104001F00BBB10B5044601F0D7FB2046E5
:103CA000FFF7C4FFBDE8104001F000BB144B4022F9
:103CB000C3F808258022C3F808254FF48072C3F8A2
:103CC0000825104A01211161D3F8000820F0800076
:103CD000C3F800080020C3F82C091161D2F80032A3
:103CE00023F48073C2F80032074B1B783BB1074BBB
:103CF0004FF45052C3F80823C3F80002196170470B
:103D000000F0014000900040001000200010004032
:103D1000134908B54023C1F808358023C1F8083598
:103D2000FFF712FFD1F8003823F08003C1F8003804
:103D300000220C4BC1F82C291B787BB10A4B0A21BD
:103D4000C3F808130121C3F800221961C3F84426FF
:103D5000BDE808404FF4AE70FFF78ABE08BD00BF53
:103D600000F001400010002000100040104908B58C
:103D70004023C1F808358023C1F80835FFF7E4FE79
:103D8000D1F8003823F08003C1F800380022094B35
:103D9000C1F82C291B784BB1074B4FF40041C3F8F5
:103DA0000813C3F8002201229A621A6108BD00BFFD
:103DB00000F001400010002000100040104908B53C
:103DC0004023C1F808358023C1F80835FFF7BCFE51
:103DD000D1F8003823F08003C1F800380022094BE5
:103DE000C1F82C291B784BB1074B4FF4C021C3F805
:103DF0000813C3F8002201221A631A6108BD00BF2C
:103E000000F00140001000200010004008B50E4BEB
:103E100001211961D3F8002222F44072C3F8002274
:103E20000A4A1278043A8A4206D9094B094A0A48D2
:103E300040F29E3103F042FC196120B1074B4FF470
:103E40008072C3F8082508BD0090004002100020D1
:103E500019F3000084050100A8F3000000F0014000
:103E600010B5104C4023C4F808358023C4F8083539
:103E70000120FFF7CBFFD4F8003823F08003C4F80B
:103E800000380022084BC4F82C291B7843B1074B9B
:103E90000749C3F80813C3F8002201221A631A6104
:103EA00010BD00BF00F001400010002000100040D5
:103EB00002000408F8B504460F46164601F05CF906
:103EC000054680B14C4B1B78092B00F28C80DFE853
:103ED00003F0050C0F2054545E636C75022F02D062
:103EE000042002F053FC2846F8BDFFF73FFEFAE736
:103EF000424B1B785B0709D5002C7BD0FFF7D6FE21
:103F0000002EF0D0062002F000FEECE7FFF7CEFE18
:103F1000E9E7002C6ED03A4B4022C3F808258022F6
:103F2000C3F808254FF48072C3F80825354A0121EB
:103F30001161D3F8000820F08000C3F800080020C9
:103F4000C3F82C091161D2F8003223F48073C2F84F
:103F500000322D4B1B7833B12C4B2D4AC3F808236C
:103F6000C3F800021961002EBDD02A4B1868002347
:103F700080F88030FFF75AFEB5E7002C3AD0FFF703
:103F80006FFF002EAFD00620FFF768FEABE7002CD6
:103F900030D0FFF7BDFEF4E764B3FFF7E7FE002E75
:103FA000A1D0012002F0B9FD9DE71CB3FFF706FF89
:103FB000002E98D0012002F0B4FD94E7104B114977
:103FC0004022C3F808258022C3F8082501220A618F
:103FD0004FF48071C3F808150B4B1B78002B82D06F
:103FE0000A4B1A617FE70C4B0C4A0D4840F2BC515A
:103FF00003F064FB254676E7021000200110002044
:1040000000F001400090004000100020001000402F
:10401000020000081010002019F3000095050100AF
:10402000A8F30000054B002282B0C3F83C21D3F86E
:104030003C310193019B02B0704700BF007001400A
:10404000F8B52B4B1B7807460D46164613B90024CE
:104050002046F8BD047801F052FE630100283BD1F0
:1040600003F1EE000DB1A83080B202F04BFB044624
:104070000028ECD001F064FA1E4B1F4AC3F80C056F
:10408000002D08BF4FF4A012C3F804754FF4B670AA
:10409000C3F80022FFF7ECFC0DB34FF4A470FFF758
:1040A000E7FC164A1649134F4FF48270FFF7E0FC05
:1040B0000B7842F0020223F00803AD000B7005F00C
:1040C000FC00C7F804230121FFF7ACFFFFF70EFD4A
:1040D00046B901233B61BBE703F24E40C2E74FF014
:1040E0000062DFE7FFF7ECFC0028F2D0B0E700BF8A
:1040F00000100020001000400038140000000408E8
:104100000110002038B5144B1B780546EBB1AE20EA
:1041100002F0F8FAC8B1114C4FF42053C4F8003241
:104120004FF4A470FFF7A4FC4FF4A270FFF7A0FCBB
:104130004FF4C023C4F8043301210420FFF772FFB9
:10414000FFF7D4FC15B90123236138BDFFF7B8FC94
:104150000028F8D0F9E700BF001000200010004050
:10416000144938B54023C1F8083518B1124B522212
:10417000C3F80022114B124A0F4C01251D61802308
:10418000C1F8043513784FF4947023F007031370CB
:10419000FFF76EFC1823C4F86035FFF743FF402398
:1041A0000848C1F8043501F0B3FAFFF789FC00B9FB
:1041B000256138BD00F00140001000400090004033
:1041C000011000203011004038B5044601F0B8F964
:1041D000084D0021C5F80C050846FFF723FFFFF73F
:1041E00085FC14B901232B6138BDFFF769FC002859
:1041F000F8D0F9E70010004038B5114B1B780546A0
:10420000C3B1104B1868FFF7BDFC98B10E4C4FF4CA
:104210000042C4F800224FF49E70FFF729FC0121F0
:10422000C4F804230420FFF7FDFEFFF75FFC15B977
:104230000123236138BDFFF743FC0028F8D0F9E7DC
:104240000010002004100020001000400B3808B5BA
:10425000C3B20F2B06D9094B094A0A4840F205217F
:1042600003F02CFA00EB800000F66510064B80B2DC
:10427000A0F51660C3F8080508BD00BF36F40000BD
:10428000C2050100A8F3000000100040084B022204
:10429000C3F88020BFF34F8FBFF36F8FC3F8802127
:1042A000002283F80123BFF34F8FBFF36F8F704756
:1042B00000E100E008B5064B1B7833B102F04CFA80
:1042C0003B2894BF0020012008BD0120FCE700BF6F
:1042D0000010002008B501F0B7F820B1FFF7EAFFA1
:1042E00010B901F051F8002008BD000038B5464B68
:1042F0001B780546002B7FD0444A137823F0170320
:10430000137001F01DF9424AC2F80C05FFF7BCFB1F
:104310000446002871D0FFF7C1FB3E4BC2F80405EC
:10432000C2F800321823C2F860354FF49A70FFF7D4
:104330009FFB4FF49470FFF79BFB4FF49870FFF7CF
:1043400097FB354935484FF45053C2F80433D1F840
:10435000003243F48073C1F800320123C1F84035C4
:104360008223C1F84435FFF75DFE2D4B2D4AC3F87B
:104370004825C3F84C0500F5F030C3F82C09C3F804
:104380005025C3F85415D3F8002842F08002C3F832
:104390000028254AC3F8402502F5AF3202F596728F
:1043A000C3F844258022C3F804254FF48072C3F873
:1043B0000425A0F5EF304022C3F80425D43801F0DD
:1043C000A7F9E5B9124B01221A61ACB901F054F911
:1043D000164B1860FFF758FB70B1FFF75FFB0C4BF3
:1043E0000C4AC3F80405C3F80022D3F85025D2B212
:1043F000022A04BF01229A6038BD522390E7FFF7DA
:104400005FFB0028DED0E0E7001000200110002054
:1044100000100040520008000090004004100040CE
:1044200000F001403C7101401011004010100020CC
:104430002DE9FF410446002800F0AF8002F08CF91E
:104440003B2840F2FB807F4E337803F0FF07002BC0
:1044500040F0F4807C4C01250F233946C4F8FC7FE2
:104460000D22C4F8FC5F6846C4F8103503F0D4F898
:1044700008238DF800307F238DF808309DF8073031
:104480009DF801208DF806505B0743EA02239DF852
:10449000022043EA02439DF8032043EA02539DF8B9
:1044A000042043EA825343F0C0634FF0020843F014
:1044B00008038DF80580C4F814359DF809309DF87F
:1044C0000C201B0243EA42639DF80A2043EA0243A0
:1044D0009DF80B2043EA026343F07F03C4F81835CC
:1044E00040F20223C4F85056C4F83435574BC4F890
:1044F0003835FFF769FB564BC4F84476C4F84836A4
:1045000001F010F8FFF7A2FE524B83F80173C3F8D5
:104510008081D4F8003233B14F4B504A40F22C71B5
:104520004F4803F0CBF8357001F0DCF84D4B1B78A9
:10453000092B2DD8DFE803F0822C052C0B142C1747
:104540001D23002004B0BDE8F041FFF7CFBE0022DC
:104550000121454B186804B0BDE8F041FFF770BD7C
:1045600000221146F5E7002004B0BDE8F041FFF756
:1045700043BE002004B0BDE8F041FFF7C3BD33786F
:10458000002B5BD0002004B0BDE8F041FFF71CBE5B
:10459000364B324A40F25371C2E72A4B1A783AB38B
:1045A000187002F0B1F838B1FFF770FE264B012207
:1045B000C3F8FC4FC3F8FC2F01F0A2F8002202213F
:1045C0000120FFF777FC20B9294B2A4A40F271718C
:1045D000A6E7244B1A78092A2BD8DFE802F0090550
:1045E0000E1620202009090900221A70FFF708FB87
:1045F00004B0BDE8F04102F083B81F4B1B785B07A5
:10460000F6D50520FFF73CFBF2E702221A701B4BA0
:104610001868002380F88030FFF73DFBE8E70222AE
:104620001A7000F013FF0420FFF718FB00F03EFEA5
:10463000DEE70E4B0F4A4FF4F36171E704B0BDE8BB
:10464000F08100BF00100020001000402110010088
:10465000000700FF00E100E055F40000CE05010076
:10466000A8F30000021000200810002019F3000039
:10467000F3F40000B105010001100020101000202B
:104680000D4A002313700D4A13700D4BD3F8042507
:1046900022F00302C3F80425D3F8082542F00302F0
:1046A000C3F80825D3F8102522F00F0242F00402C7
:1046B000C3F8102501F0C8BD021000200010002032
:1046C000009000402DE9F843074688461546994674
:1046D00000F0BAFE0446F8B1114E3378022B06D032
:1046E0003378032B03D0FFF7E5FD40B900240DB16B
:1046F0002046A84700F048FE2046BDE8F8834A4619
:1047000041463846FFF7D6FB0028EFD002230120B0
:104710003370FFF7EBFDEAE7002DEDD0A847EBE79C
:10472000021000202DE9F047099E9DF82090804658
:104730008A4617461D46FFF7CDFD044630B30122D9
:1047400051464046FFF7B6FB044640B900240EB17F
:104750002046B04700F018FE2046BDE8F087DFF89D
:104760003880022388F800300A4B01222946384657
:104770001F60FFF765FCB9F1000F01D00028E5D0FC
:10478000C5F10505EDB288F80050E0E7002EE3D052
:10479000B047E1E7081000200210002010B50446E1
:1047A000FFF798FD012184F8801058B1204B1B7849
:1047B00033B1204B1B78022BDAB205D0062A1FD06A
:1047C00000F0E2FD012010BD1B4AD2F85035DBB2EB
:1047D000022BF5D1D2F80032522B06D0174B184AD3
:1047E00040F62E41174802F069FF174B1C60FFF797
:1047F00055F9164BC2F80405C2F800329160DFE7A4
:104800000D4AD2F85035DBB2022BD9D1D2F80032A2
:10481000122B04D00E4B0A4A40F63D41E2E70A4B08
:104820001C60FFF73BF90B4BC2F80405E4E700BF3F
:104830000010002002100020001000407BF4000057
:1048400061050100A8F300001010002052000800CC
:104850009FF400001200080038B5FFF73BFD044646
:1048600078B1124D2B781BB100F05CFEFFF7EEFC27
:104870000F4B1B78022BDAB205D0092A0ED000F0BC
:1048800083FD204638BD012211460020FFF712FBB0
:104890000028F4D00120FFF729FDF0E72B78002B4A
:1048A000EDD0044B01221A61E9E700BF001000209F
:1048B00002100020001000402DE9F04F8DB000F0F4
:1048C000E3FCAA4BD3F80423950728D5D3F8043189
:1048D0002BB34FF48270FFF7CBF8A54B1A78052A5B
:1048E000D3B209D8032B0CD838D0A24BA24A40F639
:1048F0008521A24802F0E2FE062BF6D100F07AFCF8
:104900000DE09F4B1C68204600F060FC10B1204673
:10491000FFF790F89B4A137843F008031370934E07
:10492000D6F804335C055CD5D6F82831002B58D076
:104930004FF49470FFF79CF88D4B1B78022B40F0DE
:104940000B81D6F86075C7F3C707022F8DF8187072
:1049500009D88D4B8D4A4FF4FA61CAE78C4B186821
:10496000FFF766F8DBE7D6F83431002B39D1854CF8
:10497000237813F0010815D1DFF8189243F00403EF
:10498000D9F80000237006A901F09CF8054600281C
:1049900040F0C0809DF818309F4200F0B680DB00E8
:1049A000C6F860354FF001082378980719D4B8F19C
:1049B000000F16D0774E3068057801F0A0F96B0132
:1049C000002840F0C08003F1C00001F09BFE0028E9
:1049D00000F0BC802378306843F00203237000F0BD
:1049E00007FC624BD3F80423910412D5D3F8343179
:1049F0007BB14FF49A70FFF73BF85D4B1B78022BAD
:104A0000DCB240F0AE800020FFF7AAFB2046FFF7A3
:104A100037F9564BD3F80423D20440F10081D3F880
:104A20003031002B00F0FB80514E4FF49870FFF7AF
:104A30001FF83378022B40F09D81524F554C3B7844
:104A4000256843F010033B70DB0740F1A980206824
:104A500001F055F9002800F0AC8000F04BFD002873
:104A600000F0A780206801F0F7FB494B1860002890
:104A700000F09F803D4A4849C2F804054FF4A01356
:104A8000C2F800324FF4AA70FEF7F2FF434BC3F8AE
:104A900058154FF40071C3F85C25C3F80415A3F54D
:104AA000B0330121D3F84405D964D3F84C15D3F8B9
:104AB0004035884205D9984240F29F80994200F2E1
:104AC0009C80FEF7F5FFD2F85035DBB2092B00F0E1
:104AD0009480D2F85431002B40F08F80226882F805
:104AE00080302E4A4FF40071C2F80815C2F85835CC
:104AF000C2F85C35C2F83439FFF7D8F80120FFF767
:104B0000F5FB2846FFF7C7F889E0237843F0010357
:104B1000237047E7092810D1FFF7C8F80120FFF7F5
:104B2000E5FBD9F800305B7803F00703022B3FF474
:104B30003BAF2846FFF7A4F836E700F0CBFC00288F
:104B40007FF430AFE8E703F538703EE7FFF7AEF8E3
:104B5000052001F0DAFF44E7064B074A40F69A21A8
:104B6000C7E6044B044A4FF42B61C2E60010004034
:104B70000210002019F3000055050100A8F3000001
:104B80000810002001100020C7F4000040050100BB
:104B90000C100020101000204491004000F0014053
:104BA00000F098FC002800F0DC803B78DF073FF540
:104BB0004EAF0120FFF7D4FA6B7803F00703022B06
:104BC00000F0BD802368002283F8802000F054FDAF
:104BD0002060FEF759FF002893D0FEF75FFFBA4B25
:104BE000BA4AC3F80405C3F80022D3F85025D2B25C
:104BF000022A04BF01229A6083E7B34A0323337079
:104C00004FF45053C2F808334FF4B670FEF730FF3C
:104C10004FF48270FEF72CFFAD4BC2F80433AA4C60
:104C2000D4F804331D0140F11081D4F86C31002B0D
:104C300000F00B81A74EA84F4FF4B670FEF718FF97
:104C40003278032AD3B200F09A80043B012B00F2A1
:104C500073813B78180740F1F880A04F386801F065
:104C60004EF80546002800F05181FEF70DFF9C4AE2
:104C70009C4B051E08BF12234FF04001C2F80815D7
:104C8000C4F8003203D0FEF709FFC4F804054FF45E
:104C90008670FEF7EDFE944BC4F808334FF4827033
:104CA000FEF7E6FE0A23C4F804330020FFF7AEF84F
:104CB0008B498E4BC1F84835A3F5B033A3F59C73EF
:104CC000C1F84C3503F5F033C1F82C39FFF7AAF9D8
:104CD0008023C1F804354023C1F80435062333701E
:104CE000FEF7EEFE08B901232361ADB900F0C4FC64
:104CF0007F4B1860FEF7C8FE70B1FEF7CFFE724B17
:104D0000784AC3F80405C3F80022D3F85025D2B27C
:104D1000022A04BF01229A603A68937803F03003B4
:104D2000202B00F092804FF4AE70FEF7A1FED378F6
:104D3000654A1B0643F40073C2F8443685E000F070
:104D4000C9FB00287FF43EAF5F4B604AC3F80022E6
:104D5000D3F85025D2B2022A7FF461AF01229A60C3
:104D60005DE7FEF7A3FF0120FFF7C0FA0420FEF77E
:104D700087FF54E75F4B604A40F6C421B9E55849C4
:104D80005E4ADFF86C914FF0400B4FF0010A52235E
:104D9000D9F80080C1F808B5C2F810A0C4F80032F4
:104DA0001823C4F860354A4BC4F808334FF49A709E
:104DB000FEF75EFE4FF49470FEF75AFE4FF49870C3
:104DC000FEF756FE4FF45053C4F804334FF400730B
:104DD000C2F810A00025C1F808358023C1F8585545
:104DE000C1F85C55C1F83459C1F80435FFF71AF918
:104DF0004348C1F804B500F08BFCFEF761FE08B92A
:104E0000C4F810A0D9F8003083F8805000F034FCCA
:104E1000C9F80000FEF738FE70B1FEF73FFE2A4BDE
:104E20002A4AC3F80405C3F80022D3F85025D2B2A9
:104E3000022A04BF01229A60022333703B78404665
:104E400023F007033B70FEF726FF1F4AD2F8043316
:104E5000190740F1B280D2F80C31002B00F0AD8080
:104E60001C4E4FF48670FEF703FE3378062B40F09D
:104E7000FF801F4DD2F85C312C6823B1D2F800348A
:104E8000DB0700F1E980154B1868837803F03003E5
:104E9000202B69D1A37803F03003202B64D16378F1
:104EA00003F00703022B5FD1074BD3F80034DF0771
:104EB0005AD5694600F0BDFF002842D1114B124A75
:104EC0004FF4206115E500BF0010004052000800BB
:104ED000020000080210002001100020081000202D
:104EE00000F0014012000800020004083C7101407B
:104EF0001010002019F3000055050100009000403B
:104F000030110040EDF400002B050100FEF7A8FF72
:104F1000022301203370FFF7E9F93C6800F096FAAC
:104F2000204600F03DF92B462A462946204601F04E
:104F3000EEFD00F0BBF988E7884B894A40F6DC219A
:104F4000D7E406A9204600F074FF68B1039858B171
:104F5000079949B19DF815309DF82C209A4203D14C
:104F600002F084FC002877D000242546FEF7D0FE0E
:104F7000022701203770FFF7B9F9002C72D0FEF735
:104F800047FE2B782B44064613F8010C00F050FB2B
:104F9000744B1F68044600F059FA384600F000F9D7
:104FA00023B29B00FF2B28BFFF23DBB232462946EA
:104FB000384601F0ACFD00F079F96B4BD3F80423CF
:104FC000D00610D5D3F810316BB168494FF4887012
:104FD000FEF74EFD0B78012B4FD1FEF7C7FD0023E6
:104FE0000B70FEF70DFE604BD3F80423910318D528
:104FF000D3F84431ABB14FF4A270FEF739FD5B48F2
:105000000378082B3ED1FEF7D9FE0223037001205E
:10501000FFF76CF900F01AFA012001F080FD00F0B2
:1050200045F9514BD3F8042352034BD5D3F84831FB
:10503000002B47D04D4C4FF4A470FEF719FD227899
:10504000052AD3B24FF0020521D8032B2DD8434BAC
:10505000434A40F62D314CE42D68002385F880301A
:10506000012483E700F0F2F93846FEF7F7FDA2E7E6
:105070003A4B3B4A40F6EF213BE4384B384A40F686
:10508000023136E4354B364A40F6153131E4082B0F
:10509000DDD10120FEF792FE2570FFF727F900F021
:1050A000D5F9002001F03BFD0AE0FEF7D9FE012012
:1050B0002570FFF71BF900F0C9F90120FEF7CEFDBE
:1050C00000F0F4F8284CD4F804331B041BD5D4F8B2
:1050D0003C31C3B1254E4FF49E70FEF7C9FC3378C6
:1050E000072B34D1224DD4F868362A78DBB29342AC
:1050F00038BF13462B701F4B186860B1FEF742FD96
:1051000030B1012363620DB0BDE8F04F00F03CB94F
:10511000FEF71AFDF7E700F005FAFFF797F8FEF73C
:1051200025FE012002233370FFF7E0F8287800F015
:1051300086FA044600F08AF920B28000FF2828BFD2
:10514000FF20C0B201F0E7FC00F0B0F8DBE7034B52
:10515000034A4FF43461FFF7CCBB00BF19F30000E2
:10516000550501000810002000100040021000202A
:105170000310002004100020F8B5084F05460E4625
:10518000002457F8043B33B131462846984718B1FC
:105190000134042CF5D10120F8BD00BFFC0501004D
:1051A00000F014BFF8B5084F05460E46002457F826
:1051B000043B33B131462846984718B10134032CDB
:1051C000F5D10120F8BD00BFF005010070B5074E14
:1051D0000546002456F8043B2BB12846984718B1E1
:1051E0000134032CF6D1012070BD00BFE40501009D
:1051F00000F052BC00F006BF08B5174AD2E84F3F96
:10520000DBB2FF2B05D1154B154A16487B2102F066
:1052100055FA0133DBB2C2E8413F0029EED101F07B
:10522000D9FA01F003FF0121084601F07BFA38B1F9
:105230000D4B0222C3F88020BFF34F8FBFF36F8F57
:10524000BFF34F8FBFF36F8F084A13780133DBB280
:105250001370012008BD00BF16100020FAF40000F2
:10526000D90601000AF5000000E100E01710002057
:10527000034B00221A70034BFF221A70704700BFC5
:10528000161000201510002008B5FFF7B5FF28B94B
:10529000034B044A0448E52102F010FA08BD00BFA0
:1052A000A4F50000AC0601000AF5000008B50B4BA0
:1052B0001A78120606D50A4B0A4A4FF480710A483A
:1052C00002F0FCF9094A127822B9094B054A40F26A
:1052D0000111F4E7FF221A7008BD00BF151000206D
:1052E000BDF50000430601000AF50000161000207D
:1052F000EDF5000008B513494A68C2F30803EBB1A5
:1053000012F4F87F06D1104B104A114840F21711E1
:1053100002F0D4F9DBB2A3F11000C2B200064BBF19
:1053200003F00F0302F16043043B03F561434ABFFE
:10533000C91893F80003087E400908BD4FF0FF30FC
:10534000FBE700BF00ED00E014F600000C060100D2
:105350000AF5000008B50A4B1B781BB9BDE80840E8
:10536000FFF74ABFFFF7C6FF431C064B1B7808BF79
:105370007F205BB240B29842F0D0002008BD00BF51
:1053800016100020151000202DE9F041244D2B7837
:1053900003F0FF046BB1DFF8AC80224E98F8007088
:1053A000012CFFB21AD133784BB11F4B1F4A9E21FB
:1053B00002E01F4B1D4A95211E4802F07FF9347010
:1053C00001F00AFA2146204601F0ACF910B11A4B5F
:1053D00002221A6001F03EFE00233370631EDBB22E
:1053E000D5E84F2FD2B2944203D0144B0F4AAC21D0
:1053F000E2E7C5E8423F002AF2D1012C0ED101F0CC
:10540000FBF918B998F800309F4207D0FFF7A2FFC8
:105410000028C3D10A4B054AB921CDE7BDE8F08188
:1054200016100020141000204EF600009606010011
:1054300046F600000AF5000000E100E061F6000019
:10544000F3F4000017100020FFF784BF10B50C4CD8
:105450002378FF2B05D00B4B0B4AF6210B4802F0AB
:105460002DF90B4B1B781BB90A4B074AF821F5E7BE
:10547000FFF740FF431C08BF7F2040B2207010BDE3
:105480001510002073F600006C0601000AF50000FC
:1054900016100020EDF500007047000010B50C4C10
:1054A0005A230222FF21601C637402F0B5F8FE2328
:1054B000E3700822FF230021601D237102F0ACF885
:1054C000002363731423A373E3730223237410BDB7
:1054D00018100020024B587C00F00100704700BFFC
:1054E00018100020024B5A7C60F300025A74704777
:1054F00018100020024B587CC0F34000704700BFDA
:1055000018100020024B5A7C60F341025A74704715
:1055100018100020024B587CC0F38000704700BF79
:1055200018100020014B587CC0087047181000204C
:10553000024B5A7C60F3C7025A747047181000205F
:10554000F0B5144B587C93F9001085B0C00800F0FA
:10555000AFF9114B6A46044603F10807154618686F
:105560005968164603C60833BB423246F7D118685D
:105570009B883060072CB38009DC2B46002213F88F
:10558000010B41B28C4203DD01320E2AF7D1082013
:1055900005B0F0BD18100020F0060100004870476B
:1055A0001910002001460222014802F08DB900BF07
:1055B00019100020004870471D10002001460822E5
:1055C000014802F081B900BF1D100020004870475B
:1055D0001B1000200149042202F076B9251000209A
:1055E00008B501F072FE10F11D0F0FDB10F1090F6D
:1055F0000EDB0A280EDD1E280EDD32280EDD4628C1
:10560000CCBF6FF002006FF0010008BD0320FCE783
:105610000220FAE70120F8E70020F6E74FF0FF301C
:10562000F3E710B50446FFF7DBFF2044C0B210BD1E
:1056300010B50446FFF7D4FF201AC0B210BD10B554
:105640000446FFF7CDFF201AC0B210BD10B50446C6
:10565000FFF7C6FF201AC0B210BD0000054A0023A4
:1056600001210133102B82F8801002F18102F8D160
:10567000704700BF2A100020074A0023114692F805
:10568000800018B103EBC313C81870470133102B07
:1056900002F18102F3D170472A1000200E4A002344
:1056A00010B513600D4A137001F0F7FA01F096FD82
:1056B000044601F013FB0A4B4FF40052C3F878453F
:1056C000C3F87C05C3F80425D3F8042842F48042CB
:1056D000C3F8042810BD00BF3C180020401800206B
:1056E00000F0014008B5054B00221A7001F0D6FA0F
:1056F00001F0F8FABDE8084001F01CBD4118002097
:1057000008B501F0E5FABDE8084001F059BD000018
:1057100010B5044601F014FB054B064AC3F880455A
:10572000C3F88405C3F8482901229A6010BD00BF60
:1057300000F001400CF001402DE9F041064628B987
:10574000254B264A2648992101F0B8FF254B1B78A6
:1057500003F0FF088BB3244F01F0F6FA7B68C51AFB
:10576000224B187828B3224B1968CB1711F5800209
:10577000A5FB01EC05FB03CC43F1000311F5800F01
:10578000ACBF00210121B1EBDC7F4FEAD37417D00D
:10579000A41843F10001640844EAC17464424FEA6A
:1057A000610161EB410114EB0E004CEB010108F0CB
:1057B00059FA3B681D442D1A35604046BDE8F0811A
:1057C000A41843F10001640844EAC17414EB0E000C
:1057D0004CEB6101EBE700BFCFF60000FE060100D5
:1057E000E3F6000041180020441800204018002073
:1057F0003C180020F7B501A801F084FA00284AD02F
:10580000274E284C284D01F0EDFC3378009023B34F
:105810002268019FC2F500113A446768D21B014417
:10582000101A90EA91522A784FEA91534FEAD151D7
:105830004BBF401A091890FBF3F391FBF3F31B499C
:1058400042B10A68C2EBC202D31821D51A1F48BF61
:10585000DA1CD3100B6001232B7000233370BFF3CD
:105860005F8F02AB13E9030084E80300BFF35F8F8F
:105870000123337001F036FA2B782068002B0CBF1F
:105880004FF480014FF0807101F084FC03B0F0BD53
:105890000433DB10DEE701F025FA01F04BFCF5E7FD
:1058A0004118002044180020401800203C18002017
:1058B0000846704770B501F005FD0C4B0C4D1B7888
:1058C00001249C4000260B4BAB60013C0440EE6081
:1058D00001F064F8E4B24FF4A0735C4328606C609C
:1058E00031462846BDE8704001F064B868180020D1
:1058F000501800203959000010B50C490B789BB1A5
:105900000B4A0C4813780133DBB213700278042A77
:105910009CBF01320270032B4FF0000403D8FFF745
:10592000C9FF204610BD0C700120FBE74C18002079
:10593000691800206818002007B50B4B1B787BB155
:105940000A4B0B4A019300200090126801230321A7
:1059500001F0F0F820B903B05DF804EBFFF7CCBF1D
:1059600003B05DF804FB00BF4C180020755900001F
:105970006418002040B9054B1B78022B04D9044B56
:105980000121186801F0C5B8704700BF69180020F0
:1059900064180020012910B507D8074C38B1074812
:1059A000002101F06BF800232370012002E0207831
:1059B00080F0010010BD00BF4C18002050180020DE
:1059C000034B1B68834201D1FFF796BF012070474C
:1059D0006418002008B5094B1B6883420BD10848A6
:1059E00001F056F828B1074B074A0848F92101F0A1
:1059F00065FE074B1870012008BD00BF6418002029
:105A0000501800202EF800002307010090F7000036
:105A10004C18002013B50C4A531CD3E84F3FDBB29F
:105A20008DF807309DF80730834204D0BFF32F8FE5
:105A3000002002B010BD541CC4E8431F002BEBD162
:105A4000BFF35F8F0120F4E774180020052910B51B
:105A5000034615D00C4C6278022AD0B210D18BB11B
:105A60000021FFF7D7FF10B10A2001F04EF863784C
:105A700033B1064B064A07484FF4027101F01EFE8F
:105A8000012010BD1846FCE77418002069F90000D9
:105A90004607010089F8000038B5084B5B78022BF7
:105AA000044609D100F07AFF054D2378286020468E
:105AB0002B7100F024F9687138BD00BF7418002004
:105AC0006C180020F0B50D4641782C788378032CB3
:105AD00089B0064601F0070734D10278053A7A2AE0
:105AE00000F28780052F03F030020AD020D8042F5F
:105AF00001D0302A01D101246BE0102A03D0202AE2
:105B000018D0002AF7D103F00C03082B0FD00C2B70
:105B10000CD0002BEFD1FFF7FDFC08B9002F58D1B6
:105B200096F90230002BE6DA062300E00E232B70F4
:105B300000244EE04B07DED400F002F9FF28DAD053
:105B40002870F5E702A900F074F90028D3D0029C70
:105B5000DCB1FFF723FD02220146204601F086FE5C
:105B600098B1254B02221D88ADF8045001A92046AA
:105B700001F07CFE48B15FBBFFF710FD02226946D1
:105B8000ADF8005001F072FE10BB9DF81C40022CD5
:105B900009D0082C20D02CB3184B194A19484FF4BF
:105BA000D97101F08BFD039DFFF710FD22460146E0
:105BB000284601F05BFE0028BAD00F4B1B88ADF8D9
:105BC0000430224601A9284601F050FE0028AFD03B
:105BD0000324204609B0F0BD039DFFF7EBFC2246ED
:105BE0000146F0E7FFF796FC0028A1D1002F9FD0D7
:105BF000EEE70924EDE700BF7207010019F300008A
:105C000063070100A7F90000807800F030031F2B24
:105C100083BF00F00100C0F10400C0B2042070474F
:105C2000807800F0C000802807D0C02807D0003856
:105C300018BF01204042C0B27047022070470820C0
:105C4000704700008378024A03F00C03D05C704771
:105C5000740701008378990603F00C0203D4101E28
:105C600018BF0120704740780C2A00F0400007D18F
:105C700003F0C001C02909D1B0FA80F04009704793
:105C80003F2BECD8002AF7D10038E9E73F2BE6D8C4
:105C9000F2E78378427813F0200002F0400205D149
:105CA0003F2B14D9B2FA82F04009704703F00C017F
:105CB0000C2905D103F0C001C02909D1002006E05C
:105CC0003F2BFBD9B2FA82F040090029EAD1704794
:105CD0003F2BE7D8F2E7807800F0C000A0F1C003C6
:105CE000584258417047807800F0C000A0F180030E
:105CF000584258417047807800F001007047407862
:105D0000C0F34010704710B50446FFF7A3FF20B161
:105D10002046BDE81040FFF777BF10BD10B583786F
:105D200013F00C03044609D0FFF7EDFF20B920461D
:105D3000BDE81040FFF768BF0230C3B2184610BD7F
:105D400038B50146FFF760FF05460846FFF77AFFC2
:105D5000FF28044607D00846FFF77CFF08B102354C
:105D6000EDB22C44E4B2204638BD38B50546FFF705
:105D7000CAFF04462846FFF78CFFB0B12846FFF75C
:105D8000CDFF014648B12846FFF75CFFFF280446D7
:105D900001D00C44E4B2204638BD0CB10234F9E71E
:105DA0002846BDE83840FFF72FBF2846FFF752FFCF
:105DB000002808BF0024EEE710B583783F2B044687
:105DC0001FD9FFF766FF30B12046FFF7CEFFFF284F
:105DD0000DD002300AE02046FFF7A0FF0146204622
:105DE00031B1FFF72FFFFF2801D00844C0B210BD2A
:105DF000FFF789FF0028ECD12046BDE81040FFF7EF
:105E000003BF0020F3E738B504460D46FFF7D4FF83
:105E1000431EDBB2FD2B09D8A37803F0C003A3F126
:105E2000C0025342534120442B7038BD0023184612
:105E3000FAE72DE9F0410546FFF7E6FE044628465D
:105E40000E46FFF707FF07462846FFF722FF80466A
:105E5000A7B129190234E4B23160AB7813F00C0316
:105E60000ED02B1973602846FFF7ECFE0444FF2880
:105E70003075E4B206D10020BDE8F0813946EBE789
:105E800073603375B8F1000F19D029190234E4B2E8
:105E9000B160AB783F2B16D92B19F3602846FFF77A
:105EA000BFFE0444FF287075E4B2E4D0B4756B788B
:105EB00013F008030BD0254435610120DCE7002FE7
:105EC00008BF0021E4E70023F3607375EEE7336158
:105ED000F3E70000034B00211970BFF35F8F024806
:105EE00000F0CCBD7C1800208018002020B1034BAE
:105EF0000521186800F00DBE704700BF781800201B
:105F000010B5104C237843B10F4A0023042101201F
:105F100000F00EFE10B10023237010BD0B480C4A98
:105F2000436803F5FA739342436005D9094B0A4A63
:105F30000A485E2101F0C2FBBDE81040012100F0DB
:105F400039BD00BF7C180020ED5E000080180020E5
:105F500040420F0044FA0000FA07010062FA000014
:105F600038B50E4C0E4D0F4BA3600023E360286044
:105F700000F014FD2B6820601A780B4B1B6803EBB4
:105F8000421303F5C07301256360084B2046294680
:105F90001D7000F00FFD284638BD00BF801800209E
:105FA00078180020015F00002C0000207C180020E1
:105FB00008B5054B1B7823B1042902D010B1FFF7B7
:105FC00089FF012008BD00BF7C18002008B5084BE0
:105FD0001B68834208D0074B1B782BB1064B074A3E
:105FE0000748A32101F06AFBBDE80840FFF772BF34
:105FF000781800207C1800200CFB0000D20701005C
:1060000062FA000008B5064B1B782BB9054B064A0F
:106010000648AA2101F052FBBDE80840FFF75ABF2D
:106020007C1800203EFB0000A707010062FA000078
:1060300008B5084B1B68834208D0074B1B782BB16F
:10604000064B074A0748B22101F038FBFFF742FF31
:10605000012008BD781800207C1800200CFB0000EF
:106060008107010062FA00002DE9F84307468946DE
:10607000184642B1012A0CD0264B274A27484FF434
:106080009C7101F01BFB264A4BB9966E022401322B
:1060900008E0244A8BB9D2F818610B2402E0D66ECE
:1060A000082415320025B4462B469C450ADA6A1CA2
:1060B0009A4208BF1D46002025E0D2F81C61112439
:1060C0006E32EFE7ACEB030503EB6505AE42EED9AC
:1060D00005FB04FE02EB0E0868B152F80EE03968C9
:1060E0008E4514D805D3D8F804E079688E450ED8CB
:1060F00009D26B1CD9E7B7F8008032F80EE0F04502
:1061000005D3F6D80120C9F80050BDE8F88305F1A1
:10611000FF3CCAE719F300003C08010054FB0000F3
:10612000B81900209818002010B5094C70220021E1
:10613000204601F071FA4FF490720648002101F0F8
:106140006BFA01232370044B00221A7010BD00BFAC
:10615000B8190020981800209418002030B5234B5F
:106160001D78012D89B0044614D0022D15D0002DC4
:1061700034D101A9FFF747FE1D4B1B786BB130B13D
:106180009DF804302A4602A9FFF76EFF0346184621
:1061900009B030BD164B1B780BB90123F7E702A9F4
:1061A0004578FFF746FE0028F7D005F00705032DD8
:1061B00012D19DF81E30E35C042B0DD19DF81D30EB
:1061C000022BEAD100231A46059801A9FFF74CFFDC
:1061D00080F00103DBB2DAE70023D8E7054B064A7B
:1061E000064840F2C22101F069FA00BF941800206D
:1061F000B819002019F300000E08010054FB00003C
:1062000073B50E461546D0B10B46012201A9FFF722
:106210002BFF98B1019C0B484EB104EB04140319F9
:10622000763493F87E302B70204402B070BD0B237F
:106230005C43031902349B7A2B70F5E72870002029
:10624000F3E700BF9818002008B500F025F9BDE875
:10625000084000F025B8000008B5427892060346D1
:1062600005D40C4B0C4A0D484F2101F027FA8278D7
:1062700002F03002102A02D0202A05D042B9184676
:10628000BDE8084000F01AB9BDE8084000F00AB8BF
:10629000002008BD01FC00004C0801002FFC00009C
:1062A00070470000F0B58FB002A90546FFF7C1FDA9
:1062B000002800F093809DF81D106E4CA1F108009D
:1062C000414241410DF107020598FFF799FF032272
:1062D00006460021204601F09FF9637843F002034F
:1062E00063706A7802F00802134328466370FFF770
:1062F00035FF18B1637843F0100363706B785B0669
:1063000048BF6378284644BF43F040036370FFF7FB
:10631000F2FC18B1A37843F00103A3701EB1A37877
:1063200043F00203A3702846FFF7D5FC90B1A37891
:1063300043F00C03A370A3784E4843F0200308A950
:10634000A370FFF776FD70B94B4B4C4A9A214C482D
:1063500001F0B4F92846FFF7C6FC0028EBD0A3787B
:1063600043F00803E6E79DF83630284601332370F2
:10637000FFF7C1FC08B9EB78E370089B53B10499AF
:1063800021B9029911B9FFF709F9014608980222CB
:1063900001F09AFA059989B1099818B9394B3A4A26
:1063A000BF21D4E79DF81D309DF834209A4203D0D8
:1063B000364B354AC021CAE701F086FA0C9B7BB9FF
:1063C0009DF83650601946B19DF8075031462A466F
:1063D00001F07AFA23781D44257026480FB0F0BDED
:1063E000069A1AB92A4B2B4AD221B0E712781A70B2
:1063F0002278531C23700C9B197811F0200F05BFD5
:10640000053222705D1C5D1D1B78069903F0180390
:1064100014BF01310531102B1FD0182B1FD0082BB2
:106420001FD101273A46284601F04EFA23783B4413
:1064300023700C9B1A78012302F00702934013F09B
:10644000880F13D113F0440F0DD113F0220F02D097
:10645000237804332370E819B5E70527E2E7092715
:10646000E0E70027E5E723780833F3E723781033E4
:10647000F0E700BF281A0020E1FC000091080100AD
:10648000EFFC0000A5FD000081080100BFFD000039
:10649000EEFD00006C08010007B541F205230093F2
:1064A0000622002369460448ADF8043001F00CFAD6
:1064B00003B05DF804FB00BFA81A002010B5064C1D
:1064C000C378E370FFF74AFE00280CBF02231223B3
:1064D0006370204610BD00BFA81A002008B5084B05
:1064E0001B7803B959B9074B1A5C8A4206D129B106
:1064F000054B064A0648B92101F0E0F8195408BDD9
:10650000F11A0020F21A00200AFE0000C40801005F
:1065100047FE00002DE9F04F374FDFF8E08085B0EF
:106520000123D7E84F5F15F0FF0509D0BFF32F8F88
:10653000324A13780133DBB2137005B0BDE8F08F37
:10654000C7E8443F002CECD1BFF35F8FDFF8B49075
:1065500098F8006099F800A0DFF8ACB000F01EFADF
:10656000F6B20190DBF80410DBF8082003910292E8
:1065700000F016FA9BF800C0AC45DDE9022108D90D
:10658000121AA2F5F072019800F00CFA08B99BF803
:1065900000500BF1200B2CB3194B1C78AC4238BFC8
:1065A0002C46A24515D089F80040ECB900F0BCFAA1
:1065B00021462046FFF792FF00F0E6FA214601202F
:1065C000FFF78CFF204600F067FB21460220FFF713
:1065D00085FFBFF35F8F00233B7098F80030B34214
:1065E0009ED1AAE70124BDE700F0A0FA00F012FB5B
:1065F00000F0B2FAE6E700BFF71A0020F61A002012
:10660000F01A0020F11A0020B01A002070B51D4DBC
:106610001D4E0122D5E84F3FDBB23BB1BFF32F8FB8
:10662000194A13780133DBB2137070BDC5E8432FEC
:10663000002BEFD1BFF35F8F144B34781A78032A05
:1066400098BF18785A788CBF0420C0B2904288BF97
:1066500058789A7888BFC0B2824238BF98780C4B7D
:106660001A7838BFC0B28242E4B202D0187000F08B
:106670008FF8BFF35F8F00232B703378A342C8D10C
:10668000D3E700BFF91A0020F81A0020F21A002000
:10669000F51A002008B500F059FA00F0FCFA0A4A91
:1066A00000231370094A1370094A1370094A1370C2
:1066B000094A1370094A137082F82030084A13708F
:1066C0005370937008BD00BFF91A0020F71A00201C
:1066D000F51A0020F01A0020F11A0020B01A00204C
:1066E000F21A002008B5054B1870BFF35F8FFFF753
:1066F00011FFBDE80840FFF789BF00BFF01A002076
:1067000000F058BA00F058BA054B1A7832B95A78E6
:1067100022B99878003818BF0120704701207047CF
:10672000F21A0020022808B506D9074B074A084884
:1067300040F20E2100F0C2FF064B185C884234BFC5
:106740000020012008BD00BFDAFE0000A308010000
:1067500047FE0000F21A002000F042BA08B50421FA
:106760000120FFF7BBFEBDE80840FFF74FBF08B5AB
:1067700004210020FFF7B2FEBDE80840FFF746BF46
:10678000014BFF221A707047FA1A0020FFF7AABFC8
:1067900013B50446FEF758FE0D4B50B11A78FF2A88
:1067A00007D12046FDF744FE02B0BDE81040FEF7D9
:1067B000EBBDD3E84F2FD2B28DF807209DF807200C
:1067C000C3E8424F002AF4D10028EDD102B010BD39
:1067D000FA1A002070470000064AFF23D2E84F0F44
:1067E000C2E8413F0029F9D1C0B2FF2801D0FDF72E
:1067F0001FBE7047FA1A0020024B1878FF3818BFE6
:1068000001207047FA1A002082B00122D0E84F3FE1
:10681000DBB28DF807309DF8073023B1BFF32F8F1F
:10682000002002B07047C0E8432F002BEED1BFF329
:106830005F8F0120F5E70000094A82B0D2E84F3FA0
:10684000DBB28DF807309DF807300133DBB2C2E8C8
:10685000413F0029F2D1BFF35F8F02B0704700BF04
:10686000001B0020F8B50E4E0E4F35780E483C68E0
:10687000EDB2FFF7C9FF38B154B900F04DFCBFF3DA
:106880005F8F094B00221A703378AB42EDD1F8BD0F
:106890003B6820686168A342F1D100F0EFFBEEE7AE
:1068A000001B0020FC1A0020021B00202DE9F341F0
:1068B00003460E4688B12A4FDFF8B8C04FF00008F3
:1068C0003978CDF80480C9B2624652E8004F54B11D
:1068D000A34208D004F11002F7E7224B224ABD215F
:1068E000224800F0EBFE38788142E9D1A34215D16D
:1068F00019690191DCF800108B421FD10199002920
:106900000BBF0120002000250125019942E8001E4F
:10691000BEF1000FD4D1FFF78FFF03E0BFF32F8F3D
:1069200000200546A4B104F1100353E8003F9C4247
:1069300007D10F4B0C4A4FF48871D1E70020054670
:10694000E3E704F1100141E80032002AEBD1012411
:1069500006B13470002D18BF284602B0BDE8F081A2
:10696000001B0020EFFE0000DB080100FFFE00001E
:10697000A4FF0000FC1A0020044A00231360044A0C
:106980001370044A1370044A13707047FC1A0020F5
:10699000021B0020011B0020001B002000F068BB30
:1069A00000F06ABB121A0A44002AD4BF002001205A
:1069B00070470000F8B5044630B9284B284A4FF418
:1069C000AA71284800F07AFE836823B9264B244A2E
:1069D00040F25511F5E729B100F04EFB6368013B29
:1069E0000344636000212046FFF760FF08B1FFF712
:1069F00039FF1E4E1E4D30782946C0B251E8003F87
:106A00009C4204D11B4B164A4FF4B871D9E75BB1D5
:106A1000D4E900273A441F68D21B5F68D21B002AC2
:106A200002DB03F11001E9E732788242E3D1A342AD
:106A300004D1114B0A4A40F28911C2E7236141E8AF
:106A40000043002BD7D1FFF7F7FE2B68A34203D1F9
:106A5000BDE8F840FFF706BFF8BD00BFEFFE00003D
:106A6000E8080100FFFE0000BAFF0000001B002044
:106A7000FC1A0020D4FF0000E5FF000008B5FFF776
:106A800015FF18B1BDE80840FFF7ECBE08BD0000D7
:106A900030B5094B094C1D68014622782846D2B210
:106AA00018B923789342F8D130BD884201D00069EB
:106AB000F6E70120F5E700BFFC1A0020001B0020CC
:106AC00037B50E48FFF7A0FE98B10D4B186858B1C6
:106AD0000DF10701D0E90245FFF7E8FE9DF8073008
:106AE00013B10CB12846A047BFF35F8F034B0022C0
:106AF0001A7003B0BDE83040FFF7B4BE011B0020A0
:106B0000FC1A00207047F9F72BBDFCF792BFFCF789
:106B100097BFFCF7A8BFFCF7A7BFFCF7A6BFFCF721
:106B2000A5BFFCF7A4BF704700F082B8704770475C
:106B3000FDF7C8BD10B49DF8044001945DF8044B06
:106B4000FDF7F0BDFDF72ABEFDF786BE014B002222
:106B50001A707047031B002008B5074B1A782AB13A
:106B6000064B074A07483B2100F0A8FD01221A7096
:106B7000BDE80840FFF7F2BD031B0020F7FF00004F
:106B80003B0901000500010008B5064B1A782AB937
:106B9000054B064A0648432100F090FD00221A707A
:106BA00008BD00BF031B0020F8FF00001D09010005
:106BB000050001007047000008B5054B1B782BB994
:106BC000044B054A0548512100F078FD012008BD1D
:106BD000031B0020F8FF000003090100050001006D
:106BE0004FF0FF30704700004FF08043084900220B
:106BF000C3F81825E02281F800230122C1F8802182
:106C00000A60C3F804230222C3F80423704700BFBC
:106C100000E100E04FF08043002282B0C3F8002181
:106C2000D3F800210192019A01221A6002B0704744
:106C30004FF0804301225A6070474FF0804300229A
:106C400082B0C3F80421D3F804210192019A0122F1
:106C50009A6002B0704707B54FF08043D3F8002127
:106C600042B10022C3F80021D3F800310093009B09
:106C7000FFF77DFD4FF08043D3F8042142B100229D
:106C8000C3F80421D3F804310193019B00F0B0FA5A
:106C900003B05DF804FB7047704770470B4BD3F8A7
:106CA000042522F00302C3F80425D3F8082542F096
:106CB0000302C3F80825D3F8102522F00F0242F092
:106CC0000402C3F8102501221A60704700800040BA
:106CD000014B01221A617047008000400048704754
:106CE00048800040054A064901235364D2F84435E0
:106CF000013B0B60C2F84835704700BF0080004080
:106D0000041B002008B5094BD3F8483528B9084BB7
:106D1000084A09487B2100F0D1FC084A12689A42CF
:106D200016BF03600020012008BD00BF00800040A6
:106D3000CFF600005A090100A3000100041B002047
:106D4000004870474C800040014BD3F84C05704719
:106D500000800040F8B51C4A430B43EAC1434C0B8A
:106D6000A3FB023502FB04551B0F43EA05132D0F4D
:106D70006A0243F6095742EAD3525C02A3FB073684
:106D8000C31A124807FB056561EB050198424FF0F5
:106D90000000884105D20E4B0E4A0F48902100F0AA
:106DA0008DFC0E4D40F23140584305FB0100A3FB22
:106DB0000535013B284447F6FF7340EB0300C00B49
:106DC000001942F10001F8BDD07B6308452C160084
:106DD000470101007C090100550101007B2DE8BD40
:106DE000F8B5214D05EB001C044606011F48DCF8F0
:106DF0000470C0F80873DCF80C70C0F84473D3E971
:106E0000000381422AD9081A002800DA013B8A18B7
:106E10004FF0000040EB000119441018FFF79AFFF3
:106E200043F60957A0FB073207FB012140F2FF128E
:106E30009B18DFF83CC00D4A41F100015B0A43EAB0
:106E4000C1534CF83430AB590CEBC40E03F5A873A6
:106E5000490ACEF8041042F82300F8BDD7D2401AF0
:106E60000028B8BF0133D2E7AC090100004002405E
:106E7000181B002000F1402000F50030002382B0F4
:106E8000036003680193019B02B0704737B5264940
:106E90000122D1E84F3FDBB28DF807309DF8073073
:106EA00063B1BFF32F8F214BD3F80421204B12B9CC
:106EB0001A68D20735D5186802302FE0C1E8432F91
:106EC000002BE6D1194B0222C3F80823BFF35F8FD2
:106ED000D3F80431164A4BB1136801331360BFF382
:106EE0005F8F4FF48270FFF7C5FF01230F4C1068CE
:106EF0000225C4F80453BFF35F8F00240C7063B104
:106F00001368D90706D40B4B0B4A0C484FF4887111
:106F100000F0D4FB1368013313600130400803B064
:106F200030BD1868FAE700BF0A1B0020004002408D
:106F30000C1B0020E401010097090100FC01010085
:106F40002DE9F04106460C46FFF7A0FF0546BFF3CA
:106F50005F8FDFF82080D8F80475BFF35F8FFFF7ED
:106F600095FF3060854218BFD8F804752760BDE8EA
:106F7000F08100BF0040024007B501A96846FFF755
:106F8000DFFF019A43F6095340F2FF100021E2FBB4
:106F90000301400A009A044B40EAC150490AE2FB4F
:106FA000030103B05DF804FB0080841E194A00232E
:106FB00010B51360184A194C00200021C2E90001E5
:106FC000174A23701360FFF738FE2378002BFCD09C
:106FD000144BC02283F824231022C3F884215A6062
:106FE000114A0023C2F808354FF48270FFF742FFC0
:106FF0000223C2F84433C2F804334FF48033C2F89A
:1070000008334FF4A070C2F84833FFF733FF012371
:10701000136010BD0C1B0020181B0020091B002052
:10702000101B002000E100E000400240074B5A68BE
:10703000D20642BF064A012111601022C3F8842003
:10704000BFF34F8FBFF36F8F704700BF00E100E0C9
:10705000101B0020044B1A6822B100221A60034B57
:1070600010225A60704700BF101B002000E100E0B2
:1070700008B5FFF781FF08BD1F207047F0B585B048
:1070800006460F46684601A9FFF75AFF019D1D49B4
:10709000002043F60952044640F2FF13E5FB023498
:1070A0005B0A009A43EAC453640AE2FB0134CDE967
:1070B00002343A4602AB3146FFF792FE124BD3F848
:1070C00004359D4203D0FFF757FFCDE902010F4978
:1070D000029B039AD1E900013E3342F10002834250
:1070E0008A4108D30A4B01221A700A4B1022C3F8B6
:1070F000042105B0F0BD044B4FF48032C3F80423E3
:10710000F7E700BF0080841E00400240181B0020EB
:10711000081B002000E100E0054B4FF48032C3F86B
:1071200048234FF4A070C3F80823FFF7A3BE00BFA5
:1071300000400240F0B5154E154F85B00424694655
:1071400001A8FFF7FDFE009D43F6095240F2FF1132
:107150000023E5FB0213490A019A41EAC3515B0A85
:10716000E2FB0613CDE902133E2202AB0120FFF73A
:1071700037FE4FF40033C7F80433D7F804359D4287
:1071800001D0013CDBD105B0F0BD00BF0080841E02
:107190000040024037B504460D46FFF7EDFE6B4652
:1071A000CDE900012A4621460120FFF719FE034BD5
:1071B0004FF40032C3F8042303B030BD0040024056
:1071C000054B4FF40032C3F848234FF4A270C3F8C4
:1071D0000823FFF74FBE00BF004002400048704741
:1071E00044410240014B9868704700BF181B0020C3
:1071F000014B01221A707047091B002010B5264B65
:10720000D3F8042122B10222C3F80823FFF73EFE7F
:10721000224B1A7872B100224FF4A0701A70FFF757
:1072200029FE1D4B4FF48032C3F84823C3F80823CE
:10723000FFF746FC184CD4F80433DA0316D5D4F81B
:1072400040319BB14FF4A070FFF714FEFFF794FE9E
:10725000134BD3E900239042994107D34FF4803375
:10726000C4F84833C4F80833FFF72AFC0A4AD2F8B6
:1072700004339B030ED5D2F844315BB14FF4A270B6
:10728000FFF7F8FD4FF40033C2F84833C2F8083373
:10729000FEF7B0FA10BD00BF00400240081B0020FE
:1072A000181B0020064B01221A60D3F80021002A87
:1072B000FBD00022C3F80021D3F8080500F014B970
:1072C00000D0004000F018B970471420704700004B
:1072D000BFF34F8F0549064BCA6802F4E0621343BF
:1072E000CB60BFF34F8F00BFFDE700BF00ED00E0B4
:1072F0000400FA054FF08053D3F830210D2A03BF64
:10730000D3F83401B0FA80F0400900207047000043
:1073100008B5FFF7EFFF40B14FF080430022C3F8FC
:107320000C21C3F81021C3F83825FFF7E3FF00282C
:1073300046D04FF08052584BD2F80414C3F82015B1
:10734000D2F80814C3F82415D2F80C14C3F8281581
:10735000D2F81014C3F82C15D2F81414C3F8301551
:10736000D2F81814C3F83415D2F81C14C3F8401519
:10737000D2F82014C3F84415D2F82414C3F84815E1
:10738000D2F82814C3F84C15D2F82C14C3F85015B1
:10739000D2F83014C3F85415D2F83414C3F8601579
:1073A000D2F83814C3F86415D2F83C14C3F8681541
:1073B000D2F84014C3F86C15D2F84424C3F87025F1
:1073C000FFF798FF48B14FF08043D3F80024D1076E
:1073D00044BF6FF00102C3F80024304AD2F888306D
:1073E00043F47003C2F88830BFF34F8FBFF36F8F41
:1073F0004FF01023D3F80C22D2071DD5284B0122C1
:10740000C3F80425D3F80024002AFBD04FF0102243
:10741000D2F80C3223F00103C2F80C32204BD3F81F
:107420000024002AFBD00022C3F80425D3F800244E
:10743000002AFBD0FFF74CFFD3F80022002A03DB21
:10744000D3F80432002B22DA154B0122C3F80425AD
:10745000D3F80024002AFBD04FF010221221C2F8EA
:107460000012D3F80024002AFBD04FF01023122280
:10747000C3F804220A4BD3F80024002AFBD00022D0
:10748000C3F80425D3F80024002AFBD0D2E7054B2B
:10749000054A1A6008BD00BF00C0004000ED00E0D2
:1074A00000E00140300000200090D0030649074A68
:1074B000074B9B1A03DD043BC858D050FBDCFFF799
:1074C00027FFF8F7E5FE0000980E010000000020FD
:1074D00000070020FEE7FEE7FEE7FEE7FEE7FEE727
:1074E000FEE7FEE7FEE7FEE7024B1B680022C3E96A
:1074F00026027047380000200C4B0D4819680D4AD1
:10750000D1F8983010B4D1F89C4003FB00F002FB96
:107510000400A3FB0232013340EB0200C1E9263034
:107520005DF8044B20F00040704700BF3800002099
:107530002DF451582D7F954C0000000000000000F4
:1075400030B490F800F020F007016FF0000C10F05C
:10755000070491F820F040F048804FF000046FF0ED
:107560000700D1E9002391F840F000F1080082FA09
:107570004CF2A4FA8CF283FA4CF3A2FA8CF34BBBD4
:10758000D1E9022382FA4CF200F10800A4FA8CF24D
:1075900083FA4CF3A2FA8CF3E3B9D1E9042382FA1B
:1075A0004CF200F10800A4FA8CF283FA4CF3A2FA30
:1075B0008CF37BB9D1E9062301F1200182FA4CF268
:1075C00000F10800A4FA8CF283FA4CF3A2FA8CF3CF
:1075D000002BC6D0002A04BF04301A4612BAB2FAF1
:1075E00082F200EBD20030BC7047D1E9002304F0F6
:1075F0000305C4F100004FEAC50514F0040F91F82B
:1076000040F00CFA05F562EA05021CBF63EA0503C7
:1076100062464FF00004AAE7830730B547D0541EF6
:10762000002A3ED0CAB2034601E0013C39D303F838
:10763000012B9D07F9D1032C2CD9CDB205EB0525E3
:107640000F2C05EB054535D9A4F1100222F00F0CE3
:1076500003F1100EE6444FEA121C1A46C2E9005527
:10766000C2E9025510327245F8D10CF1010214F052
:107670000C0F03EB021204F00F0C13D0ACF1040357
:1076800023F003030433134442F8045B9342FBD119
:107690000CF003042CB1C9B21C4403F8011BA34233
:1076A000FBD130BD64461346002CF4D1F9E7034604
:1076B0001446C0E71A46A446E0E700BF00B50B4CED
:1076C00025681446EE681A4685B003460D464CB14F
:1076D00007490095CDE901143046064900F0B2F89B
:1076E00000F092F804490C46F3E700BF3800002090
:1076F000CC090100DC090100D809010008B51346D6
:107700000022FFF7DBFF00BF88420ED98B188342AF
:107710000BD900EB020C002A6ED0624613F801CDA3
:1077200002F801CD9942F9D170470F2A0FD80346CC
:1077300002F1FF3C002A5FD00CF1010C013B8C44AC
:1077400011F8012B03F8012F6145F9D1704740EA88
:1077500001039B0751D1A2F1100370B501F1200C78
:1077600023F00F0501F1100E00F11004AC441B09C9
:107770005EF8105C44F8105C5EF80C5C44F80C5C3D
:107780005EF8085C44F8085C5EF8045C44F8045C4D
:107790000EF1100EE64504F11004E9D1013312F0A8
:1077A0000C0F01EB031102F00F0400EB031328D0C0
:1077B000043C24F003064FEA940C1E441C1F8E4622
:1077C0005EF8045B44F8045FB442F9D10CF10104A3
:1077D00002F0030203EB840301EB840102F1FF3C9E
:1077E0004AB10CF1010C013B8C4411F8012B03F858
:1077F000012F6145F9D170BD704702F1FF3C03468E
:107800009AE72246EAE700BF08B5062000F004FB2D
:10781000012005F091FD00BFB1FA81F252094FF449
:107820008063520001F06ABF0CB400B583B004ABB2
:1078300053F8042B019302F013F803B05DF804EB46
:1078400002B070470EB410B583B005AB064C53F8C8
:10785000042B01930146206802F002F803B0BDE852
:10786000104003B0704700BF38000020032A30B436
:1078700015D941EA0004A40784460B4604D0541EDF
:107880000FE0043A032A08D91946604653F8044B1E
:107890005CF8045BA542F4D0F1E760461946541E3B
:1078A0007AB1431E0139021901E09A4209D013F856
:1078B000010F11F801CF6045F7D0A0EB0C0030BCF0
:1078C0007047002030BC7047844641EA000313F043
:1078D00003036DD1403A41D351F8043B40F8043BD7
:1078E00051F8043B40F8043B51F8043B40F8043B9A
:1078F00051F8043B40F8043B51F8043B40F8043B8A
:1079000051F8043B40F8043B51F8043B40F8043B79
:1079100051F8043B40F8043B51F8043B40F8043B69
:1079200051F8043B40F8043B51F8043B40F8043B59
:1079300051F8043B40F8043B51F8043B40F8043B49
:1079400051F8043B40F8043B51F8043B40F8043B39
:1079500051F8043B40F8043B403ABDD2303211D3D9
:1079600051F8043B40F8043B51F8043B40F8043B19
:1079700051F8043B40F8043B51F8043B40F8043B09
:10798000103AEDD20C3205D351F8043B40F8043BD9
:10799000043AF9D2043208D0D2071CBF11F8013BD7
:1079A00000F8013B01D30B8803806046704700BF9D
:1079B000082A13D38B078DD010F003038AD0C3F1AC
:1079C0000403D21ADB071CBF11F8013B00F8013B8E
:1079D00080D331F8023B20F8023B7BE7043AD9D34D
:1079E000013A11F8013B00F8013BF9D20B78037022
:1079F0004B7843708B7883706046704770B50F4B3F
:107A00000F4DAB42A3EB050607D0B610002455F886
:107A1000043B01349847A642F9D806F0D3FA094D41
:107A2000094B5E1BAB424FEAA60606D0002455F870
:107A3000043B01349847A642F9D870BDEC060020FB
:107A4000EC060020EC060020F8060020002070471D
:107A5000024A0349034800F097BA00BF60010020C2
:107A60001DBC0000400000200C4B4168994210B53D
:107A7000044601D004F0D2F8A168094B994202D023
:107A8000204604F0CBF8E168064B994204D020462A
:107A9000BDE8104004F0C2B810BD00BF281B002094
:107AA000901B0020F81B0020002070472DE9F843B0
:107AB0002A4C2B49DFF8BC90DFF8BC80294FC4F872
:107AC0003811002504230822294604F15C00264EC3
:107AD000E360C4E90055C4E90455A5606566A56185
:107AE000FFF79AFD214B63670822294604F1C40081
:107AF000C4E90749C4E90987C4E91A55C4E91E5510
:107B00002567C4F8CC50C4F88050E662FFF784FDC6
:107B1000174BC4F8DC30294604F16803082204F549
:107B20009670C4F88430C4E92298C4E92476C4E984
:107B30003455C4E93855C4F8D850C4F83451C4F8A1
:107B4000E850FFF769FD04F1D003C4E93C98C4E9AB
:107B50003E76C4F8EC30BDE8F88300BF281B002057
:107B6000517A000015BE000039BE00000900010076
:107B700012000200ADBD0000D5BD0000F8B5254BD8
:107B8000D3F838310646002B3CD0234FD7E90134D7
:107B9000013B04D51DE05A1C04F1680419D0B4F966
:107BA0000C50013B002DF6D11C4BE360C4E901559C
:107BB000C4E9045565662560A5610822294604F1DB
:107BC0005C00FFF729FDC4E90C55C4E911552046B6
:107BD000F8BD3D680DB12F46D8E74FF4D671304659
:107BE00002F0E0FB044680B10423C0E900530C30EE
:107BF0002946A0604FF4D0722546FFF70DFD3C608A
:107C00002F46C3E7FFF752FFBFE70C23386033600E
:107C1000DDE700BF281B0020600100200100FFFFFE
:107C2000436B03B17047044B044AD3F838314263C5
:107C3000002BF7D13AE700BF281B0020697A00002B
:107C4000704700BF704700BF024A0349002000F0A0
:107C50009BB900BF600100204D7A0000024A034931
:107C6000002000F091B900BF60010020A97A000057
:107C700008B50021044604F019F8034B1B6803B152
:107C80009847204605F058FB601C00200023014661
:107C90001A46184604F0D4B80EB400B582B003AB4F
:107CA000816853F8042B019300F092F902B05DF85B
:107CB00004EB03B0704700BF0FB400B5074983B0B1
:107CC00004AB086853F8042B8168019300F080F935
:107CD00003B05DF804EB04B0704700BF380000202B
:107CE00038B5D0F818410CB1002038BD80210546C8
:107CF00002F058FB0246C5F8180130B1031F7C3270
:107D000043F8044F9342FBD1EEE74FF0FF3038BD0C
:107D100030B51F2983B0054609D8D0F818310C4674
:107D200053B153F8240043F8242003B030BD162388
:107D300003604FF0FF30F8E78021019202F032FB40
:107D4000019AC5F8180103460028F2D0011F00F17E
:107D50007C05002041F8040FA942FBD1E1E700BFF8
:107D60001F2938B505461FD8D0F818210C466AB12E
:107D700052F8213053B1012B06D0591C10D00021EC
:107D800042F8241020469847002038BD284601F0CC
:107D9000DDFB224601462846BDE8384001F0C0BB65
:107DA00016230360012038BD162303604FF0FF3017
:107DB00038BD00BF1F292CD838B5D0F818310C4673
:107DC0000546A3B153F8242003EB84034AB1511CA8
:107DD0000BD0012A07D0002520461D609047284679
:107DE00038BD012038BD032038BD022038BD8021B8
:107DF00002F0D8FA0346C5F8180138B1021F002175
:107E00007C3042F8041F8242FBD1DBE74FF0FF30A9
:107E100038BD4FF0FF30704738B5144B1F281D6830
:107E20001ED8D5F81821044662B152F820304BB163
:107E3000012B05D0591C0FD0002142F82010984783
:107E4000002038BD284601F081FB22460146284625
:107E5000BDE8384001F064BB16232B60012038BD1B
:107E600016232B604FF0FF3038BD00BF38000020D4
:107E7000124B1F2870B51E6809D8D6F81831044671
:107E80000D464BB153F8240043F8245070BD16231F
:107E900033604FF0FF3070BD8021304602F082FA2F
:107EA0000346C6F818010028F3D0021F00217C30D9
:107EB00042F8041F8242FBD1E4E700BF38000020F3
:107EC00038B50C4B1D68D5F818410CB1002038BDF1
:107ED0008021284602F066FAC5F8180138B1031F60
:107EE00000F17C0243F8044F9342FBD1EEE74FF0E0
:107EF000FF3038BD3800002038B5184B1F281D68EA
:107F000028D80446D5F81801A0B150F8243000EB69
:107F100084004BB15A1C0BD0012B07D00025056003
:107F200020469847284638BD012038BD032038BD7B
:107F3000022038BD8021284602F034FAC5F8180125
:107F400040B1031F00F17C01002243F8042F8B4253
:107F5000FBD1DAE74FF0FF3038BD00BF380000201A
:107F600038B5074D074C2C1BA41005D0013C55F823
:107F7000043D9847002CF9D1BDE8384006F028B8F8
:107F8000FC060020F80600202DE9F8430746884645
:107F900016464FF00009D6E90154013D10D4A389DB
:107FA000012B08D9B4F90E3001332146384602D0EE
:107FB000C04749EA0009013D6B1C04F16804EED199
:107FC0003668002EE7D14846BDE8F883000000007F
:107FD0002DE9F04FBFB01C46049191460993054628
:107FE000089004F00BFD036810931846FFF7A8FAF9
:107FF0000F901DB16B6B002B01F020800499B1F93B
:108000000C204B6E900405D442F4005223F400532C
:108010008A814B669F0401F13E81049AB2F90C30CB
:108020001E0740F1DD801269002A00F0D98003F0BC
:108030001A030A2B00F0E3809FED817B0023CDE93A
:108040002233CDE911338DED0C7B2EAA0E932192B4
:1080500092460693CB469BF80030002B00F06481DB
:108060005C4604E014F8013F002B00F04181252B11
:10807000F8D1B4EB0B0540F03E812378002B00F0E3
:1080800053814FF000038DF8673000276378059720
:1080900004F1010B4FF0FF390BF1010B9846A8F1E9
:1080A0002003582B00F24D81DFE813F083024B01CF
:1080B0004B017E024B014B014B014B014B014B012C
:1080C000460278024B01510256024B0173025900DD
:1080D00059005900590059005900590059005900D8
:1080E0004B014B014B014B014B014B014B014B0130
:1080F0004B014B016800C6014B01C6014B014B010E
:108100004B014B01AE024B014B01B8004B014B013F
:108110004B014B014B01CE004B014B0152064B0171
:108120004B014B014B014B014B014B014B014B01EF
:108130004B01A0026A00C601C601C6019B026A008B
:108140004B014B018E024B01EA02BA00D902D40264
:108150004B01B3024B01D0004B014B017206A8F159
:10816000300300221BF8018B02EB820203EB420278
:10817000A8F13003092BF5D9059290E747F01007D5
:10818000BD0640F1B281099B073323F007031A466D
:10819000596852F8083B09920A460029C0F2B78193
:1081A000B9F1000F9DF86740C0F2B88127F0800157
:1081B000029153EA020140F0B0810121B9F1000FB0
:1081C00040F05383002940F0F18417F00103079336
:1081D00000F0318530238DF8B7300DF1B70573E02D
:1081E000049D0898294603F05FFB002841F0538066
:1081F000B5F90C3003F01A030A2B7FF41DAF049B72
:10820000B3F90E30002BFFF617AF049908982346F8
:108210004A463FB0BDE8F04F01F0FAB847F010070A
:1082200017F0200200F05281099B073323F0070367
:1082300019465A6851F8083B0991002114E000BF23
:10824000000000000000000047F0100717F02002B7
:1082500000F03281099B073323F0070319465A685F
:1082600051F8083B099101210024B9F1000F8DF864
:10827000674006DB27F08000029053EA02009DD0A1
:10828000029F012900F04A81022900F0F8822EADF8
:1082900003F00701DB0843EA4273D208303153EAA6
:1082A0000206284605F8011DF2D1FB0740F1F582D0
:1082B000302900F0F2823023023805F8013C2EAB61
:1082C0001B1A029707930546079B4B45B8BF4B46C1
:1082D000039300230B9314B1039B01330393029B7D
:1082E00013F002033FD0039B0233039302233AE0CF
:1082F000B4EB0B0518D0239B2B442393229B013313
:10830000072BCAE900B5229305DC0AF1080A069B8F
:108310002B440693B1E60499089821AA03F000FEC5
:1083200030B90DF1B80AF2E7239B002B40F0048727
:10833000049B9B895B0600F1AE8706983FB0BDE8C1
:10834000F08FB8F1000FEFD000238DF867300123D4
:108350008DF890800393079324AD4FF000090297A6
:10836000CDF82C904B46029A239C12F084020A927C
:1083700005D1059A0399561A002E00F3FE829DF846
:1083800067208AB1229A0DF1670101320134CAF8DF
:108390000010072A4FF0010123942292CAF804101A
:1083A00000F326830AF1080A83B1229A1AA901323E
:1083B0000234CAF80010072A4FF0020123942292D7
:1083C000CAF8041000F322830AF1080A0A9B802BE2
:1083D00000F0CA81079BA9EB0306002E00F306827A
:1083E000029BDE0500F15981079BCAF804301C444A
:1083F000229BCAF800500133072B2394229300F3E9
:1084000065820AF1080A029B5A0705D5059B039A63
:108410009D1A002D00F30683DDE9052303998A42A6
:10842000ACBF9B185B180693002C40F03B820023E6
:1084300022930DF1B80A0EE6099B073323F00703D8
:10844000B3EC027B55EC174B099325F000431593D1
:108450008DED147ADDE91401BD4B4FF0FF328DED47
:108460000C7B05F0C1FB002840F0F083DDE914012E
:10847000B74B4FF0FF3205F099FB002840F0E68340
:10848000002200232046294605F086FB002840F004
:108490003D869DF86740AF4D27F080030293AE4BB9
:1084A000B8F1470FD8BF1D464FF0000903230393CF
:1084B0000793CDF82C900EE7099951F8043B0991E8
:1084C00017F0100100F0BA830121CDE6099951F8A7
:1084D000043B099117F010017FF4AFAE17F0400292
:1084E0003FF4ABAE0A469BB2A7E6099AFC0652F8E7
:1084F000043B099206D4780604D543F3C0321146F2
:108500001BB24AE6DA1711460029BFF649AE5B42B4
:1085100062EB42022D240121A7E6029F0A2B72F191
:10852000000180F0018530338DF8B73001230297C8
:1085300007930DF1B705C7E6099B53F8042B059285
:10854000002A80F27383059A0993524205929BF8A0
:10855000003047F004079FE55A4612F8018BB8F146
:108560002A0F00F02287A8F13003092B98BF4FF0A3
:10857000000900F2A18612F8018B09EB890903EBCF
:108580004909A8F13003092BF5D949EAE97993465D
:1085900085E59BF8003047F080077DE52B238DF8BB
:1085A00067309BF8003077E59BF8003047F0010713
:1085B00072E59DF867209BF80030002A7FF46CADCF
:1085C00020228DF8672067E59BF800306C2B03BFF5
:1085D0009BF8013047F020070BF1010B47F0100723
:1085E0005AE59BF8003047F0400755E5099B00220B
:1085F0008DF8672053F8042B099301238DF8902000
:108600000393079324ADA8E69BF8003047F00807D2
:1086100042E5099C54F8045B00268DF86760002D44
:1086200000F0C583B9F1000FC0F21A854A46314601
:10863000284600F025FF002800F03286431B0793F0
:1086400023EAE3730994B1469DF8674002970393C8
:108650000B9640E69BF8003047F020071CE5099A8E
:1086600052F8043B099247F63002ADF868203B4AC5
:10867000119247F00207002202214FF07808F3E53B
:10868000BD0640F15C83099B069A1B681A60D217ED
:108690005A60099B04330993DDE4B8F1650F40F398
:1086A0002181DDE90C010022002305F06BFA00288E
:1086B00000F0F581229B2A4ACAF8002001330134D8
:1086C0000122072B23942293CAF8042000F3A984E3
:1086D0000AF1080A1B9B0E9A934280F2A2820F9B1A
:1086E000109A1C44CAE90023229B23940133072BD0
:1086F000229300F350830AF1080A0E9B5D1E002DA1
:108700007FF781AE102D229B164F40F3D480DDF809
:108710002080DDF81090102605E00AF1080A103DCF
:10872000102D40F3C88001331034072BCAE90076BE
:10873000CDE92234F1DD21AA4946404603F0F0FBA1
:1087400000287FF4F5ADDDE922340DF1B80AE6E743
:10875000FFFFEF7F100A01000C0A0100300A010040
:108760004C0A0100F40B0100059B039A9E1A002E8F
:108770007FF730AE102E229BAF4F24DD52462146AC
:10878000AA46089C049D04E0103E102E02F1080247
:1087900016DD013310311020072BCDE9223117608F
:1087A0005060F1DD21AA2946204603F0B9FB0028DC
:1087B0007FF4BEAD103E102EDDE922312EAAE8DC9A
:1087C00055460C46924601333444072BCDE92234FA
:1087D000CAF80070CAF8046000F33584079BA9EB5F
:1087E0000306002E0AF1080A7FF7FAAD102E229B2D
:1087F000914F2CDD52462146B246089C2E464FF042
:108800001009049D06E0AAF1100ABAF1100F02F156
:10881000080218DD013388481031072BC2E900092E
:10882000CDE92231EFDD21AA2946204603F078FB6D
:1088300000287FF47DADAAF1100ABAF1100FDDE92E
:1088400022312EAAE6DC35460C46564692460133C6
:108850003444072BCDE92234CAF80070CAF804600A
:1088600000F3D2810AF1080ABAE50129029F4FF00C
:1088700000033FF458AE02291A467FF408AD119860
:108880002EAD03F00F011B09415C05F8011D43EA01
:108890000273120953EA0201F3D12EAB5B1B02975C
:1088A000079311E50499089821AA03F039FB0028E1
:1088B0003FF4BDAD3CE501332C44072BCAF80070F2
:1088C000CAF80450CDE922347FF79BAD049908988B
:1088D00021AA03F025FB00287FF42AAD239C0DF18B
:1088E000B80A90E50E9B229E012B04F1010406F1CB
:1088F00001060AF1080840F33E810123072ECDE965
:108900002264CAF80050CAF8043000F3F3820F9BC7
:10891000109A01361C44072EC8E90023CDE92264D1
:1089200000F3F58208F108080E9BDDE90C0103F164
:10893000FF390022002305F025F9002840F03B8193
:10894000013601354C44072ECDE92264C8F80050A9
:10895000C8F8049000F31D8108F10808129BC8F8BC
:10896000043001361C44072E1DABCDE92264C8F843
:108970000030ABDC08F1080A45E5102E229A2F4F93
:1089800028DD51462046CA46089C1393A946049DFB
:1089900004E0103E102E01F1080116DD0132103006
:1089A0001023072ACDE922200F604B60F1DD21AAB8
:1089B0002946204603F0B4FA00287FF4B9AC103EF3
:1089C000102EDDE922202EA9E8DC139B4D4604463B
:1089D000D1468A4601323444072ACDE92224CAF816
:1089E0000070CAF8046000F3D9820AF1080AC6E4EC
:1089F00004990898139321AA03F092FA00287FF4AF
:108A000097AC239C139B0DF1B80ACDE40499089808
:108A100021AA03F085FA00287FF48AAC239C0DF18B
:108A2000B80AD3E4102D229B044F25DDDDF8208009
:108A3000DDF81090102608E0F40B0100E40B0100B3
:108A4000103D102D0AF1080A16DD01331034072BF2
:108A5000CAE90076CDE92234F2DD21AA4946404632
:108A600003F05EFA00287FF463AC103D102DDDE9C1
:108A700022340DF1B80AE8DC01332C44072BCAE993
:108A80000075CDE922347FF7C7AC0499089821AA74
:108A900003F046FA00287FF44BAC239CBCE41B99FE
:108AA000002940F38A820B9F0E9B9F42A8BF1F465E
:108AB000002F0BDD229B01333C44072BCAE90057F2
:108AC0002394229300F3C9830AF1080A0B9E002F16
:108AD000A8BFF61B002E00F374811B9B0E9A9342D5
:108AE000C0F29E81029AD00700F19A810E9A0B99EA
:108AF000D31A561A9E42A8BF1E46002E0EDD229A99
:108B0000CAF8046001320D443444072ACAF8005000
:108B10002394229200F3AD830AF1080A002EACBF21
:108B20009D1B1D46002D7FF76EAC102D229BB84F6C
:108B30007FF7C1AEDDF82080DDF81090102605E04B
:108B40000AF1080A103D102D7FF7B5AE013310343D
:108B5000072BCAE90076CDE92234F1DD21AA494686
:108B6000404603F0DDF900287FF4E2ABDDE9223472
:108B70000DF1B80AE6E7029BD9073FF5BEAE012327
:108B8000072ECDE92264CAF80050CAF804307FF7F6
:108B9000E5AE0499089821AA03F0C2F900287FF4F1
:108BA000C7ABDDE922640DF1B808D7E6CDF81C901B
:108BB0002EADFFF789BB0E9B012B7FF7CFAE112B9C
:108BC000934F40F38982DDF820A0102507E008F1DB
:108BD0000808A9F11009B9F1100F40F37D820136A0
:108BE0001034072EC8E90075CDE92264EFDD049941
:108BF00021AA504603F094F900287FF499ABDDE9EF
:108C000022640DF1B808E4E70499089821AA03F05A
:108C100087F900287FF48CAB239C0DF1B80AFFF78D
:108C2000DFBB029BDD077FF5EEAB58E509939BF8B0
:108C30000030FFF731BA2EADFFF746BB17F0400208
:108C40001CBF0A469BB20121FFF70EBBDDE90C01F8
:108C500002460B4604F0C8FF002840F06E83B9F1CD
:108C6000FF3F28F0200600F01383472E04D1B9F10E
:108C7000000F08BF4FF00109DDE90C0147F48072D5
:108C800000290292C0F2C6829DED0C7B8DED167B11
:108C900000230A93B8F1650F00F0998200F3D582A2
:108CA000B8F1450F00F093821FAB01931CAB00930A
:108CB00002219DED160B08981BAB4A4601F0B2FE4F
:108CC000F907054640F1C08000EB0904DDE9160113
:108CD0000022002304F056FF002840F029821F9B49
:108CE000A34206D230215A1C1F9219701F9B9C422E
:108CF000F9D81B9A0B925B1B472E0E9300F0A980AC
:108D0000B8F1660F40F0BC800B9A07F00103002A0F
:108D100043EA090340F35783002B40F034830B9B55
:108D2000039307934FF066080A9B002B00F06C82B8
:108D30002D238DF867304FF00009FFF7CDBAFC0600
:108D40007DD478067BD5099B069A1B681A80A0E41F
:108D5000304B119317F0200200F0BE80099B0733BF
:108D600023F0070319465A6851F8083B0991F9079F
:108D700040F1AF8053EA020100F0AB8030218DF862
:108D800068108DF8698047F002070221FFF76CBA7E
:108D9000214B1193DEE70499089821AA03F0C0F84B
:108DA00000287FF4C5AA239C0DF1B80AA5E44B4620
:108DB000062B28BF0623194D079309940393FFF749
:108DC000CCBA102E229B124F40F393812246DDF83D
:108DD0002090049C4FF0100805E00AF1080A103EAC
:108DE000102E40F3858101331032072BCAE9007839
:108DF000CDE92232F1DD21AA2146484603F090F860
:108E000000287FF495AADDE922320DF1B80AE6E7E1
:108E1000F40B01001C0A0100300A0100440A0100A1
:108E20000F9A10991444CAE90012229A239401322D
:108E3000072A229200F3FC810AF1080A56E6099BF0
:108E4000069A1B681A6024E41F9B1B1A0E931B9B37
:108E50000B930B9BDA1C11DB99450FDB0E9B0B9AD6
:108E6000934200F34F82FE070B9B00F1778223EAC7
:108E7000E372039207934FF0670855E7A8F10208E1
:108E80000B9B8DF87480591E00291B91B6BFC3F14E
:108E900001012B232D2309298DF8753000F353810F
:108EA000302330318DF8763004238DF8771012930B
:108EB0000E9A129B012A1344079340F31A82079BD0
:108EC0000F9A1344079323EAE373039300230B934E
:108ED0002AE70221FFF7C8B9099951F8043B099123
:108EE00017F010017FF443AF17F040021CBF9BB294
:108EF0000A463CE70499089821AA03F011F80028D3
:108F00007FF416AADDE922640DF1B808FFE40499A4
:108F1000089821AA03F004F800287FF409AADDE9E3
:108F200022640DF1B808FFE4CDE90287BD4E2EADF5
:108F30004FF0050E991841F10001A6FB010727F03B
:108F4000030000EB9700091A581A9846944662F1FC
:108F500000034FF0CC3202FB00F206FB0322A0FB21
:108F6000063003F001070244A7FB0E074018B8F1D2
:108F70000A0F4FEA530300F130007CF1000C43EA82
:108F8000C27305F8010D4FEA5202D3D2DDE9028720
:108F90002EAB5B1B02970793FFF796B904990898CD
:108FA000139321AA02F0BCFF00287FF4C1A9239CDF
:108FB000139B0DF1B80AFFF7E2B9229B9A4ACAF84F
:108FC0000020013301340122072B23942293CAF895
:108FD000042000F3A0800AF1080A002946D1029B70
:108FE0000E9A03F0010313433FF40DAA0F9B10994F
:108FF0001A19CAE90013229B23920133072B2293EB
:1090000000F3CB800AF1080A0E99CAF80050013328
:109010008C18072BCDE92234CAF804107FF7F1A988
:1090200054E40499089821AA02F07AFF00287FF4FA
:109030007FA9239C0DF1B80AFFF74CBB0898FEF7F7
:10904000EFFDFEF7DBBF0499089821AA02F068FF44
:1090500000287FF46DA9239C0DF1B80AFFF7BAB977
:109060002846FEF76DFA0346FFF7E9BA0F9B109802
:109070001A19CAE90003229B23920133072B22937A
:1090800000F38B800AF1080A0029BDDA4E42103144
:10909000664F80F21681DDF82080DDF810901024F4
:1090A00005E00AF1080A103E102E40F30A81013350
:1090B0001032072BCAE90074CDE92232F1DD21AA72
:1090C0004946404602F02CFF00287FF431A9DDE933
:1090D00022320DF1B80AE6E701364C44072ECDE9FD
:1090E0002264C8F80070C8F804907FF735AC50E5EA
:1090F000144601333444072BCDE92234CAF80070FA
:10910000CAF8046057DC0AF1080AE6E42D248DF859
:109110006740FFF7C0B90499089821AA02F000FF40
:1091200000287FF405A91B99239C0DF1B80A54E788
:109130001B9A0B922346DEE50499089821AA02F0B7
:10914000EFFEFFF7F5B80DF18304364E23461846BF
:10915000A6FB0123DB0803EB8302A1EB42023032C2
:1091600000F8012C0A46632A194600F1FF33EEDCB1
:10917000303103F8011C831EA34280F021810DF1E0
:10918000750213F8011B02F8011FA342F9D13EAB8F
:10919000181AA0F1710312938AE60499089821AA7B
:1091A00002F0BEFE00287FF4C3A8DDE922321B993D
:1091B0000DF1B80A68E70499089821AA02F0B0FEF8
:1091C00000287FF4B5A8239C0DF1B80A85E409F1C5
:1091D000010303930221039C08981FAB01931CAB6E
:1091E000009322469DED160B1BAB01F01BFCB8F162
:1091F000660F054604447FF469AD2B78302B00F0F0
:109200008E801B9B1C4461E5DDF828909DF867402B
:10921000FFF761B801F1004317932D2316900A93CD
:1092200038E500BFCDCCCCCC4C0A0100F40B0100DA
:109230000499089821AA02F073FE00287FF478A808
:109240001B9B239C0DF1B80A50E4B8F1660F7FF424
:109250002BADCDF80C900321BDE70499089821AA05
:1092600002F05EFE00287FF463A8239C0DF1B80A8B
:109270002CE40499089821AA02F052FE00287FF4F9
:1092800057A81B9B0E9A239CD31A0DF1B80A45E4EC
:109290004FF00609F0E44FF0FF330693FFF74DB8A7
:1092A0000994CDF80C90CDF81C909DF8674002977A
:1092B00081460B90FFF70FB893464FF00009FEF779
:1092C000EEBE01333244072BCDE92232CAF80070DA
:1092D000CAF804607FF796AE0499089821AA02F0B4
:1092E0001FFE00287FF424A8DDE922320DF1B80A20
:1092F0008AE617F001020B927FF4E1AD23EAE373F3
:10930000039311E5DDE90E3213440B9A0793002A0B
:109310002DDD23EAE37303934FF0670804E5DDE9ED
:1093200016010022002304F02DFC002837D01B9BDF
:109330000B931C44631B0E93E6E40D9B2B4D002BFB
:10934000B8BF2D2427F080030293A8BF9DF8674083
:10935000274BB8BF8DF86740FFF7A2B80F9A1344A8
:10936000079323EAE37303934FF06708DCE40B9B56
:10937000079AC3F101031A4422EAE27307920393A6
:109380004FF06708D0E40F9B09EB030808EB0203DA
:10939000079323EAE37303934FF06608C4E4039B47
:1093A000C3F101031B931C4490E409999BF801301D
:1093B00051F8049B0991934649EAE979FEF76CBE9E
:1093C0000223129374E52BB9012303934FF066082F
:1093D0000793A9E40F9B03F1010808EB0903079326
:1093E00023EAE37303934FF066089DE4180A010033
:1093F000140A010010B4054C8446134620685DF839
:10940000044B0A466146FEF7E3BD00BF380000206A
:1094100070B50C468989ADF58D6D21F00201ADF86E
:109420000C101AA9009104914FF4806102910591EA
:10943000616E1991E189ADF80E10E1690791616AD9
:1094400009910021069169460646FEF7C1FD051EF9
:1094500007DB6946304600F017F9002818BF4FF0C7
:10946000FF35BDF80C305B0603D5A38943F04003FC
:10947000A38128460DF58D6D70BD00BF0000000072
:1094800001F0FF01102A2BDB10F0070F08D010F8B5
:10949000013B013A8B422DD010F0070F42B3F6D1B9
:1094A000F0B441EA012141EA014122F007047FF0D2
:1094B00000070023F0E80256083C85EA010586EA29
:1094C000010685FA47F5A3FA87F586FA47F6A5FA65
:1094D00087F68EB9EED1F0BC01F0FF0102F0070271
:1094E00032B110F8013B013A83EA010313B1F8D11C
:1094F0000020704701387047002D06BF35460338FD
:10950000073815F0010F07D1013015F4807F02BF35
:10951000013015F4C03F0130F0BC0138704700BF86
:1095200070B50C46084D03460026204611461C46E1
:109530002E60F7F7B5F9431C00D070BD2B68002BE7
:10954000FBD0236070BD00BF9C1C0020F7F7A6B9BC
:10955000B1F90C202DE9F04116070C4680464ED497
:10956000496842F400630029A38163DDA56A002DE8
:1095700042D0002112F48052D8F80060C8F80010E0
:10958000E16964D101234046A847451C02466ED0DC
:10959000B4F90C30A56AE169580705D56368D21A99
:1095A000236B0BB1E36BD21A00234046A847431C40
:1095B0004FD1D8F80010B4F90C301D2940D8314AE9
:1095C000CA40D7073CD52269226023F40062A281F9
:1095D000DD044FF00002626001D5002945D0216B07
:1095E000C8F8006041B104F14003994202D04046FE
:1095F00002F018FA002323630020BDE8F0810E6911
:10960000002EF9D00D680E6092070CBF4B69002345
:10961000AD1B8B600BE02B463246E169676A404622
:10962000B847B0F1000CA5EB0C05664406DD002D33
:10963000F1DCE1E7E16B002998DCDDE7B4F90C30FF
:1096400043F04003A3814FF0FF30BDE8F081226D6D
:10965000A2E7B4F90C302269226023F40062A281EF
:10966000DB044FF000026260B9D52065B7E7D8F897
:109670000030002B8CD01D2B01D0162BDED1C8F86A
:109680000060B9E70100402010B5044682B008B17F
:10969000436B53B1B1F90C0008B902B010BD2046BC
:1096A00002B0BDE81040FFF753BF0191FEF7B8FAD2
:1096B0000199EFE7A0B138B50C4B1D6804460DB118
:1096C0006B6B4BB1B4F90C0000B938BD214628468C
:1096D000BDE83840FFF73CBF2846FEF7A1FAF1E7A6
:1096E000034A04490448FEF74FBC00BF380000207D
:1096F0006001002089960000400000202DE9F04321
:10970000564CD4F8008083B004460E4617461D46DA
:10971000B8F1000F04D0D8F83430002B00F0878067
:10972000022F05D0012F00F28680002DC0F2838029
:1097300021464046FFF7A8FF216B41B104F14003E9
:10974000994202D0404602F06DF900232363B4F938
:109750000CC000231CF0800FA361636047D12CF480
:109760004A6C2CF0030C022FA4F80CC04DD001ABB6
:109770006A462146404603F0B7F9A3891843A08101
:1097800005B306B3D8F8343053B3009AB4F90C30AB
:109790002660AA421CBF43F40063A381012F04BFCB
:1097A00043F00103A38113F00802C4E904651BD050
:1097B000DB073AD500236D42A360A561002003B00A
:1097C000BDE8F083009D284602F0D2FA0646A8B311
:1097D000A38943F08003A381D8F83430002BD4D17F
:1097E0004046FEF71DFAD0E7A2600020E7E72169B6
:1097F000404602F017F9B4F90CC02CF44A6C2CF076
:10980000030C022FA4F80CC0B1D1002004F14303D3
:109810004CF0020C00210122C4E90432A4F80CC06F
:10982000A160236003B0BDE8F083A560DDE740469A
:10983000FEF7F6F974E74FF0FF30C0E7DDF800906F
:10984000A94506D0484602F093FA064608B14D46AF
:10985000BEE7B4F90CC04FF0FF30D7E73800002066
:109860002DE9F04FADB0CDE907301C46029193468B
:1098700018B1436B002B00F003850299B1F90C205D
:109880004B6E950405D442F4005223F400538A81B0
:109890004B66980400F12485029BB3F90C20110754
:1098A00040F1D3801B69002B00F0CF8002F01A0238
:1098B0000A2A00F0D9800023CDE910330DF1700998
:1098C000CDF83C900993CA4605939BF80030002BD5
:1098D00000F0F4805C4604E014F8013F002B00F037
:1098E000D280252BF8D1B4EB0B0540F0CF80237844
:1098F000002B00F0E3804FF000038DF837304FF07D
:10990000FF320023CDE90323617804F1010B98466F
:109910000BF1010BA1F12003582B00F2DC80DFE8F2
:1099200013F0B201DA00DA00AD01DA00DA00DA0091
:10993000DA00DA00DA007601A701DA008101860197
:10994000DA00A20159005900590059005900590084
:10995000590059005900DA00DA00DA00DA00DA00BA
:10996000DA00DA00DA00DA00DA006800DA00DA0099
:10997000DA00DA00DA00DA00DA00DA00DA00DA0017
:109980001902DA00DA00DA00DA00DA00EA01DA00B5
:10999000DA001D04DA00DA00DA00DA00DA00DA00B0
:1099A000DA00DA00DA00DA00DD016A00DA00DA0053
:1099B000DA00D8016A00DA00DA00CB01DA00BD0172
:1099C0001B047F027A02DA005902DA001904DA0075
:1099D000DA004204A1F1300300221BF8011B02EB64
:1099E000820203EB4202A1F13003092BF5D9049264
:1099F00090E748F0100818F0200F00F0D780079B80
:109A0000073323F007031A46596852F8083B0792B8
:109A10000A460029C0F2DE8003999DF837500029DC
:109A2000C0F2E38053EA020128F0800840F0DD80B4
:109A3000039B002B40F0598401934C46002D00F00D
:109A4000BE81019A01320192B9E1029D089829462E
:109A500001F02AFF002840F04384B5F90C2002F001
:109A60001A020A2A7FF427AF029BB3F90E30002BAB
:109A7000FFF621AF0299089823465A462DB0BDE85B
:109A8000F04F00F059BCB4EB0B0517D0119B2B44E1
:109A90001193109B0133072BCAE900B5109305DC25
:109AA0000AF1080A059B2B44059320E702990898C0
:109AB0000FAA02F035FA28B9CA46F3E7119B002B2A
:109AC00040F00084029B9B895B0600F109840598A5
:109AD0002DB0BDE8F08F0029F0D000238DF837308D
:109AE00001238DF84810019312AC002203920692D4
:109AF00018F08407DDE9102105D10498019D451B6C
:109B0000002D00F34F829DF8370080B101320DF136
:109B100037000131CAF80000072A4FF00100CDE9F3
:109B20001021CAF8040000F377820AF1080A0698A7
:109B300078B101320EA80231CAF80000072A4FF0AE
:109B40000200CDE91021CAF8040000F373820AF183
:109B5000080A802F00F09B810398C51A002D00F39E
:109B6000D58101321944072ACDE91021CAF80040F5
:109B7000CAF8043000F302820AF1080A18F0040F50
:109B800005D0049B019A9C1A002C00F36182DDE948
:109B9000042301988242ACBF9B181B18059300292F
:109BA00040F0F78100231093CA468EE6079A18F01A
:109BB000100F52F8043B079207D118F0400F04D061
:109BC00043F3C03211461BB223E7DA1711460029CE
:109BD000BFF622AF03995B4262EB42022D250029BA
:109BE0008DF8375001DB28F080080A2B72F1000154
:109BF00080F0F3823033DBB28DF86F30039B012BA2
:109C0000B8BF012301930DF16F04012316E7079BF1
:109C100053F8042B0492002A80F28882049A079356
:109C2000524204929BF8001048F0040870E658462F
:109C300010F8011B2A2900F05A83A1F13003092BE7
:109C400098BF002200F2478310F8011B02EB82024A
:109C500003EB4202A1F13003092BF5D942EAE2738A
:109C60000393834656E69BF8001048F080084FE6C1
:109C70002B239BF800108DF8373049E69BF8001035
:109C800048F0010844E69DF837309BF80010002B9F
:109C90007FF43EAE20238DF8373039E618F0200FE0
:109CA00000F04D82079B059A1B681A60D2175A6014
:109CB000079B0433079308E69BF800106C2903BF49
:109CC0009BF8011048F020080BF1010B48F0100838
:109CD0001EE69BF8001048F0400819E6079B00229A
:109CE0008DF8372053F8042B079301238DF8482073
:109CF000019312ACF9E648F0100111F0200200F0D7
:109D0000DE81079B073323F0070318465A6850F893
:109D1000083B079003980025A8428DF83750C0F201
:109D2000A782012553EA020021F0800840F09480C8
:109D30000398002840F09E82002D40F0F38111F03E
:109D4000010300F0F88130228DF86F2001930DF1AE
:109D50006F0434E048F0100111F0200200F0BE81E1
:109D6000079B073323F0070318465A6850F8083B4F
:109D7000079003980025A8428DF83750D2DA88461C
:109D80004C4603F00701DB0843EA4273D208303146
:109D900053EA0205204604F8011DF2D118F0010F24
:109DA0006DD030296BD0039A0238302304F8013C7F
:109DB000A9EB00039A42B8BF1A460446019218F074
:109DC000020206923FF494AE019A023201920222FC
:109DD00006928DE6079D039B55F8044B00218DF8F4
:109DE0003710002C00F05E82002BC0F2DF811A4693
:109DF0002046FFF745FB002800F06B82031B9DF80F
:109E0000372023EAE3710191002A00F052820022F8
:109E10000795039215E69BF8001048F0200877E5B7
:109E2000079A52F8043B079247F63002ADF8382003
:109E3000B24A099248F00208002200218DF837103A
:109E4000039900290DDB414653EA02004FF0020559
:109E500021F080083FF46CAF012D00F05482022DF8
:109E60008ED109984C4603F00F011B09415C04F8A0
:109E7000011D43EA0273120953EA0201F3D1039A66
:109E8000A9EB04039A42B8BF1A46019297E70498D7
:109E9000019D451B002D7FF75FAE102D984E23DDF1
:109EA00006945046089C10279A4604E0103D102D59
:109EB00000F1080015DD01321031072AC0E9006702
:109EC000CDE91021F2DD02990FAA204602F028F810
:109ED00000287FF4F7AD103D102DDDE91021484634
:109EE000E9DC069C5346824601322944072ACDE923
:109EF0001021CAF80060CAF8045000F3C581039825
:109F0000C51A002D0AF1080A7FF72BAE102D7C4EE2
:109F100026DD03945046089CB24610271E4604E0F6
:109F2000103D102D00F1080016DD0132744B103188
:109F3000072AC0E90037CDE91021F1DD02990FAA07
:109F4000204601F0EDFF00287FF4BCAD103D102D40
:109F5000DDE910214846E8DC039C3346564682463C
:109F600001322944072ACDE91021CAF80060CAF855
:109F7000045000F3C9800AF1080AF2E50299089832
:109F80000FAA01F0CDFF00287FF49CAD1199CA46BD
:109F9000F4E5029908980FAA01F0C2FF00283FF4E7
:109FA00001AE8FE5102D574E28DDCDE90A745046DD
:109FB0003746089C029E9A4604E0103D102D00F1A1
:109FC000080016DD013210311023072ACDE91021D7
:109FD00007604360F1DD0FAA3146204601F0A0FF83
:109FE00000287FF46FAD103D102DDDE910214846AB
:109FF000E8DC3E460B9C0A9F5346824601322944C8
:10A00000072ACDE91021CAF80060CAF8045000F30D
:10A0100021810AF1080A76E5029908980A930FAAA5
:10A0200001F07EFF00287FF44DADDDE910210A9B91
:10A03000CA467CE50299089806930FAA01F070FFC2
:10A0400000287FF43FADDDE91021069BCA4680E57C
:10A05000102C109B2B4E1FDD089FDDF8088010256B
:10A0600004E0103C102C0AF1080A15DD0133103110
:10A07000072BCAE90065CDE91031F2DD0FAA414690
:10A08000384601F04DFF00287FF41CAD103C102C29
:10A09000DDE91031CA46E9DC01332144072BCAE966
:10A0A0000064CDE910317FF772AD029908980FAACC
:10A0B00001F036FF00287FF405AD119967E5079898
:10A0C00050F8043B079011F010007FF423AE11F01C
:10A0D00040023FF41FAE9BB202461BE6079850F8C1
:10A0E000043B079011F010007FF443AE11F04002E2
:10A0F0003FF43FAE9BB202463BE600BF300A010090
:10A10000140C0100040C01000299089803930FAA93
:10A1100001F006FF00287FF4D5ACDDE91021039B98
:10A12000CA461EE5039B01934C4648E69BF8001087
:10A130000793FFF7EDBB039A01924C463FE618F0F8
:10A14000100F38D118F0400F35D0079B059A1B68C7
:10A150001A80ADE54146D0E54146FDE56B4B0993DC
:10A1600018F020022CD0079B073323F00703184672
:10A170005A6850F8083B079018F0010F3FF45DAEA5
:10A1800053EA02003FF459AE8DF8391030218DF8B2
:10A19000381000218DF837100399002980F28D8046
:10A1A00048F002085DE65A4B0993D9E72046FDF7CF
:10A1B000C7F9034623E6079B059A1B681A6077E5F3
:10A1C000079850F8043B079018F01000D4D118F00D
:10A1D00040021CBF9BB20246CEE74E4ECDF804A013
:10A1E0004C464FF0050E991841F10001A6FB0107FE
:10A1F00027F0030000EB9700091A581A9A46944674
:10A2000062F100034FF0CC3202FB00F206FB0322A6
:10A21000A0FB063003F001070244A7FB0E0740181D
:10A22000BAF10A0F4FEA530300F130007CF1000C41
:10A2300043EAC27304F8010D4FEA5202D3D2039AE3
:10A24000DDF804A0A9EB04039A42B8BF1A460192B4
:10A25000FFF7F4BB029908980A930FAA01F060FE79
:10A2600000287FF42FACDDE910210A9BCA464AE49E
:10A270008846BAE4012D7FF4F2AD00253023BBE41B
:10A28000FDF7CEFCFFF7F9BA0299089806930FAADA
:10A2900001F046FE00287FF415ACDDE91021069B95
:10A2A000CA4659E4062B28BF06231B4C0795019389
:10A2B0001BE4CDE9062503921AE428F0800141F061
:10A2C0000208CEE5029908980FAA01F029FEFFF7CF
:10A2D000F9BB039B93E5002383460393FFF71ABB67
:10A2E0004FF0FF330593FFF7F2BB302384E4079B65
:10A2F0009BF8011053F8042B079342EAE27283465D
:10A300000392FFF705BB00256FE400BF1C0A0100A4
:10A31000300A0100CDCCCCCC440A010010B4054C6D
:10A320008446134620685DF8044B0A466146FFF7F1
:10A3300097BA00BF3800002070B50C468989ADF58A
:10A340008D6D21F00201ADF80C101AA90091049155
:10A350004FF4806102910591616E1991E189ADF828
:10A360000E10E1690791616A099100210691694621
:10A370000646FFF775FA051E07DB69463046FFF70C
:10A3800083F9002818BF4FF0FF35BDF80C305B068D
:10A3900003D5A38943F04003A38128460DF58D6DB5
:10A3A00070BD00BF2DE9F04F01F10B05162D83B0F4
:10A3B000064623D8102900F2AF8001F089FD102550
:10A3C00018230220C04F3B44A3F108025C6894426A
:10A3D00000F024816368E268A16823F00303CA6087
:10A3E0002344304691605A6842F001025A6001F0FD
:10A3F00071FD0834204603B0BDE8F08F35F0070545
:10A4000000F18A80A94200F2878001F061FDB5F574
:10A41000FC7FC0F06B816B0A00F08280042B00F29D
:10A420002381AB0903F1390003F1380EC300A64FB5
:10A430003B44A3F1080C5C68A44507D10DE0002A59
:10A44000E16880F2E5808C4507D00C46636823F014
:10A4500003035A1B0F2AF2DD7046DFF870823C6955
:10A46000444500F0C280636823F0030CACEB0503A5
:10A470000F2B00F33F81002BC7E9048880F22A816B
:10A48000BCF5007FD7F804E080F0CE804FEADC0115
:10A4900001314FEA5C1C012303FA0CF357F8312019
:10A4A000A2604EEA030E07EBC103083BE360C7F866
:10A4B00004E047F83140D46083104FF0010C0CFAEF
:10A4C00003FCF44532D81CEA0E0F08D120F003003B
:10A4D0004FEA4C0C1CEA0E0F00F10400F8D007EB19
:10A4E000C00AD6468146DEF80C300BE0596821F0F0
:10A4F00003014A1B0F2A1C46DB6800F3C180002AB7
:10A5000080F2D5809E45F1D109F1010919F0030FC0
:10A510000EF1080EE7D116E10C233360002469E741
:10A520004FF4007340204FF03F0E80E7BC68636833
:10A5300023F00309A94503D3A9EB05030F2B57DC2F
:10A54000DFF88CB1DBF8002004EB0903103208209F
:10A5500002EB0508009301F01BFCD7F80814013149
:10A56000024605D008F1FF388044414201EA08085C
:10A5700041463046019201F0AFFCB0F1FF3F019A35
:10A58000824600F0D280009B834200F2CC80DBF850
:10A5900004104144CBF80410084602F1FF3C40F09F
:10A5A000F4801AEA0C0F40F0F080D7F808A0C844F5
:10A5B00048F00100CAF80400DBF82C208A42DBF8DE
:10A5C000302038BFCBF82C108A4238BFCBF830107F
:10A5D000544620F00308A845A8EB050301D30F2B30
:10A5E00006DC304601F076FC98E7D7F804E063E734
:10A5F000621943F0010345F0010565603046BA6019
:10A60000536001F067FC0834204603B0BDE8F08FCA
:10A61000A2682344D16030468A60E4E6DC68A34245
:10A620007FF4D8AE023018E7BCF5206F4FEA5C2209
:10A6300072D3142A00F2088102F15C03DB005B3262
:10A64000F918FB580839994203D1E4E09B68994214
:10A6500004D05A6822F003026245F7D8D968C4E9E9
:10A6600002318C60DC6027E7142B61D9542B00F297
:10A67000F4802B0B03F16F0003F16E0EC300D6E6DE
:10A68000D4F808C03046661945F001056560CCF87D
:10A690000C30C3F808C042F00103C7E90466C6E9FC
:10A6A00002887360625001F015FC0834A2E6214470
:10A6B00030464A6842F001024A6054F8082FD360DD
:10A6C0009A6001F007FC95E67001002078010020F7
:10A6D000641C0020A4443046DCF8043043F001033D
:10A6E000CCF8043001F0F6FB083483E6E80805F105
:10A6F000080367E6621943F0010145F00105656052
:10A700003046C7E90422C2E90288516044F80C309F
:10A7100001F0E0FB08346DE64FEA9C1202F13903C8
:10A72000DB0038328CE7BC4228D0BC68606850E758
:10A7300003F15C0003F15B0EC30078E65AF80839B8
:10A74000534540F0D78010F0030F00F1FF30F5D1F2
:10A750007B6823EA0C037B604FEA4C0C9C453FF678
:10A76000E5AEBCF1000F04D1E0E64FEA4C0C09F174
:10A7700004091CEA030FF8D04846B0E6DBF80400F1
:10A780004044CBF8040002F1FF3CD7F80814013133
:10A790006DD0009BAAEB03031844CBF804001AF019
:10A7A0000703009341D0C3F108018A44D0440A440E
:10A7B00008EA0C01521A02EA0C013046019101F03C
:10A7C0008BFB421C6FD00199A0EB0A0000EB010843
:10A7D000DBF80420C7F808A048F001001144BC428F
:10A7E000CAF80400CBF804103FF4E6AEB9F10F0F3D
:10A7F00040D96268A9F10C0020F0070002F00102C4
:10A8000002436260052322180F28C2E9013352D89F
:10A81000DAF80400D0E692104FF0010C0CFA02F2C4
:10A820004EEA020EC7F804E019E70AEB080101EA54
:10A830000C01521A02EA0C013046019101F04CFB66
:10A84000431CC0D10099C3E7542A17D84FEA1C32E1
:10A8500002F16F03DB006E32F2E6B3F5AA7F17D880
:10A86000EB0B03F1780003F1770EC300DFE5C7F8C7
:10A8700008A494E70123CAF80430B2E6B2F5AA7F2F
:10A8800023D84FEADC3202F17803DB007732D7E6D7
:10A8900040F25452934223D8AB0C03F17D0003F1F4
:10A8A0007C0EC300C3E5009BA3F108029044A8EB13
:10A8B0000A0800218CE704F10801304601F0B2F8E3
:10A8C000DBF80410D7F808A0A2E740F254539A42EC
:10A8D0000CD84FEA9C4202F17D03DB007C32AFE6EC
:10A8E0004FF47E737F204FF07E0EA0E54FF47E7311
:10A8F0007E22A5E67B682FE72DE9F04F03690C69FE
:10A90000A34283B0C0F28A80013C01F1140500F13A
:10A91000140855F8243058F8242001339A428E4602
:10A9200081464FEA840105EB840708EB840AB2FBF9
:10A93000F3F63AD3CDE900150022AC464046134663
:10A940005CF8041B05681FFA81FB06FB0B22090C4F
:10A950004FEA124B06FB01BB92B2A9B2891A194405
:10A960001FFA8BF3C3EB214303EB154389B241EA92
:10A970000341674540F8041B4FEA1B424FEA23435B
:10A98000DED2DDE9001558F8013073B9AAF1040AE6
:10A99000D04504D307E0D04504F1FF3403D25AF880
:10A9A0000439002BF7D0C9F810407146484601F031
:10A9B000A9FD00282EDB4146002255F8040BD1F8F2
:10A9C00000C01FFA80FE1FFA8CF3A3EB0E031344A2
:10A9D000020CC2EB234202EB1C429BB243EA02434D
:10A9E000AF4241F8043B4FEA2242E6D258F8242015
:10A9F00008EB84036AB9043B434504D807E0984553
:10AA000004F1FF3403D253F80429002AF7D0C9F81F
:10AA100010400136304603B0BDE8F08F002003B08F
:10AA2000BDE8F08F2DE9F04F9DB0CDE90A320291DB
:10AA3000816B269D04908DED060B57EC106B49B190
:10AA4000C26B4A600123934004468B6001F09EFA7A
:10AA50000023A363B7F10009B4BF012300232B60D7
:10AA6000774BBCBF29F00049CDF81C9033EA0903AD
:10AA700000F0AA809DED067B002251EC170B00230D
:10AA80008DED007B03F07EF8804668B10A9A0123C1
:10AA90001360279B13B1279A6A4B13606A4B059387
:10AAA00005981DB0BDE8F08F9DED000B04981AAA23
:10AAB0001BA901F095FE5FEA1955824640F09A8085
:10AAC000DDE91A85454405F23243202B40F38C839F
:10AAD000C3F1400309FA03F905F2124326FA03F31E
:10AAE00049EA030002F06CFD0123013DA1F1F87178
:10AAF0001293564B002202F025FC4BA3D3E900230E
:10AB000002F0D8FD4AA3D3E9002302F01DFC06465B
:10AB100028460F4602F064FD47A3D3E9002302F064
:10AB2000C9FD02460B463046394602F00DFC06468A
:10AB30000F4603F06FF800220446099000233046C8
:10AB4000394603F029F8002840F02483099CA8EB3B
:10AB5000050808F1FF33162C089300F28C813C4B5A
:10AB600003EBC403D3E90023DDE9000103F014F88B
:10AB7000002873D0631E099300231193089B002BB8
:10AB8000C0F27F8100230C93099B002B6CDA099B98
:10AB90000C9A0D93D21A0C925A4200230993029BED
:10ABA0001092092B6AD8052B40F32383043B0293B0
:10ABB0000025029B023B032B00F23886DFE813F0EE
:10ABC00070046D04650449040A9AC9F3130942F23A
:10ABD0000F7359EA060913601CD1279B002B00F064
:10ABE00045861C4B05930833279A059813601DB0C2
:10ABF000BDE8F08FDDE90012C2F31303084643F00D
:10AC00007F51CDF84880A5F2FF35DDF8688041F42A
:10AC100040116EE7279B002B40F0F6830E4B059307
:10AC20003EE700BFAFF3008061436F63A787D23F69
:10AC3000B3C8608B288AC63FFB799F501344D33F2B
:10AC40000000F07F4D0A01004C0A01000000F83FAF
:10AC5000380C0100500A01005C0A0100B8F1000F35
:10AC600040F3A38411900C90DDE90832134408935B
:10AC700000231093029B0D92092B94D900230125E8
:10AC800002930E954FF0FF3B0B93049BCDF84CB015
:10AC90000021D963049801F053F90590002800F0D1
:10ACA000CE85DDE90432BBF10E0F9A6300F2188104
:10ACB000002D00F015810D99002940F34684B34B17
:10ACC00001F00F0203EBC203C805D3E900894FEA84
:10ACD000211540F10884AE4BDDE90001D3E90823DA
:10ACE00002F012FECDE9140105F00F0503277DB136
:10ACF000A74EE90708D540464946D6E9002302F0A9
:10AD0000D9FC0137804689466D1006F10806F0D15E
:10AD100042464B46DDE9140102F0F6FD80468946C5
:10AD2000119B43B19B4B00224046494602F034FF41
:10AD3000002840F00B85384602F052FC42464B4654
:10AD400002F0B8FC944B002202F0FEFAA1F150731D
:10AD5000CDE914011593BBF1000F00F0A8800D9B05
:10AD6000CDE918B34946404602F054FF189A874B84
:10AD700003EBC20313ED027B05468DED167B02F05B
:10AD80002FFC0B4602464946404602F0DBFA059F7F
:10AD90000E9B30357E1CECB2804689463546002B32
:10ADA00000F06C84DDE916237C49002002F0ACFD44
:10ADB000DDE9142302F0C6FA3C7042464B460446D5
:10ADC0000D4602F007FF002840F0B884CDF850A0EF
:10ADD000CDF858B00027AB46A246189D2AE00137AF
:10ADE000AF4280F2FD846E4B50465946002202F07D
:10ADF00061FC6B4B002282468B464046494602F07E
:10AE000059FC8946804602F005FF044602F0E8FB43
:10AE100002460B464046494602F094FA303406F8A2
:10AE2000014B52465B468046894602F0B5FE00283B
:10AE300040F0D38442464B465649002002F082FA45
:10AE400052465B4602F0A8FE0028C8D0199BDDF8E8
:10AE500050A0059A374603F1010802E0974200F03E
:10AE60009B843E4617F8013D392BF7D00133DBB206
:10AE70003B7045467DE101231193089B002BBFF6F3
:10AE800081AEC8F101030C93002308937CE6384699
:10AE900002F0A6FB42464B4602F00CFC3E4B002261
:10AEA00002F052FAA1F15073CDE9140115933D4B14
:10AEB00000224046494602F045FADDE914452246A3
:10AEC0002B4606460F4602F085FE002840F07384AC
:10AED00030463946224605F1004302F05DFE28BBAC
:10AEE0001B9B002BC0F290800D9A0E2A00F38C80E1
:10AEF000264B0D9A03EBC20393ED007B0B9B002BBB
:10AF00008DED027B19DABBF1000F16DC0ED1254B5B
:10AF10000022DDE9020102F0CDFB02460B46DDE92D
:10AF2000000102F043FE002800F045840023059E46
:10AF300000931F460B9BDD432DE2059B5D1CDDE965
:10AF40000278DDE900013A46434602F0DDFC02F0FA
:10AF500061FE064602F044FB3A46434602F0AAFB75
:10AF600002460B46DDE9000102F0ECF9059A06F114
:10AF70003003BBF1010F2F46137000F02183012530
:10AF8000CDF800A0A846DDE9029A2BE0380C0100BC
:10AF9000280D01000000F03F00001C400000E03FD1
:10AFA00000002440000014404A46534620462946EB
:10AFB00002F0AAFC02F02EFE064602F011FB4A4601
:10AFC000534602F077FB08F101080B46024629467A
:10AFD000204602F0B7F906F13003D84507F8013BE7
:10AFE00000F0EC82844B002202F064FB002200237C
:10AFF00004460D4602F0C6FD0028D5D00D9DDDF8B3
:10B0000000A001353E46B4E00E9A002A40F0D880F8
:10B010000023109E0C9D0E931F4665B1089A002ACE
:10B0200009DD0C99AA421346A8BF2B46C91AED1A8E
:10B03000D31A0C910893109B53B10E9B13B1002EA1
:10B0400040F0F7825146109A049801F089F982463F
:10B050000498012101F0A0F8099B0090002B40F01A
:10B06000BE81029B012B40F3D4810120089A104439
:10B0700010F01F0000F09B80C0F12003042B40F370
:10B08000E3810C9BC0F11C00034402440C93054473
:10B0900008920C9B002B05DD514604981A4601F0DE
:10B0A000B9F98246089B002B05DD009904981A46E1
:10B0B00001F0B0F90090119B002B40F07581BBF1BD
:10B0C000000F40F34C810E9B002B40F0A4800D9D9F
:10B0D0000135DDF81480009CDDF81090012607E0B2
:10B0E000514600230A22484600F05AFF01368246A4
:10B0F00021465046FFF700FCB34500F1300008F848
:10B10000010BEDDCBBF1000F059BCCBF5E460126B9
:10B11000814603EB060B002451460122049801F0FE
:10B1200079F90099824601F0EDF9002840F3EE81AB
:10B13000059A02E0934500F003825E460BF1FF3B67
:10B1400016F8013C392BF5D001338BF80030DDF8CF
:10B1500010800099404600F019FF57B12CB1BC4255
:10B1600003D02146404600F011FF0498394600F014
:10B170000DFF0498514600F009FF002333700A9B2D
:10B180001D60279B002B3FF48BAC05981E601DB003
:10B19000BDE8F08F204602F023FA32463B4602F02B
:10B1A000F1FC00287FF4D2AC631E0993CEE41C238B
:10B1B0000C9A1A440C92089A1A441D44089268E7A3
:10B1C000029A012A40F3AD81109B0BF1FF36B34286
:10B1D000C0F26981BBF1000FA3EB060680F2EF829B
:10B1E0000C9BA3EB0B056CE1C3F1200306FA03F003
:10B1F00078E40125DDE400BF000024403946002347
:10B2000004980A2200F0CCFE139B002B074640F363
:10B21000FF820D969B46002D05DD394604982A468F
:10B2200001F0F8F80746099B002B40F0E681B8468C
:10B23000059E731E03EB0B04069B03F00103CDE98F
:10B240000B43049C00995046FFF756FB3946834652
:10B25000504601F057F9009905464246204601F054
:10B2600073F9C3680BF130090146ABBB0990504636
:10B2700001F048F909990890204600F087FE089AE5
:10B28000002A54D1029B1BB90C9B002B00F0AE820C
:10B29000002D3FDB0B9BB3469E420BF8019B00F059
:10B2A000C381514600230A22204600F079FE47451B
:10B2B000824639464FF000034FF00A02204630D054
:10B2C00000F06EFE4146074600230A22204600F0A9
:10B2D00067FE5E468046B5E7049800F057FE002DF5
:10B2E00006DB069B03F00102029B1D432A4329D182
:10B2F00051460122049801F08DF80099824601F030
:10B3000001F9002840F3F680B9F1390F00F04982C5
:10B310000BF131090D9D06F8019B3C46013547466E
:10B3200015E700F03DFE5E46074680468AE7002DA1
:10B33000C0F29382029B1D430C9B1D4300F08D8243
:10B34000002AA7DDB9F1390F00F02B820D9D09F11C
:10B3500001033C4606F8013B01354746F7E6029BF0
:10B36000022B7FF7B0AEBBF1000F40F025810099B2
:10B3700004985B46052200F013FE014600905046FB
:10B3800001F0C0F8002840F31781059E0D9D312380
:10B3900006F8013B01350099049800F0F7FD0135EE
:10B3A000002F7FF4E2AEE4E60099504601F0AAF8DF
:10B3B0000028BFF684AE5146002304980D9C0A2253
:10B3C00000F0EEFD0E9B661E8246002B7FF416AF4A
:10B3D000139B002B40F311820D9D9B4679E601469D
:10B3E0001A46049800F0BCFF029B0090012B6EDD12
:10B3F00000230993009A136902EB8303186900F094
:10B4000079FEC0F1200031E6984B05930333FFF736
:10B41000EBBB069B002B7FF428AEDDE90612C2F3DE
:10B420001303002B7FF421AE914B134033B10C9BDF
:10B4300001330C93089B013308930123099A099364
:10B44000002A3FF412AED5E73FF423AEC0F13C032F
:10B45000AEE601230E930B9B0D9A134403F1010BEF
:10B460005E46012E1393B8BF0126172E40F3F981D3
:10B47000012204235B0003F11400B042114602F1E3
:10B480000102F7D9049BD96304E401230E930B9EB8
:10B49000002E36DD1396B346E7E700230E93DAE776
:10B4A00000230E93F3E7109B099A1096F31A1A449F
:10B4B000089B09925B4408930C9B1D465B440C93CC
:10B4C00000260498012100F067FE0746A5E5069BCB
:10B4D000002B8DD1DDE90601C1F313030A46002BD1
:10B4E000A2D0099086E79DED007B02278DED147BAD
:10B4F000FFF7FDBB7FF40EAF19F0010F7FF404AF2F
:10B5000008E701230B939B46FFF7BFBB03D119F05C
:10B51000010F7FF40DAE5E461BF8013D302BFAD0D3
:10B5200015E6129A002A00F09C8003F23343089A31
:10B53000109E1A4408920C9A15461A440C92C0E7C1
:10B54000059A31230135137001E600F0FA800D9A57
:10B55000484B554205F00F0203EBC203D3E9002329
:10B56000DDE9000102F0A6F82D11CDE9140100F08B
:10B570005881414E0023022780468946EA0709D5B3
:10B58000D6E900234046494602F094F80137804648
:10B59000894601236D1006F10806EFD1002B7FF4D8
:10B5A000BFABDDE91489FFF7BBBBC8F1010308900D
:10B5B0000C931190FFF758BB059EBBE4DDF800A08B
:10B5C00002460B4601F0C0FE0D9DCDE9000101359C
:10B5D00002460B46DDE90201A84602F0DDFA40B959
:10B5E000DDE90023DDE9020102F0CCFA18B1F3072E
:10B5F00001D5059A35E43E46BBE57968049800F02C
:10B600009FFC0546002800F021813B6902339A0027
:10B6100007F10C010C30FCF757F904982946012278
:10B6200000F0F8FE804603E60D9D3C460135474696
:10B6300072E5049C39463246204600F091FE52469F
:10B6400001460746204600F0D5FD5146804620467B
:10B6500000F09CFC109B9B1BC24610933FF4F8AC7F
:10B66000F0E41A9BC3F1360361E700BF5C0A0100F6
:10B670000000F07F380C0100280D0100DDE91623E1
:10B68000DDE9140102F016F8059B1C70189B012BD4
:10B69000CDE90E0100F0C380189F059B12961F4450
:10B6A0007A4B00224046494602F004F80D46044613
:10B6B00002F0B0FA814601F093FF09F13009024629
:10B6C0000B462046294601F03DFE06F8019BBE428E
:10B6D00080468946E4D1129D6D4B0022DDE90E01C2
:10B6E00001F032FE02460B464046494602F072FA2D
:10B6F00000286CD1DDE90E236549002001F022FE0F
:10B7000002460B464046494602F046FA80B91B9B6A
:10B71000002BFFF67DAC0D9B0E2B3FF779AC5D4BFC
:10B720000D9A03EBC20393ED007B8DED027B06E4E3
:10B730003E46013F16F8013C302BF9D0199D0135EA
:10B7400017E5DDE900890227FFF7EABABBF1000F30
:10B750003FF49DAB139C002C7FF7C2AB0D9B013BCC
:10B760000022404649461993484B01F0A3FF80460A
:10B770008946781C01F034FF42464B4601F09AFF9F
:10B78000454B002201F0E0FDA1F15073CDE9140119
:10B7900018941593FFF7E6BA08F101083123FFF773
:10B7A00067BB0D9D059AB34639233C460BF8013B18
:10B7B00001354746C1E4002300931F46E5E5089B99
:10B7C0005B4408930C9B1D465B440C9379E6199BE4
:10B7D000059A03F10108FFF744BBDDF850A0ADE77F
:10B7E000DDF850A0DDF858B0FFF77ABBB9F1390F9A
:10B7F000D7D0002D3FF78CAD8CE5029B022B03DCEC
:10B800000D9DDDF84CB064E4DDF84CB00D96AAE572
:10B81000029B022BF8DCDDF84CB00D96FBE43746BA
:10B820005AE7DDE914890227FFF77ABA049B00255D
:10B83000DD632946184600F083FB0590D0B9174B0D
:10B840001748002240F2AF11FBF738FF134B1448A2
:10B850002A4640F2EF21FBF731FF002A3FF748ADBF
:10B8600058E5049B0021D963FFF714BA0D4B0593EB
:10B87000FFF716B9DDE904329A634FF0FF33012276
:10B880000B9513930E929B46FFF72ABB00002440B2
:10B890000000E03F380C010000001C40600A01007D
:10B8A000740A0100500A010038B52F4B1B68054689
:10B8B0000C4613B15A6B002A4BD0B4F90C30180760
:10B8C0001CD5226922B313F0010107D06169002061
:10B8D0004942A060A1613AB1002038BD980758BF25
:10B8E0006169A160002AF7D1190658BF1046F4D546
:10B8F00043F04003A3814FF0FF3038BDD9062CD56B
:10B900005A0712D4226943F00803A381002ADAD12E
:10B9100003F42071B1F5007FD5D02146284601F00F
:10B9200075F8B4F90C302269CDE7216B51B104F1FF
:10B930004002914204D0284600F074F8B4F90C306B
:10B940000022226322690021C4E9002123F024039C
:10B95000D9E71846FCF764F9AFE7092243F0400342
:10B960002A60A381C7E700BF380000202DE9F84313
:10B9700006460820894600F00BFADFF8A480054649
:10B98000304600F0A5FAD8F808305F6827F00307C2
:10B99000A7F11104A4EB09042C44B4FBF5F4013C19
:10B9A00005FB04F4A54208DC0021304600F094FABF
:10B9B000D8F808303B44984205D0304600F08AFA67
:10B9C0000020BDE8F8836142304600F085FA01307E
:10B9D0000FD0114AD8F808303F1B47F001075F60CD
:10B9E000136830461B1B136000F074FA0120BDE899
:10B9F000F8830021304600F06FFAD8F80820831A47
:10BA00000F2BDADD43F001035360044B02491B683E
:10BA1000C01A0860D1E700BF681C0020780500202C
:10BA20007001002000297CD02DE9F0410C468046B1
:10BA300000F04EFA54F8043C754FA4F1080523F0C9
:10BA400001016818BE684268864222F0030200F0D5
:10BA50008380DE07426000EB020C33D454F8084CBC
:10BA6000DCF804302D1B2144AC6807F1080C644558
:10BA700003F0010364D0D5F80CE0C4F80CE0CEF874
:10BA80000840002B00F0818041F001036B600160F1
:10BA9000B1F5007F22D27868CB0801224909013331
:10BAA0008A40024357F833107A6007EBC302083A22
:10BAB000C5E9021247F83350CD604046BDE8F04179
:10BAC00000F008BADCF80430DB072BD541F00103A5
:10BAD000B1F5007F44F8043C0160DCD3B1F5206F80
:10BAE0004FEA512353D28B0903F1390003F1380295
:10BAF000C300F818FB580838984203D161E09B68EE
:10BB0000984204D05A6822F003028A42F7D8D868D3
:10BB1000C5E902308560DD604046BDE8F04100F0D7
:10BB2000D9B97047114407F1080C836863453FD0C9
:10BB3000C268DA60936041F001036B606950A7E767
:10BB4000002B5FD10A44D0E90213CB60996042F028
:10BB500001036B60AA50B0E7DB070A4407D454F82E
:10BB6000083CED1A1A44D5E90213CB60996042F003
:10BB700001036B60274BBD601B6893429DD8264B29
:10BB800040461968FFF7F2FE97E71144CDE7142B02
:10BB900008D9542B1DD80B0B03F16F0003F16E0273
:10BBA000C300A6E703F15C0003F15B02C300A0E75A
:10BBB00041F00103C7E90455C5E902CC6B60695047
:10BBC0007BE779689210012404FA02F20A437A6052
:10BBD0009EE7B3F5AA7F06D8CB0B03F1780003F1FB
:10BBE0007702C30085E740F25452934206D88B0C8B
:10BBF00003F17D0003F17C02C3007AE74FF47E730A
:10BC00007E2276E741F001036B60016055E700BFDB
:10BC1000700100207C050020641C002070B539B143
:10BC200006460C4608B1436B83B3B4F90C3013B924
:10BC30000025284670BD21463046FDF789FCE36AA1
:10BC4000054633B1E169304698470028B8BF4FF048
:10BC5000FF35A3891B061CD4216B41B104F14003BD
:10BC6000994202D03046FFF7DDFE00232363616C6A
:10BC700021B13046FFF7D6FE00236364FBF7E0FFF7
:10BC80000023A381FBF7DEFF284670BDFBF7C8FF4A
:10BC9000CBE721693046FFF7C5FEDDE7024B0146E1
:10BCA0001868FFF7BBBF00BF380000202DE9F04F38
:10BCB000294F83B03E6801905EB38B464FF0000978
:10BCC0004FF001087468651E23D4013406EB840428
:10BCD000BBF1000F20D173682268013BAB420CBF5F
:10BCE0007560C4F800907AB1D6F88811D6F804A02F
:10BCF00008FA05FC1CEA010F1AD1904771683A68EE
:10BD0000514522D1B24220D1013D6B1CA4F1040463
:10BD1000DED103B0BDE8F08FD4F800315B45DAD056
:10BD2000013D6A1CA4F10404F6D103B0BDE8F08F14
:10BD3000D6F88C31D4F880101CEA030F09D1019891
:10BD4000904771683A685145DCD0002AE1D0164628
:10BD5000B8E708469047D1E7981C0020024B13B182
:10BD60000248FBF793BF704700000000617F0000AE
:10BD7000024B01461868FEF715BB00BF38000020D3
:10BD8000024B01461868FFF74DBE00BF3800002087
:10BD9000082802D14FF48050704708B500F0F4FE37
:10BDA000162303604FF0FF3008BD00BF10B50C46EE
:10BDB000B1F90E1000F024FF002803DB236D0344CB
:10BDC000236510BDA38923F48053A38110BD00BF58
:10BDD000002070472DE9F0410C46B1F90C101F46C8
:10BDE000CB05054616460BD421F48051A1813B4674
:10BDF000B4F90E1032462846BDE8F04100F052B8C2
:10BE0000B4F90E100223002200F028FFB4F90C1040
:10BE1000EAE700BF10B50C46B1F90E1000F01EFFA6
:10BE2000B4F90C30421C0EBF23F4805343F480530A
:10BE30002065A38110BD00BFB1F90E1000F05EB8FF
:10BE400070B4164D2C681CB365681F2D23DC38B9FF
:10BE5000AB1C0135656044F82310002070BC7047AE
:10BE600004EB850C0228CCF88820D4F888614FF0C8
:10BE7000010202FA05F246EA0206C4F88861CCF82B
:10BE80000831E5D1D4F88C311343C4F88C31DFE7A5
:10BE9000034C2C60D8E74FF0FF30DFE7981C002000
:10BEA000A01C002038B50C46084D8446114620469B
:10BEB0001A4600232B606446F4F792FD431C00D021
:10BEC00038BD2B68002BFBD0236038BD9C1C0020A4
:10BED000704700BF704700BF38B5074D00220446C9
:10BEE00008462A6001F01AFA431C00D038BD2B68BE
:10BEF000002BFBD0236038BD9C1C002038B5074DBB
:10BF00000022044608462A60F4F7C6FC431C00D011
:10BF100038BD2B68002BFBD0236038BD9C1C002053
:10BF2000936810B514461BB918460023636010BD12
:10BF300000F0D2FE0023A3600023636010BD00BFA9
:10BF4000436C70B505460C464BB153F8240080B1E4
:10BF5000026843F824200023C0E9033370BD212286
:10BF6000042100F017FE034668640028EDD100208C
:10BF700070BD012101FA04F6721D9200284600F0FE
:10BF800009FE0028F3D0C0E90146E4E731B1436C73
:10BF90004A6853F82200086043F82210704700BF37
:10BFA0002DE9F0410D6907460E461C4601F1140EBD
:10BFB0000020DEF800108BB202FB03434FEA134C63
:10BFC000090C02FB01CC01309BB203EB0C43854210
:10BFD0004EF8043B4FEA1C44EBDC3CB1B368AB4287
:10BFE00007DD06EB850301355C6135613046BDE850
:10BFF000F081716838460131FFF7A2FF8046A8B191
:10C000003269023206F10C0192000C30FBF75CFC45
:10C010007B6C726853F82210316043F82260464608
:10C0200006EB850301355C613561DFE7024B0348B0
:10C030004246BA21FBF742FB600A0100A00A010058
:10C040002DE9F8431746284A1E4608330C46092EA8
:10C0500082FB03124FEAE3730546C3EB62033ADD4A
:10C060004FF0010C00214FEA4C0C634501F1010136
:10C07000F9DC2846FFF764FF014670B3089B436173
:10C08000092F4FF00103036112DC0A340927BE4275
:10C090000BDDF61B264414F8013B0A22303B2846F0
:10C0A000FFF77EFFB4420146F5D10846BDE8F883AC
:10C0B00004F1090804EB0709444614F8013B0A227D
:10C0C000303B2846FFF76CFF4C450146F5D1A7F100
:10C0D00008044444DBE70021CBE70A46034B04484D
:10C0E000D321FBF7EBFA00BF398EE338600A010079
:10C0F000A00A0100B0F5803F034636BF03040020CC
:10C100001020B3F1807F3CBF1B020830B3F1805F89
:10C110003CBF1B010430B3F1804F03D3002B06DB7F
:10C12000013070479B0003D45B0003D4202070478C
:10C130000230704703307047036813F0070201466E
:10C1400007D0DA071FD4980721D55B080B600120C0
:10C15000704798B2A0B11046DAB20AB908301B0A8B
:10C160001A0704BF1B0904309A0704BF9B0802305A
:10C17000DA0703D45B0800F1010006D00B607047BA
:10C180001B0C1020E8E700207047202070479B0818
:10C190000B600220704700BF38B5436C04460D4663
:10C1A0004BB15868B0B102685A6000220123C0E95F
:10C1B0000323456138BD2122042100F0EBFC034636
:10C1C00060640028EDD1094B0948002240F2451176
:10C1D000FBF774FA1C220121204600F0DBFC00284A
:10C1E000F1D001220223C0E90123DEE7600A010049
:10C1F000A00A01002DE9F04FD1F810801569A8457B
:10C2000085B00E46924605DB2A46534645468A4689
:10C2100090461E46DAF80830DAF8041005EB0804F8
:10C22000A342B8BF0131FFF78BFE8446002800F01F
:10C230008B8000F1140707EB840E774505D23B464F
:10C24000002243F8042B9E45FBD8143606EB8808E1
:10C250000AF11409464509EB850566D2A5EB0A03E8
:10C26000153B23F003030AF1150A043355452CBF8F
:10C270009B464FF0040BCDF808E00394AE46E2462F
:10C2800005E0090C2AD1B04507F104074AD956F850
:10C29000041B8DB2002DF4D0CC463C460023019601
:10C2A0005CF8040B216886B28AB2000C05FB0622FA
:10C2B000090C1A4405FB001101EB124192B242EA4B
:10C2C0000142E64544F8042B4FEA1143E8D8019EA9
:10C2D00047F80B3056F8041C090CD4D03B680022F8
:10C2E00048461D463C469446028801FB02C202EBCA
:10C2F00015429BB243EA024344F8043B50F8043B26
:10C3000025684FEA134CABB201FB0C3303EB12432D
:10C3100070454FEA134CE7D3B04547F80B3007F1AF
:10C320000407B4D8DDE902E4D446002C02DC05E0C1
:10C33000013C03D05EF8043D002BF9D06046CCF8F8
:10C34000104005B0BDE8F08F034B044862464FF43F
:10C35000B171FBF7B3F900BF600A0100A00A010048
:10C3600012F003032DE9F041144607462CD10D4687
:10C37000A4101CD03E6C86B3E3074FF0000806D42F
:10C38000641014D03068A8B10646E307F8D53246E9
:10C3900029463846FFF72EFF35B17B6C696853F8A4
:10C3A00021202A6043F8215064100546EAD128462E
:10C3B000BDE8F081324631463846FFF71BFF30605A
:10C3C000C0F800800646E0E7013B0F4A52F8232000
:10C3D0000023FFF7E5FD0546CAE701213846FFF7D0
:10C3E000AFFD064640B1012340F27122C0E904329C
:10C3F000002338640360BFE7044B0548324640F22F
:10C400004511FBF75BF900BF280C0100600A010031
:10C41000A00A01002DE9F0470C4690462769A36861
:10C42000496807EB62177D1C9D4206464FEA621978
:10C4300004DD5B009D4201F10101FADC3046FFF7AB
:10C440007FFD8446002851D0B9F1000F00F114009F
:10C450000EDD09F105024FEA820E03460CEB820263
:10C46000002143F8041B9342FBD1AEF1140318449E
:10C47000216904F1140318F01F0803EB81012DD08A
:10C48000C8F1200986464FF0000A1A6802FA08F23D
:10C4900042EA0A024EF8042B53F8042B994222FA7E
:10C4A00009FAF2D80B1B153B23F00303043304F104
:10C4B0001502914238BF042340F803A0BAF1000FDF
:10C4C00000D13D46736C6268CCF8105053F82210CE
:10C4D0002160604643F82240BDE8F087043853F8F5
:10C4E000042B40F8042F9942F9D8EAE7034B04489B
:10C4F00062464FF4EF71FBF7E1F800BF600A0100FC
:10C50000A00A01000B6984460069C01A16D10CF11B
:10C51000140C14310CEB830210B401EB830301E023
:10C52000944508D252F8044D53F8041D8C42F7D0BC
:10C5300005D24FF0FF305DF8044B70477047012083
:10C540005DF8044B704700BF2DE9F04F15460A69AE
:10C550002B69D21A002A83B0884640F0878001F107
:10C56000140605F1140101EB830106EB830301E0DE
:10C570009E427ED253F8044D51F8042D9442F7D0D8
:10C5800075D32B460024454698466968FFF7D8FCCA
:10C590008146002800F089802E69C460D8F8100018
:10C5A00005F1140B08F1140E09F1140A05F110023B
:10C5B0000EEB80000BEB860157464FF0000CCDF8D8
:10C5C00004B05EF8044B52F8045F1FFA84FBABB270
:10C5D000A3EB0B03240C6344C4EB154404EB23448A
:10C5E0009BB243EA0443704547F8043B4FEA244CAE
:10C5F000E7D8A0EB080208F115084045A2F11502A2
:10C6000034BF0020012092080028DDF804B002F1B8
:10C6100001044FEA840408BF04240BEB0405A9427B
:10C62000544433D92746284650F8043B1CFA83FE6D
:10C630001A0C634402EB2E429BB243EA024381424E
:10C6400047F8043B4FEA224CEED80139491B21F050
:10C6500003010C4423B954F8043D013E002BFAD0E9
:10C660004846C9F8106003B0BDE8F08F89DA0124AC
:10C670008BE70021FFF764FC814678B1012200239B
:10C68000C0E90423484603B0BDE8F08F00284FEA14
:10C69000820208BF00220AEB0204DBE7064B0748D0
:10C6A0004A4640F23721FBF709F8034B03484A4654
:10C6B00040F24521FBF702F8600A0100A00A0100E0
:10C6C00082B08DED000B164B019A1340A3F150730D
:10C6D000002B06DD00221946104641EC100B02B07B
:10C6E00070475B42B3F1A07F4FEA235209DA4FF45F
:10C6F0000023134100221946104641EC100B02B0F2
:10C700007047A2F114031E2BDABF4FF00042DA404B
:10C71000012200231946104641EC100B02B070476D
:10C720000000F07FF8B5046900F1140606EB8404FC
:10C73000271F54F8045C2846FFF7DCFCC0F12003F7
:10C740000A280B6033DDBE42A0F10B0119D254F868
:10C75000080C21B3C1F120078D4020FA07F21543E0
:10C760008840A4F1080145F07F538E4243F4401302
:10C7700019D254F80C1CF9400843024643EC102B24
:10C78000F8BD0B280AD005FA01F141F07F530020D3
:10C7900043F44013024643EC102BF8BD002045F053
:10C7A0007F5343F44013024643EC102BF8BDC0F115
:10C7B0000B0C25FA0CF1BE4241F07F5338BF54F800
:10C7C000081C00F1150034BF21FA0CF1002105FA14
:10C7D00000F0084343F44013024643EC102BF8BD2D
:10C7E0002DE9F0430E4683B0012159EC108B15461C
:10C7F000FFF7A6FB0446002846D0C9F30A57C9F341
:10C8000013030FB143F480130193B8F1000313D164
:10C8100001A8FFF791FC019B636101222030226196
:10C820000FB3A7F233470744C0F1350037602860E3
:10C83000204603B0BDE8F08368460093FFF77CFC18
:10C84000019BF8B10099C0F1200203FA02F2C34043
:10C850000A430193002B62610CBF01220222A361F3
:10C860002261002FDDD104EB8203A0F23240306060
:10C870001869FFF73FFCC0EB42102860204603B068
:10C88000BDE8F083009AE5E7034B0448224640F2F6
:10C890000F31FAF713FF00BF600A0100A00A010080
:10C8A0002DE9F04383B0884669468146FFF73AFF99
:10C8B00001A9404655EC104BFFF734FFD8F8103073
:10C8C000D9F81020D21ADDE900315B1A03EB4213CC
:10C8D000002B59EC108B0DDD05EB03573D4642460E
:10C8E0004B462046294601F00FF841EC100B03B0EF
:10C8F000BDE8F083C3EB033309EB03518946EEE750
:10C90000172870B506460CDD0A490B4D002000249F
:10C9100022462B4600F0CEFE013EF9D141EC100B31
:10C9200070BD064B03EBC003D3E9040141EC100BCF
:10C9300070BD00BF0000F03F00002440280C010043
:10C940000139491101F1010C116902F1140303EBE2
:10C9500081018B4200EB8C0C16D210B5A0F1040EB5
:10C9600053F8044B4EF8044F9942F9D88B1A153BF3
:10C9700023F0030304331844844504D9002340F80A
:10C98000043B8445FBD810BD844505D9002340F8FD
:10C99000043B8445FBD87047704700BF03694A11C8
:10C9A000934200F1140009DA00EB830302E053F82C
:10C9B000042DAAB98342FAD80020704700EB820305
:10C9C000F8DD11F01F01F5D010B450F8224024FA20
:10C9D00001F28A40944209D001205DF8044B70476F
:10C9E0000120704753F8042D002AF5D18342F9D86D
:10C9F00000205DF8044B7047F030704700487047E6
:10CA00007006002000487047700600202DE9F041B4
:10CA1000B1F90C300C46990796B008D504F14303E0
:10CA20000122C4E90432236016B0BDE8F081B4F9F4
:10CA30000E100029064626DB6A4600F025F900287C
:10CA40001FDB019D05F47045A5F50055B5FA85F588
:10CA50004FF480686D094FF4006741463046FDF79A
:10CA6000A1FCE8B1B4F90C30C4F8148043F08003A1
:10CA700020602061A3813DBB3B43A38116B0BDE88C
:10CA8000F081B4F90C3013F0800519D04FF0400854
:10CA90000025414630462F46FDF784FC0028E1D1B1
:10CAA000B4F90C309A05BFD423F0030304F1430218
:10CAB00043F002030121C4E90421A3812260B3E70A
:10CAC0004FF480682F46C8E7B4F90E10304600F0E6
:10CAD000F1F810B9B4F90C30CEE7A38923F00303C1
:10CAE00043F001031BB2C7E770B50C46B1F90E1055
:10CAF000002996B015461E4614DB6A4600F0C4F8BD
:10CB000000280FDB019901F47041A1F50051B1FA41
:10CB100081F14FF4806349094FF4006031602B606C
:10CB200016B070BDA18911F0800106D0002140230C
:10CB3000084631602B6016B070BD4FF48063084624
:10CB400031602B6016B070BD10B4034CD4F8E440D3
:10CB5000A4465DF8044B60478005002082B049B1CF
:10CB60005AB16BB113780B601278101E18BF0120F8
:10CB700002B0704701A9002AF3D1104602B07047F5
:10CB80006FF00100F4E700BF014B1868704700BF69
:10CB90003800002038B5A1FB021454BBFDF702FC9D
:10CBA000054650B350F8042C22F00302043A242A1C
:10CBB00010D8132A13D91B2AC0E9004416D9242AF5
:10CBC000C0E902440ABFC0E9044400F1100200F1C8
:10CBD000180205E02146FAF71FFD284638BD024637
:10CBE0000023C2E900339360284638BD00F10802F3
:10CBF000F6E7FFF7C9FF0C2303600025284638BD80
:10CC000038B50C46084D8446114620461A46002386
:10CC10002B606446F3F7FAFE431C00D038BD2B6846
:10CC2000002BFBD0236038BD9C1C002010B4034CAB
:10CC3000D4F8E040A4465DF8044B6047800500202E
:10CC400049B1FF2A02D80A70012070478A23036085
:10CC50004FF0FF3070470846704700BF38B50C46AC
:10CC6000084D8446114620461A4600232B60644630
:10CC7000F3F717FE431C00D038BD2B68002BFBD008
:10CC8000236038BD9C1C002070B50C46084D03463F
:10CC90000026204611461C462E60F3F7FEFD431C7D
:10CCA00000D070BD2B68002BFBD0236070BD00BF8F
:10CCB0009C1C002038B5074D0022044608462A6017
:10CCC000F3F7EDFD431C00D038BD2B68002BFBD0E3
:10CCD000236038BD9C1C00209368002B00F0F88076
:10CCE0002DE9F04FB1F90CC01CF0080F83B090464D
:10CCF00081460C4631D00B697BB31CF00207D8F893
:10CD0000006038D00027D4F824B0E169DFF8C4A26D
:10CD10003D4655452B463A4628BF53464846C5B181
:10CD2000D847002840F3CA80D8F808301B1A0744B7
:10CD30002D1AC8F80830002B00F0B68055452B4658
:10CD4000D4F824B0E16928BF53463A464846002D3E
:10CD5000E6D1D6E900750836DBE721464846FEF7FE
:10CD6000A3FD002840F0AF80B4F90CC0D8F80060F3
:10CD70001CF00207C6D11CF0010A63D12368A16828
:10CD8000574618468B46002F58D01CF4007F00F001
:10CD9000B580B9420A4600F2E1801CF4906F2FD0B2
:10CDA000216962695D1A02EB420202EBD2726B1CCE
:10CDB00052103B44934292BF93469B461A461CF442
:10CDC000806F00F0EA8011464846FDF7EBFA002834
:10CDD00000F0F9802A4621690090FAF775FDA289D2
:10CDE000009B22F4906242F08002A2815819ABEBC2
:10CDF0000505C4F814B02361A5602060BB463A461F
:10CE000051460092FAF780FCA1682368009AA1EBD2
:10CE10000B011A443D46A16022600027D8F8083073
:10CE20005B1BAA44C8F80830002B3DD02368A168DA
:10CE3000B4F90CC018468B46002FA6D1D6E900A73E
:10CE400008369EE73846BB463D460097002D41D048
:10CE5000002846D0009A2068A168D4E90473AA4249
:10CE600028BF2A46B84204D901EB030A524500F311
:10CE70008580934275DCE169676A5A464846B8473F
:10CE8000B0F1000A1ADD009BB3EB0A0300930FD048
:10CE90000120D8F80830A3EB0A03D344A5EB0A0518
:10CEA000C8F80830002BD1D1002003B0BDE8F08FC6
:10CEB00021464846FCF7E8FB0028EAD0B4F90C30DC
:10CEC00043F04003A3814FF0FF3003B0BDE8F08F83
:10CED00000207047756833460836002DFAD0D3F825
:10CEE00000B02A460A215846FCF7CAFA002867D043
:10CEF0000130A0EB0B0300931A46ACE722699A427B
:10CF000014D36269BA4211D86FF00043BB4228BF04
:10CF10003B46656A93FBF2F3E16902FB03F3484683
:10CF20005246A847051EC9DD7F1B77E7B94228BFD7
:10CF300039460D4618460A465146FAF7E5FBA16800
:10CF40002368491B2B44A16023600029ECD12146B2
:10CF50004846FCF799FB0028E6D0AFE7BB463A46C7
:10CF60004EE759460192FAF7CFFB019AA3689B1A44
:10CF7000A360236813442360924684E759465246CF
:10CF8000FAF7C2FB23685344236021464846FCF766
:10CF90007BFB00283FF477AF90E7484600F01CF891
:10CFA000034600287FF422AF21694846FEF73AFD88
:10CFB000B4F90C300C22C9F8002023F080037FE77D
:10CFC0006A1C009247E70C22B4F90C30C9F8002023
:10CFD00076E700BF00FCFF7F2DE9F84F16460029D9
:10CFE00000F096800C46804606F10B05FEF770FFB8
:10CFF00054F8041C162DA4F1080921F0030758D891
:10D000001025AE4258D8AF4260DABE4B9A6809EBA1
:10D01000070C6245DCF8040000F0908020F001036A
:10D0200063445B68DB0768D420F003003B189D4233
:10D0300047DDCB0712D454F8083CA9EB030BDBF80F
:10D04000043023F00302104400EB070A554540F377
:10D05000F68007EB020A554540F3CC803146404646
:10D06000FDF7A0F90646002800F0208154F8043CA2
:10D0700023F001034B44A0F10802934200F0B48076
:10D080003A1F242A00F2D780132A00F2A280034616
:10D090002246116819605168596092689A60214669
:10D0A0004046FEF7BFFC4046FEF714FF3046BDE8A1
:10D0B000F88F35F00705A4D50C23C8F800300026FA
:10D0C00018E01F46DCE90223D3609A60D9F80430E7
:10D0D0007A1B0F2A03F0010309EB07001DD83B431D
:10D0E000C9F80430436843F0010343604046FEF74B
:10D0F000F1FE26463046BDE8F88FC907AED454F895
:10D10000083CA9EB030BDBF8043023F00302A0E793
:10D11000BDE8F84F1146FDF745B909EB05012B4372
:10D1200042F00102C9F804304A60436843F0010349
:10D13000436008314046FEF775FCD7E720F0030056
:10D14000C21905F1100C624580F29180CA0785D49E
:10D1500054F8082CA9EB020BDBF8042022F00302A0
:10D16000104400EB070AD4453FF773AF5E46DBF887
:10D170000C1056F8080F3A1F242AC160886000F28C
:10D18000AE80132A40F2A9802168CBF808106168AC
:10D19000CBF80C101B2A00F2A88008340BF1100207
:10D1A0002168116061685160A16891600BEB050115
:10D1B000AAEB050242F0010299604A60DBF80430F4
:10D1C00003F001032B434046CBF80430FEF782FE08
:10D1D00090E723680360636843601B2A3CD804F12E
:10D1E000080200F1080354E750F8043C23F003035D
:10D1F0001F446BE73A1F5E46DBF80C3056F8081FF9
:10D20000242ACB60996022D8132A1ED92368CBF830
:10D2100008306368CBF80C301B2A3BD808340BF17C
:10D22000100322681A6062685A60A2689A603446E5
:10D230005746D9464AE72146FAF766FA2FE7DCE96E
:10D2400002133A1FCB609960D5E73346E9E72146E0
:10D250003046FAF759FAEAE7A3688360E368C360E7
:10D26000242A27D004F1100200F1100311E709EB82
:10D2700005019960531B43F001034B6054F8043CD3
:10D2800003F001032B43404644F8043CFEF722FE22
:10D2900026462FE7A368CBF81030E368CBF81430AC
:10D2A000242A10D010340BF11803BAE74046FEF7D9
:10D2B00011FE04E7236903616169416104F1180209
:10D2C00000F11803E5E62369CBF818306369CBF861
:10D2D0001C3018340BF12003A3E7324660E72146E7
:10D2E0003046FAF711FA074B60E7A168CBF8101047
:10D2F000E168CBF81410242A06D010340BF1180280
:10D300004EE700BF700100202269CBF81820626947
:10D31000CBF81C2018340BF1200241E7044A0549E0
:10D320001368002B08BF0B4618441060184670475E
:10D33000301E0020381E0020FEE700BF81F00041B3
:10D3400002E000BF83F0004330B54FEA41044FEAEA
:10D35000430594EA050F08BF90EA020F1FBF54EA85
:10D36000000C55EA020C7FEA645C7FEA655C00F021
:10D37000E2804FEA5454D4EB5555B8BF6D420CDDF2
:10D380002C4480EA020281EA030382EA000083EA75
:10D39000010180EA020281EA0303362D88BF30BD15
:10D3A00011F0004F4FEA01314FF4801C4CEA11316B
:10D3B00002D0404261EB410113F0004F4FEA0333CA
:10D3C0004CEA133302D0524263EB430394EA050F55
:10D3D00000F0A780A4F10104D5F1200E0DDB02FAC4
:10D3E0000EFC22FA05F2801841F1000103FA0EF258
:10D3F000801843FA05F359410EE0A5F120050EF11E
:10D40000200E012A03FA0EFC28BF4CF0020C43FA4E
:10D4100005F3C01851EBE37101F0004507D54FF05B
:10D42000000EDCF1000C7EEB00006EEB0101B1F5AB
:10D43000801F1BD3B1F5001F0CD349085FEA3000F1
:10D440004FEA3C0C04F101044FEA445212F5800FFC
:10D4500080F09A80BCF1004F08BF5FEA500C50F199
:10D46000000041EB045141EA050130BD5FEA4C0C7C
:10D47000404141EB0101013C28BFB1F5801FE9D2D9
:10D4800091F0000F04BF01460020B1FA81F308BFFC
:10D490002033A3F10B03B3F120020CDA0C3208DDC8
:10D4A00002F1140CC2F10C0201FA0CF021FA02F1A3
:10D4B0000CE002F11402D8BFC2F1200C01FA02F113
:10D4C00020FA0CFCDCBF41EA0C019040E41AA2BF38
:10D4D00001EB0451294330BD6FEA04041F3C1CDA00
:10D4E0000C340EDC04F11404C4F1200220FA04F020
:10D4F00001FA02F340EA030021FA04F345EA0301CA
:10D5000030BDC4F10C04C4F1200220FA02F001FA8B
:10D5100004F340EA0300294630BD21FA04F029460D
:10D5200030BD94F0000F83F4801306BF81F48011A6
:10D530000134013D4EE77FEA645C18BF7FEA655C19
:10D5400029D094EA050F08BF90EA020F05D054EAEB
:10D55000000C04BF1946104630BD91EA030F1EBFF0
:10D560000021002030BD5FEA545C05D140004941F4
:10D5700028BF41F0004130BD14F580043CBF01F5E7
:10D58000801130BD01F0004545F0FE4141F47001CD
:10D590004FF0000030BD7FEA645C1ABF19461046A8
:10D5A0007FEA655C1CBF0B46024650EA013406BFA9
:10D5B00052EA033591EA030F41F4002130BD00BF68
:10D5C00090F0000F04BF0021704730B54FF4806425
:10D5D00004F132044FF000054FF0000150E700BFA6
:10D5E00090F0000F04BF0021704730B54FF4806405
:10D5F00004F1320410F0004548BF40424FF00001F2
:10D600003EE700BF42004FEAE2014FEA31014FEA34
:10D6100002701FBF12F07F4393F07F4F81F0605183
:10D62000704732F07F4208BF704793F07F4F04BFCE
:10D6300041F40021704730B54FF4607401F00045AB
:10D6400021F000411CE700BF50EA010208BF70470B
:10D6500030B54FF000050AE050EA010208BF7047FC
:10D6600030B511F0004502D5404261EB41014FF465
:10D67000806404F132045FEA915C3FF4D8AE4FF06D
:10D6800003025FEADC0C18BF03325FEADC0C18BF50
:10D69000033202EBDC02C2F1200300FA03FC20FAA1
:10D6A00002F001FA03FE40EA0E0021FA02F11444EE
:10D6B000BDE600BF70B54FF0FF0C4CF4E06C1CEA07
:10D6C00011541DBF1CEA135594EA0C0F95EA0C0F78
:10D6D00000F0DEF82C4481EA030621EA4C5123EAEB
:10D6E0004C5350EA013518BF52EA033541F480111A
:10D6F00043F4801338D0A0FB02CE4FF00005E1FBCD
:10D7000002E506F00042E0FB03E54FF00006E1FB16
:10D7100003569CF0000F18BF4EF0010EA4F1FF0459
:10D72000B6F5007F64F5407404D25FEA4E0E6D4199
:10D7300046EB060642EAC62141EA55514FEAC520AA
:10D7400040EA5E504FEACE2EB4F1FD0C88BFBCF526
:10D75000E06F1ED8BEF1004F08BF5FEA500E50F1D7
:10D76000000041EB045170BD06F0004646EA01019D
:10D7700040EA020081EA0301B4EB5C04C2BFD4EBCF
:10D780000C0541EA045170BD41F480114FF0000EC8
:10D79000013C00F3AB8014F1360FDEBF002001F036
:10D7A000004170BDC4F10004203C35DA0C341BDCB0
:10D7B00004F11404C4F1200500FA05F320FA04F082
:10D7C00001FA05F240EA020001F0004221F00041B6
:10D7D00010EBD37021FA04F642EB06015EEA430E29
:10D7E00008BF20EAD37070BDC4F10C04C4F1200559
:10D7F00000FA04F320FA05F001FA04F240EA02000C
:10D8000001F0004110EBD37041F100015EEA430EDC
:10D8100008BF20EAD37070BDC4F1200500FA05F2FC
:10D820004EEA020E20FA04F301FA05F243EA02037B
:10D8300021FA04F001F0004121FA04F220EA02008A
:10D8400000EBD3705EEA430E08BF20EAD37070BDD0
:10D8500094F0000F0FD101F00046400041EB0101B0
:10D8600011F4801F08BF013CF7D041EA060195F092
:10D87000000F18BF704703F00046520043EB03034C
:10D8800013F4801F08BF013DF7D043EA0603704739
:10D8900094EA0C0F0CEA135518BF95EA0C0F0CD044
:10D8A00050EA410618BF52EA4306D1D181EA03018A
:10D8B00001F000414FF0000070BD50EA410606BF84
:10D8C0001046194652EA430619D094EA0C0F02D1C9
:10D8D00050EA013613D195EA0C0F05D152EA03360E
:10D8E0001CBF104619460AD181EA030101F000412C
:10D8F00041F0FE4141F470014FF0000070BD41F075
:10D90000FE4141F4780170BD70B54FF0FF0C4CF44E
:10D91000E06C1CEA11541DBF1CEA135594EA0C0F6D
:10D9200095EA0C0F00F0A7F8A4EB050481EA030EBA
:10D9300052EA03354FEA013100F088804FEA0333A1
:10D940004FF0805545EA131343EA12634FEA02226F
:10D9500045EA111545EA10654FEA00260EF0004130
:10D960009D4208BF964244F1FD0404F5407402D282
:10D970005B084FEA3202B61A65EB03055B084FEA13
:10D9800032024FF480104FF4002CB6EB020E75EB10
:10D99000030E22BFB61A754640EA0C005B084FEA38
:10D9A0003202B6EB020E75EB030E22BFB61A7546B5
:10D9B00040EA5C005B084FEA3202B6EB020E75EB00
:10D9C000030E22BFB61A754640EA9C005B084FEA78
:10D9D0003202B6EB020E75EB030E22BFB61A754685
:10D9E00040EADC0055EA060E18D04FEA051545EA74
:10D9F00016754FEA06164FEAC30343EA52734FEA1D
:10DA0000C2025FEA1C1CC0D111F4801F0BD141EA95
:10DA100000014FF000004FF0004CB6E711F4801FFA
:10DA200004BF01430020B4F1FD0C88BFBCF5E06FDA
:10DA30003FF6AFAEB5EB030C04BFB6EB020C5FEAEA
:10DA4000500C50F1000041EB045170BD0EF0004E3F
:10DA50004EEA113114EB5C04C2BFD4EB0C0541EA71
:10DA6000045170BD41F480114FF0000E013C90E66E
:10DA700045EA060E8DE60CEA135594EA0C0F08BF32
:10DA800095EA0C0F3FF43BAF94EA0C0F0AD150EA31
:10DA900001347FF434AF95EA0C0F7FF425AF1046C4
:10DAA00019462CE795EA0C0F06D152EA03353FF4EC
:10DAB000FDAE1046194622E750EA410618BF52EA69
:10DAC00043067FF4C5AE50EA41047FF40DAF52EA3D
:10DAD00043057FF4EBAE12E74FF0FF3C06E000BFDA
:10DAE0004FF0010C02E000BF4FF0010C4DF804CDE7
:10DAF0004FEA410C7FEA6C5C4FEA430C18BF7FEAA7
:10DB00006C5C1BD001B050EA410C0CBF52EA430CD4
:10DB100091EA030F02BF90EA020F0020704710F154
:10DB2000000F91EA030F58BF994208BF90422CBFE3
:10DB3000D8176FEAE37040F0010070474FEA410CDC
:10DB40007FEA6C5C02D150EA013C07D14FEA430CFA
:10DB50007FEA6C5CD6D152EA033CD3D05DF8040B6B
:10DB6000704700BF8446104662468C46194663469D
:10DB700000E000BF01B5FFF7B7FF002848BF10F174
:10DB8000000F01BD4DF808EDFFF7F4FF0CBF0120B9
:10DB900000205DF808FB00BF4DF808EDFFF7EAFF35
:10DBA00034BF012000205DF808FB00BF4DF808EDF0
:10DBB000FFF7E0FF94BF012000205DF808FB00BFE5
:10DBC0004DF808EDFFF7CEFF94BF012000205DF86F
:10DBD00008FB00BF4DF808EDFFF7C4FF34BF01207C
:10DBE00000205DF808FB00BF4FEA410C7FEA6C5C47
:10DBF00002D150EA013C0AD14FEA430C7FEA6C5C47
:10DC000002D152EA033C02D14FF0000070474FF0BE
:10DC1000010070474FEA410212F5001215D211D5EA
:10DC20006FF47873B3EB625212D94FEAC12343F019
:10DC3000004343EA505311F0004F23FA02F018BF9B
:10DC4000404270474FF00000704750EA013005D164
:10DC500011F0004008BF6FF0004070474FF0000027
:10DC6000704700BF7BB972B90029BEBF00204FF0DA
:10DC7000004106E008BF00281CBF6FF000414FF0D4
:10DC8000FF3000F09DB9ADF1080C6DE904CE00291C
:10DC900009DB002B1ADB00F035F8DDF804E0DDE9E4
:10DCA000022304B07047404261EB4101002B1BDBB3
:10DCB00000F028F8DDF804E0DDE9022304B040427A
:10DCC00061EB4101524263EB43037047524263EB05
:10DCD000430300F017F8DDF804E0DDE9022304B0A7
:10DCE000404261EB41017047524263EB430300F055
:10DCF00009F8DDF804E0DDE9022304B0524263EBE9
:10DD0000430370472DE9F047089D0E4604460F4631
:10DD1000002B4AD194468C45B2FA82F260D942B1C6
:10DD2000C2F12003974020FA03F30CFA02FC1F43D0
:10DD300094404FEA1C4E1FFA8CF6B7FBFEF1230C01
:10DD40000EFB117743EA074301FB06F098420AD91C
:10DD50001CEB030301F1FF3780F01581984240F27C
:10DD60001281023963441B1AA4B2B3FBFEF00EFB0E
:10DD7000103344EA034400FB06F6A6420AD91CEB22
:10DD8000040400F1FF3380F00081A64240F2FD80E0
:10DD90006444023840EA0140A41B00211DB1D44074
:10DDA0000023C5E90043BDE8F0878B4205D90DB1DA
:10DDB000C5E9000100210846F5E7B3FA83F100291F
:10DDC00046D1B34202D3824200F2F580841A66EB58
:10DDD000030201201746002DE5D0C5E90047E2E720
:10DDE000002A40F09380A1EB0C034FEA1C471FFA76
:10DDF0008CFE0121B3FBF7F607FB1630230C43EA38
:10DE000000430EFB06F0984208D91CEB030306F111
:10DE1000FF3802D2984200F2D08046461B1AA4B2C4
:10DE2000B3FBF7F007FB103344EA03440EFB00FE9C
:10DE3000A64508D91CEB040400F1FF3302D2A64525
:10DE400000F2B6801846A4EB0E0440EA0640A5E7AF
:10DE5000C1F120078B4022FA07FC4CEA030C06FABA
:10DE600001FE20FA07F426FA07F344EA0E0400FA4A
:10DE700001F84FEA1C404FEA1449B3FBF0FE1FFAC9
:10DE80008CF600FB1E3349EA03430EFB06F9994565
:10DE900002FA01F20BD91CEB03030EF1FF3A80F0FA
:10DEA0008580994540F28280AEF1020E6344A3EB77
:10DEB0000909A4B2B9FBF0F300FB139944EA094441
:10DEC00003FB06F6A64208D91CEB040403F1FF305D
:10DED00068D2A64266D9023B644443EA0E40A41BC2
:10DEE000A0FB02E6B4427346B14652D34FD05DB1B7
:10DEF000B8EB030264EB090404FA07F722FA01F312
:10DF00001F43CC40C5E9007400214CE7C2F1200159
:10DF100020FA01F30CFA02FC26FA01F19640334391
:10DF20004FEA1C471FFA8CFEB1FBF7F007FB1016F7
:10DF3000190C41EA064100FB0EF68E4204FA02F487
:10DF400008D91CEB010100F1FF382DD28E422BD9EC
:10DF500002386144891B9BB2B1FBF7F607FB16112F
:10DF600043EA014306FB0EF1994208D91CEB030377
:10DF700006F1FF3814D2994212D9023E63445B1A6B
:10DF800046EA004136E73946EDE6184602E7F04535
:10DF9000ADD2BEEB020366EB0C060138B146A6E734
:10DFA0004646ECE7034698E74046D3E7D6467EE789
:10DFB0006444023847E708460DE7023E63442DE714
:10DFC000704700BFF8B500BFF8BC08BC9E4670475C
:10DFD000F8B500BFF8BC08BC9E467047426F61723E
:10DFE000642073746172746564210A0041626F7504
:10DFF0007420746F20696E697420726164696F0A9D
:10E0000000446F6E65207769746820696E69740AD0
:10E0100000526164696F20636F6E6669677572652F
:10E0200064210A00456E74657265642072656365DB
:10E03000697665206D6F64650A00436F756C6420B6
:10E040006E6F7420656E74657220726563656976A3
:10E0500065206D6F64650A0057617320686572659D
:10E060000A0050BECAC33C36CEF4002F686F6D65FF
:10E070002F7A68616F68616E2F6E752D6D6963729E
:10E080006F6269742D626173652F736F6674776157
:10E0900072652F6E72663532782D626173652F2F2F
:10E0A00073646B2F6E7266355F73646B5F31362EEF
:10E0B000302E302F6D6F64756C65732F6E726678BD
:10E0C0002F68616C2F6E72665F6770696F2E6800D3
:10E0D0005061636B65743A205B2000253032582014
:10E0E000005D0A000A0A2A2A2A2A2A204170702082
:10E0F0004572726F72202A2A2A2A2A0A0041535333
:10E10000455254494F4E204641494C454420617484
:10E110002025733A25750A004552524F5220256C2E
:10E1200075205B25735D2061742025733A256C751D
:10E13000090950432061743A2030782530386C58F2
:10E140000A00554E4B4E4F574E204641554C5420D9
:10E1500061742030782530386C580A0048415244A8
:10E16000204641554C542061742030782530385871
:10E1700000202052303A2020307825303858202096
:10E1800052313A2020307825303858202052323A07
:10E190002020307825303858202052333A20203043
:10E1A00078253038580020205231323A20307825F6
:10E1B00030385820204C523A2020307825303858BA
:10E1C00020205053523A203078253038580053746C
:10E1D00061636B2076696F6C6174696F6E3A20734E
:10E1E0007461636B20706F696E746572206F7574F3
:10E1F0007369646520737461636B20617265612E5D
:10E200000043617573653A204275734661756C749D
:10E21000206F6E206120766563746F722074616276
:10E220006C65207265616420647572696E67206533
:10E230007863657074696F6E2070726F6365737355
:10E24000696E672E0043617573653A2025732E0051
:10E250004D656D4D616E616765204661756C74201A
:10E26000416464726573733A203078253038580001
:10E27000427573204661756C7420416464726573E5
:10E28000733A203078253038580054686520707211
:10E290006F636573736F7220686173206174746556
:10E2A0006D7074656420746F20657865637574653E
:10E2B00020616E20756E646566696E656420696EA6
:10E2C000737472756374696F6E0054686520707240
:10E2D0006F636573736F7220617474656D707465BC
:10E2E000642061206C6F6164206F722073746F72A0
:10E2F000652061742061206C6F636174696F6E20AA
:10E300007468617420646F6573206E6F742070652B
:10E31000726D697420746865206F706572617469CC
:10E320006F6E00556E737461636B20666F7220614F
:10E330006E20657863657074696F6E2072657475A0
:10E34000726E2068617320636175736564206F6EFF
:10E3500065206F72206D6F726520616363657373F2
:10E360002076696F6C6174696F6E730053746163BA
:10E370006B696E6720666F7220616E2065786365D9
:10E380007074696F6E20656E747279206861732095
:10E39000636175736564206F6E65206F72206D6FA9
:10E3A0007265206163636573732076696F6C617455
:10E3B000696F6E730041204D656D4D616E616765DB
:10E3C000206661756C74206F63637572726564207A
:10E3D000647572696E6720666C6F6174696E672D13
:10E3E000706F696E74206C617A79207374617465E2
:10E3F00020707265736572766174696F6E00496E24
:10E40000737472756374696F6E20627573206572C0
:10E41000726F72004461746120627573206572725C
:10E420006F72202850432076616C7565207374618B
:10E43000636B656420666F7220746865206578631D
:10E44000657074696F6E2072657475726E20706F7E
:10E45000696E747320746F2074686520696E7374BC
:10E4600072756374696F6E2074686174206361757E
:10E4700073656420746865206661756C7429004456
:10E4800061746120627573206572726F72202872E8
:10E49000657475726E206164647265737320696E51
:10E4A0002074686520737461636B206672616D65AA
:10E4B000206973206E6F742072656C6174656420CE
:10E4C000746F2074686520696E7374727563746903
:10E4D0006F6E207468617420636175736564207465
:10E4E0006865206572726F722900556E737461637E
:10E4F0006B20666F7220616E206578636570746949
:10E500006F6E2072657475726E206861732063612E
:10E5100075736564206F6E65206F72206D6F726514
:10E52000204275734661756C747300537461636B3C
:10E53000696E6720666F7220616E20657863657012
:10E5400074696F6E20656E747279206861732063E0
:10E550006175736564206F6E65206F72206D6F72D8
:10E5600065204275734661756C7473004120627555
:10E5700073206661756C74206F6363757272656475
:10E5800020647572696E6720666C6F6174696E676E
:10E590002D706F696E74206C617A79207374617468
:10E5A0006520707265736572766174696F6E005470
:10E5B00068652070726F636573736F722068617332
:10E5C00020617474656D7074656420746F20657863
:10E5D000656375746520616E20696E73747275630E
:10E5E00074696F6E2074686174206D616B6573204F
:10E5F000696C6C6567616C20757365206F6620744B
:10E6000068652045505352005468652070726F63EE
:10E610006573736F722068617320617474656D70C7
:10E6200074656420616E20696C6C6567616C206C38
:10E630006F6164206F66204558435F5245545552C0
:10E640004E20746F207468652050432C2061732025
:10E650006120726573756C74206F6620616E20692D
:10E660006E76616C696420636F6E746578742C20BB
:10E670006F7220616E20696E76616C696420455806
:10E68000435F52455455524E2076616C7565005477
:10E6900068652070726F636573736F722068617351
:10E6A00020617474656D7074656420746F2061639B
:10E6B00063657373206120636F70726F636573733A
:10E6C0006F72005468652070726F636573736F7248
:10E6D00020686173206D61646520616E20756E61D4
:10E6E0006C69676E6564206D656D6F72792061631A
:10E6F00063657373005468652070726F636573732C
:10E700006F72206861732065786563757465642035
:10E71000616E2053444956206F722055444956205B
:10E72000696E737472756374696F6E20776974684B
:10E7300020612064697669736F72206F66203000F3
:10E740002F686F6D652F7A68616F68616E2F6E75C7
:10E750002D6D6963726F6269742D626173652F73C9
:10E760006F6674776172652F626F617264732F6D6B
:10E770006963726F6269745F76322F2E2F6D6963E1
:10E78000726F6269745F6265666F72655F737461F0
:10E79000727475702E63002F686F6D652F7A6861D3
:10E7A0006F68616E2F6E752D6D6963726F6269742B
:10E7B0002D626173652F736F6674776172652F6266
:10E7C0006F617264732F6D6963726F6269745F76D3
:10E7D000322F2E2F6D6963726F6269745F6E72667D
:10E7E0005F6C6F675F6261636B656E645F756172BA
:10E7F000742E63002F686F6D652F7A68616F686192
:10E800006E2F6E752D6D6963726F6269742D626112
:10E8100073652F736F6674776172652F6E726635DC
:10E8200032782D626173652F2F73646B2F6E726661
:10E83000355F73646B5F31362E302E302F636F6D12
:10E84000706F6E656E74732F6C6962726172696548
:10E85000732F7574696C2F6170705F7574696C5F6C
:10E86000706C6174666F726D2E63002F686F6D65DA
:10E870002F7A68616F68616E2F6E752D6D69637296
:10E880006F6269742D626173652F736F667477614F
:10E8900072652F6E72663532782D626173652F2F27
:10E8A00073646B2F6E7266355F73646B5F31362EE7
:10E8B000302E302F636F6D706F6E656E74732F6CBA
:10E8C00069627261726965732F62616C6C6F632F2C
:10E8D0006E72665F62616C6C6F632E6300636C6F57
:10E8E000636B002F686F6D652F7A68616F68616E6A
:10E8F0002F6E752D6D6963726F6269742D6261731D
:10E90000652F736F6674776172652F6E726635322C
:10E91000782D626173652F2F73646B2F6E7266356D
:10E920005F73646B5F31362E302E302F65787465DF
:10E93000726E616C2F667072696E74662F6E72668D
:10E940005F667072696E74662E63002F686F6D6506
:10E950002F7A68616F68616E2F6E752D6D696372B5
:10E960006F6269742D626173652F736F667477616E
:10E9700072652F6E72663532782D626173652F2F46
:10E9800073646B2F6E7266355F73646B5F31362E06
:10E99000302E302F65787465726E616C2F667072E0
:10E9A000696E74662F6E72665F667072696E7466E9
:10E9B0005F666F726D61742E63002F686F6D652FD7
:10E9C0007A68616F68616E2F6E752D6D6963726F05
:10E9D0006269742D626173652F736F6674776172FB
:10E9E000652F6E72663532782D626173652F2F73D5
:10E9F000646B2F6E7266355F73646B5F31362E30D9
:10EA00002E302F636F6D706F6E656E74732F6C692F
:10EA1000627261726965732F6C6F672F7372632FF7
:10EA20006E72665F6C6F675F64656661756C745F5C
:10EA30006261636B656E64732E6300756172745FEF
:10EA40006C6F675F6261636B656E64002F686F6DEA
:10EA5000652F7A68616F68616E2F6E752D6D6963C1
:10EA6000726F6269742D626173652F736F6674775C
:10EA70006172652F6E72663532782D626173652F13
:10EA80002F73646B2F6E7266355F73646B5F313604
:10EA90002E302E302F636F6D706F6E656E74732F16
:10EAA0006C69627261726965732F6C6F672F737224
:10EAB000632F6E72665F6C6F675F66726F6E7465F0
:10EAC0006E642E63004261636B656E647320666CD6
:10EAD000757368656400617070001B5B306D0025A4
:10EAE00073001B5B313B33316D0025734C6F6773D3
:10EAF0002064726F70706564202825642925730D69
:10EB00000A003C25733E2025733A20002025303230
:10EB10007800202020007C002563001B5B313B3304
:10EB2000306D001B5B313B33326D001B5B313B337F
:10EB3000336D001B5B313B33346D001B5B313B336A
:10EB4000356D001B5B313B33366D001B5B313B3356
:10EB5000376D007761726E696E6700696E666F006F
:10EB60006465627567002F686F6D652F7A68616FE5
:10EB700068616E2F6E752D6D6963726F6269742D99
:10EB8000626173652F736F6674776172652F6E7241
:10EB9000663532782D626173652F2F73646B2F6E2B
:10EBA0007266355F73646B5F31362E302E302F63A3
:10EBB0006F6D706F6E656E74732F6C6962726172C7
:10EBC0006965732F6D656D6F626A2F6E72665F6D1A
:10EBD000656D6F626A2E63007077725F6D676D742A
:10EBE000004E52465F53554343455353004E5246E1
:10EBF0005F4552524F525F5356435F48414E444C1B
:10EC000045525F4D495353494E47004E52465F456A
:10EC100052524F525F534F46544445564943455F05
:10EC20004E4F545F454E41424C4544004E52465F64
:10EC30004552524F525F494E5445524E414C004E40
:10EC400052465F4552524F525F4E4F5F4D454D0009
:10EC50004E52465F4552524F525F4E4F545F464FA1
:10EC6000554E44004E52465F4552524F525F4E4FF2
:10EC7000545F535550504F52544544004E52465FD6
:10EC80004552524F525F494E56414C49445F5041A4
:10EC900052414D004E52465F4552524F525F494ECF
:10ECA00056414C49445F5354415445004E52465FCF
:10ECB0004552524F525F494E56414C49445F4C4574
:10ECC0004E475448004E52465F4552524F525F499C
:10ECD0004E56414C49445F464C414753004E5246C4
:10ECE0005F4552524F525F494E56414C49445F4432
:10ECF000415441004E52465F4552524F525F44418B
:10ED000054415F53495A45004E52465F4552524F57
:10ED1000525F54494D454F5554004E52465F45523F
:10ED2000524F525F4E554C4C004E52465F45525228
:10ED30004F525F464F5242494444454E004E524660
:10ED40005F4552524F525F494E56414C49445F41D4
:10ED5000444452004E52465F4552524F525F425514
:10ED60005359004E52465F4552524F525F4D4F44E9
:10ED7000554C455F4E4F545F494E495449414C49AB
:10ED80005A4544004E52465F4552524F525F4D55D0
:10ED90005445585F494E49545F4641494C454400EB
:10EDA0004E52465F4552524F525F4D555445585F43
:10EDB0004C4F434B5F4641494C4544004E52465FE1
:10EDC0004552524F525F4D555445585F554E4C4F2A
:10EDD000434B5F4641494C4544004E52465F4552C5
:10EDE000524F525F4D555445585F434F4E445F4913
:10EDF0004E49545F4641494C4544004E52465F459A
:10EE000052524F525F4D4F44554C455F414C524515
:10EE10004144595F494E495449414C495A4544007F
:10EE20004E52465F4552524F525F53544F524147E4
:10EE3000455F46554C4C004E52465F4552524F522C
:10EE40005F4150495F4E4F545F494D504C454D45D1
:10EE50004E544544004E52465F4552524F525F4613
:10EE60004541545552455F4E4F545F454E41424CCB
:10EE70004544004E52465F4552524F525F494F5FE4
:10EE800050454E44494E47004E52465F4552524F00
:10EE9000525F4452565F5457495F4552525F4F5636
:10EEA000455252554E004E52465F4552524F525FA8
:10EEB0004452565F5457495F4552525F414E414359
:10EEC0004B004E52465F4552524F525F4452565F7E
:10EED0005457495F4552525F444E41434B004E5296
:10EEE000465F4552524F525F424C455F4950535026
:10EEF0005F52585F504B545F5452554E43415445F6
:10EF000044004E52465F4552524F525F424C455F5D
:10EF1000495053505F4348414E4E454C5F414C521F
:10EF2000454144595F455849535453004E52465F3A
:10EF30004552524F525F424C455F495053505F4CCF
:10EF4000494E4B5F444953434F4E4E45435445440D
:10EF5000004E52465F4552524F525F424C455F4908
:10EF60005053505F504545525F52454A45435445C2
:10EF700044004750494F544500505049002F686F96
:10EF80006D652F7A68616F68616E2F6E752D6D6982
:10EF900063726F6269742D626173652F736F66743B
:10EFA000776172652F6E72663532782D6261736596
:10EFB0002F2F73646B2F6E7266355F73646B5F31D6
:10EFC000362E302E302F6D6F64756C65732F6E7218
:10EFD00066782F647269766572732F7372632F700F
:10EFE00072732F6E7266785F7072732E6300505268
:10EFF00053002F686F6D652F7A68616F68616E2F9F
:10F000006E752D6D6963726F6269742D62617365CF
:10F010002F736F6674776172652F6E726635327802
:10F020002D626173652F2F73646B2F6E7266355F6F
:10F0300073646B5F31362E302E302F6D6F64756CBC
:10F0400065732F6E7266782F68616C2F6E72665FC3
:10F0500070776D2E68002F686F6D652F7A68616F0D
:10F0600068616E2F6E752D6D6963726F6269742DA4
:10F07000626173652F736F6674776172652F6E724C
:10F08000663532782D626173652F2F73646B2F6E36
:10F090007266355F73646B5F31362E302E302F6DA4
:10F0A0006F64756C65732F6E7266782F6472697603
:10F0B0006572732F7372632F6E7266785F70776DEF
:10F0C0002E63002F686F6D652F7A68616F68616EBF
:10F0D0002F6E752D6D6963726F6269742D62617335
:10F0E000652F736F6674776172652F6E7266353245
:10F0F000782D626173652F2F73646B2F6E72663586
:10F100005F73646B5F31362E302E302F696E7465FD
:10F1100067726174696F6E2F6E7266782F6E726699
:10F12000785F676C75652E680050574D00534141FC
:10F130004443002F686F6D652F7A68616F68616E58
:10F140002F6E752D6D6963726F6269742D626173C4
:10F15000652F736F6674776172652F6E72663532D4
:10F16000782D626173652F2F73646B2F6E72663515
:10F170005F73646B5F31362E302E302F6D6F647588
:10F180006C65732F6E7266782F6472697665727320
:10F190002F7372632F6E7266785F7370696D2E6362
:10F1A000005350494D0054494D4552002F686F6D32
:10F1B000652F7A68616F68616E2F6E752D6D69635A
:10F1C000726F6269742D626173652F736F667477F5
:10F1D0006172652F6E72663532782D626173652FAC
:10F1E0002F73646B2F6E7266355F73646B5F31369D
:10F1F0002E302E302F6D6F64756C65732F6E7266B6
:10F20000782F647269766572732F7372632F6E72D2
:10F2100066785F7477696D2E63005457494D002FEF
:10F22000686F6D652F7A68616F68616E2F6E752DDE
:10F230006D6963726F6269742D626173652F736F9C
:10F240006674776172652F6E72663532782D6261F1
:10F2500073652F2F73646B2F6E7266355F73646BEB
:10F260005F31362E302E302F6D6F64756C65732FC5
:10F270006E7266782F647269766572732F7372632B
:10F280002F6E7266785F756172742E6300554152FD
:10F2900054002F686F6D652F7A68616F68616E2FFB
:10F2A0006E752D6D6963726F6269742D626173652D
:10F2B0002F736F6674776172652F6E726635327860
:10F2C0002D626173652F2F73646B2F6E7266355FCD
:10F2D00073646B5F31362E302E302F6D6F64756C1A
:10F2E00065732F6E7266782F647269766572732FFC
:10F2F0007372632F6E7266785F75617274652E63C8
:10F3000000554152544500705F6275666665722D06
:10F310003E66726565203D3D2066616C7365002F19
:10F32000686F6D652F7A68616F68616E2F6E752DDD
:10F330006D6963726F6269742D626173652F736F9B
:10F340006674776172652F6E72663532782D6261F0
:10F3500073652F2F73646B2F6E7266355F73646BEA
:10F360005F31362E302E305F7468726561642F65B0
:10F37000787465726E616C2F6E52462D4945454515
:10F380002D3830322E31352E342D726164696F2D57
:10F390006472697665722F7372632F6E72665F385E
:10F3A00030323135342E63002F686F6D652F7A68E7
:10F3B000616F68616E2F6E752D6D6963726F626922
:10F3C000742D626173652F736F6674776172652F38
:10F3D0006E72663532782D626173652F2F73646BA0
:10F3E0002F6E7266355F73646B5F31362E302E3050
:10F3F0005F7468726561642F65787465726E616CA4
:10F400002F6E52462D494545452D3830322E313527
:10F410002E342D726164696F2D6472697665722F66
:10F420007372632F6E72665F3830323135345F63CA
:10F430006F72652E63006368616E6E656C203E3D81
:10F44000203131202626206368616E6E656C203C79
:10F450003D203236006E72665F726164696F5F7361
:10F46000686F7274735F6765742829203D3D20536F
:10F47000484F5254535F49444C45006E72665F7268
:10F480006164696F5F73686F7274735F6765742816
:10F4900029203D3D2053484F5254535F5258006E2F
:10F4A00072665F726164696F5F73686F7274735FB5
:10F4B0006765742829203D3D2053484F5254535FBF
:10F4C00052585F41434B006E756D5F646174615FBC
:10F4D0006279746573203E3D205048525F53495A0B
:10F4E00045202B204643465F53495A4500706172C0
:10F4F00073655F726573756C7400636E74203C2075
:10F5000055494E54385F4D4158002F686F6D652F37
:10F510007A68616F68616E2F6E752D6D6963726FA9
:10F520006269742D626173652F736F66747761729F
:10F53000652F6E72663532782D626173652F2F7379
:10F54000646B2F6E7266355F73646B5F31362E307D
:10F550002E305F7468726561642F65787465726EB1
:10F56000616C2F6E52462D494545452D3830322E5F
:10F5700031352E342D726164696F2D647269766540
:10F58000722F7372632F6E72665F3830323135348A
:10F590005F637269746963616C5F73656374696FDB
:10F5A0006E2E6300637269746963616C5F73656377
:10F5B00074696F6E5F656E7465726564006D5F6E11
:10F5C00065737465645F637269746963616C5F73AA
:10F5D000656374696F6E5F616C6C6F7765645F7093
:10F5E00072696F72697479203E3D2030006D5F6EE4
:10F5F00065737465645F637269746963616C5F737A
:10F60000656374696F6E5F636F756E746572203EBB
:10F610003D2031006163746976655F766563746F60
:10F62000725F6964203E3D20434D5349535F495208
:10F63000515F4E554D5F56454354414354495645DD
:10F640005F4449464600636E74203E2030002165C9
:10F65000786974696E675F637269745F73656374F8
:10F660000061746F6D69635F636E74203D3D20635C
:10F670006E74006D5F6E65737465645F6372697448
:10F680006963616C5F73656374696F6E5F616C6CF5
:10F690006F7765645F7072696F72697479203D3D40
:10F6A000204E45535445445F435249544943414CCD
:10F6B0005F53454354494F4E5F414C4C4F5745446F
:10F6C0005F5052494F524954595F4E4F4E4500705A
:10F6D0005F74696D657374616D7020213D204E55B6
:10F6E0004C4C002F686F6D652F7A68616F68616E92
:10F6F0002F6E752D6D6963726F6269742D6261730F
:10F70000652F736F6674776172652F6E726635321E
:10F71000782D626173652F2F73646B2F6E7266355F
:10F720005F73646B5F31362E302E305F74687265A4
:10F7300061642F65787465726E616C2F6E52462D10
:10F74000494545452D3830322E31352E342D7261E4
:10F7500064696F2D6472697665722F7372632F6EA0
:10F7600072665F3830323135345F74696D65725F4F
:10F77000636F6F72642E63002170726F63656475CE
:10F7800072655F69735F72756E6E696E67282900B6
:10F790002F686F6D652F7A68616F68616E2F6E7567
:10F7A0002D6D6963726F6269742D626173652F7369
:10F7B0006F6674776172652F6E72663532782D626E
:10F7C0006173652F2F73646B2F6E7266355F736480
:10F7D0006B5F31362E302E305F7468726561642F36
:10F7E00065787465726E616C2F6E52462D49454581
:10F7F000452D3830322E31352E342D726164696FCB
:10F800002D6472697665722F7372632F6D61635F09
:10F8100066656174757265732F6E72665F3830321B
:10F820003135345F63736D615F63612E6300216EF8
:10F8300072665F3830323135345F74696D65725F7E
:10F8400073636865645F69735F72756E6E696E6716
:10F8500028266D5F74696D657229006D5F646C792F
:10F860005F6F705F73746174655B525343485F44AC
:10F870004C595F54585D203D3D2065787065637438
:10F8800065645F7374617465002F686F6D652F7AAE
:10F8900068616F68616E2F6E752D6D6963726F623E
:10F8A00069742D626173652F736F66747761726519
:10F8B0002F6E72663532782D626173652F2F7364F7
:10F8C0006B2F6E7266355F73646B5F31362E302E30
:10F8D000305F7468726561642F65787465726E61FB
:10F8E0006C2F6E52462D494545452D3830322E310C
:10F8F000352E342D726164696F2D6472697665727C
:10F900002F7372632F6D61635F66656174757265D5
:10F91000732F6E72665F3830323135345F64656CD8
:10F92000617965645F7472782E6300646C795F6FCF
:10F93000705F73746174655F6765742852534348E0
:10F940005F444C595F52582920213D2044454C4189
:10F950005945445F5452585F4F505F53544154458A
:10F960005F50454E44494E4700646C795F6F705F4D
:10F9700073746174655F67657428525343485F44CC
:10F980004C595F525829203D3D2044454C41594532
:10F99000445F5452585F4F505F53544154455F5336
:10F9A000544F50504544002F686F6D652F7A686141
:10F9B0006F68616E2F6E752D6D6963726F62697409
:10F9C0002D626173652F736F6674776172652F6E38
:10F9D00072663532782D626173652F2F73646B2FD9
:10F9E0006E7266355F73646B5F31362E302E305F1A
:10F9F0007468726561642F65787465726E616C2FCE
:10FA00006E52462D494545452D3830322E31352E22
:10FA1000342D726164696F2D6472697665722F731B
:10FA200072632F6D61635F66656174757265732FB4
:10FA30006E72665F3830323135345F66696C74657A
:10FA4000722E63006D5F74696D65722E6474203C64
:10FA50003D204D41585F52455452595F44454C41F9
:10FA600059002F686F6D652F7A68616F68616E2F1E
:10FA70006E752D6D6963726F6269742D6261736555
:10FA80002F736F6674776172652F6E726635327888
:10FA90002D626173652F2F73646B2F6E7266355FF5
:10FAA00073646B5F31362E302E305F74687265611F
:10FAB000642F65787465726E616C2F6E52462D49A5
:10FAC0004545452D3830322E31352E342D72616446
:10FAD000696F2D6472697665722F7372632F6D6121
:10FAE000635F66656174757265732F6E72665F38E9
:10FAF00030323135345F707265636973655F61639D
:10FB00006B5F74696D656F75742E630028705F6636
:10FB100072616D65203D3D206D705F6672616D653F
:10FB200029207C7C2028216D5F70726F636564756D
:10FB300072655F69735F61637469766529006D5FE3
:10FB400070726F6365647572655F69735F6163741A
:10FB5000697665002F686F6D652F7A68616F6861DF
:10FB60006E2F6E752D6D6963726F6269742D62619F
:10FB700073652F736F6674776172652F6E72663569
:10FB800032782D626173652F2F73646B2F6E7266EE
:10FB9000355F73646B5F31362E302E305F74687260
:10FBA0006561642F65787465726E616C2F6E524664
:10FBB0002D494545452D3830322E31352E342D72A4
:10FBC0006164696F2D6472697665722F7372632F39
:10FBD0006D61635F66656174757265732F61636BD8
:10FBE0005F67656E657261746F722F6E72665F38E3
:10FBF00030323135345F61636B5F646174612E63F1
:10FC000000705F6672616D655B41434B5F524551A9
:10FC1000554553545F4F46465345545D2026204179
:10FC2000434B5F524551554553545F424954002F51
:10FC3000686F6D652F7A68616F68616E2F6E752DC4
:10FC40006D6963726F6269742D626173652F736F82
:10FC50006674776172652F6E72663532782D6261D7
:10FC600073652F2F73646B2F6E7266355F73646BD1
:10FC70005F31362E302E305F7468726561642F6597
:10FC8000787465726E616C2F6E52462D49454545FC
:10FC90002D3830322E31352E342D726164696F2D3E
:10FCA0006472697665722F7372632F6D61635F662C
:10FCB000656174757265732F61636B5F67656E65EF
:10FCC0007261746F722F6E72665F38303231353404
:10FCD0005F61636B5F67656E657261746F722E63DF
:10FCE0000070617273655F726573756C7473002F59
:10FCF000686F6D652F7A68616F68616E2F6E752D04
:10FD00006D6963726F6269742D626173652F736FC1
:10FD10006674776172652F6E72663532782D626116
:10FD200073652F2F73646B2F6E7266355F73646B10
:10FD30005F31362E302E305F7468726561642F65D6
:10FD4000787465726E616C2F6E52462D494545453B
:10FD50002D3830322E31352E342D726164696F2D7D
:10FD60006472697665722F7372632F6D61635F666B
:10FD7000656174757265732F61636B5F67656E652E
:10FD80007261746F722F6E72665F38303231353443
:10FD90005F656E685F61636B5F67656E65726174F6
:10FDA0006F722E6300705F61636B2D3E705F6473D2
:10FDB000745F6164647220213D204E554C4C00708C
:10FDC0005F61636B2D3E6473745F616464725F7323
:10FDD000697A65203D3D20705F6672616D652D3EDC
:10FDE0007372635F616464725F73697A6500705FE8
:10FDF0006672616D652D3E705F7365635F637472DB
:10FE00006C20213D204E554C4C00286D5F61707078
:10FE1000726F7665645F7072696F735B7072656331
:10FE20005D20213D207072696F29207C7C20287024
:10FE300072696F203D3D20525343485F5052494FF5
:10FE40005F49444C4529002F686F6D652F7A6861C2
:10FE50006F68616E2F6E752D6D6963726F62697464
:10FE60002D626173652F736F6674776172652F6E93
:10FE700072663532782D626173652F2F73646B2F34
:10FE80006E7266355F73646B5F31362E302E305F75
:10FE90007468726561642F65787465726E616C2F29
:10FEA0006E52462D494545452D3830322E31352E7E
:10FEB000342D726164696F2D6472697665722F7377
:10FEC00072632F727363682F6E72665F38303231DF
:10FED00035345F727363682E630070726563203C13
:10FEE00020525343485F505245435F434E54007085
:10FEF0005F74696D657220213D204E554C4C002F7A
:10FF0000686F6D652F7A68616F68616E2F6E752DF1
:10FF10006D6963726F6269742D626173652F736FAF
:10FF20006674776172652F6E72663532782D626104
:10FF300073652F2F73646B2F6E7266355F73646BFE
:10FF40005F31362E302E305F7468726561642F65C4
:10FF5000787465726E616C2F6E52462D4945454529
:10FF60002D3830322E31352E342D726164696F2D6B
:10FF70006472697665722F7372632F74696D65722E
:10FF80005F7363686564756C65722F6E72665F3847
:10FF900030323135345F74696D65725F73636865E3
:10FFA000642E630028766F6964202A2974656D7059
:10FFB00020213D20705F63757200705F74696D650C
:10FFC000722D3E63616C6C6261636B20213D204E3B
:10FFD000554C4C00705F63757220213D20705F743A
:10FFE000696D657200705F6E65787420213D2070C8
:10FFF0005F74696D657200216D5F636F6E74696E09
:020000021000EC
:10000000756F7573002F686F6D652F7A68616F6803
:10001000616E2F6E752D6D6963726F6269742D62EA
:100020006173652F736F6674776172652F6E726688
:100030003532782D626173652F2F73646B2F6E726A
:1000400066355F73646B5F31362E302E305F7468B7
:10005000726561642F65787465726E616C2F6E5283
:10006000462D494545452D3830322E31352E342D1B
:10007000726164696F2D6472697665722F73726341
:100080002F727363682F7261616C2F73696E676C76
:10009000655F7068792F73696E676C655F706879EA
:1000A0002E63002F686F6D652F7A68616F68616ECF
:1000B0002F6E752D6D6963726F6269742D62617345
:1000C000652F736F6674776172652F6E7266353255
:1000D000782D626173652F2F73646B2F6E72663596
:1000E0005F73646B5F31362E302E305F74687265DB
:1000F00061642F65787465726E616C2F6E52462D47
:10010000494545452D3830322E31352E342D72611A
:1001100064696F2D6472697665722F7372632F70D4
:100120006C6174666F726D2F68705F74696D657253
:100130002F6E72665F3830323135345F68705F74AD
:10014000696D65722E63007431203C3D2031343579
:1001500033313235002F686F6D652F7A68616F68B3
:10016000616E2F6E752D6D6963726F6269742D6299
:100170006173652F736F6674776172652F6E726637
:100180003532782D626173652F2F73646B2F6E7219
:1001900066355F73646B5F31362E302E305F746866
:1001A000726561642F65787465726E616C2F6E5232
:1001B000462D494545452D3830322E31352E342DCA
:1001C000726164696F2D6472697665722F737263F0
:1001D0002F6E72665F3830323135345F7574696CFA
:1001E000732E68006D5F6F66667365745F636F750D
:1001F0006E74657220262030783031002F686F6D64
:10020000652F7A68616F68616E2F6E752D6D6963F9
:10021000726F6269742D626173652F736F66747794
:100220006172652F6E72663532782D626173652F4B
:100230002F73646B2F6E7266355F73646B5F31363C
:100240002E302E305F7468726561642F6578746536
:10025000726E616C2F6E52462D494545452D3830E2
:10026000322E31352E342D726164696F2D647269BE
:100270007665722F7372632F706C6174666F726D26
:100280002F6C705F74696D65722F6E72665F3830A7
:10029000323135345F6C705F74696D65725F6E6F9B
:1002A0006472762E63000000000000000000000071
:1002B0000338FDD87047000000C001400000000076
:1002C0008AE20000CAE200000000000023E3000010
:1002D0006CE30000B5E30000000000000000000037
:1002E000FEE3000014E400007FE40000EAE4000004
:1002F0002BE500006CE5000000000000000000009D
:100300008AE20000AFE5000008E600008FE600008A
:1003100000000000000000000000000000000000DD
:10032000C3E60000F5E60000000000000000000049
:100330000338FDD870471C0B1F251E15160F181308
:100340000338FDD870470000F1080000B109000033
:10035000ED080000FFFFFFFFFFFFFFFFFFFFFFFFB4
:10036000FFFFFFFF00000000000000000000D601BA
:100370000701000000000000000000000000000075
:100380000338FDD870473031323334353637383999
:100390004142434445460000E80C00207F00000035
:1003A000D00C0020DAEA00001BEB0000E2EA0000BB
:1003B00023EB00002BEB000033EB00003BEB0000D5
:1003C00043EB00004BEB0000000000000EE40000D7
:1003D00053EB00005BEB000060EB0000000000004E
:1003E000E1EB000001000000EDEB00000200000066
:1003F0000BEC0000030000002CEC000004000000E7
:100400003FEC00000500000050EC0000060000007A
:1004100064EC0000070000007CEC00000800000015
:1004200094EC000009000000ACEC00000A000000A1
:10043000C5EC00000B000000DDEC00000C0000002B
:10044000F4EC00000D00000008ED00000E000000BC
:100450001AED00000F00000029ED00001000000060
:100460003DED00001100000054ED00008000000090
:1004700063ED00008100000084ED000082000000B8
:10048000A0ED000083000000BCED0000840000002F
:10049000DAED000085000000FBED000086000000A2
:1004A00020EE00009000000037EE000091000000F8
:1004B00055EE00009200000073EE00000082000084
:1004C00088EE000001820000A6EE0000028200001B
:1004D000C2EE000000840000DEEE00000184000097
:1004E00002EF0000028400002CEF000003840000F3
:1004F00051EF0000556E6B6E6F776E206572726FF4
:100500007220636F646500000D3400001D3400002C
:100510006E72665F3830323135345F62756666659B
:10052000725F667265655F726177006972715F659F
:100530006E645F73746174655F72785F61636B0092
:100540006972715F62636D617463685F7374617413
:10055000655F7278006972715F68616E646C657264
:10056000006E72665F3830323135345F636F7265AA
:100570005F6E6F746966795F6275666665725F66E5
:100580007265650066656D5F666F725F74785F7235
:10059000657365740063757272656E745F6F706504
:1005A000726174696F6E5F7465726D696E61746596
:1005B00000636F6E745F707265635F64656E69651A
:1005C00064006368616E6E656C5F73657400636F71
:1005D0006E745F707265635F617070726F76656470
:1005E00000000000D5590000615F0000000000001D
:1005F000C159000031600000000000009559000062
:10060000B15F00004D5A0000000000006E72665F8E
:100610003830323135345F637269746963616C5F9D
:1006200073656374696F6E5F6163746976655F7625
:100630006563746F725F7072696F726974795F67F6
:100640006574006E72665F3830323135345F6372C4
:1006500069746963616C5F73656374696F6E5F6E03
:10066000657374696E675F64656E79006E72665F4C
:100670003830323135345F637269746963616C5F3D
:1006800073656374696F6E5F6E657374696E675FBF
:10069000616C6C6F7700637269746963616C5F731E
:1006A000656374696F6E5F65786974006E72665F0A
:1006B0003830323135345F637269746963616C5FFD
:1006C00073656374696F6E5F666F72636566756C80
:1006D0006C795F656E7465720063726974696361D9
:1006E0006C5F73656374696F6E5F656E74657200CD
:1006F000D8ECF0F4F8FC00020304050607086E725B
:10070000665F3830323135345F74696D65725F63AE
:100710006F6F72645F74696D657374616D705F672C
:100720006574006E72665F3830323135345F6373E2
:100730006D615F63615F74785F7374617274656427
:100740005F686F6F6B006E72665F383032313534C0
:100750005F64656C617965645F7472785F61626F14
:100760007274006473745F616464725F636865636C
:100770006B00FFFF00FFFFFFFFFFFFFF02FFFFFF18
:10078000086E72665F3830323135345F61636B5F9B
:1007900074696D656F75745F74785F6661696C65A7
:1007A000645F686F6F6B006E72665F383032313530
:1007B000345F61636B5F74696D656F75745F7278C8
:1007C0005F61636B5F737461727465645F686F6FA0
:1007D0006B006E72665F3830323135345F61636B47
:1007E0005F74696D656F75745F7472616E736D6946
:1007F000747465645F686F6F6B0074696D656F75A5
:10080000745F74696D65725F7265747279006E727F
:10081000665F3830323135345F61636B5F646174B9
:10082000615F70656E64696E675F6269745F73684B
:100830006F756C645F62655F736574006164647298
:100840005F696E6465785F66696E64006E72665F8C
:100850003830323135345F61636B5F67656E657266
:1008600061746F725F63726561746500736563754F
:10087000726974795F636F6E74726F6C5F736574A5
:100880000064657374696E6174696F6E5F7365741B
:10089000006672616D655F636F6E74726F6C5F731B
:1008A0006574006E72665F3830323135345F727352
:1008B00063685F707265635F69735F617070726FA8
:1008C00076656400707265635F617070726F7665E3
:1008D000645F7072696F5F7365740074696D6572CF
:1008E0005F72656D6F7665006E72665F38303231AB
:1008F00035345F74696D65725F73636865645F61E9
:100900006464006E72665F7261616C5F74696D65CC
:10091000736C6F745F72657175657374006E726667
:100920005F7261616C5F636F6E74696E756F757312
:100930005F6D6F64655F65786974006E72665F7283
:1009400061616C5F636F6E74696E756F75735F6DF7
:100950006F64655F656E746572006E72665F3830D5
:10096000323135345F68705F74696D65725F7379B9
:100970006E635F74696D655F676574004E52465FB4
:100980003830323135345F55535F544F5F525443E2
:100990005F5449434B53006F766572666C6F775FA7
:1009A000636F756E7465725F6765740000000000A8
:1009B00000000100400100000000010001000000F3
:1009C0000000020044010000000002002C206675B7
:1009D0006E6374696F6E3A20000000006173736586
:1009E0007274696F6E2022257322206661696C65BE
:1009F000643A2066696C6520222573222C206C697C
:100A00006E65202564257325730A0000494E460053
:100A1000696E66004E414E006E616E0030313233B9
:100A200034353637383941424344454600000000EA
:100A30003031323334353637383961626364656654
:100A400000000000286E756C6C290000300000006A
:100A5000496E66696E697479000000004E614E004F
:100A600042616C6C6F632073756363656564656474
:100A7000000000002E2E2F2E2E2F2E2E2F2E2E2F4A
:100A80002E2E2F2E2E2F6E65776C69622F6C696269
:100A9000632F7374646C69622F64746F612E6300DA
:100AA0002E2E2F2E2E2F2E2E2F2E2E2F2E2E2F2E61
:100AB0002E2F6E65776C69622F6C6962632F737479
:100AC000646C69622F6D707265632E6300000000B4
:100AD00043000000504F5349580000002E00000012
:100AE00000202020202020202020282828282820FE
:100AF00020202020202020202020202020202020F6
:100B0000208810101010101010101010101010105D
:100B1000100404040404040404040410101010104D
:100B20001010414141414141010101010101010117
:100B30000101010101010101010101011010101069
:100B400010104242424242420202020202020202E9
:100B5000020202020202020202020202101010103D
:100B60002000000000000000000000000000000065
:100B70000000000000000000000000000000000075
:100B80000000000000000000000000000000000065
:100B90000000000000000000000000000000000055
:100BA0000000000000000000000000000000000045
:100BB0000000000000000000000000000000000035
:100BC0000000000000000000000000000000000025
:100BD0000000000000000000000000000000000015
:100BE0000000000020202020202020202020202085
:100BF0002020202030303030303030303030303035
:100C000030303030202020202020202020202020A4
:100C10002020202030303030303030303030303014
:100C200030303030000000000500000019000000E6
:100C30007D00000000000000000000000000F03F08
:100C400000000000000024400000000000005940A7
:100C50000000000000408F40000000000088C340FA
:100C600000000000006AF8400000000080842E416F
:100C700000000000D01263410000000084D79741BB
:100C80000000000065CDCD41000000205FA00242C1
:100C9000000000E876483742000000A2941A6D4236
:100CA000000040E59C30A2420000901EC4BCD64229
:100CB00000003426F56B0C430080E03779C34143D4
:100CC00000A0D8855734764300C84E676DC1AB434A
:100CD000003D9160E458E143408CB5781DAF154468
:100CE00050EFE2D6E41A4B4492D54D06CFF0804443
:100CF000F64AE1C7022DB544B49DD9794378EA4458
:100D0000BC89D897B2D29C3C33A7A8D523F64939E1
:100D10003DA7F444FD0FA5329D978CCF08BA5B2503
:100D2000436FAC642806C80A0080E03779C34143AA
:100D3000176E05B5B5B89346F5F93FE9034F384D41
:100D4000321D30F94877825A3CBF737FDD4F1575ED
:100D50001000000000000000017A5200027C0E0129
:100D60001B0C0D001C00000018000000D467FFFFE2
:100D7000D800000000410E088501840202490A4A99
:100D8000C5C4410B1000000000000000017A5200B1
:100D9000027C0E011B0C0D00140000001800000066
:100DA000286BFFFF340100000002710A430B0000B2
:100DB0001000000000000000017A5200027C0E01C9
:100DC0001B0C0D003800000018000000B486FFFF67
:100DD0009E00000000510E108404850386028701E6
:100DE0005BC7C6C5C40E004C0A420B0A420B0E106C
:100DF000840485038602870151C7C6C5C40E00005E
:040E000000000000EE
:100E040072EF00000000000079EF00000000000015
:100E1400EEEF00000000000029F1000000000000D7
:100E24002DF1000000000000A1F10000000000000E
:100E3400A6F10000000000001AF20000000000000B
:100E44008DF200000000000001F30000000000002B
:100E5400D6EA000000000303DDE800000000000003
:080E6400D8EB000000000000C3
:100E6C00680D0020300E0020380E0020700D002080
:040E7C00180000005A
:100E800048030100000000003BEA000024000020AD
:080E9000F8F3FE7F01000000F1
:100E980028070020040000000000000000000000F7
:100EA800000000000020004000000000002000407A
:100EB8000000000000000000FF000000D200000059
:100EC8000090D00300000000400000200000000057
:100ED80000000000281B0020901B0020F81B0020A9
:100EE80000000000000000000000000000000000FA
:100EF80000000000000000000000000000000000EA
:100F080000000000000000000000000000000000D9
:100F180000000000000000000000000000000000C9
:100F280000000000000000000000000000000000B9
:100F380000000000000000000000000000000000A9
:100F48000000000000000000000000000000000099
:100F58000000000000000000000000000000000089
:100F68000000000000000000010000000000000078
:100F78000E33CDAB34126DE6ECDE05000B0000003D
:100F88000000000000000000000000000000000059
:100F98000000000000000000000000000000000049
:100FA8000000000000000000000000000000000039
:100FB8000000000000000000000000000000000029
:100FC8000000000000000000000000000000000019
:100FD8000000000000000000000000000000000009
:100FE80000000000000000000000000000000000F9
:100FF8000000000003000000281B00200000000083
:1010080000000000000000007001002070010020B6
:101018007801002078010020800100208001002054
:101028008801002088010020900100209001002004
:101038009801002098010020A0010020A0010020B4
:10104800A8010020A8010020B0010020B001002064
:10105800B8010020B8010020C0010020C001002014
:10106800C8010020C8010020D0010020D0010020C4
:10107800D8010020D8010020E0010020E001002074
:10108800E8010020E8010020F0010020F001002024
:10109800F8010020F80100200002002000020020D2
:1010A8000802002008020020100200201002002080
:1010B8001802002018020020200200202002002030
:1010C80028020020280200203002002030020020E0
:1010D8003802002038020020400200204002002090
:1010E8004802002048020020500200205002002040
:1010F80058020020580200206002002060020020F0
:10110800680200206802002070020020700200209F
:10111800780200207802002080020020800200204F
:1011280088020020880200209002002090020020FF
:101138009802002098020020A0020020A0020020AF
:10114800A8020020A8020020B0020020B00200205F
:10115800B8020020B8020020C0020020C00200200F
:10116800C8020020C8020020D0020020D0020020BF
:10117800D8020020D8020020E0020020E00200206F
:10118800E8020020E8020020F0020020F00200201F
:10119800F8020020F80200200003002000030020CD
:1011A800080300200803002010030020100300207B
:1011B800180300201803002020030020200300202B
:1011C80028030020280300203003002030030020DB
:1011D800380300203803002040030020400300208B
:1011E800480300204803002050030020500300203B
:1011F80058030020580300206003002060030020EB
:10120800680300206803002070030020700300209A
:10121800780300207803002080030020800300204A
:1012280088030020880300209003002090030020FA
:101238009803002098030020A0030020A0030020AA
:10124800A8030020A8030020B0030020B00300205A
:10125800B8030020B8030020C0030020C00300200A
:10126800C8030020C8030020D0030020D0030020BA
:10127800D8030020D8030020E0030020E00300206A
:10128800E8030020E8030020F0030020F00300201A
:10129800F8030020F80300200004002000040020C8
:1012A8000804002008040020100400201004002076
:1012B8001804002018040020200400202004002026
:1012C80028040020280400203004002030040020D6
:1012D8003804002038040020400400204004002086
:1012E8004804002048040020500400205004002036
:1012F80058040020580400206004002060040020E6
:101308006804002068040020700400207004002095
:101318007804002078040020800400208004002045
:1013280088040020880400209004002090040020F5
:101338009804002098040020A0040020A0040020A5
:10134800A8040020A8040020B0040020B004002055
:10135800B8040020B8040020C0040020C004002005
:10136800C8040020C8040020D0040020D0040020B5
:10137800D8040020D8040020E0040020E004002065
:10138800E8040020E8040020F0040020F004002015
:10139800F8040020F80400200005002000050020C3
:1013A8000805002008050020100500201005002071
:1013B8001805002018050020200500202005002021
:1013C80028050020280500203005002030050020D1
:1013D8003805002038050020400500204005002081
:1013E8004805002048050020500500205005002031
:1013F80058050020580500206005002060050020E1
:101408006805002068050020FFFFFFFF00000200BC
:101418004300000000000000000000000000000081
:1014280000000000000000000000000000000000B4
:101438004300000000000000000000000000000061
:101448000000000000000000000000000000000094
:101458004300000000000000000000000000000041
:101468000000000000000000000000000000000074
:101478004300000000000000000000000000000021
:101488000000000000000000000000000000000054
:101498004300000000000000000000000000000001
:1014A8000000000000000000000000000000000034
:1014B80043000000000000000000000000000000E1
:1014C8000000000000000000000000000000000014
:1014D80043000000000000000000000000000000C1
:1014E80000000000000000000000000000000000F4
:1014F80041CC00005DCB000000000000E00A0100C4
:10150800DC0A0100D8090100D8090100D809010046
:10151800D8090100D8090100D8090100D80901003B
:10152800D8090100D8090100FFFFFFFFFFFFFFFFF7
:10153800FFFFFFFFFFFF000001004153434949003F
:101548000000000000000000000000000000000093
:10155800000000000000000000004153434949001A
:101568000000000000000000000000000000000073
:101578000000000000000000000000005DBD000049
:0C15880069020000A508000041020000FC
:04000003000074ADD8
:00000001FF
