:10000000000002201175000039750000350E000057
:100010003D7500003F7500004175000000000000C4
:100020000000000000000000000000004375000018
:10003000457500000000000047750000497500008C
:10004000B36C0000094900008D2200007D2B0000E8
:100050008D2B00004B750000F120000041270000AF
:10006000A9290000B92900004B7500004B7500005C
:100070004B7500004B7500004B7500004B75000080
:100080004B750000610A00004B7500004B750000C5
:10009000FD0A00004B7500004B7500004B75000019
:1000A0004B7500004B7500004B7500004B75000050
:1000B000092700004B750000000000000000000050
:1000C0004B750000192700004B750000F92800004F
:1000D000617200004B7500004B7500004B7500000D
:1000E00029340000000000000000000000000000B3
:1000F000000000004B750000000000004B75000080
:1001000000000000000000000000000000000000EF
:1001100000000000000000000000000000000000DF
:1001200000000000000000000000000000000000CF
:1001300000000000000000000000000000000000BF
:1001400000000000000000000000000000000000AF
:10015000000000000000000000000000000000009F
:10016000000000000000000000000000000000008F
:10017000000000000000000000000000000000007F
:10018000000000000000000000000000000000006F
:10019000000000000000000000000000000000005F
:1001A000000000000000000000000000000000004F
:1001B000000000000000000000000000000000003F
:1001C000000000000000000000000000000000002F
:1001D000000000000000000000000000000000001F
:1001E000000000000000000000000000000000000F
:1001F00000000000000000000000000000000000FF
:100200000348044B834202D0034B03B118477047A5
:10021000F4090020F4090020000000000548064908
:100220000B1AD90F01EBA301491002D0034B03B104
:1002300018477047F4090020F4090020000000006E
:1002400010B5064C237843B9FFF7DAFF044B13B11E
:100250000448AFF300800123237010BDF80900208B
:10026000000000000814010008B5044B1BB104494C
:100270000448AFF30080BDE80840CFE7000000006D
:10028000FC09002008140100A3F5803A704700BF64
:10029000154B002B08BF114B9D46FFF7F5FF0021C2
:1002A0008B460F461148124A121A07F02FFB0C4BCF
:1002B000002B00D098470B4B002B00D09847002014
:1002C000002104000D000B4807F066F907F0B2F9B1
:1002D0002000290000F010F807F064F90000080081
:1002E000000000000000000000000220F8090020CB
:1002F000641E0020C57500001FB5204807F068FB8C
:1003000000F0B2F800F089F81D4807F061FB03F037
:100310004CFB1C4807F05CFB0B2003F033FB002078
:1003200003F08CFB012003F087FB4AF6CD3301A8D4
:10033000ADF8043003F035FB134807F049FB134ACE
:100340001068516802AB03C302A803F02CFB03F052
:1003500051FB80B10E480F4C07F03AFB44F001040A
:10036000022000F099F84FF47A754FF47A40A047D4
:10037000013DFAD1F4E70848EDE700BFECEA0000E0
:10038000FCEA000011EB000021EB000068EB00002C
:1003900034EB000080EB00004AEB000010B503686E
:1003A000292B044604D9074940F2CD1000F05CFD2A
:1003B00023681F2B83BF03F01F03034823604FF004
:1003C000A04010BD86EB00000003005007B501906F
:1003D00001A8FFF7E3FF019A01239340C0F80C3511
:1003E00003B05DF804FB07B5019001A8FFF7D6FF45
:1003F000019A01239340C0F8083503B05DF804FB6F
:1004000007B5019001A8FFF7C9FF019A01239340A6
:10041000C0F8183503B05DF804FB08B50E20FFF7EF
:10042000EFFF2520FFF7ECFF0B20FFF7E9FF0A2085
:10043000FFF7E6FF0E20FFF7C9FF2520FFF7C6FFF5
:100440000B20FFF7C3FF0A20FFF7C0FF1E20FFF7B6
:10045000D7FF0C20FFF7D4FF1E20FFF7B7FFBDE842
:1004600008400C20FFF7B2BF09490A4840F20233A6
:100470000B8041F604734B8004234B714FF47A7365
:100480000B81022300224B818A7102F00FB800BF5A
:10049000140A0020CCEB0000012870B524D00228FB
:1004A0003CD000284FD10E20274CFFF79CFF252081
:1004B00048F2F415FFF78AFF0B202580FFF793FF22
:1004C0000A20FFF783FF1E206580FFF78CFF0C20BA
:1004D000A580FFF77BFFE580BDE870401B491C4805
:1004E0000223012202F0BEB8174D2520FFF77BFF43
:1004F00048F2F4160E20FFF769FF0A202E80FFF75E
:1005000072FF0B20FFF762FF6E801E20FFF75EFF79
:10051000AE800C20FFF767FFEE80DDE70A4D0E206E
:10052000FFF761FF48F2F4162520FFF74FFF2E80FA
:100530000A20FFF758FF0B20FFF748FF6E801E20B0
:10054000FFF751FFE4E770BD200A00200000002003
:10055000CCEB000070B54FF0A0420446D2F8043551
:100560000F48104ED94301F4801103F48013C2F8F0
:100570000815C2F80C3507F02BFA00252378023B4A
:10058000AB4207DC084807F023FA2046BDE870407C
:1005900003F036BA615D304607F01AFA0135EDE72F
:1005A000D4EB0000DFEB0000E5EB000010B50368C2
:1005B000292B044604D9074940F2CD1000F054FC21
:1005C00023681F2B83BF03F01F03034823604FF0F2
:1005D000A04010BD86EB00000003005007B501905D
:1005E00001A8FFF7E3FF019A01239340C0F80C35FF
:1005F00003B05DF804FB07B5019001A8FFF7D6FF33
:10060000019A01239340C0F8083503B05DF804FB5C
:1006100038B5054D044645F001054FF47A40A8472A
:10062000013CFAD138BD00BFC0F200002DE9F34112
:100630003D4F3E4E0524022517F8013B019301A8CA
:10064000FFF7B4FF019B03F5E07340F8235001A8C6
:1006500016F8013B0193FFF7A9FF019B03F5E07337
:10066000013C40F82350E7D1152501A80195FFF77B
:100670009DFF019B03F5E07340F2032640F82360E1
:10068000132401A80194FFF791FF019B03F5E07388
:1006900040F2031840F823601C2601A80196FFF7DA
:1006A00085FF019B03F5E0731E2740F8238001A816
:1006B0000197FFF77BFF019B03F5E07340F8238070
:1006C0002846FFF798FF2046FFF795FF3046FFF7D3
:1006D00085FF3846FFF782FF1C20FFF77FFF1E20B3
:1006E000FFF77CFF4FF4FA70FFF792FF1C20FFF733
:1006F00082FF1E20FFF77FFF3220FFF789FF1C20BB
:10070000FFF76CFF1E20FFF769FF4FF4FA70FFF749
:100710007FFF1C20FFF76FFF1E20FFF76CFFFA2002
:10072000FFF776FFD8E700BF49F2000044F200006F
:100730007FB506460D46144672B601F043FA01F045
:1007400081F80028FBD1134807F042F944F2010375
:100750009E420AD044F202039E4215D1228861686B
:100760000D4807F035F9FFF761FFA16803910846CE
:1007700001F062FC236801950093024663680399C7
:10078000064807F025F9EEE72946054807F020F965
:10079000E9E700BFE8EB000001EC00001CEC000002
:1007A00046EC00002DE9F743054601F00BFA01F095
:1007B00049F80028FBD12A4C2A482B4B241AE4087C
:1007C00024049E6A44F00104002D44D0AA692749FC
:1007D000204601F0A9F9EB680193AB680093D5E9D5
:1007E00000232349204601F0B4F9EB690093D5E9D1
:1007F00004232049204601F0A0F91B4BDB6A99072E
:1008000003D51D49204601F08BF9DFF87C80DFF825
:100810007C900025012707FA05F3334206D058F8EB
:1008200025201AB14946204601F07EF901351A2DDE
:10083000F1D1320605D50C4B10495A6B204601F018
:1008400073F9330405D5084B0D499A6B204601F026
:100850006BF9FFF7EBFE0B49204601F061F9CCE79D
:100860005C1401000C14010000ED00E060EC0000DD
:1008700075EC0000AAEC000005ED000054ED00004E
:1008800074ED0000D2EC000050F2000049ED0000D1
:1008900070477047704770477047704738B50E4BC8
:1008A0001B680021986807F0CDF84FF40041002044
:1008B00000F06EFF18B1094A142100F0BBF8084D92
:1008C00000F08EFE0A2445F001054FF47A40A84757
:1008D000013CFAD138BD00BF38000020C6F200004C
:1008E00020F300007047000007B5044B0093044A52
:1008F000402300F013FE03B05DF804FB590900002B
:10090000290A002030B50F4D0FCD89B06C460FC4B9
:1009100095E80F0084E80F0006222823CDE9002384
:1009200009480A4B06930022694600F0ABFB18B158
:10093000074A462100F07EF8064B00221A7009B0E3
:1009400030BD00BF7CF300001000002000509D006F
:1009500026F30000280A002038B50E480E4C0F4D33
:10096000002323700378EB5CD2B273B1043002F041
:10097000E3FE18B10A4A562100F05CF8094B1A78D8
:1009800012B12378002BFBD038BD0C3002F078FB7D
:10099000EFE700BF10000020690A0020A40B002030
:1009A00026F30000280A002008B50848084A037802
:1009B000D35C33B1043002F03DFEBDE80840FFF7E0
:1009C000A1BF0C3002F0F0FAF7E700BF10000020E2
:1009D000A40B0020FFF796BF10B50848D4B20378E7
:1009E000074AD35C224623B1043002F0A5FE20461C
:1009F00010BD0C3002F044FBF9E700BF10000020EE
:100A0000A40B002008B50948094A0378D35C0122E9
:100A100043B1043002F00CFF00280CBF01204FF05E
:100A2000FF3008BD0C3002F09BFBF5E71000002002
:100A3000A40B002000B583B002900091019244F213
:100A4000010071466A46FFF773FE03B000BD000067
:100A5000024B4FF43C6043F001031847B0F3000031
:100A6000F8B51F491F4B0025C1F84051C1F844514A
:100A7000C1F84851C1F84C51C1F80051C1F80451B6
:100A80001B684BB3D1F8044517490968641A24F070
:100A90007F442F461A68A24209D8A41A15441A7C2A
:100AA000DE691AB1D3E905201F749047AEB90F4A29
:100AB0000F4B11781B788B4205D10133DBB2022B2F
:100AC00008BF0023137012780A4B43F822500A4BD8
:100AD0004FF48012C3F80021F8BD3346DAE700BFB7
:100AE000001001408C0B0020880B0020850B00209B
:100AF000840B00207C0B002000E100E02DE9F04F8A
:100B0000A14AA24913780978A14D994285B03CD0F9
:100B10000133DBB2022B08BF002313709D4912780A
:100B20009D4B0F6853F822003B1823F07F430022AF
:100B30000B602B6816461446944613B942B12B60DD
:100B400006E0196881420ED902B12B60091A1960BA
:100B500001272B68DFF848A201934FF00008BEB9C7
:100B6000DFF844B262E0401A0C44D968D3F81CE0C4
:100B7000C3F800C031B13A1922F07F42C3E9012124
:100B8000DE611E4673460122D7E700263746E0E7BE
:100B90003446F6697F4B60681B68DFF810C2A168B5
:100BA000C21A22F07F42624500F2A8800A44226005
:100BB000012222742A680023C4E90133E361002A78
:100BC00040F0A5802C60CAE79BF802105A1CD2B2F4
:100BD00091428BF8002004BF00228BF800201822DD
:100BE00002FB03B32A6819799C68022977D003298C
:100BF00000F08180012919D1207CB8B9D9686160E1
:100C00001A69A2605A69E2609B69A361634B1B7811
:100C1000002B18BF01466160BCE78C4200F0918058
:100C20008946C9690029F8D1002323749BF8003054
:100C30009BF801209A42C7D12B68B8F1000F04D16C
:100C4000019A9A4201D1002F43D0002B41D0D3F812
:100C500000A0534D4F4BD5F804751C68DFF8508148
:100C60003E1B98F8003026F07F4603369BB94FF4C0
:100C70008033C5F84433C5F804334A4B4FF400328F
:100C8000C3F880211A604FF00109C5F80090FFF702
:100C9000DFFE88F80090B2452CBF5444A41924F01C
:100CA0007F44C5F84045D5F80435DB1B23F07F436E
:100CB000E41B033324F07F44A3420AD9D5F804355A
:100CC000C5F84035FFF7C4FE364B4FF40032C3F889
:100CD0000021324B00221A7005B0BDE8F08F11469A
:100CE00091469FE71174D2690123002AFAD1002BA3
:100CF0009CD02A609AE700231946F6E71B1A23F0D6
:100D00007F438B4234BFCB1A0023236050E7216816
:100D10001368994213D85B1A1360E26152E7091A0B
:100D2000D8691A4638B1034618688842F7D3401A82
:100D30001860184613462160E061DC610FE7134636
:100D4000F2E74C4511D1D3692B6073B9DFF844E069
:100D50000120CDE90212CAF80800CEF800300F4B8E
:100D60001870FFF775FEDDE902120B68C969C9F852
:100D70001C1011B1086803440B602B68934218BF24
:100D80004FF0010850E700BF840B0020850B0020C6
:100D90008C0B0020880B00207C0B0020780B00209F
:100DA0000010014000E100E06C0A0020FEFF7F001F
:100DB000790B002072B6024A136801331360704742
:100DC000900B0020034A1368013B136003B962B61D
:100DD000704700BF900B0020EFF30583C3F30803B7
:100DE0002BB9EFF31480C04300F0010070470120DD
:100DF0007047000008B5FFF7EFFF012803D0044952
:100E0000432000F031F8BDE80840FFF7D3BF00BF32
:100E1000B6F3000008B5FFF7DFFF012803D004494F
:100E2000512000F021F8BDE80840FFF7CBBF00BF1C
:100E3000B6F300001EF0040F1CBFEFF309800AE0B8
:100E4000EFF308800549064A884201D8904202D84B
:100E50008D464FF00000034B1847000000000220B1
:100E600000E00120A507000007B5ADF800000191E2
:100E70006A46002144F20200FFF75AFC03B05DF815
:100E800004FB10B5034653E8000F0A4643E800246C
:100E900094F0000FF7D110BD10B5034653E8002FB2
:100EA00042EA010043E8000494F0000FF6D110BDBF
:100EB00010B5034653E8000F00EA010243E800249E
:100EC00094F0000FF6D110BD10B5034653E8002F83
:100ED00002EB010043E8000494F0000FF6D110BDCE
:100EE00010B5034653E8002FA2EB010043E80004CD
:100EF00094F0000FF6D110BD0121FFF7CDBF002106
:100F0000FFF7D6BF10B50446002834D003681BB9DC
:100F10001A49FF20FFF7A8FF636823B917494FF468
:100F20008070FFF7A1FFA36823B9144940F20110B4
:100F3000FFF79AFFE36823B910494FF48170FFF778
:100F400093FF238A23B90D4940F20310FFF78CFF6A
:100F5000D4E9012321689B1ADBB20A60013BDBB2B2
:100F6000FF2B226802D10020107110BD1168481CAF
:100F700010600B70F2E70E20F7E700BF0BF40000E3
:100F800038B5044620B912494FF49270FFF76CFF50
:100F90000020FFF72FFF2268616813688B4215D984
:100FA000591E116013F8013C228AE56802FB0355C3
:100FB0002268A36811685B1A1179DBB2994200D2EA
:100FC00013710020FFF726FF284638BD0025F8E7FB
:100FD0000BF4000038B50C46054620B90E4940F226
:100FE0004710FFF741FF24B90B494FF4A470FFF7F6
:100FF0003BFF0020FFF7FEFE2A681368591C1160B2
:10100000E968641A298AB4FBF1F41C70BDE8384021
:101010000020FFF7FFBE00BF0BF400001FB50378F0
:101020008DF800304368019383688DF80830C368F9
:10103000054A0393054B684653F8213052F82110B6
:10104000984705B05DF804FB940B00209C0B002032
:101050001FB503788DF800304368019383688DF8DD
:101060000830C368054A0393054B684653F821309E
:1010700052F82110984705B05DF804FB940B00204E
:101080009C0B0020F0B5194B90F800C0DFF86CE025
:1010900043F82C20164B16460A6943F82C204B7F48
:1010A0000EF80C300C4607460FCC89B06D460FC5C4
:1010B00094E80F0085E80F003B78CDF810C01EF8CB
:1010C00003304BB1002E0B4A694608BF3246381D2B
:1010D00002F0B2F909B0F0BD002E074A694608BF18
:1010E000324607F10C0001F06FFEF3E79C0B002085
:1010F000940B00201D10000051100000A40B0020D4
:1011000010B5044618B906493120FFF7ADFEA268B4
:101110002AB163692168206998470023A36010BD44
:1011200061F400000EB433B5059D044618B91149A9
:101130004220FFF799FE63691BB90E494320FFF770
:1011400093FE23681BB90B494420FFF78DFE6368AB
:101150001BB908494520FFF787FE35B106AB01AA48
:1011600029462046019300F071F802B0BDE83040F6
:1011700003B0704761F40000826830B40468551C05
:101180008560A154D0E901329A4202D330BCFFF706
:10119000B7BF30BC704700002DE9F84F9846DDE935
:1011A0000A43154682460F460A464FF00109AA42F5
:1011B0000FD2C14538BFC14613F0010B01D16CB944
:1011C00000240126B8F1010F1BD908F1FF386E4346
:1011D000F8E709F10109B2FBF5F2E8E79B070ED544
:1011E000B8F1000F0CBF30262026A145E9D2013C02
:1011F00031465046FFF7C0FF002CF6D1E0E720262D
:10120000F3E7B7FBF6F39D42E1D9DFF83C80B7FB8B
:10121000F6F3504618F8031006FB1377FFF7ACFF00
:101220003346AB42B6FBF5F6F1D2BBF1000F02D06C
:101230000CB1A14501D3BDE8F88F20215046013CF7
:10124000FFF79AFFF4E700BFF4F400002DE9F74F31
:1012500088461746054620B9AF4940F25220FFF7AD
:1012600003FE6B6923B9AC494FF41570FFF7FCFD21
:101270002B6823B9A84940F25520FFF7F5FD6B68AC
:1012800023B9A54940F25620FFF7EEFDB8F1000F53
:1012900000F03E8118F8011B49B92B7B002B00F0B0
:1012A0003781284603B0BDE8F04FFFF729BF252955
:1012B00040F0B780002698F800302D2B424608F108
:1012C000010823D0302B24D02B2B25D000242A2B0F
:1012D00002F1010123D13B681A1D3A601B680A46DE
:1012E0001C4413782E2B26D101324FF0000A1046F1
:1012F00010F8011BA1F1300CBCF1090F1DD80A2315
:1013000003FB0A13A3F1300A0246F0E746F0010698
:10131000D1E746F00206CEE746F00406CBE711F827
:10132000013CA3F130000928DBD80A2202FB043477
:10133000303C0A46CBE74FF0000A12F8011B01F0DF
:10134000FB0068289046F8D0782909D86F290CD876
:10135000632962D022D8252963D0582900F08880DB
:1013600098F80030002B95D197E770390829F7D805
:1013700001A353F821F000BFEB140000611300003B
:101380006113000081140000611300005F1400006D
:10139000611300006113000071140000642901D082
:1013A0006929DDD13A68111D3960D2F8009089EAC7
:1013B000E972A2EBE9724FF0010B092A35DCD34543
:1013C00038BFD3462CB1B9F1000F01DB720700D54D
:1013D000013CB30702D5BAF1000F03D0F00701D4E6
:1013E0004CBB0024B9F1000F2DDAC9F100092D2101
:1013F0002846FFF7C1FE06F00302022A04D1BAF123
:10140000000F01D11CBB0024CDE9004653460A223F
:1014100049462846FFF7C0FEA2E73B681A1D3A601E
:1014200019782846FFF7A8FE9AE70A230BF1010B6B
:10143000B2FBF3F2C1E7A345D4D220212846013CF8
:10144000FFF79AFECCE77107D5D52B21D0E7A3454E
:10145000DAD230212846013CFFF78EFED2E7396808
:10146000CDE900460A1D3A6053460A220968D0E7D2
:1014700039680A1D3A60CDE9004653461022F5E767
:101480003B681A1D3A6016F00106D3F8009024D18B
:10149000B9F1000F03D0484606F0B2FB0646B4424D
:1014A0001DD809F1FF3919F8011F00293FF458AF81
:1014B0002846FFF761FEF6E728460136FFF75CFE97
:1014C00019F806100029F7D1A642BFF449AF202130
:1014D0002846013CFFF750FEF6E70026F0E7202102
:1014E0002846013CFFF748FED9E73B681A1D3A60E1
:1014F000302128461C68FFF73FFE78212846FFF779
:101500003BFE00220823CDE900322146102280E76D
:1015100003B0BDE8F08F00BFA7F40000F0B595B0B0
:101520001D46164608460C4600F01FFD1A9B0D93FB
:10153000CDE9086500252B46082205A920460A9515
:101540008DF82C500C9500F037FD079B0293069BFD
:1015500003939DF814308DF8115003F00302012A13
:101560001DD1BDF81420059DC3F3C203C2F3831639
:101570008DF81030B20008230EA9204600F01CFDA3
:10158000C5F3952508AB0093324602AB0EA9284659
:1015900000F08CFB204600F0ECFC15B0F0BD022AF8
:1015A000F8D1BDF81650C3F3C203C5F389158DF801
:1015B00010300827082D2E4628BF08263B46324605
:1015C0000EA9204600F0F8FCAD1B08AB02AA31467C
:1015D0000EA8374400F0CEFB002DEBD1DAE7000077
:1015E00008B5FFF7F7F90748042100F0C1FA002811
:1015F00003DA05494820FFF737FC044B01225A71F2
:1016000008BD00BF8814010004F50000240000207C
:10161000037813F0040216D003F00303012B03D068
:10162000022B09D0012070470A6800880232C0F3FB
:10163000831002440A60F5E70B684288023303EB2B
:1016400092130B60EEE71046704700002DE9F04F53
:10165000DFF838A10F4687B00446861C00201546E7
:10166000FFF7C8FBDAF800103960DAE901321344F9
:1016700001335B1A0AF21C470AF583690AF214481F
:10168000B3421BD30020002D7AD004F00F039B013E
:1016900043F0050363F30F00DAF80020DAF80830AE
:1016A0001340033332444AF823000020CAF80020D4
:1016B000FFF7B0FB012007B0BDE8F08F01213846ED
:1016C000FFF702FC4846FFF717FC4046FFF714FC03
:1016D000DAF80400DAF808B0029000EA0B000330F0
:1016E0000AEB800002A9FFF793FF029B0246F8B9BC
:1016F0000BEA03010AEB810103F1020CC8680390B5
:10170000013303EA0B0B0AEB8B0B00F003000128FB
:10171000DBF80C10CDF808C02AD002280BD01A49EB
:10172000019240F28910FFF79FFB019A93460CE06B
:101730000BEA0300D3E7BDF80E30C3F3891303337C
:101740004FEA114B0CEB930302934046FFF7D7FB94
:1017500010B1029BCAF8043059463846FFF7B4FB73
:10176000DAE901231344DAF8002001339B1A87E7F2
:10177000BDF80C30C3F383134FEA114B6344E3E726
:10178000A40544F0060087E774F50000780C0020FB
:101790000B4B0C48FF2210B59A600022C3F81824A6
:1017A000C3E90022C3F81424012283F8202400F0A6
:1017B00095FB044610B9044800F012FC204610BD09
:1017C000780C002074140100E0F5000030B50A4CDC
:1017D00071B10A4A0A49121BD20800239A4201D168
:1017E000002030BD31F82350854202D00133F5E7A7
:1017F000034654F83300F4E70C140100741401009C
:10180000F4090020094B013903EBC000032909D872
:10181000DFE801F00A0204060420704700797047EF
:101820004079704700207047022070470C14010077
:10183000034BD3E90030C31A58425841704700BFE8
:10184000780C00202DE9F04385B0FFF7F1FF064644
:10185000002840F0FA807E4CC4F81804BFF34F8F84
:101860006368A56800932B40033304EB830069464B
:10187000FFF7CEFE009B18B1D4F81824002A62D0DE
:1018800005EA0302991C013304EB82022B4004EBAE
:101890008303D268DB68029302F00303022B0192F8
:1018A000009163D1BDF806306A48C3F38917502F01
:1018B000B84628BF4FF0500808F1080168F38F13AD
:1018C000C1F30901ADF8063000F020FB0646002800
:1018D00000F0A68000F049FB0023082201A9304651
:1018E00000F056FB009925EA01020132B8EB820FA5
:1018F0004FEA820333D95FFA88F863B32940DDB237
:10190000A8EB050803315FFA88F9A846524D04EBAD
:10191000810108234246304600F03AFB3DB108F110
:101920000803DBB24A462946304600F031FB009BF3
:10193000033703EB97070097D4F81834002B4BD1EB
:10194000D4F810545BE0226893428CD36260304636
:1019500005B0BDE8F08340491D469946D9E72940C6
:1019600003310823424604EB8101DDE7012B57D107
:10197000BDF804303748C3F38311062928BF062178
:1019800061F38913023101F00F018900ADF80430D1
:1019900000F0BCFA0646002842D000F0E6FA002328
:1019A000082201A9304600F0F3FA0027BDF8042010
:1019B000C2F38312BB00974203F10803BCD2009923
:1019C0004A1C29400331009204EB81010422304675
:1019D00000F0DEFA0137E9E7304600F0CAFAFFF717
:1019E00027FF80F00100C6B2B1E7EB685B7923B155
:1019F0002B6831461B6828469847EB681D68002D08
:101A0000F3D1304600F0B5FA2846FFF7F3F9D4F8E1
:101A100018340BB9009B63600020FFF7FBF9DEE789
:101A2000D4F8104454B90D4B0D480E49C01AC008E3
:101A3000000440F0020000F073F8D0E7236820466D
:101A40009B689847E3681C68ECE700267FE700BFC7
:101A5000780C002074140100840C00200C14010088
:101A60005C140100CBF500002DE9F74F274E04462A
:101A70000F46914601A901221846D6F808A09846BB
:101A8000FFF7E4FD78B3019D0023A81C434503EB59
:101A9000000132D100211E48FFF7F3F94FEA144943
:101AA00080F3100B1B4B1C4A9B1AB9EBD30F04D3CA
:101AB0001A494FF4D770FFF7D7F96B1C03EA0A03F2
:101AC000E40006EB830304F0380449EA0B4005EA1E
:101AD0000A0544F00104D860033544EA881343EA58
:101AE000872346F8253096F820341BB1FFF7AAFE6D
:101AF0000028FBD103B0BDE8F08F0AEA010106EB34
:101B0000810159F82320CA600133BFE7780C002017
:101B100094100020741401000C14010074F50000EE
:101B200000231A46FFF7A0BF07B50123019201AABF
:101B3000FFF79AFF03B05DF804FB1FB5CDE9012361
:101B4000069B039301AA0323FFF78EFF05B05DF800
:101B500004FB1FB5CDE90023069B0293079B03936B
:101B60006A460423FFF780FF05B05DF804FB000020
:101B700030B51349D1F810440346002022464AB933
:101B8000DC682071D1F8104454B9C1F81034DB6816
:101B90001A6030BDD268157985420AD01268EEE726
:101BA000E468DA6824681460D1F81024D2681360FD
:101BB000EFE701300A28E1D14FF0FF30E9E700BF3D
:101BC000780C002038B5084B0125D3F8104483F871
:101BD000205404B938BDE3685D71236820465B6812
:101BE0009847E3681C68F4E7780C002030B5C38898
:101BF00085B004460D4633B1144A00921449154A83
:101C00002846FFF78FFA217A05291DD0637A4BB158
:101C1000A088FFF7F7FD104B104953F82020284605
:101C2000FFF780FA227A0E4BA08853F82220039205
:101C30000021FFF7CBFD039A0A490346284605B069
:101C4000BDE83040FFF76EBA05B030BD0CF60000BD
:101C5000F4F50000ECF5000078F6000011F6000045
:101C60009CF6000014F6000007B503460846197AF2
:101C7000052911D05B7A2BB1094A0A490190FFF777
:101C800051FA019808490190FFF74CFA019803B006
:101C90005DF804EBFFF734BA002AF8D0F2E700BF92
:101CA0000CF6000011F6000009F600002DE9F043E3
:101CB00085B01F460C9D002395F80C902B730646AB
:101CC0000C46904629463846FFF790FFB8F1060FBC
:101CD00009D8DFE808F00412181F28334000314605
:101CE0002846FFF71FFA002229463846FFF7BCFFB7
:101CF00085F80C9005B0BDE8F0832268314628468F
:101D0000FFF710FAEFE7D4E9002331462846FFF742
:101D100009FAE8E7A36800933146D4E9002328468E
:101D2000FFF700FADFE7E3680193A3680093314609
:101D3000D4E900232846FFF7F5F9D4E72369029395
:101D4000E3680193A36800933146D4E90023284651
:101D5000FFF7E8F9C7E76369039323690293E36830
:101D60000193A36800933146D4E900232846FFF786
:101D7000D9F9B8E708292DE9F84F80460E461746ED
:101D80001C463DD8002593F80C901D73194610464B
:101D9000FFF72CFFDFF890A0DFF890B0AE4231D90A
:101DA00018F8052059462046FFF7BCF90135082DE3
:101DB000F4D11A491A4DDFF878A02046FFF7B2F99E
:101DC0004FF0000B5E4524D918F80B207E2A1ED850
:101DD000511C144BC9B2C95C11F0970F08BF2E22D9
:101DE00051462046FFF79EF90BF1010BBBF1080F9E
:101DF000E8D1012221463846FFF736FF84F80C90DF
:101E0000BDE8F88F51462046FFF78CF9CEE72E2229
:101E1000E6E729462046FFF785F9E5E728F60000C2
:101E200026F60000B410010024F600001EF60000A3
:101E30002AF600002DE9F74F99469DF830300093BF
:101E400088469346064618B92349B620FFF70CF892
:101E5000F28871794A43043A4A4505D81E490192ED
:101E6000C420FFF701F8019ADBF80070B6F806A06D
:101E700007EB0901914209F1040488BFA2EB0907AD
:101E8000B4FBFAF5CBF800700AFB154445B9AAEB90
:101E9000040BBB4528BFBB462FB903B0BDE8F08F8C
:101EA0003668013DF2E7009B043408EB050034443A
:101EB0005A466BB12146A7EB0B0705F011FCBA455A
:101EC0005D443668D3464FF0000428BFBB46E3E7C5
:101ED00001462046EFE700BFB0F60000FFF712B85A
:101EE000F8B546790146721E0546002393422D68D7
:101EF00003D30024A64202D8F8BD0133F6E70F68E9
:101F00002846FFF767F801343946F3E72DE9F8432F
:101F1000CD1C068A0746FFF733F8043E35440446D5
:101F2000B5FBF6F5F0B14FF48073EDB28380C68057
:101F3000013D076081464FF00008A84512D238469F
:101F4000FFF71EF8064648B163790133637108F163
:101F50000108C9F8000007608146EEE72046FFF758
:101F6000BFFF34462046BDE8F88301210430FEF768
:101F7000ABBF10B5012104460430FEF7B1FFC0B27B
:101F800020B92046BDE81040FFF7AABF10BD0000F1
:101F90001FB5144603920022009203AAFFF74AFFDE
:101FA000039BA34203D00349F620FEF75DFF04B074
:101FB00010BD00BFB0F600001FB514460392012209
:101FC000009203AAFFF736FF039BA34204D0034904
:101FD0004FF48070FEF748FF04B010BDB0F600006B
:101FE000826800239360826813618268536182680B
:101FF000D3608268536082681360704710B50D49E2
:10200000A1F58C72914201D800200FE08C1AE30FE9
:1020100003EBE4035B1002EBC30452F8333083425A
:1020200005D802D204F10802ECE7606810BD214631
:10203000E8E700BFC8FB000008B5FFF7DFFF024B71
:10204000002808BF184608BD9AFA000000F1804039
:1020500000F5C040002382B0036003680193019B38
:1020600002B07047C208012300F0070003FA00F035
:102070008B5C18438854704710B50368292B0446BD
:1020800004D9074940F2CD10FEF7EEFE23681F2B5E
:1020900083BF03F01F03034823604FF0A04010BD2F
:1020A00086EB00000003005013B5019001A80C4618
:1020B000FFF7E2FF019B00EB8300D0F8003723F429
:1020C0004033C0F80037D0F8003743EA0443C0F883
:1020D000003702B010BD00004FF0A043D3F8103518
:1020E0000360024BD3F81035436070470003005083
:1020F0002DE9F04F00248BB0CDE90244604D4FF440
:102100008072012102F1804303F5C04390B21B6845
:10211000012B06D1D5F804330B4202D0FFF796FF0E
:102120000C430432B2F5907F4FEA4101EAD1544B9F
:10213000D3F87C31012B08D14FF4BE70FFF786FF36
:1021400002A844F00044FFF7C7FFE3B2D3B14D4FFC
:1021500000250126344210D0AB0003F1804303F583
:10216000C043D3F81005D3F8101557F8253023B124
:10217000C1F30141C0F3052098470135082D4FEA0E
:102180004606E7D1002C78DA0023CDE904334FF07E
:10219000FF33CDE90633DFF8ECA03B4B019300267B
:1021A0003546019B13F9014B0193631C4FD0C4F3D7
:1021B000C2070122E3B204F03F0B04F0070402FA65
:1021C00004F407F128020DEB020717F8101C214256
:1021D0003DD00AEB0B014FEA931991F930105AF8F0
:1021E0002180B8F1000F07D1B9F1030F2FD104A955
:1021F0005846FFF737FF02E0B9F1030FF7D008A800
:10220000CDF820B0FFF738FF089901F5E07150F8DC
:10221000211017F8200C2042C1F3014106D00229F9
:1022200015D1B9F1030F0CD1494605E003290ED1B0
:10223000B9F1030F05D102215846FFF735FF0135EB
:10224000EDB2B8F1000F02D049465846C0470136FA
:10225000042EA6D18DB108A8FFF73EFF029B089A75
:102260009A42099B02D103998B4206D002920393B2
:10227000049A059B069207938FE70BB0BDE8F08F99
:1022800000600040341100208E11002010B5054C74
:1022900023681BB904495120FEF7E6FD2368BDE819
:1022A000104018479C110020D3FB000038B50D46A4
:1022B00028B90C497720FEF7D7FD002038BD0A4B1E
:1022C0009842FAD10020FEF795FD084B1C7914B90D
:1022D00001221D601A710020FEF79CFD002CECD03D
:1022E0001120EBE7D3FB0000002000409C110020F0
:1022F00018B906499B20FEF7B7BD054B984201BFB0
:10230000044B00221A601A71704700BFD3FB000013
:10231000002000409C1100200023435082B043580D
:102320000193019B02B0704738B51D4602230B7123
:102330000B684A7104467BB112F0040F0CBF822176
:102340009221100748BF41F02001D306236848BFFF
:1023500021F08001C3F8001320684FF48271FFF769
:10236000DBFF12F0800F206805BF012343514019A5
:10237000002038BD70B5D0F8103105460C4653B179
:102380004FF48871FFF7C8FF63795A0703D52368B4
:102390000BB101209847D5F814315BB14FF48A7125
:1023A0002846FFF7B9FF63791B0703D523680BB1F4
:1023B00002209847D5F81C315BB128464FF48E7146
:1023C000FFF7AAFF607910F0100002D1236803B173
:1023D0009847D5F8043163B14FF482712846FFF76E
:1023E0009BFF0123237123681BB1BDE870400320CC
:1023F000184770BD10B50368292B044604D9074956
:1024000040F2CD10FEF730FD23681F2B83BF03F091
:102410001F03034823604FF0A04010BD86EB00006F
:10242000000300502DE9F04104460E46154622B93E
:102430001D4940F2AB20FEF717FD2F6827B91A4956
:102440004FF42E70FEF710FD04EB4618C8F8207507
:10245000AF881FBB144940F2C120FEF705FDC8F844
:102460002475AF68B7F1807F04D30F4940F2CB20C9
:10247000FEF7FAFC4FEA461804EB4616C6F8287534
:10248000ED68B5F1807F04D307494FF43570FEF74E
:10249000EBFC4444C4F82C55BDE8F0813B04DED588
:1024A000014940F2C220D8E726FC00002DE9F04F98
:1024B000044689B090460D4619B964498020FEF75C
:1024C000D3FC2779624EFB00019306EBC7031B790F
:1024D000002B40F0B88046F8378005F1FF390DF148
:1024E000100805F1030A19F8012FFF2A00F0A68051
:1024F00022F0800B1306C8F800B0CDF80CB003A88A
:1025000040F19480FFF776FF039901228A40C0F8DA
:10251000082503A8CDF80CB0FFF76CFF039B03F56B
:10252000E073032240F82320CA4508F10408DAD1F9
:102530002368049AC3F86025059AC3F86425069AAF
:10254000C3F86825079AC3F86C2523680122C3F8ED
:102550000025B5F90830D4F8008095F805B095F855
:1025600006A0B5F80890002B04DA3A494FF4287019
:10257000FEF77AFCC8F80CB5C8F804A5C8F80895A9
:1025800023686A89C3F8102522680023C2F8003244
:102590002268C2F8003320684FF48E71FFF7BCFE4A
:1025A00020684FF48871FFF7B7FE20684FF48A71F6
:1025B000FFF7B2FE20684FF48271FFF7ADFE56F8C8
:1025C00037305BB32D792768072D4FEA173847F36B
:1025D000073703D920496B20FEF746FC002FAEBF1A
:1025E00007F160431D4B08F00F084FEA4515A8BFDF
:1025F00003F56143EDB2B4BF03F8085083F800530C
:1026000023681A0B43F30733002B07DB02F01F018B
:1026100001228A405B09124941F82320019B1E4494
:1026200001233371002009B0BDE8F08FFFF7E2FE0F
:10263000039901228A40C0F80C256AE74FF0FF3366
:10264000C8F8003070E70820EDE700BF68FC000024
:10265000A411002026FC0000B3FC000014ED00E0F3
:1026600000E100E02DE9F04115461E460279244BB9
:1026700003EBC208044698F804300F4623B92149F9
:102680004FF48D70FEF7F0FB25B91E4940F21B1088
:10269000FEF7EAFB3B6803F06043B3F1005F04D050
:1026A00018494FF48E70FEF7DFFB20683A46002190
:1026B000FFF7B8FE3A4620680121FFF7B3FE226813
:1026C00005F0010303EB5505C2F81455F20715D4C4
:1026D00016F0020203D0002B14BF08220422216846
:1026E000002BC1F800222046F2B2414618BF0C234D
:1026F000BDE8F04108BF0823FFF716BE1022EEE741
:10270000A411002068FC000001490248FFF732BE16
:10271000A411002000C0014001490248FFF72ABE71
:10272000AC1100200010024000F1804000F5E040B4
:10273000002382B0036003680193019B02B07047DD
:10274000F0B5524B524CD3F8043185B0002B3DD03C
:1027500094F82E204FF48270FFF7E6FF2AB394F826
:102760002F3013BB494AD2F80031002B32D04FF43E
:102770008070FFF7D9FF638B94F82D00834250D906
:1027800021891B1A9BB289B26383CB1A616801EB62
:102790004303C2F82C36C2F830064FF48270FFF7BC
:1027A000C3FF3A4B01225A6014E063680293238905
:1027B000ADF80C30E36800218DF8041033BB2374AE
:1027C000236801A89847002384F82F3094F82E300E
:1027D000002BC7D12D4BD3F810315BB14FF488706B
:1027E000FFF7A2FF0023237402238DF8043001A811
:1027F00023689847254BD3F81431EBB14FF48A7016
:10280000FFF792FF0023237405B0F0BD208B608397
:1028100063602081E160002AD2D11C4B01221A6042
:10282000CEE7BAD1E368012184F82F1013B100215B
:102830006183AEE76383B0E766694FF00047012527
:10284000002EE1D0B6FA86F227FA02F34632920061
:1028500026EA030602F1804303F5E0431B68002BE0
:10286000EED01046A2F58C72FFF75EFFD30882F01F
:102870000402C2F380028DF808308DF804502368FA
:102880008DF8092001A89847DAE700BF00700040E2
:10289000B411002010B50368292B044604D9074958
:1028A00040F2CD10FEF7E0FA23681F2B83BF03F040
:1028B0001F03034823604FF0A04010BD86EB0000CB
:1028C0000003005007B5019001A8FFF7E3FF019A4C
:1028D00001239340C0F80C3503B05DF804FB07B545
:1028E000019001A8FFF7D6FF019A01239340C0F899
:1028F000083503B05DF804FB13B5144BD3F8182169
:1029000012B30022C3F81821D3F81831104C0193E8
:10291000019B236823B90F494FF42770FEF7A4FAEF
:10292000E07FFF2803D0A37F5BB1FFF7CBFF00233D
:1029300063772372D4E90031074802B0BDE8104044
:102940001847FFF7CCFFF2E702B010BD003002409D
:10295000E411002001FD0000EC1100202DE9F743F7
:10296000002406460F4600F5A0754FF48038A146B6
:102970002B688BB1D6F8043308FA04F21A420BD054
:10298000C5F800902B680193019BA30003F5A07389
:1029900098B2D7E9003198470134042C05F10405B9
:1029A000E6D103B0BDE8F08301490248FFF7D6BF86
:1029B000081200200080004001490248FFF7CEBF06
:1029C00014120020009000400023435082B043586E
:1029D0000193019B02B070470B7B032B2DD8DFE8DE
:1029E00003F025291D028A68154B9A4204D1D0F8BC
:1029F0004C350A699A4209D18A6840F202239A4208
:102A00001BD1D0F84C354A699A4216D000230622D1
:102A1000C0F80035C0F8002518467047D0F84C358E
:102A20000A699A42F2D1D0F83C35ECE7D0F84C353F
:102A30000A69E9E7D0F83C35FAE70120704700BFA2
:102A400000020400F0B50B6887B005460C4623B9B8
:102A5000484940F28620FEF707FAD5F82431B3B191
:102A60004FF492712846FFF7AFFFD5F8043173B9E0
:102A7000A368C5F808330223A360A368C5F804332C
:102A800001232B626B6184F82E3007B0F0BDD5F8BE
:102A900004316BB34FF48271284604F10C07FFF741
:102AA00093FF0FCF01AE0FC63B68336094F82E3012
:102AB0003BB921462846FFF78FFF80F0010084F8DC
:102AC0002E004FF4B0712846FFF77EFF4FF4AE7131
:102AD000FFF77AFF94F8303013B194F82E30CBB171
:102AE0000023C5F80032A360234BC5F8083311E07A
:102AF0004FF4A4712846FFF767FF237BEBB904F17D
:102B00000C070FCF01AE0FC63B68336094F830302E
:102B1000002BE6D0D5F8C434C5F8C4349A071ED5C6
:102B200001238DF8003094F830300BB984F82F3041
:102B3000D4E9003168469847A7E74FF40073C5F819
:102B4000003240F20223A36003F1CE73C5F80833CC
:102B5000A368C5F804330123AB602B6295E713F03B
:102B6000050F01D00223DCE794F82E30002BD8D0DB
:102B70000423D6E758FD000002029C0101490248E7
:102B8000FFF760BF201200200030004002494FF0E4
:102B90004020FFF757BF00BF5412002000234350CE
:102BA00082B043580193019B02B070470A4610B5AA
:102BB0004FF48E71FFF7F2FF136A9168C95C136AD4
:102BC00001331362C0F81C1510BD08B502464FF45E
:102BD00092710068FFF7E2FF10684FF48471FFF70D
:102BE000DDFF136801221A6008BD000010B50368FC
:102BF000292B044604D9074940F2CD10FEF734F9D9
:102C000023681F2B83BF03F01F03034823604FF08B
:102C1000A04010BD86EB00000003005007B50190F6
:102C200001A8FFF7E3FF019B03F5E073022240F8E0
:102C3000232003B05DF804FB10B58B690A464FF4FE
:102C4000847123B9FFF7AAFFD0F8183510BDFFF73C
:102C5000A5FF536AD168D0F81805C854536A0133E8
:102C60005362F3E71FB501238DF80030044BCDE923
:102C70000110D3E900126846904705B05DF804FBE7
:102C80008812002030B54E4DD5F804339A0585B032
:102C900051D5D5F82431002B4DD04FF492712846F0
:102CA000FFF77CFF4FF40173C5F80833454B93F8E9
:102CB00029200AB901226A60414902228DF80020C8
:102CC000D1F88024C1F8802403929A690292DA68CC
:102CD00001920022C3E906226846D3E90012904718
:102CE0003748D0F81C315BB1364A5169136A9942B2
:102CF0004ED992F82830002B4AD11146FFF756FFE3
:102D00002F48D0F84431002B57D04FF4A271FFF771
:102D100045FF2C4B93F829200AB1012202609A69E1
:102D2000002A4AD0586AD96800229A6105B0BDE8E5
:102D30003040FFF797BFD5F804335B07D0D5D5F8FF
:102D40000831002BCCD01F4C1D482146FFF774FFE3
:102D5000636AA2699A42C3D1E36953B1A36123694B
:102D6000E168E3600023606AE3616362FFF77AFF72
:102D7000B6E794F829300BB901236B60104B4FF480
:102D80000172C3F808230023606AE168A361EDE7DC
:102D90000B484FF48E71FFF701FF5369002BAFD042
:102DA00051690291002391688DF8003001915361BF
:102DB0006846D2E900139847A2E705B030BD00BFCE
:102DC00000200040881200202DE9F3470546914677
:102DD0000C4619B96D49AA20FEF746F895F804800B
:102DE0006B4E2C2303FB086393F82A30002B40F032
:102DF000C98068492868FFF759FA0746002840F05B
:102E0000C38023685A1C14D001A80193FFF7EEFE7B
:102E1000019B012202FA03F3C0F8083523680193ED
:102E200001A8FFF7E3FE019B03F5E073032240F8DE
:102E300023206368581C09D001A80193FFF7D6FE30
:102E4000019B03F5E073002240F823202B68A26960
:102E5000C3F82425217D637D2A680B43C2F86C35B5
:102E6000D4E900122B68C3F81425C3F80C15237D90
:102E7000012B2BD1A368591C09D001A80193FFF79E
:102E8000B5FE019B03F5E073002240F82320E368C0
:102E90005A1C14D001A80193FFF7A8FE019B012240
:102EA00002FA03F3C0F80835E368019301A8FFF7BD
:102EB0009DFE019B03F5E073032240F82320D4E933
:102EC00002122B68C3F80825C3F810152C2303FB46
:102ED00008F3F218C2F804902269F250B9F1000F19
:102EE0003CD0286894F81C902B4A4FF48E71FFF761
:102EF00055FE28684FF4A271FFF750FE2B68C3F807
:102F000004232C68B9F1070F4FEA143A44F307344D
:102F100003D922496B20FDF7A7FF002CAEBF04F1B7
:102F200060431F4B0AF00F0A4FEA4919A8BF03F587
:102F300061435FFA89F9B4BF03F80A9083F80093FC
:102F40002B681A0B43F30733002B07DB02F01F013A
:102F500001228A405B09134941F823202B6804228F
:102F6000C3F800252C2303FB08630022C3E90622D3
:102F700083F829205A61012283F82A20384602B0BA
:102F8000BDE8F0870827F9E71127F7E7A9FD00005A
:102F900088120020852C000080000200B3FC000095
:102FA00014ED00E000E100E02DE9F8430368067944
:102FB0002A4D0022C3F800252C2303FB06530446A8
:102FC0005B68B3B10368264AC3F8082303681A0B89
:102FD00043F30733002B0CDB02F01F015B090122D6
:102FE0008A4020331F4941F82320BFF34F8FBFF39E
:102FF0006F8F23684FF0FF32D3F80C05D3F8149588
:10300000D3F80875D3F81085C3F81425C3F80C2538
:1030100023689042C3F80825C3F8102501D0FFF7B4
:10302000FDFDB9F1FF3F02D04846FFF7F7FDB8F1CB
:10303000FF3F02D04046FFF7F1FD7B1C02D038462F
:10304000FFF7ECFD2068FFF753F92C2303FB06552F
:10305000002385F82A306B60BDE8F88388120020D1
:103060008402020000E100E00279044B2C2101FB04
:1030700002335869003818BF0120704788120020B9
:103080002DE9F84F344F90F804802C2303FB08738C
:10309000064693F82A30012B8946924604D02F49E0
:1030A0004FF48C70FDF7E0FEB9F1000F04D12B490D
:1030B00040F21910FDF7D8FEBAF1000F04D12749EC
:1030C0004FF48D70FDF7D0FE3046FFF7CDFF04467C
:1030D00000283CD12C2508FB057B4FF48E71CBF8E2
:1030E00014A0CBF80890CBF820008BF828003068AB
:1030F000FFF754FD336801229A6030685946FFF7A4
:1031000055FDDBF804305D461BBB3068DBF814402E
:103110002B6A9C4211D83368D3F81C21002AFBD0BB
:103120000122DA6000202C2303FB087700237B6157
:10313000BDE8F88F95F828303BB9D0F81C31002B4A
:10314000F8D05946FFF732FDE2E70F20EBE71120F8
:10315000EEE72046ECE700BF88120020A9FD000042
:103160002DE9F047494C07792C2303FB074306461A
:1031700093F82A30012B8846154604D044494FF471
:10318000B670FDF771FEB8F1000F04D1404940F26E
:103190006D10FDF769FE25B93D494FF4B770FDF795
:1031A00063FE2C2303FB07435A6822B133684FF4B4
:1031B0000171C3F808132C2303FB0743986950B12E
:1031C000D969002942D022B133684FF40172C3F8A3
:1031D0000423112537E09D61C3F80C805862D86143
:1031E0002C2303FB074393F829301BB910B9304651
:1031F000FFF7EBFC4FF02C0808FB074A3068DAF8C1
:103200000430002B38D14FF4A271D046FFF7C6FC32
:103210003068D0F82491D0F80831D0F84451D3B9AF
:1032200015B9B9F1000FF3D02C2303FB0744002399
:10323000A361B9F1000F25D135BB94F8291033688B
:103240000122B9B11A602846BDE8F087C3F81080A2
:10325000DD610120C4E7B9F1000FE5D1002DE3D114
:103260004146FFF7E9FCDAF82430DAF818209A42F0
:10327000CED8D9E75A60E6E74FF40173C0F80433BB
:103280000025E0E70325DEE70F25DCE788120020B4
:10329000A9FD00000023435082B043580193019BD5
:1032A00002B070471FB50123CDE901218DF8003030
:1032B000D0E900136846984705B05DF804FB0000AC
:1032C00010B50368292B044604D9074940F2CD10F4
:1032D000FDF7CAFD23681F2B83BF03F01F030348BC
:1032E00023604FF0A04010BD86EB000000030050AB
:1032F00007B5019001A8FFF7E3FF019B03F5E07319
:10330000022240F8232003B05DF804FB7FB5D0F81B
:10331000246105460C46002E5CD04FF49271FFF7F5
:10332000B9FF02238DF80030D0F88034C0F8803423
:103330000393D0F83C350293E36801930023C4E97A
:1033400006336846D4E900139847D5F844317BB179
:103350004FF4A2712846FFF79DFFA36943B10023F4
:10336000C4E90633E268D5F83C152046FFF79AFF1A
:10337000D5F82031ABB14FF490712846FFF78AFFA2
:103380000123EB60636963B1D5F84C2502920023F9
:10339000A2688DF8003063610192D4E90013684699
:1033A0009847D5F858319BB14FF4AC712846FFF7D8
:1033B00071FF636963B1D5F84C2502920023A268BE
:1033C0008DF8003063610192D4E900136846984794
:1033D00004B070BDD0F81031002BB6D04FF4887116
:1033E000FFF758FFD0F83C35A1699942ADD1E369A8
:1033F000E26873B1D0F8003223F02003C0F8003245
:10340000E369A3612369E360E6612046FFF74AFFB1
:103410009BE7A361F9E7000001490248FFF776BF87
:10342000B41200200020004001490248FFF76EBF9F
:10343000D8120020008002402DE9F347054691464E
:103440000C4619B97449CF20FDF70EFD95F804809C
:10345000724E242303FB086393F82030002B40F0C6
:10346000D6806F4B286853F82810FEF71FFF0746D9
:10347000002840F0CE8023685A1C13D001A8019385
:10348000FFF71EFF019A01239340C0F80835236817
:10349000019301A8FFF714FF019B03F5E0730322DA
:1034A00040F823206368581C09D001A80193FFF756
:1034B00007FF019B03F5E073002240F823202B68EF
:1034C000A269C3F82425217D637D2A680B43C2F8D5
:1034D0006C35D4E900122B68C3F80C15C3F8142519
:1034E000237D012B2AD1A368591C09D001A801937F
:1034F000FFF7E6FE019B03F5E073002240F823206E
:10350000E3685A1C13D001A80193FFF7D9FE019A72
:1035100001239340C0F80835E368019301A8FFF741
:10352000CFFE019B03F5E073032240F82320D4E98A
:1035300002212B68C3F80815C3F81025242303FBC8
:1035400008F3F218C2F804902269F250B9F1000FA2
:103550004BD0286894F81C90324A4FF48871FFF7DA
:1035600099FE28684FF49071FFF794FE28684FF495
:103570009271FFF78FFE28684FF4A271FFF78AFE61
:1035800028684FF4AC71FFF785FE2B68C3F804235D
:103590002C68B9F1070F4FEA143A44F3073403D902
:1035A00021496B20FDF760FC002CAEBF04F16043A5
:1035B0001E4B0AF00F0A4FEA4919A8BF03F56143F1
:1035C0005FFA89F9B4BF03F80A9083F800932B6877
:1035D0001A0B43F30733002B07DB02F01F01012214
:1035E0008A405B09124941F823202B680822C3F85E
:1035F0000025242303FB08660023C6E90633736114
:10360000012386F82030384602B0BDE8F08708274D
:10361000F9E71127F7E700BFFAFD0000B412002018
:1036200050FE000010034200B3FC000014ED00E067
:1036300000E100E02DE9F843364D0679242303FB31
:10364000065304465B68B3B10368334AC3F80823E2
:1036500003681A0B43F30733002B0CDB02F01F0146
:103660005B0901228A4020332C4941F82320BFF313
:103670004F8FBFF36F8F2268D2F8003223F0200300
:10368000C2F80032236801225A6020684FF4AC71FE
:10369000FFF700FE2368DA602368D3F85821002A78
:1036A000FBD00022C3F8002523684FF0FF32D3F887
:1036B0000C05D3F81495D3F80875D3F81085C3F822
:1036C0000C25C3F8142523689042C3F80825C3F8D5
:1036D000102501D0FFF70CFEB9F1FF3F02D048469C
:1036E000FFF706FEB8F1FF3F02D04046FFF700FEAD
:1036F0007B1C02D03846FFF7FBFD2068FEF7F8FD83
:10370000242303FB0655002385F820306B60BDE8B9
:10371000F88300BFB41200201003420000E100E073
:103720000279044B242101FB02335869003818BF89
:1037300001207047B41200202DE9F0473A4F90F86D
:1037400004A0242303FB0A73054693F82030012BC1
:103750008846914604D0354940F22D10FDF784FB90
:10376000B8F1000F04D131494FF49770FDF77CFB9D
:10377000B9F1000F04D12D4940F22F10FDF774FB71
:103780002B79012B02D8B9F5803F04D327494FF498
:103790009870FDF769FB08F06043B3F1005F3CD11E
:1037A0002846FFF7BDFF0446002838D1242606FB33
:1037B0000A764FF49071C6F81490C6F8088028680D
:1037C000FFF768FD4FF4AC712868FFF763FD2B68C5
:1037D0007269B168C3F84415C3F848252B68012203
:1037E0009A607368EBB92B68D3F82021D3F858019D
:1037F0001AB90028F8D00F2008E00028FBD10122D8
:10380000DA602A68D2F85831002BFBD0242303FB5E
:103810000A7700237B61BDE8F0871020FBE71120C9
:10382000F9E72046F7E700BFB4120020FAFD0000D8
:103830002DE9F041494E0579242303FB0563044635
:1038400093F82030012B8846174604D044494FF4A2
:10385000C070FDF709FBB8F1000F04D1404940F2F8
:103860008110FDF701FB27B93D494FF4C170FDF709
:10387000FBFA2379012B02D8B7F5803F04D33849EE
:1038800040F28310FDF7F0FA08F06043B3F1005FF7
:1038900061D1242303FB0563596821B123684FF4E8
:1038A0000472C3F80823242303FB05639A6952B109
:1038B000DA69002A3DD021B123684FF40472C3F8BD
:1038C0000423112033E09F61C3F80C80DA61206883
:1038D0004FF48871FFF7DEFC20684FF4A271FFF708
:1038E000D9FC2368C3F83485C3F8387523682ABB2C
:1038F00001221A6025792368242202FB056252689E
:103900001ABBD3F81011D3F84421D3F82401114382
:1039100002D10028F5D00A46242303FB05660023C4
:10392000984218BF03209A42B36118BF0F20BDE828
:10393000F081C3F81080DF610122C8E7D3F80022CC
:1039400042F02002C3F80022D4E74FF40472C3F817
:1039500004230020EBE71020E9E700BFB4120020A9
:10396000FAFD000007B501A801F00CFF20B9019095
:10397000019803B05DF804FB019B002BF8D10123F3
:103980000193F5E738B5044601F0F2FD05462046FF
:1039900001F0F4FDA54203D0BDE8384003F002B9C0
:1039A00038BD01F025BE01F02FBE08B502F0E2FBE4
:1039B00000F08AFE03F046F901F082FC01F092FD6E
:1039C00003F0CEF803F022FB01F08EFD03F0D9F8EE
:1039D00003F09AFC03F0D9F802F000FF02F088FE31
:1039E00001F062FE03F0A2FC01F07EFEBDE808409B
:1039F00002F0F0BF012300221146184603F0C6B8BA
:103A000008B590F8803033B1074B084A4FF4F8718D
:103A1000074803F09BFD03F0C3F820B9054B034AA8
:103A20004FF4FB71F4E708BD58FE0000D7FE00001C
:103A300070FE00001B00010001F07ABD01F088BD9E
:103A4000704770477047084609B1FFF7D9BF704704
:103A500030B5054685B00C4661B1CDE90223FFF7CC
:103A600081FFDDE90223009021462846FFF7EBFFA6
:103A700005B030BD0846F6E770477047704770479D
:103A8000704700F1804000F58050002382B0036051
:103A900003680193019B02B070470000034B186854
:103AA00008B190F8800000F0010070470C1300206E
:103AB00008B5FFF7F3FF08B1014B186808BD00BF58
:103AC0000C13002000BF00BF00BF00BF00BF00BF3D
:103AD00070470000134B144AC3F8482500F180409A
:103AE00000F58050C3F84C0521B102F5FD42483283
:103AF000C3F82C290D4AC3F8402502F5AF3202F570
:103B00009672C3F8442529B1D3F8002842F0800208
:103B1000C3F80028034B8022C3F804254022C3F8D1
:103B20000425704700F001403C7101401011004035
:103B3000074B01221A61D3F8002222F48072C3F8E5
:103B4000002203F5B0334FF48072C3F808257047A4
:103B500000900040034B1B781BB1034B1022C3F8AD
:103B600008237047051300200010004010B50446DC
:103B700002F020FEB0F5C07F0B4A12D3C009811EAF
:103B8000B1EBD41F4FEAD41396BFA4EBC1140024A9
:103B9000C31E1460054AC3F31403C2F8643601203F
:103BA00010BD14600020FBE700130020001000404F
:103BB00013B501A801F034FD9DF805009DF80440FF
:103BC00001F06AFD9DF807309DF806201B0643EAC8
:103BD0000243234343EA0020024BC3F86C0602B0C1
:103BE00010BD00BF0010004008B501F0AFFDBDE8FA
:103BF0000840002002F0F8BD08B5054BD3F8480591
:103C000000F07F0001F033FD404240B208BD00BF2C
:103C10000010004013B50446FFF7EEFF2378019033
:103C2000234413F8010C01F029FD02B29200FF2A8F
:103C300028BFFF220199D2B2204602B0BDE8104051
:103C400002F08FBF13B5084B01901C680146204657
:103C500001F0D0FA019928B1204602B0BDE8104029
:103C600002F085BF02B010BD1013002007B501900F
:103C700001F012FC019802F076FF03B05DF804EB4E
:103C800001F03CBB07B5019001F006FC0198FFF77D
:103C9000C1FF03B05DF804EB01F030BB144B4022D0
:103CA000C3F808258022C3F808254FF48072C3F8B2
:103CB0000825104A01211161D3F8000820F0800086
:103CC000C3F800080020C3F82C091161D2F80032B3
:103CD00023F48073C2F80032074B1B783BB1074BCB
:103CE0004FF45052C3F80823C3F80002196170471B
:103CF00000F001400090004005130020001000403B
:103D0000134908B54023C1F808358023C1F80835A8
:103D1000FFF70EFFD1F8003823F08003C1F8003818
:103D200000220C4BC1F82C291B787BB10A4B0A21CD
:103D3000C3F808130121C3F800221961C3F844260F
:103D4000BDE808404FF4AE70FFF79BBE08BD00BF52
:103D500000F001400513002000100040104908B594
:103D60004023C1F808358023C1F80835FFF7E0FE8D
:103D7000D1F8003823F08003C1F800380022094B45
:103D8000C1F82C291B784BB1074B4FF40041C3F805
:103D90000813C3F8002201229A621A6108BD00BF0D
:103DA00000F001400513002000100040104908B544
:103DB0004023C1F808358023C1F80835FFF7B8FE65
:103DC000D1F8003823F08003C1F800380022094BF5
:103DD000C1F82C291B784BB1074B4FF4C021C3F815
:103DE0000813C3F8002201221A631A6108BD00BF3C
:103DF00000F00140051300200010004008B50E4BF4
:103E000001211961D3F8002222F44072C3F8002284
:103E10000A4A1278043A8A4206D9094B094A0A48E2
:103E200040F29E3103F092FB196120B1074B4FF431
:103E30008072C3F8082508BD0090004006130020DA
:103E40006AFE00007B000100F2FE000000F001406D
:103E500010B5104C4023C4F808358023C4F8083549
:103E60000120FFF7CBFFD4F8003823F08003C4F81B
:103E700000380022084BC4F82C291B7843B1074BAB
:103E80000749C3F80813C3F8002201221A631A6114
:103E900010BD00BF00F001400513002000100040DD
:103EA000020004080B3808B5C3B20F2B06D9094B22
:103EB000094A0A4840F2052103F048FB00EB800064
:103EC00000F66510064B80B2A0F51660C3F8080531
:103ED00008BD00BF5EFF0000B9000100F2FE000057
:103EE0000010004008B5084BD3F85035DBB243B999
:103EF000064BFFF7E7FDD3F83C01003818BF01205F
:103F000008BD0120FCE700BF001000400070014028
:103F1000F8B505460F46164601F056F9044680B13D
:103F20004F4B1B78092B00F29280DFE803F0050C61
:103F30000F22565660656E77022F02D0042002F0E1
:103F400053FC2046F8BDFFF705FEFAE7454B1B780A
:103F50005B070BD5002D00F08180FFF79FFE002E40
:103F6000EFD0062002F0FFFD3446EAE7FFF796FEA9
:103F7000E7E7002D72D03C4B4022C3F80825802291
:103F8000C3F808254FF48072C3F80825374A012189
:103F90001161D3F8000820F08000C3F80008002069
:103FA000C3F82C091161D2F8003223F48073C2F8EF
:103FB00000322F4B1B7833B12E4B2F4AC3F8082306
:103FC000C3F800021961002EBBD02C4B18680023E7
:103FD00080F88030FFF71EFEC6E7002D3ED0FFF7C9
:103FE00037FF002EADD00620FFF72CFEA9E7002DED
:103FF00034D0FFF785FEF4E785B3FFF7AFFE002E60
:104000009FD0012002F0B7FDAEE73DB3FFF7CEFE33
:10401000002E96D0012002F0B2FDA5E7124B134905
:104020004022C3F808258022C3F8082501220A612E
:104030004FF48071C3F808150D4B1B7803F0FF0196
:10404000002B3FF47EAF0B4B0C461A6179E70C4B0B
:104050000C4A0D4840F2BC5103F078FA2C4670E748
:10406000061300200413002000F0014000900040DF
:104070000513002000100040020000080C1300206F
:104080006AFE00008C000100F2FE0000054B0022D9
:1040900082B0C3F83C21D3F83C310193019B02B0BC
:1040A000704700BF00700140F8B52C4B1B780646E6
:1040B0000D4617460BB90020F8BD047801F03AFE12
:1040C000631C5B0100283ED103F1CE0015B100F165
:1040D000A80398B202F044FB04460028EBD001F09C
:1040E00055FA1F4B1F4AC3F80C05002D08BF4FF4AB
:1040F000A012C3F804654FF4B670C3F80022FFF7AE
:10410000C0FC1DB34FF4A470FFF7BBFC164A144E5D
:104110004FF48270FFF7B5FC144B197842F002029D
:104120006FF3C3011970C6F80423FFF7AFFF002D2A
:1041300014BF042000200121FFF7CCFC4FB901235C
:1041400033612046B8E703F22E40BFE74FF000622C
:10415000DDE7FFF7C7FE0028F1D0ADE7051300202B
:104160000010004000381400000004080413002070
:1041700038B5144B1B780546EBB1AE2002F0F0FACF
:10418000C8B1114C4FF42053C4F800324FF4A4705E
:10419000FFF777FC4FF4A270FFF773FC4FF4C023D6
:1041A000C4F8043301210420FFF770FFFFF792FCED
:1041B00015B90123236138BDFFF794FE0028F8D01C
:1041C000F9E700BF0513002000100040144938B57E
:1041D0004023C1F8083518B1124B5222C3F800220F
:1041E000114B124A0F4C01251D618023C1F8043583
:1041F000137823F0070313704FF49470FFF741FC1A
:104200001823C4F86035FFF741FF40230848C1F880
:10421000043501F0A3FAFFF765FE00B9256138BD4A
:1042200000F0014000100040009000400413002006
:104230003011004038B5044601F0A8F9084D0021BE
:10424000C5F80C050846FFF721FFFFF743FC14B93A
:1042500001232B6138BDFFF745FE0028F8D0F9E7B0
:104260000010004038B5114B1B780546C3B1104B08
:104270001868FFF77BFC98B10E4C4FF40042C4F86D
:1042800000224FF49E70FFF7FCFB0121C4F80423C9
:104290000420FFF7FBFEFFF71DFC15B90123236186
:1042A00038BDFFF71FFE0028F8D0F9E705130020FE
:1042B0000013002000100040084B0222C3F88020A9
:1042C000BFF34F8FBFF36F8FC3F88021002283F8B5
:1042D0000123BFF34F8FBFF36F8F704700E100E002
:1042E00008B5064B1B7833B102F064FA3B2894BF43
:1042F0000020012008BD0120FCE700BF05130020BD
:1043000010B501F0C7F8044628B1FFF7E9FF0446ED
:1043100008B901F05FF8204610BD000038B5464BE3
:104320001B780546002B7FD0444A137823F01703EF
:10433000137001F02BF9424AC2F80C05FFF7AEFBEF
:104340000446002871D0FFF7B3FB3E4BC2F80405CA
:10435000C2F800321823C2F860354FF49A70FFF7A4
:1043600090FB4FF49470FFF78CFB4FF49870FFF7BD
:1043700088FB354935484FF45053C2F80433D1F81F
:10438000003243F48073C1F800320123C1F8403594
:104390008223C1F84435FFF779FE2D4B2D4AC3F82F
:1043A0004825C3F84C0500F5F030C3F82C09C3F8D4
:1043B0005025C3F85415D3F8002842F08002C3F802
:1043C0000028254AC3F8402502F5AF3202F596725F
:1043D000C3F844258022C3F804254FF48072C3F843
:1043E0000425A0F5EF304022C3F80425D43801F0AD
:1043F000B5F9E5B9124B01221A61ACB901F062F9C5
:10440000164B1860FFF74AFB70B1FFF751FB0C4BDE
:104410000C4AC3F80405C3F80022D3F85025D2B2E1
:10442000022A04BF01229A6038BD522390E7FFF7A9
:1044300059FD0028DED0E0E705130020041300201A
:10444000001000405200080000900040041000409E
:1044500000F001403C710140101100400C1300209D
:104460002DE9FF410446002800F0BC8002F0A2F9CB
:104470003B2840F20881854E337803F0FF07002B7C
:1044800040F00181824C01250F233946C4F8FC7F9E
:104490000D22C4F8FC5F6846C4F8103503F036FA04
:1044A00008238DF800307F238DF808309DF8023006
:1044B0009DF801208DF806501B0443EA02239DF865
:1044C0000320002A18BF4FF480119DF8042008BF74
:1044D00000210B4343EA82539DF8072043EA4273CD
:1044E00043F0C0634FF0020843F008038DF80580E5
:1044F000C4F814359DF80A309DF809209DF80C1079
:104500001B0443EA02239DF80B20002A14BF4FF03E
:1045100080720022002914BF4FF0007100210B436C
:10452000134343F07F03C4F8183540F20223C4F864
:104530005056C4F83435574BC4F83835FFF738FBBC
:10454000554BC4F84476C4F8483601F011F8FFF72B
:10455000A9FC524B83F80173C3F88081D4F8003270
:1045600033B14F4B4F4A40F22C714F4802F0EEFFEF
:10457000357001F0DDF84D4B1B78092B2DD8DFE8A5
:1045800003F0822C052C0B142C171D23002004B0E3
:10459000BDE8F041FFF7C2BE00220121444B18687C
:1045A00004B0BDE8F041FFF77FBD00221146F5E7FA
:1045B000002004B0BDE8F041FFF754BE002004B075
:1045C000BDE8F041FFF7D4BD3378002B5BD000206D
:1045D00004B0BDE8F041FFF72DBE364B314A40F242
:1045E0005371C2E7294B1A783AB3187002F0BAF83F
:1045F00038B1FFF761FE264B0122C3F8FC4FC3F828
:10460000FC2F01F0A3F8002202210120FFF780FC1B
:1046100020B9294B294A40F27171A6E7234B1A7839
:10462000092A2BD8DFE802F009050E162020200900
:10463000090900221A70FFF7D7FA04B0BDE8F0416B
:1046400002F08CB81E4B1B785B07F6D50520FFF7F0
:104650000DFBF2E702221A701A4B1868002380F84B
:104660008030FFF70FFBE8E702221A7000F014FF1A
:104670000420FFF7E7FA00F041FEDEE70D4B0F4A9A
:104680004FF4F36171E704B0BDE8F0810513002039
:104690000010004021100100000700FF00E100E0D1
:1046A0007DFF0000C5000100F2FE0000061300209F
:1046B000101300206AFE00001B000100A80001008A
:1046C000041300200C1300200D4A002313700D4A20
:1046D00013700D4BD3F8042522F00302C3F8042510
:1046E000D3F8082542F00302C3F80825D3F81025B3
:1046F00022F00F0242F00402C3F8102501F0CCBDF5
:104700000613002005130020009000402DE9F84317
:10471000074688461546994600F0BCFE044600B39D
:10472000124E3378022B06D03378032B03D0FFF7D9
:10473000D7FD40B900240DB12046A84700F04AFE3D
:104740002046BDE8F8834A4641463846FFF7E0FB7D
:1047500004460028EED0022301203370FFF7DEFD6F
:10476000E9E7002DECD0A847EAE700BF06130020D8
:104770002DE9F7430B9D01919DF82890804617463F
:104780001E46FFF7BDFD0199044638B3012240469D
:10479000FFF7BEFB044648B900240DB12046A847E8
:1047A00000F018FE204603B0BDE8F083DFF8388043
:1047B000022388F800300B4B0122314638461F6037
:1047C000FFF772FCB9F1000F01D00028E4D0002EF1
:1047D00014BF0423052388F80030DEE7002DE1D064
:1047E000A847DFE7101300200613002010B5044689
:1047F000FFF786FD012184F8801058B1204B1B780B
:1048000033B1204B1B78022BDAB205D0062A1FD019
:1048100000F0E0FD012010BD1B4AD2F85035DBB29C
:10482000022BF5D1D2F80032522B06D0174B184A82
:1048300040F62E41174802F089FE174B1C60FFF727
:1048400037F9164BC2F80405C2F800329160DFE771
:104850000D4AD2F85035DBB2022BD9D1D2F8003252
:10486000122B04D00E4B0A4A40F63D41E2E70A4BB8
:104870001C60FFF71DF90B4BC2F80405E4E700BF0D
:10488000051300200613002000100040A3FF0000C5
:1048900058000100F2FE00000C1300205200080036
:1048A000C7FF00001200080038B5FFF729FD0446D5
:1048B00078B1124D2B781BB100F05AFEFFF7F2FAD7
:1048C0000F4B1B78022BDAB205D0092A0ED000F06C
:1048D00081FD204638BD012211460020FFF718FB5C
:1048E0000028F4D00120FFF719FDF0E72B78002B0A
:1048F000EDD0044B01221A61E9E700BF0513002047
:1049000006130020001000402DE9F04F8FB000F09A
:10491000E3FCAA4BD3F80423920728D5D3F804313B
:104920002BB34FF48270FFF7ACF8A54B1A78052A29
:10493000D3B209D8032B0CD838D0A24BA24A40F6E8
:104940008521A24802F002FE062BF6D100F07AFC87
:104950000DE09F4B1C68204600F060FC10B1204623
:10496000FFF770F89B4A137843F008031370934ED7
:10497000D6F804335F0547D5D6F82831002B43D04D
:104980004FF49470FFF77DF88D4B1B78022B40F0AD
:104990000A81D6F86075C7F3C707022F8DF820701B
:1049A00009D88D4B8D4A4FF4FA61CAE78C4B1868D1
:1049B000FFF746F8DBE7D6F834312BBB854D2B7873
:1049C00013F0010800F0B4804FF001082B789E0727
:1049D0001AD4B8F1000F17D0824E3068047801F075
:1049E000A9F9631C5B01002840F0D48003F1A0000A
:1049F00001F0B6FE002800F0D0802B78306843F03C
:104A000002032B7000F01CFC6C4BD3F804239404BD
:104A100012D5D3F834317BB14FF49A70FFF731F8E7
:104A2000674B1B78022BDCB240F0C2800020FFF7FE
:104A3000CDFB2046FFF71AF9604BD3F80423D004CE
:104A400040F11681D3F83031002B00F011815C4E1B
:104A50004FF49870FFF715F83378022B40F0B381CC
:104A60005C4F604C3B78256843F01003D9073B70DE
:104A700040F1BE80206801F05DF9002800F0C1809F
:104A800000F05EFD002800F0BC80206801F00CFC06
:104A9000534B1860002800F0B480484A5249C2F8CD
:104AA00004054FF4A013C2F800324FF4AA70FEF7C9
:104AB000E8FF4E4BC3F858154FF40071C3F85C255E
:104AC000C3F80415A3F5B0330121D3F84405D96424
:104AD000D3F84C15D3F84035884205D9984240F2B6
:104AE000B580994200F2B280FEF7ECFFD2F8503563
:104AF000DBB2092B00F0AA80D2F85431002B40F031
:104B0000A580226882F88030384A4FF40071C2F8DC
:104B10000815C2F85835C2F85C35C2F83439FFF7C9
:104B2000BDF80120FFF7FAFB2846FFF7ABF89FE03E
:104B3000DFF8B09043F00403D9F800002B7008A907
:104B400000F0EAFF044660B99DF820309F4203D090
:104B5000DB00C6F8603537E72B7843F001032B7094
:104B600032E7092810D1FFF799F80120FFF7D6FBAB
:104B7000D9F800305B7803F00703022B3FF426AF2F
:104B80002046FFF773F821E700F0CAFC00287FF405
:104B90001BAFE8E703F530702AE7FFF77FF8052041
:104BA00001F0E1FF30E7074B074A40F69A21C8E6DB
:104BB000044B054A4FF42B61C3E600BF00100040D0
:104BC000061300206AFE00004C000100F2FE000007
:104BD0001013002004130020EFFF00003700010035
:104BE000081300200C1300204491004000F0014005
:104BF00000F096FC002800F0DD803B78DA073FF5F6
:104C000039AF0120FFF7E2FA6B7803F00703022BBC
:104C100000F0BE802368002283F8802000F052FD5F
:104C20002060FEF73BFF00283FF47EAFFEF740FF19
:104C3000B94BBA4AC3F80405C3F80022D3F850258B
:104C4000D2B2022A04BF01229A606DE7B24A03235E
:104C500033704FF45053C2F808334FF4B670FEF778
:104C600010FF4FF48270FEF70CFFAD4BC2F8043317
:104C7000A94CD4F804331B0140F11081D4F86C31F5
:104C8000002B00F00B81A74EA74F4FF4B670FEF734
:104C9000F8FE3278032AD3B200F09A80043B012B4D
:104CA00000F273813B781F0740F1F8809F4F38680E
:104CB00001F040F80546002800F05081FEF7EEFEB6
:104CC0009B4A9C4B051E08BF12234FF04001C2F8BF
:104CD0000815C4F8003203D0FEF7EAFEC4F8040554
:104CE0004FF48670FEF7CDFE934BC4F808334FF4B3
:104CF0008270FEF7C6FE0A23C4F804330020FFF7D3
:104D00007DF88B498D4BC1F84835A3F5B033A3F539
:104D10009C73C1F84C3503F5F033C1F82C39FFF71B
:104D2000B5F98023C1F804354023C1F804350623C2
:104D30003370FFF7D7F808B901232361ADB900F04C
:104D4000C1FC7F4B1860FEF7A9FE70B1FEF7B0FE04
:104D5000714B784AC3F80405C3F80022D3F85025F4
:104D6000D2B2022A04BF01229A603A68937803F013
:104D70003003202B00F092804FF4AE70FEF781FEDE
:104D8000D378654A1B0643F40073C2F8443685E0C5
:104D900000F0C6FB00287FF43DAF5F4B5F4AC3F8CD
:104DA0000022D3F85025D2B2022A7FF461AF01224B
:104DB0009A605DE7FEF772FF0120FFF7AFFA04206B
:104DC000FEF754FF54E75F4B5F4A40F6C421B8E555
:104DD00057495E4ADFF868914FF0400B4FF0010AE7
:104DE0005223D9F80080C1F808B5C2F810A0C4F861
:104DF00000321823C4F86035494BC4F808334FF427
:104E00009A70FEF73EFE4FF49470FEF73AFE4FF4B0
:104E10009870FEF736FE4FF45053C4F804334FF445
:104E20000073C2F810A00025C1F808358023C1F82E
:104E30005855C1F85C55C1F83459C1F80435FFF72D
:104E400025F94348C1F804B500F088FCFFF74AF89B
:104E500008B9C4F810A0D9F8003083F8805000F0E9
:104E600031FCC9F80000FEF719FE70B1FEF720FE14
:104E7000294B2A4AC3F80405C3F80022D3F8502569
:104E8000D2B2022A04BF01229A60022333703B7817
:104E900023F007033B704046FEF7F4FE1E4AD2F8AB
:104EA00004331D0740F1B880D2F80C31002B00F01C
:104EB000B3801C4E4FF48670FEF7E3FD3378062B6B
:104EC00040F02D811E4FD2F85C313D681BB1D2F805
:104ED0000034DC0773D4154B1868837803F0300373
:104EE000202B69D1AB7803F03003202B64D16B7891
:104EF00003F00703022B5FD1074BD3F8004414F0F3
:104F000001045AD002A900F0B3FF002842D1114B8E
:104F1000114A4FF4206114E50010004052000800CF
:104F200002000008061300200413002010130020C4
:104F300000F0014012000800020004083C7101402A
:104F40000C1300206AFE00004C000100009000409D
:104F5000301100401500010022000100FEF778FF2B
:104F6000022301203370FFF7D9F93868009000F070
:104F700093FA009800F03CF900982B462A462946FF
:104F800001F0F3FD00F0BAF988E7884B884A40F653
:104F9000DC21D6E408A9284600F06AFF60B1059834
:104FA00050B1099941B19DF81D309DF834209A42C5
:104FB00002D102F063FB10B10024254604E03D68F5
:104FC000002385F880300124FEF79AFE0227012095
:104FD0003770FFF7A3F9002C00F09B80FEF70CFE62
:104FE0002B7801902B4413F8010C00F047FB714B18
:104FF00004B218680090BC4000F04EFA009800F02F
:10500000F7F8FF2C28BFFF24019A0098E3B2294645
:1050100001F0ABFD00F072F9674BD3F80423D00622
:1050200010D5D3F810316BB164494FF48870FEF796
:1050300028FD0B78012B77D1FEF78CFD00230B7038
:10504000FEF7D2FD5C4BD3F80423910318D5D3F8B7
:105050004431ABB14FF4A270FEF713FD574803780B
:10506000082B66D1FEF7A2FE022303700120FFF792
:1050700055F900F011FA012001F07FFD00F03EF932
:105080004D4BD3F8042352031CD5D3F84831CBB190
:105090004A4C4FF4A470FEF7F4FC2278052AD3B2F0
:1050A0004FF002054AD8032B4AD9FEF7D1FE012062
:1050B0002570FFF733F900F0EFF90120FEF7C2FD8C
:1050C00000F01CF93C4CD4F804331B041CD5D4F874
:1050D0003C31CBB1394E4FF49E70FEF7D2FC3378A1
:1050E000072B5DD1364DD4F868362A78DBB293426F
:1050F00038BF13462B70334B1868002835D0FEF7A5
:1051000035FD78B3012363620FB0BDE8F04F00F0C6
:1051100061B900F0C1F93846FEF794FD7AE7234BF8
:10512000234A40F6EF210CE4204B214A40F602319D
:1051300007E41E4B1E4A40F6153102E4082B05D049
:105140001A4B1B4A40F62D31FFF7FBBB0120FEF73F
:105150002DFE2570FFF7E2F800F09EF9002001F027
:105160000CFDADE7FEF7E4FCCEE700F001FAFEF738
:1051700099FEFEF7F3FD012002233370FFF7CEF80E
:10518000287800F082FA00B2840000F085F9FF2C44
:1051900028BFFF24E0B201F0ECFC00F0AFF8B3E769
:1051A000024B034A4FF43461FFF7CBBB6AFE0000A9
:1051B0004C000100101300200010004006130020D6
:1051C000FC12002000130020F8B5084E05460F46DB
:1051D000002456F8043B33B139462846984718B1A5
:1051E0000134042CF5D10120F8BD00BFD800010026
:1051F00000F012BFF8B5084E05460F46002456F8D9
:10520000043B33B139462846984718B10134032C82
:10521000F5D10120F8BD00BFE800010070B5074ED0
:105220000546002456F8043B2BB12846984718B190
:105230000134032CF6D1012070BD00BFF400010041
:1052400000F054BC00F004BF08B5174AD2E84F3F45
:10525000DBB2FF2B05D1154B154A16487B2102F016
:1052600075F90133DBB2C2E8413F0029EED101F00C
:10527000DFFA01F00BFF0121084601F081FA38B195
:105280000D4B0222C3F88020BFF34F8FBFF36F8F07
:10529000BFF34F8FBFF36F8F084A13780133DBB230
:1052A0001370012008BD00BF17130020000101008A
:1052B000800301001001010000E100E0151300204F
:1052C000034B00221A70034BFF221A70704700BF75
:1052D000171300201613002008B5FFF7B5FF28B9F3
:1052E000034B044A0448E52102F030F908BD00BF31
:1052F00088010100530301001001010008B50B4BA8
:105300001A78120606D50A4B0A4A4FF480710A48E9
:1053100002F01CF9094A127822B9094B054A40F2F9
:105320000111F4E7FF221A7008BD00BF1613002018
:10533000A1010100EA020100100101001713002081
:10534000D101010008B512494A68C2F30803E3B16C
:1053500012F4F87F06D10F4B0F4A104840F2171194
:1053600002F0F4F8103BDAB25BB2002BB5BF02F0EA
:105370000F0303F16043043B03F56143B6BF5B18C1
:1053800093F80003187E400908BD4FF0FF30FBE79B
:1053900000ED00E0F8010100B3020100100101007E
:1053A00008B50A4B1B781BB9BDE80840FFF74CBF96
:1053B000FFF7C8FF431C064B1B7808BF7F205BB27A
:1053C00040B29842F0D0002008BD00BF1713002063
:1053D000161300202DE9F041244D2B7803F0FF0433
:1053E0006BB1DFF8AC80224E98F80070012CFFB250
:1053F0001AD133784BB11F4B1F4A9E2102E01F4B3D
:105400001D4A95211E4802F0A1F8347001F012FAED
:105410002146204601F0B4F910B11A4B02221A605D
:1054200001F048FE00233370631EDBB2D5E84F2F36
:10543000D2B2944203D0144B0F4AAC21E2E7C5E844
:10544000423F002AF2D1012C0ED101F003FA18B923
:1054500098F800309F4207D0FFF7A2FF0028C3D181
:105460000A4B054AB921CDE7BDE8F08117130020AA
:1054700014130020320201003D0301002A02010042
:105480001001010000E100E0450201001B000100E5
:1054900015130020FFF784BF10B50C4C2378FF2BA9
:1054A00005D00B4B0B4AF6210B4802F04FF80B4B83
:1054B0001B781BB90A4B074AF821F5E7FFF742FFB3
:1054C000431C08BF7F2040B2207010BD161300207F
:1054D00057020100130301001001010017130020FF
:1054E000D10101007047000010B50C4C5A23022274
:1054F000FF21601C637402F009FAFE23E3700822A6
:10550000FF230021601D237102F000FA0023637362
:105510001423A373E3730223237410BD1813002014
:10552000024B587C00F00100704700BF18130020A8
:10553000024B5A7C60F300025A7470471813002023
:10554000024B587CC0F34000704700BF1813002086
:10555000024B5A7C60F341025A74704718130020C2
:10556000024B587CC0F38000704700BF1813002026
:10557000014B587CC008704718130020024B5A7C1E
:1055800060F3C7025A74704718130020F0B5144B2B
:10559000587C93F9001085B0C00800F0AFF9114BAA
:1055A0006A46044603F10807154618685968164606
:1055B00003C60833BB423246F7D118689B88306077
:1055C000072CB38009DC2B46002213F8010B41B2F3
:1055D0008C4203DD01320E2AF7D1082005B0F0BD60
:1055E000181300209703010000487047191300208A
:1055F00001460222014802F073B800BF19130020CF
:10560000004870471D13002001460822014802F09F
:1056100067B800BF1D130020004870471B1300200F
:105620000149042202F05CB82513002008B501F0FE
:105630007EFE10F11D0F0FDB10F1090F0EDB0A28A3
:105640000EDD1E280EDD32280EDD4728B4BF6FF0B8
:1056500001006FF0020008BD0320FCE70220FAE71A
:105660000120F8E70020F6E74FF0FF30F3E710B530
:105670000446FFF7DBFF2044C0B210BD10B504465E
:10568000FFF7D4FF201AC0B210BD10B50446FFF7D3
:10569000CDFF201AC0B210BD10B50446FFF7C6FFFB
:1056A000201AC0B210BD0000054A002301210133B9
:1056B000102B82F8801002F18102F8D1704700BFF0
:1056C0002A130020074A0023114692F8800018B1DF
:1056D00003EBC313C81870470133102B02F181028A
:1056E000F3D170472A1300200E4A002310B513602F
:1056F0000D4A137001F0FFFA01F0A2FD044601F01B
:105700001BFB0A4B4FF40052C3F87845C3F87C05E5
:10571000C3F80425D3F8042842F48042C3F80428CF
:1057200010BD00BF3C1B0020401B002000F00140CA
:1057300008B5054B00221A7001F0DEFA01F000FBFB
:10574000BDE8084001F028BD4C1B002008B501F061
:10575000EDFABDE8084001F065BD000010B5044653
:1057600001F01CFB054B064AC3F88045C3F88405CD
:10577000C3F8482901229A6010BD00BF00F0014023
:105780000CF001402DE9F041064628B9244B254A8A
:105790002548992101F0DAFE244B1B7803F0FF081D
:1057A00083B3234F01F0FEFA7B68C51A214B1878AA
:1057B00020B3214B1968CB1711F58002A5FB010C12
:1057C00005FB03CC43F1000311F5800FACBF0021B2
:1057D0000121B1EBDC7F4FEAD37416D0A41843F15A
:1057E0000001640844EAC17464424FEA610161EB5C
:1057F000410120184CEB010108F09AFF3B681D4461
:10580000281A30604046BDE8F081A41843F1000139
:10581000640844EAC17420184CEB6101ECE700BF56
:10582000A50301002C040100B90301004C1B00205A
:10583000441B0020401B00203C1B0020F7B501A8A2
:1058400001F08EFA00284CD0284E294C294D01F049
:10585000FBFC3378009013B32268019FC2F500115E
:105860003A4467680144D21B101A4FEAD1524FEAFA
:1058700091534BBF801A801890FBF3F0B0FBF3F00C
:105880002B781D495BB30B68C3EBC3031B1821D5F1
:105890001A1F00D5DA1CD2100A6001232B700023D6
:1058A0003370BFF35F8F02AB13E9030084E803009A
:1058B000BFF35F8F0123337001F042FA2B78206829
:1058C000002B14BF4FF080714FF4800101F094FC65
:1058D00003B0F0BD1A1D48BF03F10B02DBE70860FF
:1058E000DBE701F02DFA01F057FCF1E74C1B00203B
:1058F000441B0020401B00203C1B00200846704732
:1059000070B501F011FD0C4B0C4D1C780123A34028
:10591000013B184000260A4BAB60C4B2EE6001F0B8
:105920006BF828604FF4A07044436C603146284601
:10593000BDE8704001F06CB84D1B0020501B0020EA
:105940008159000010B50B4A0B4913780133DBB2C3
:1059500013700A78042A9CBF01320A70032B4FF09F
:10596000000403D8FFF7CCFF204610BD034B0120F5
:105970001C70FAE74F1B00204D1B00204E1B00201F
:1059800013B50B4C23788BB10A4B0B4A01930020C3
:10599000009012680123032101F0FAF830B923784E
:1059A00023B102B0BDE81040FFF7CCBF02B010BD7C
:1059B0004E1B0020BD590000641B002040B9054B60
:1059C0001B78022B04D9044B0121186801F0CFB8D1
:1059D000704700BF4F1B0020641B0020012910B539
:1059E00007D8074C38B10748002101F075F80023AB
:1059F0002370012002E0207880F0010010BD00BF7C
:105A00004E1B0020501B0020054B1B68834204D115
:105A1000044B1B780BB1FFF795BF0120704700BF07
:105A2000641B00204E1B002008B5094B1B688342F5
:105A30000BD1084801F05AF828B1074B074A08482B
:105A4000F92101F083FD074B1870012008BD00BF4C
:105A5000641B0020501B0020E5040100120501001A
:105A6000690401004E1B002013B50C4A531CD3E8F7
:105A70004F3FDBB28DF807309DF80730834204D0EA
:105A8000BFF32F8F002002B010BD541CC4E8431F89
:105A9000002BEBD1BFF35F8F0120F4E7681B0020E0
:105AA000052910B5034615D00C4C6278022AD0B2F5
:105AB00010D18BB10021FFF7D7FF10B10A2001F000
:105AC00052F8637833B1064B064A07484FF4027127
:105AD00001F03CFD012010BD1846FCE7681B0020CA
:105AE000210601005F0601006305010038B5084B7F
:105AF0005B78022B044609D100F07EFF054D237828
:105B0000286020462B7100F015F9687138BD00BF80
:105B1000681B00206C1B0020F0B50C784278032C29
:105B200089B006460D4602F0070736D10378053BDB
:105B30007A2B00F288808378052F03F030010BD098
:105B400020D812F0040201D0012423E03029FBD038
:105B5000102903D0202917D00029F5D103F00C0318
:105B6000082B0ED00C2B0BD0002BEDD1FFF7F8FC3F
:105B700000B97FB996F90230002BE5DA062300E080
:105B80000E232B70002405E0144600F0F4F8FF28E3
:105B9000DAD02870204609B0F0BD02A900F068F9FB
:105BA0000028D1D0029CECB1FFF71EFD0222014675
:105BB000204601F063FDA8B1244B02221D88ADF8F8
:105BC000045001A9204601F059FD58B147B9FFF72B
:105BD0000BFD02226946ADF8005001F04FFD08B1FF
:105BE0000324D7E79DF81C40022C09D0082C1DD0B7
:105BF00014BBFFF7B5FC0028C4D1002FC2D0EFE7DB
:105C0000039DFFF709FD22460146284601F036FDB7
:105C10000028B7D00D4B1B88ADF80430224601A9EF
:105C2000284601F02BFD0028DAD1ABE7039DFFF7F2
:105C3000E7FC22460146F3E7054B064A06484FF4C7
:105C4000D97101F083FC0924A4E700BFF706010025
:105C50006AFE0000F90601007C060100837803F06B
:105C600030021F2A05D913F0010F0CBF04200320B6
:105C7000704704207047807800F0C000802807D06B
:105C8000C02807D0003818BF01204042C0B270477A
:105C900002207047082070478378024A03F00C0303
:105CA000D05C70470807010082784378900602F0C4
:105CB0000C0103D4081E18BF012070470C29C3F340
:105CC000801002F0C00204D1C02A08D180F0010087
:105CD0007047002AEED10029F8D1C0B27047002ADF
:105CE000E8D1F3E7837842789906C2F3801203F093
:105CF000C00003D448B182F00100704703F00C03E8
:105D00000C2BF7D1C028F5D100207047807800F027
:105D1000C000A0F1C003584258417047807800F09D
:105D2000C000A0F18003584258417047807800F0CD
:105D3000010070474078C0F34010704710B504462A
:105D4000FFF7B2FF20B12046BDE81040FFF786BF45
:105D500010BD10B5837813F00C03044609D0FFF78B
:105D6000EDFF20B92046BDE81040FFF777BF0230B5
:105D7000C3B2184610BD38B50146FFF76FFF0546A0
:105D80000846FFF789FFFF28044607D00846FFF7BB
:105D90008BFF08B10235EDB22C44E4B2204638BD89
:105DA00038B50546FFF7CAFF04462846FFF79AFFB5
:105DB000A0B12846FFF7CDFF01462846FFF76CFF4C
:105DC00021B1FF2801D00B18D8B238BD0CB1A31CEB
:105DD000FAE72846BDE83840FFF740BF2846FFF7FE
:105DE00063FF002814BF20460020EEE738B5847812
:105DF00014F0C00405460AD0FFF7D2FF0446284637
:105E0000FFF770FF28B1FF2C01D00234E4B2204626
:105E100038BD2846FFF79DFF01462846FFF73CFFA7
:105E2000044619B1FF28F2D00C44EFE72846FFF7EB
:105E300085FF10B10230C4B2E9E72846BDE838401A
:105E4000FFF70CBF38B504460D46FFF7CFFF431EE2
:105E5000DBB2FD2B09D8A37803F0C003A3F1C00285
:105E60005342534120442B7038BD00231846FAE7B3
:105E70002DE9F0410646FFF7F1FE044630460D4697
:105E8000FFF712FF07463046FFF72CFF8046A7B109
:105E900031190234E4B22960B37813F00C030ED048
:105EA00033196B603046FFF7F7FE0444FF2828756E
:105EB000E4B206D10020BDE8F0813946EBE76B6023
:105EC0002B75B8F1000F1CD033190234AB60E4B26B
:105ED000B37813F0C00319D03319EB603046FFF7E5
:105EE000CAFE0444FF286875E4B2E3D0AC75737849
:105EF000C3F3C0001B074BBFA41928612C6101200C
:105F0000D9E7002F08BF3946A960E1E7EB606B7560
:105F1000ECE70000034B00211970BFF35F8F0248CC
:105F200000F0DABD741B0020781B002020B1034B69
:105F30000521186800F01BBE704700BF8C1B0020B5
:105F400010B5104C237843B10F4A002304210120DF
:105F500000F01CFE10B10023237010BD0B480C4A4A
:105F6000436803F5FA739342436005D9094B0A4A23
:105F70000A485E2101F0EAFABDE81040012100F074
:105F800047BD00BF741B00202D5F0000781B002060
:105F900040420F00150701007C0801003307010093
:105FA00038B50E4C0E4D0F4BA3600023E360286004
:105FB00000F022FD2B6820601A780B4B1B6803EB66
:105FC000421303F5C07301256360084B2046294640
:105FD0001D7000F01DFD284638BD00BF781B002055
:105FE0008C1B0020415F00002C000020741B00204F
:105FF00010B5084B1B7803F0FF0433B1042902D01D
:1060000028B1FFF787FF204610BD0124FBE70446B7
:10601000F9E700BF741B002008B5084B1B688342DA
:1060200008D0074B1B782BB1064B074A0748A32122
:1060300001F08CFABDE80840FFF76CBF8C1B002014
:10604000741B0020BB070100540801003307010046
:1060500008B5064B1B782BB9054B064A0648AA2102
:1060600001F074FABDE80840FFF754BF741B00202C
:10607000ED070100290801003307010008B5084BAE
:106080001B68834208D0074B1B782BB1064B074A8D
:106090000748B22101F05AFAFFF73CFF012008BD82
:1060A0008C1B0020741B0020BB07010003080100AB
:1060B000330701002DE9F843894642B1012A0CD08B
:1060C000274B284A28484FF49C7101F03FFA274A91
:1060D00083BB976E022401322FE0254AD3BBD2F84E
:1060E00018710B2429E0ACEB060506EB6505AF4201
:1060F00028D905FB04FE02EB0E0883B152F80EE02E
:1061000001688E4511D813D3D8F804E04168714571
:106110000BD30DD8C9F800500120BDE8F883B0F8C2
:10612000008032F80EE0F045F2E705F1FF3C07E0B1
:106130006E1C05E0D76E082415320025BC462E469D
:10614000B445D0DA6B1CB34208BF3546C9F80050DD
:106150000020E2E7D2F81C7111246E32EDE700BF97
:106160006AFE00004909010090080100B01C0020EF
:10617000901B002010B5094C70220021204601F030
:10618000C5FB4FF490720648002101F0BFFB0123CC
:106190002370044B00221A7010BD00BFB01C0020F9
:1061A000901B0020201D002030B5234B1D78012DB1
:1061B00089B0044614D0022D15D0002D34D101A988
:1061C000FFF740FE1D4B1B786BB130B19DF80430DA
:1061D0002A4602A9FFF76EFF0346184609B030BDF4
:1061E000164B1B780BB90123F7E702A94578FFF797
:1061F0003FFE0028F7D005F00705032D12D19DF8CA
:106200001E30E35C042B0DD19DF81D30022BEAD12A
:1062100000231A46059801A9FFF74CFF80F0010002
:10622000C3B2DAE70023D8E7054B064A064840F236
:10623000C22101F08BF900BF201D0020B01C0020FE
:106240006AFE00001B0901009008010073B50E46AC
:106250001546044680B10B46012201A9FFF72AFF2B
:10626000A0B101980B4C56B100EB0010231876300A
:1062700093F87E302B700444204602B070BD0B238F
:106280005843231802309B7A2B70F4E72870044699
:10629000F2E700BF901B002008B500F023F9BDE82D
:1062A000084000F025B8000008B542789206034681
:1062B00005D40C4B0C4A0D484F2101F047F9827868
:1062C00002F03002102A02D0202A05D042B9184626
:1062D000BDE8084000F01AB9BDE8084000F00AB86F
:1062E000002008BD59090100170A010087090100B3
:1062F00070470000F0B58FB002A90546FFF7B8FD62
:10630000002800F093809DF81D106D4CA1F108004D
:10631000414241410DF107020598FFF797FF032223
:1063200006460021204601F0F1FA637843F00203AB
:1063300063706A7802F00802134328466370FFF71F
:1063400033FF18B1637843F0100363706B785B061A
:1063500048BF6378284644BF43F040036370FFF7AB
:10636000E5FC18B1A37843F00103A3701EB1A37834
:1063700043F00203A3702846FFF7C8FC90B1A3784E
:1063800043F00C03A370A3784D4843F0200308A901
:10639000A370FFF76DFD70B94A4B4B4A9A214B48E9
:1063A00001F0D4F82846FFF7B9FC0028EBD0A37819
:1063B00043F00803E6E79DF83630284601332370A2
:1063C000FFF7B4FC08B9EB78E370089B53B104996C
:1063D00021B9029911B9FFF707F90146089802227D
:1063E00001F07EF9059989B1099818B9384B394AF5
:1063F000BF21D4E79DF81D309DF834209A4203D088
:10640000354B344AC021CAE701F06AF90C9B7BB9CD
:106410009DF83650601946B19DF8075031462A461E
:1064200001F05EF922781544257025480FB0F0BDC3
:10643000069A1AB9294B2A4AD221B0E712781A7063
:1064400021784B1C23700C9B1A7812F0200204BF99
:10645000053121700699FAB101315D1C1B7803F0FA
:106460001803102B1BD0182B1BD0082B1BD1012776
:106470003A46284601F034F923783B4423700C9BBC
:106480001B7803F00703013B062B11D8DFE803F06C
:106490000D1215100D12150005315D1DDEE70527E3
:1064A000E6E70927E4E70027E9E7237804332370C8
:1064B000E819B0E723780833F9E723781033F6E7D3
:1064C000211D0020370A0100630B0100450A01006D
:1064D000D90A0100530B0100F30A0100220B01004D
:1064E0003E0B010007B5074B186800909B880648D3
:1064F000ADF804300622694601F0F2F803B05DF809
:1065000004FB00BF750B0100A11D002010B5064C57
:10651000C378E370FFF748FE002814BF122302235C
:106520006370204610BD00BFA11D002008B5084BB8
:106530001B7803B959B9074B1A5C8A4206D129B1B5
:10654000054B064A0648B92101F000F8195408BD68
:10655000F11D0020A71D00207B0B01005F0C010036
:10656000B80B01002DE9F04F394EDFF8E88085B017
:106570000123D6E84F5F15F0FF0509D0BFF32F8F39
:10658000344A13780133DBB2137005B0BDE8F08FE5
:10659000C6E8443F002CECD1BFF35F8FDFF8C0901A
:1065A00098F80030DFF8BCA05FFA83FB99F8003060
:1065B000019300F021FA0746DAF80410DAF80830FF
:1065C0000391029300F01AFA9AF800200399AA4264
:1065D00009D9214A029B121A1A44384600F010FACF
:1065E00008B99AF80050012C0AF1200A26D11B4B59
:1065F0001978019B8D4238BF0D46AB4215D089F802
:106600000050EDB900F0BEFA29462846FFF78EFF8C
:1066100000F0E8FA29462046FFF788FF284600F0F8
:1066200069FB29460220FFF781FFBFF35F8F00233C
:10663000337098F800305B459AD1A6E70124BBE798
:1066400000F0A2FA00F014FB00F0B4FAE6E700BF95
:10665000EF1D0020F01D002020FEFFFFAA1D0020DE
:10666000F11D0020AC1D002070B51D4D1D4E0122F6
:10667000D5E84F3FDBB23BB1BFF32F8F194A1378F8
:106680000133DBB2137070BDC5E8432F002BEFD18F
:10669000BFF35F8F144B34781A78032A98BF1878A9
:1066A0005A788CBF0420C0B2904288BF58789A783C
:1066B00088BFC0B2824238BF98780C4B1A7838BF76
:1066C000C0B28242E4B202D0187000F08FF8BFF37B
:1066D0005F8F00232B703378A342C8D1D3E700BF6C
:1066E000ED1D0020EE1D0020A71D0020EC1D002048
:1066F00008B500F059FA00F0FCFA0A4A00231370BA
:10670000094A1370094A1370094A1370094A137031
:10671000094A137082F82030084A1370537093703E
:1067200008BD00BFED1D0020EF1D0020EC1D002066
:10673000AA1D0020F11D0020AC1D0020A71D002077
:1067400008B5054B1870BFF35F8FFFF70BFFBDE86F
:106750000840FFF789BF00BFAA1D002000F058BA0B
:1067600000F058BA054B1A7832B95A7822B998789D
:10677000003818BF0120704701207047A71D002076
:10678000022808B506D9074B074A084840F20E21EF
:1067900000F0DCFE064B185C884234BF002001206C
:1067A00008BD00BF290C01003E0C0100B80B010020
:1067B000A71D002000F042BA08B504210120FFF710
:1067C000B5FEBDE80840FFF74FBF08B50421002023
:1067D000FFF7ACFEBDE80840FFF746BF014BFF22C4
:1067E0001A707047F21D0020FFF7AABF13B50446C8
:1067F000FEF750FE0D4B50B11A78FF2A07D1204604
:10680000FDF72EFE02B0BDE81040FEF7E3BDD3E871
:106810004F2FD2B28DF807209DF80720C3E8424FD2
:10682000002AF4D10028EDD102B010BDF21D0020E5
:1068300070470000064AFF23D2E84F0FC2E8413FED
:106840000029F9D1C0B2FF2801D0FDF709BE704779
:10685000F21D0020024B1878FF3818BF0120704746
:10686000F21D002082B00122D0E84F3FDBB28DF84C
:1068700007309DF8073023B1BFF32F8F002002B0FF
:106880007047C0E8432F002BEED1BFF35F8F01208C
:10689000F5E70000094A82B0D2E84F3FDBB28DF83D
:1068A00007309DF807300133DBB2C2E8413F0029D1
:1068B000F2D1BFF35F8F02B0704700BFF41D00201C
:1068C000F8B50E4E0E4F35780E483C68EDB2FFF726
:1068D000C9FF38B154B900F051FCBFF35F8F094BC9
:1068E00000221A703378AB42EDD1F8BD3B682068C6
:1068F0006168A342F1D100F0F1FBEEE7F41D002046
:10690000F81D0020F51D00202DE9F3410F4688B148
:106910002A49DFF8BCC04FF000080A78CDF804809F
:10692000D2B2634653E8004F54B1A04208D004F1FC
:106930001003F7E7224B234ABD21234800F006FE4F
:106940000D78AA42E9D1A04215D102690192DCF882
:10695000002082421FD1019A002A15BF002501257F
:1069600001260026019A43E8002EBEF1000FD4D183
:10697000FFF790FF03E0BFF32F8F00252E46A4B151
:1069800004F1100353E8003F9C4207D10F4B0D4A1E
:106990004FF48871D1E700252E46E3E704F110019A
:1069A00041E80032002AEBD1012407B13C70002EEF
:1069B00014BF3046284602B0BDE8F081F41D002027
:1069C000760C01005C0D0100860C0100090D010030
:1069D000F81D0020044A00231360044A1370044A7F
:1069E0001370044A13707047F81D0020F51D002035
:1069F000F31D0020F41D002000F06ABB00F06CBB0A
:106A0000101A08440028D4BF00200120704700005D
:106A1000F8B5044630B9284B284A4FF4AA712848E3
:106A200000F094FD836823B9264B244A40F25511A7
:106A3000F5E729B100F050FB6368013B0344636054
:106A400000212046FFF760FF08B1FFF739FF1E4E17
:106A50001E4D30782946C0B251E8003F9C4204D117
:106A60001B4B164A4FF4B871D9E75BB1D4E9002744
:106A70003A441F68D21B5F68D21B002A02DB03F175
:106A80001001E9E732788242E3D1A34204D1114BED
:106A90000A4A40F28911C2E7236141E80043002B12
:106AA000D7D1FFF7F7FE2B68A34203D1BDE8F8402A
:106AB000FFF706BFF8BD00BF760C0100690D0100AD
:106AC000860C01001F0D0100F41D0020F81D0020A0
:106AD000390D01004A0D010008B5FFF715FF18B187
:106AE000BDE80840FFF7ECBE08BD000030B5094B1B
:106AF00009491D680A782B46D2B223B90C78944212
:106B0000F8D1184630BD834201D01B69F5E7012357
:106B1000F4E700BFF81D0020F41D002037B50E4833
:106B2000FFF7A0FE98B10D4B186858B10DF10701A1
:106B3000D0E90245FFF7E8FE9DF8073013B10CB12C
:106B40002846A047BFF35F8F034B00221A7003B0A3
:106B5000BDE83040FFF7B4BEF31D0020F81D002053
:106B60007047F9F7F7BCFCF76CBFFCF771BFFCF797
:106B700083BFFCF782BFFCF781BFFCF780BFFCF747
:106B80007FBF704700F082B870477047FDF7BEBD09
:106B900010B49DF8044001945DF8044BFDF7E8BD86
:106BA000FDF724BEFDF780BE014B00221A7070472E
:106BB000FC1D002008B5074B1A782AB1064B074A7E
:106BC00007483B2100F0C2FC01221A70BDE80840D2
:106BD000FFF7F2BDFC1D0020840D0100460E0100F0
:106BE000920D010008B5064B1A782AB9054B064AE2
:106BF0000648432100F0AAFC00221A7008BD00BF1D
:106C0000FC1D0020850D0100280E0100920D0100E1
:106C10007047000008B5054B1B782BB9044B054A9B
:106C20000548512100F092FC012008BDFC1D002008
:106C3000850D01000E0E0100920D01004FF0FF3096
:106C4000704700004FF0804308490022C3F8182520
:106C5000E02281F800230122C1F880210A60C3F8F4
:106C600004230222C3F80423704700BF00E100E0C0
:106C70004FF08043002282B0C3F80021D3F80021F6
:106C80000192019A01221A6002B070474FF08043CE
:106C900001225A6070474FF08043002282B0C3F84F
:106CA0000421D3F804210192019A01229A6002B0D2
:106CB000704707B54FF08043D3F8002142B100225E
:106CC000C3F80021D3F800310093009BFFF77DFD4E
:106CD0004FF08043D3F8042142B10022C3F80421CD
:106CE000D3F804310193019B00F0B4FA03B05DF8CE
:106CF00004FB7047704770470B4BD3F8042522F014
:106D00000302C3F80425D3F8082542F00302C3F8B0
:106D10000825D3F8102522F00F0242F00402C3F830
:106D2000102501221A60704700800040014B0122AB
:106D30001A6170470080004000487047488000405A
:106D4000054A064901235364D2F84435013B0B60E0
:106D5000C2F84835704700BF00800040001E002088
:106D600008B5094BD3F8483528B9084B084A0948F3
:106D70007B2100F0EBFB084A12689A4216BF0360C1
:106D80000020012008BD00BF00800040A5030100D5
:106D9000E70E0100650E0100001E0020004870474C
:106DA0004C800040014BD3F84C05704700800040F8
:106DB000F8B51C4A430B43EAC1434C0BA3FB023515
:106DC00002FB04551B0F43EA05132D0F6A0243F61D
:106DD000095742EAD3525C02A3FB0736C31A124892
:106DE00007FB056561EB050198424FF00000884103
:106DF00005D20E4B0E4A0F48902100F0A7FB0E4D16
:106E000040F23140584305FB0100A3FB0535013B2F
:106E1000284447F6FF7340EB0300C00B001942F112
:106E20000001F8BDD07B6308452C1600090F010056
:106E300024100100170F01007B2DE8BDF8B5224D8D
:106E400005EB001C044606012048DCF80470C0F87D
:106E50000873DCF80C70C0F84473D3E90073B942CE
:106E60002AD9C81B002827DA013B8A184FF00000F6
:106E700040EB000119448018FFF79AFF43F60957C9
:106E8000A0FB073207FB012140F2FF129B18DFF83D
:106E900040C00E4A41F100015B0A43EAC1534CF87D
:106EA0003430AB590CEBC40E03F5A873490ACEF885
:106EB000041042F82300F8BDB942D6D27F1A002F41
:106EC000B8BF0133D1E700BF5410010000400240B9
:106ED000181E002000F1402000F50030002382B091
:106EE000036003680193019B02B0704737B52649E0
:106EF0000122D1E84F3FDBB28DF807309DF8073013
:106F00006BB1BFF32F8F214BD3F80421204B12B963
:106F10001A68D20736D518680230400830E0C1E858
:106F2000432F002BE5D1194B0222C3F80823BFF3EE
:106F30005F8FD3F80431164A4BB1136801331360E5
:106F4000BFF35F8F4FF48270FFF7C4FF0123106817
:106F50000E4C022501304008C4F80453BFF35F8F84
:106F600000240C7063B11368D90706D4094B0A4A90
:106F70000A484FF4887100F0E9FA1368013313608E
:106F800003B030BD1868C8E70C1E00200040024066
:106F9000101E0020840F01003F1001009C0F010013
:106FA0002DE9F04106460C46FFF7A0FF0546BFF36A
:106FB0005F8FDFF82080D8F80475BFF35F8FFFF78D
:106FC00095FF3060854218BFD8F804752760BDE88A
:106FD000F08100BF0040024007B501A96846FFF7F5
:106FE000DFFF019A43F6095340F2FF100021E2FB54
:106FF0000301400A009A044B40EAC150490AE2FBEF
:10700000030103B05DF804FB0080841E194A0023CD
:1070100010B51360184A194C00200021C2E9000184
:10702000174A23701360FFF736FE2378002BFCD03D
:10703000144BC02283F824231022C3F884215A6001
:10704000114A0023C2F808354FF48270FFF742FF5F
:107050000223C2F84433C2F804334FF48033C2F839
:1070600008334FF4A070C2F84833FFF733FF012311
:10707000136010BD101E0020181E0020041E0020EA
:10708000081E002000E100E000400240074B5A6863
:10709000D20642BF064A012111601022C3F88420A3
:1070A000BFF34F8FBFF36F8F704700BF00E100E069
:1070B000081E0020044B1A6822B100221A60034BFC
:1070C00010225A60704700BF081E002000E100E057
:1070D00008B5FFF781FF08BD1F20704770B586B067
:1070E0000546019102A803A9FFF75AFF039E019AE2
:1070F000002043F60951044640F2FF13E6FB013439
:107100005B0A0299184E43EAC453640AE1FB063451
:10711000CDE90434294604ABFFF790FE134B039AE4
:10712000D3F804359A4203D0FFF756FFCDE90401A6
:107130000F49049B059AD1E900013E3342F1000258
:10714000834272EB010308D30A4B01221A700A4BE7
:107150001022C3F8042106B070BD044B4FF48032F6
:10716000C3F80423F7E700BF0080841E00400240FC
:10717000181E0020141E002000E100E0054B4FF413
:107180008032C3F848234FF4A070C3F80823FFF7F8
:10719000A1BE00BF004002407FB5154D154E04242E
:1071A000694601A8FFF7FCFE009A43F6095040F239
:1071B000FF110023E2FB0013490A019A41EAC3517F
:1071C0005B0AE2FB0513CDE902133E2202AB01206C
:1071D000FFF734FE4FF40033C6F80433D6F8043515
:1071E000009A9A4201D0013CDAD104B070BD00BFD0
:1071F0000080841E004002401FB504460191FFF745
:10720000EBFE019ACDE9020102AB21460120FFF716
:1072100015FE034B4FF40032C3F8042304B010BD35
:1072200000400240054B4FF40032C3F848234FF4AE
:10723000A270C3F80823FFF74DBE00BF0040024014
:107240000048704744410240014B9868704700BFB6
:10725000181E0020014B01221A707047041E0020E6
:1072600010B5264BD3F8042122B10222C3F808231B
:10727000FFF73CFE224B1A7872B100224FF4A07047
:107280001A70FFF727FE1D4B4FF48032C3F84823D6
:10729000C3F80823FFF742FC184CD4F80433DA0390
:1072A00017D5D4F84031A3B14FF4A070FFF712FE08
:1072B000FFF792FE134BD3E90023904271EB0303D7
:1072C00007D34FF48033C4F84833C4F80833FFF7CA
:1072D00025FC0A4AD2F804339B030ED5D2F8443178
:1072E0005BB14FF4A270FFF7F5FD4FF40033C2F825
:1072F0004833C2F80833FEF7A1FA10BD004002403F
:10730000141E0020181E0020064B01221A60D3F81C
:107310000021002AFBD00022C3F80021D3F8080581
:1073200000F06ABB00D0004000F06EBB7047142034
:1073300070470000BFF34F8F0549064BCA6802F43F
:10734000E0621343CB60BFF34F8F00BFFDE700BF88
:1073500000ED00E00400FA054FF08053D3F830212F
:107360000D2A03BFD3F83401B0FA80F040090020A1
:107370007047000008B5FFF7EFFF40B14FF08043C2
:107380000022C3F80C21C3F81021C3F83825FFF7F9
:10739000E3FF002846D04FF08052584BD2F8041437
:1073A000C3F82015D2F80814C3F82415D2F80C1429
:1073B000C3F82815D2F81014C3F82C15D2F81414F9
:1073C000C3F83015D2F81814C3F83415D2F81C14C9
:1073D000C3F84015D2F82014C3F84415D2F8241489
:1073E000C3F84815D2F82814C3F84C15D2F82C1459
:1073F000C3F85015D2F83014C3F85415D2F8341429
:10740000C3F86015D2F83814C3F86415D2F83C14E8
:10741000C3F86815D2F84014C3F86C15D2F84424A8
:10742000C3F87025FFF798FF48B14FF08043D3F8B9
:107430000024D10744BF6FF00102C3F80024304A92
:10744000D2F8883043F47003C2F88830BFF34F8F0E
:10745000BFF36F8F4FF01023D3F80C22D2071DD546
:10746000284B0122C3F80425D3F80024002AFBD0BE
:107470004FF01022D2F80C3223F00103C2F80C3284
:10748000204BD3F80024002AFBD00022C3F80425A7
:10749000D3F80024002AFBD0FFF74CFFD3F80022DA
:1074A000002A03DBD3F80432002B22DA154B012229
:1074B000C3F80425D3F80024002AFBD04FF0102293
:1074C0001221C2F80012D3F80024002AFBD04FF09A
:1074D00010231222C3F804220A4BD3F80024002AF6
:1074E000FBD00022C3F80425D3F80024002AFBD0E7
:1074F000D2E7054B054A1A6008BD00BF00C0004036
:1075000000ED00E000E00140300000200090D003DA
:107510000649074A074B9B1A03DD043BC858D05065
:10752000FBDCFFF727FFF8F7B3FE0000A014010013
:1075300000000020F8090020FEE7FEE7FEE7FEE776
:10754000FEE7FEE7FEE7FEE7FEE7FEE700B50B4CD1
:1075500025681446EE681A4685B003460D464CB1C0
:1075600007490095CDE901143046064900F04EF870
:1075700002F028FE04490C46F3E700BF3800002063
:1075800074100100841001008010010008B513463A
:107590000022FFF7DBFF00BF002301461A46184612
:1075A00002F076BD08B50021044602F0A5FD044BAB
:1075B0001868C36B03B19847204606F023FC00BF50
:1075C000B811010038B5084B084D5B1B9C1007D063
:1075D000043B1D44013C55F804399847002CF9D16F
:1075E000BDE8384007F07CBAF4090020F00900201B
:1075F0000CB400B583B004AB53F8042B019300F036
:10760000B5FB03B05DF804EB02B070470EB410B5E3
:1076100083B005AB064C53F8042B01930146206858
:1076200000F0A4FB03B0BDE8104003B0704700BFFA
:107630003800002070B50D4E0D4D761BB61006D0EB
:10764000002455F8043B01349847A642F9D1094E6D
:10765000094D761B07F03EFAB61006D0002455F807
:10766000043B01349847A642F9D170BDE4090020DB
:10767000E4090020F0090020E4090020032A70B585
:1076800015D940EA010C1CF0030F04460B4621D12A
:10769000194620460E680568B54204F1040403F15A
:1076A000040317D1043A032A20461946F0D8541E81
:1076B000A2B100F1FF3C013901E0C3180CD01CF865
:1076C00001EF11F8012F9645A4EB0C03F5D0AEEBBA
:1076D000020070BD541EECE7184670BD104670BD28
:1076E000844641EA000313F003036DD1403A41D3CD
:1076F00051F8043B40F8043B51F8043B40F8043B8C
:1077000051F8043B40F8043B51F8043B40F8043B7B
:1077100051F8043B40F8043B51F8043B40F8043B6B
:1077200051F8043B40F8043B51F8043B40F8043B5B
:1077300051F8043B40F8043B51F8043B40F8043B4B
:1077400051F8043B40F8043B51F8043B40F8043B3B
:1077500051F8043B40F8043B51F8043B40F8043B2B
:1077600051F8043B40F8043B51F8043B40F8043B1B
:10777000403ABDD2303211D351F8043B40F8043BBB
:1077800051F8043B40F8043B51F8043B40F8043BFB
:1077900051F8043B40F8043B103AEDD20C3205D3CB
:1077A00051F8043B40F8043B043AF9D2043208D0C3
:1077B000D2071CBF11F8013B00F8013B01D30B8835
:1077C00003806046704700BF082A13D38B078DD013
:1077D00010F003038AD0C3F10403D21ADB071CBFE5
:1077E00011F8013B00F8013B80D331F8023B20F84F
:1077F000023B7BE7043AD9D3013A11F8013B00F888
:10780000013BF9D20B7803704B7843708B7883700F
:107810006046704788420DD98B1883420AD900EB25
:10782000020CBAB1624613F801CD02F801CD9942BB
:10783000F9D170470F2A0ED8034602F1FF3C4AB136
:107840000CF1010C013B8C4411F8012B03F8012FC2
:107850006145F9D1704740EA01039B0750D1A2F17D
:10786000100370B501F1200C23F00F0501F1100E8B
:1078700000F11004AC441B095EF8105C44F8105C85
:107880005EF80C5C44F80C5C5EF8085C44F8085C3C
:107890005EF8045C44F8045C0EF1100EE64504F159
:1078A0001004E9D1013312F00C0F01EB031102F0C7
:1078B0000F0400EB031327D0043C24F003064FEA27
:1078C000940C1E441C1F8E465EF8045B44F8045F53
:1078D000B442F9D10CF1010402F0030203EB84037A
:1078E00001EB840102F1FF3C4AB10CF1010C013BB8
:1078F0008C4411F8012B03F8012F6145F9D170BDBB
:1079000002F1FF3C03469BE72246EBE7830730B5D5
:1079100048D0541E002A3FD0CAB2034601E0013CC1
:107920003AD303F8012B9D07F9D1032C2DD9CDB201
:1079300045EA05250F2C45EA054536D9A4F1100284
:1079400022F00F0C03F1200EE6444FEA121C03F163
:10795000100242E9045542E9025510327245F8D14D
:107960000CF1010214F00C0F03EB021204F00F0CE7
:1079700013D0ACF1040323F003030433134442F89F
:10798000045B9342FBD10CF003042CB1CAB21C443B
:1079900003F8012B9C42FBD130BD64461346002CFA
:1079A000F4D1F9E703461446BFE71A46A446E0E7D8
:1079B0000EB400B582B003AB816853F8042B019379
:1079C00001F02EF802B05DF804EB03B0704700BF81
:1079D0000FB400B5074983B004AB086853F8042B13
:1079E0008168019301F01CF803B05DF804EB04B06A
:1079F000704700BF38000020024B1B680022C3E91B
:107A00002A027047380000200B4A0C4910B4146851
:107A10000B4AD4E92A0300FB02F201FB0322A0FB7C
:107A20000101431C42EB0100C4E92A3020F0004070
:107A30005DF8044B704700BF380000202D7F954C47
:107A40002DF4515800294FF480630CBF022200220C
:107A500000F000B82DE9F0435A4CD4F8008083B010
:107A600004460E4617461D46B8F1000F03D0D8F85D
:107A70003830002B68D0022F05D0012F00F28E8005
:107A8000002DC0F28B802146404603F06FFC216B35
:107A900041B104F14003994202D0404603F08CFE0C
:107AA00000232363B4F90CC000231CF0800FA361F2
:107AB000636051D12CF44A6C2CF0030C022FA4F813
:107AC0000CC057D001AB6A462146404604F0F6F997
:107AD000A3891843A08125B326B3D8F838307BB3E7
:107AE000009BB4F90CC02660AB421CBF4CF4006C88
:107AF000A4F80CC0012F04BF4CF0010CA4F80CC07A
:107B00001CF00800C4E904651FFA8CF320D013F0C0
:107B100001003FD000206D42A060A56103B0BDE828
:107B2000F083009D284604F0F9F90646002838D075
:107B3000A38943F08003A381D8F83830002BCFD13C
:107B4000404603F03DFDCBE7404603F039FD92E7A8
:107B5000A06003B0BDE8F0832169404603F02CFE2D
:107B6000B4F90CC02CF44A6C2CF0030C022FA4F8CE
:107B70000CC0A7D1002004F143034CF0020C0021FB
:107B80000122C4E90432A4F80CC0A160236003B050
:107B9000BDE8F083A56003B0BDE8F0834FF0FF308F
:107BA000D7E7DDF80090A94504D0484604F0B6F9BF
:107BB000064620B9B4F90CC04FF0FF30DBE74D4664
:107BC000B6E700BF38000020000000000000000001
:107BD00000000000000000000000000000000000A5
:107BE0000000000000000000000000000000000095
:107BF0000000000000000000000000000000000085
:107C000090F800F06DE9024520F007016FF0000CDC
:107C100010F0070491F820F040F049804FF0000484
:107C20006FF00700D1E9002391F840F000F108005F
:107C300082FA4CF2A4FA8CF283FA4CF3A2FA8CF397
:107C40004BBBD1E9022382FA4CF200F10800A4FAFE
:107C50008CF283FA4CF3A2FA8CF3E3B9D1E9042352
:107C600082FA4CF200F10800A4FA8CF283FA4CF389
:107C7000A2FA8CF37BB9D1E9062301F1200182FA43
:107C80004CF200F10800A4FA8CF283FA4CF3A2FA49
:107C90008CF3002BC6D0002A04BF04301A4612BA57
:107CA000B2FA82F2FDE8024500EBD2007047D1E95A
:107CB000002304F00305C4F100004FEAC50514F0E9
:107CC000040F91F840F00CFA05F562EA05021CBFBA
:107CD00063EA050362464FF00004A9E72DE9F84F77
:107CE0004B6E9C0490462DD59368126843B38B4627
:107CF000064602F1080959E9025A5FEA9A0715D0C7
:107D0000043D002401E0A7420ED055F8041F5A4656
:107D1000304603F0C9FC431C04F10104F3D10023F5
:107D2000C8E90133BDE8F88FD8F808302AF0030A13
:107D3000A3EB0A03C8F8083009F10809002BDAD1CF
:107D40000020ECE703F03EFE0023C8E90133BDE864
:107D5000F88F00BF10B4946814B15DF8044BBDE710
:107D6000204654605DF8044B704700BF2DE9F04F8A
:107D7000ABB01C46884617460693834618B1836B02
:107D8000002B00F02582B8F90C1088048AB20AD4BE
:107D9000D8F8643041F4005223F40053A8F80C20C2
:107DA000C8F8643092B2130740F1A480D8F81030BC
:107DB000002B00F09F8002F01A020A2A00F0A8802F
:107DC0001AAB0D930023CDE90E3309930DF1680929
:107DD00005933B78002B00F00D813C4604E014F83D
:107DE000013F002B00F0E880252BF8D1E51B40F087
:107DF000E5802378002B00F0FD804FF00002002189
:107E00008DF82F20637804914FF0FF32671C0846ED
:107E100002928A460137A3F12002582A00F2F78025
:107E2000DFE812F03302F500F5002F02F500F5004F
:107E3000F500F500F500F500E5012B02F500F00175
:107E4000F401F50027025900590059005900590062
:107E50005900590059005900F500F500F500F500EA
:107E6000F500F500F500F500F500F5000E02F5004F
:107E7000F500F500F500F500F500F500F500F5005A
:107E8000F5009400F500F500F500F500F50084001C
:107E9000F500F5004802F500F500F500F500F500E5
:107EA000F500F500F500F500F5003A02A701F50030
:107EB000F500F5008902A701F500F5007F02F50045
:107EC00069029600C902C502F500A402F500860009
:107ED000F500F5008D02A3F13002002417F8013BF4
:107EE00004EB840402EB4404A3F13002092AF5D91F
:107EF000049490E74146584602F060F8002840F0AC
:107F00003585B8F80C2002F01A020A2A7FF458AF1F
:107F1000B8F90E30002BFFF653AF23463A464146E0
:107F200058462BB0BDE8F04F00F044BD4AF0100AAF
:107F30001AF0200100F00F81069B073323F007039E
:107F4000596853F8080B069301230EE04AF0100A13
:107F50001AF0200100F0F280069B073323F007039C
:107F6000596853F8080B069300234FF000028DF870
:107F70002F2000220792029A541C00F02F822AF030
:107F80008004019450EA010440F02682002A40F067
:107F90009584002B40F00E841AF00103039340F007
:107FA0003E841AACDDE902639E42B8BF1E46079BC1
:107FB000002B3ED001363CE0E51B1BD00E9B0F9AF8
:107FC00001332A44072BC9E900750F920E9305DC93
:107FD00009F10809059B2B4405930AE7002A00F0E4
:107FE000D1830DAA41465846FFF778FE30B90DF10E
:107FF0006809EFE70F9B002B40F08584B8F80C3040
:108000005B0600F1B38405982BB0BDE8F08F002922
:1080100040F07584002BEDD08DF8403001264FF0F4
:1080200000038DF82F30039610AC0023CDF804A088
:108030000293019B13F002030793019B18BF0236C2
:1080400013F08403089304D1049B9D1B002D00F3BF
:10805000DB82DDE90E1001F1010C9DF82F3093B1A8
:1080600001300DF12F030121BCF1070FCDE90EC046
:10807000C9F80030C9F8041000F3A682614609F17E
:1080800008090CF1010C079BEBB10CAB0230C9F8ED
:108090000030BCF1070F4FF00203CDE90EC0C9F864
:1080A000043040F3AB82002800F066830DAA4146FD
:1080B0005846FFF713FE0028A0D1DDE90E100DF1A0
:1080C000680901F1010C089B802B00F0C881DDE9F3
:1080D00002329D1A002D00F31C82039BC9F8004058
:1080E0001844BCF1070FCDE90EC0C9F8043040F3C5
:1080F000B381002800F0D2820DAA41465846FFF70E
:10810000EDFD00287FF47AAF0F980DF16809019B0F
:108110005A0704D5049B9C1B002C00F3C982DDE99F
:108120000423B242ACBF9B189B190593002840F072
:10813000368200230E930DF168094AE61AF0100307
:1081400049D11AF0400146D0069A52F8040B069223
:10815000194680B209E71AF0100342D11AF0400123
:108160003FD0069A52F8040B0692194680B20123BA
:10817000FBE6002940F0E1831AF0200F069B68D04F
:10818000073323F007031A465B6852F8080B069280
:108190001946002BC0F20483029B013300F08A834E
:1081A0009DF82F30079350EA01032AF0800A00F06F
:1081B00054830A2871F1000380F0128330300123C8
:1081C0008DF86700CDF804A003930DF16704E9E68C
:1081D00003F0F6F9D7E5069B53F8040B06930B461C
:1081E000C3E6069B53F8040B06930123BDE6069BEA
:1081F00053F8042B0492002A80F20D83049A06930C
:10820000524204923B784AF0040A03E63C4614F8D2
:10821000013B2A2B00F0AF83A3F13002092A274645
:1082200098BF002400F28F8317F8013B04EB84040D
:1082300002EB4404A3F13002092AF5D90294EAE5DD
:10824000002940F084834AF0100A1AF0200F069BA0
:1082500096D153F8040B06931AF0100F40F09B824E
:108260001AF0400F00F0978240F3C0310B4600B285
:108270008FE73B784AF0800ACCE53B7801212B2040
:10828000C8E53B784AF0010AC4E53B7800287FF452
:10829000C1AD01212020BDE5069B4FF000028DF805
:1082A0002F20012653F8042B8DF8402006930396C7
:1082B00010ACBAE6002940F04D83BD4A09921AF08D
:1082C000200144D0069A073222F00702516852F882
:1082D000080B06921AF0010F0BD050EA010208D0E9
:1082E0008DF8313030238DF830304AF0020A022305
:1082F0003BE6022339E6002940F022831AF0200FE2
:1083000040F09A821AF0100F40F0CC821AF0400F21
:1083100000F0C882069B059953F8042B0693118040
:1083200057E53B786C2B03BF7B784AF0200A013776
:108330004AF0100A6EE53B784AF0400A6AE50029E7
:1083400040F0F8829B4A09921AF02001BAD11AF043
:10835000100240F01B821AF0400100F01782069CC8
:1083600054F8040B0694114680B2B3E7069D55F805
:10837000044B4FF000038DF82F30002C00F0A48246
:10838000029B5E1C00F072821A460021204604F017
:108390009FF8002800F0BE82031B03939DF82F3046
:1083A000079300230695CDF804A00293FAE53B78E5
:1083B0004AF0200A2EE5069B53F8040B069330235F
:1083C0008DF8303078238DF831307A4B09934AF0AC
:1083D000020A00210223C8E5DDF804A0012B3FF4C6
:1083E000E8AE022B1AAC12D1099A00F00F03000973
:1083F000D35C04F8013D40EA0170090950EA010329
:10840000F3D11AAB1B1BCDF804A00393CAE500F00F
:108410000703C00840EA4170C908303350EA01053B
:10842000224604F8013DF2D11AF0010FE9D0302BB9
:10843000E7D03023023A04F8013C1AAB9B1ACDF87E
:1084400004A003931446ADE503981A9401231B90EE
:108450000F900E930DF1680909F1080957E6049B86
:108460009D1B002D7FF733AE102D40F37B82DFF88C
:1084700048A152461023A246144607E001F1020E1D
:1084800009F108091146103D102D1DDD4A1C103060
:10849000072AC9E90043CDE90E20EFDD0DAA002827
:1084A00000F08C80414658460DF16809FFF716FC34
:1084B00000287FF4A3ADDDE90E10103D102D01F171
:1084C000010E4FF01003E1DC234654469A4628443F
:1084D000BEF1070FCDE90EE0C9F800A0C9F80450BD
:1084E00040F3A481002800F0F8810DAA41465846C7
:1084F000FFF7F4FB00287FF481ADDDE90232DDE90E
:108500000E109D1A002D01F1010C0DF168097FF785
:10851000E4AD102DDFF8A0A02BDD52461023A246BB
:10852000144607E001F1020C09F108091146103D5B
:10853000102D1BDD4A1C1030072AC9E90043CDE984
:108540000E20EFDD0DAA414618B358460DF168091B
:10855000FFF7C4FB00287FF451ADDDE90E10103D9C
:10856000102D01F1010C4FF01003E3DC23465446BB
:108570009A462844BCF1070FCDE90EC0C9F800A007
:10858000C9F8045000F3E38009F108090CF1010C6B
:10859000A3E54FF0010C01460DF16809C7E70DAAEC
:1085A00041465846FFF79AFB00283FF4C2AD25E547
:1085B000BC110100D0110100FC1101004FF0010EAF
:1085C00001460DF168095EE7002800F0D2800DAA8F
:1085D00041465846FFF782FB00287FF40FADDDE9E6
:1085E0000E100DF1680901F1010C4CE502200CABF5
:1085F0001B901A934FF0010C0DF16809614609F1C7
:10860000080901F1010C5EE5102D40F38D81DFF8C2
:1086100080A3DDE90EC052461023A24661461446EF
:1086200007E001F1020C09F108091146103D102D77
:108630001BDD4A1C1030072AC9E90043CDE90E2092
:10864000EFDD0DAA20B3414658460DF16809FFF74A
:1086500045FB00287FF4D2ACDDE90E10103D102D53
:1086600001F1010C4FF01003E3DC23466146544650
:108670009A4628440729CDE90E10C9F800A0C9F888
:10868000045000F39C8009F1080901F1010CE4E4B5
:1086900001464FF0010C0DF16809C7E7019B0E90F0
:1086A00059074CD5049B9C1B002C48DD0DF1680933
:1086B000102C40F35281DFF8D8A20E9A53461025B1
:1086C000B2461E4606E0911C09F108091A46103C04
:1086D000102C19DD531C1030072BC9E90065CDE9BA
:1086E0000E30F0DD0DAA28B341465846FFF7F6FAE2
:1086F00000287FF483ACDDE90E20103C102C02F141
:1087000001010DF16809E5DC334656469A462044DE
:108710000729C9E900A4CDE90E107FF700AD70B1BB
:108720000DAA41465846FFF7D9FA00287FF466ACF7
:108730000F98F4E4012102460DF16809C7E7DDE96D
:108740000423B242ACBF9B189B190593F1E40028A7
:108750003FF47AAE0DAA41465846FFF7BFFA00280B
:108760007FF44CAC0E9B0F9803F1010C0DF16809DE
:10877000B3E4079B002B69D14FF0010C01460DF1CA
:108780006809A0E40E920DF1680923E4069A52F8F4
:10879000040B06929EE5C1170B46002BBFF6FCACFE
:1087A0002D2340428DF82F30079361EB41010123C7
:1087B000FFF7E1BB029B03931AACFFF7F3BB002862
:1087C00062D00DAA41465846FFF788FA00287FF488
:1087D00015ACDDE90E100DF1680901F1010C3CE466
:1087E0001AAC0A22002306460D4605F0F1FF30328E
:1087F00004F8012D0023304629460A2205F0E8FF3F
:108800000A2E75F10003ECD21AAB1B1BCDF804A0A5
:108810000393FFF7C7BB06933B78FFF7FBBA302300
:108820008DF867300DF16704FFF7BCBB09F108094B
:108830000EF1010C71464AE4DDE9050353F8041B0F
:108840000693C217C1E90002FFF7C3BA02200CABBE
:108850001B901A930DF16809D1E6029B002B7FF45F
:10886000ADACCDF804A00393FFF79BBB2046069563
:10887000CDF804A0FFF7C4F99DF82F30079300232B
:1088800003900293FFF78EBB9DF82F3063B3012353
:108890009C461B930DF12F031A930DF16809604656
:1088A000FFF7ECBB069B059953F8042B1160069368
:1088B000FFF78FBA9DF82F3007937AE4012BDDF88C
:1088C00004A07FF48EAD79E4029E304C0695062E0E
:1088D00028BF06260396FFF7A8BB4FF0010C014600
:1088E0000DF16809FFF7F3BB079B002B7FF47EAE09
:1088F00001464FF0010C0DF16809FFF7E8BB8DF858
:108900002F00FFF787BB0DAA41465846FFF7E6F94F
:10891000FFF774BB029B03939DF82F300695CDE9BA
:1089200001A00793FFF73EBB0E990F98DFF860A0F8
:1089300001319EE68DF82F0004E58DF82F001BE431
:108940008DF82F00DAE400220292FFF764BA8DF866
:108950002F0078E48DF82F00AFE40E99DFF830A0F7
:108960000131D4E6DFF82CA0E646B0E54FF0FF3346
:108970000593FFF748BB069A7B78274652F8044BCD
:10898000069244EAE4740294FFF744BAE411010049
:10899000EC110100FC11010010B4054C8446134693
:1089A00020685DF8044B0A466146FFF7DFB900BF57
:1089B0003800002070B50C468989ADF58D6D21F029
:1089C0000201ADF80C10616E1991E189ADF80E103D
:1089D000E1690791616A09911AA9009104914FF424
:1089E0008061029105910021069169460646FFF7D4
:1089F000BDF9051E07DB6946304602F0B7FC0028CA
:108A000018BF4FF0FF35BDF80C305B0603D5A389C6
:108A100043F04003A38128460DF58D6D70BD00BF66
:108A20002DE9F04F2DED068BBBB01C4688469146D4
:108A300009EE100A054603F0C9F9036810931846B9
:108A40000994FFF7DDF80E901DB1AB6B002B00F021
:108A50004282B8F90C20950493B20AD442F4005330
:108A6000D8F86420A8F80C3022F400529BB2C8F861
:108A70006420180740F1AB80D8F81020002A00F0DD
:108A8000A68003F01A030A2B00F0B0809FED947BC0
:108A90000023CDE91E338DED0C7B2AAA0B931D928A
:108AA00092460F931193079399F80030002B00F032
:108AB000A4814C4604E014F8013F002B00F0E5804F
:108AC000252BF8D1B4EB090540F0E3802378002B87
:108AD00000F0938100234FF0FF32CDE90523657844
:108AE0008DF8573004F1010918469B4609F1010938
:108AF000A5F12002582A00F2F780DFE812F07F0289
:108B0000F500F5007A02F500F500F500F500F50036
:108B1000F5002D027502F50038023D02F5007002E5
:108B2000590059005900590059005900590059007D
:108B30005900F500F500F500F500F500F500F50029
:108B4000F500F500F50057028901F5008901F500EF
:108B5000F500F500F500B602F500F5009800F50007
:108B6000F500F500F500F5008800F500F500950228
:108B7000F500F500F500F500F500F500F500F5004D
:108B8000F500F5008702F001890189018901BB0226
:108B9000F001F500F500EC02F500D6029A00C502DE
:108BA000C002F5001B03F5008A00F500F500F9028C
:108BB000A5F13002002119F8015B01EB810102EB04
:108BC0004101A5F13002092AF5D9069190E719EE85
:108BD000100A414601F0F2F9002841F02681B8F868
:108BE0000C3003F01A030A2B7FF450AFB8F90E30A3
:108BF000002BFFF64BAF19EE100A23464A464146BA
:108C00003BB0BDEC068BBDE8F04F01F0A1B94BF0D5
:108C1000100B1BF0200100F05081099B073323F05B
:108C20000703596853F8080B099301230EE04BF032
:108C3000100B1BF0200100F03381099B073323F058
:108C40000703596853F8080B0993002300248DF893
:108C50005740059A561C00F091822BF0800603962F
:108C600050EA010640F08882002A40F00D83002B74
:108C700040F01E851BF00103089300F0948530231B
:108C80008DF8A7300DF1A7069DE2B4EB090500F0C1
:108C9000B4801F9B2B441F931E9B0133072BCAE9F3
:108CA00000951E9305DC0AF1080A079B2B440793E5
:108CB0000CE719EE100A1DAA4146FFF74BF818B948
:108CC0000DF1A80AF1E7B046B8F80C305B0601F1E7
:108CD000AC8007983BB0BDEC068BBDE8F08F00BFC1
:108CE0000000000000000000002B40F0E587002D90
:108CF00000F0838000238DF8573001238DF88050D9
:108D00000493089320AE0023CDF80CB005930A938A
:108D1000039B13F0020302D0049A02320492039AD6
:108D200012F0840B05D1069A0499571A002F00F30C
:108D3000A2831F9C9DF857208AB11E9A0DF15701FE
:108D400001320134CAF80010072A4FF001011F94C4
:108D50001E92CAF8041000F3DD830AF1080A83B1F9
:108D60001E9B16AA01330234CAF80020072B4FF0CD
:108D700002021F941E93CAF8042000F3DA830AF15A
:108D8000080ABBF1800F00F09B82059B089AA3EBB9
:108D9000020BBBF1000F00F3D682039BDF0500F14D
:108DA0001B82089BCAF804301C441E9BCAF8006052
:108DB0000133072B1F941E9300F350830AF1080A16
:108DC000039B5A0705D5069B049A9D1A002D00F3B4
:108DD000BD83DDE9062304998A42ACBF9B185B186A
:108DE0000793002C40F0EA8200231E9399F800308C
:108DF0000DF1A80A002B7FF45CAE1F9B002B3FF403
:108E000063AF19EE100A1DAA4146FEF7A3FF5BE708
:108E1000002B40F0F687099B073323F00703B3ECE0
:108E2000027B8DED0C7BDDE90C67099327F0004395
:108E300008EE903A08EE106AB94B51EC180B4FF05F
:108E4000FF3205F037FC002840F0B484B44B51ECFD
:108E5000180B4FF0FF3205F00FFC002840F0AA84F9
:108E6000002200233046394605F0FCFB002840F084
:108E700002879DF85740AB4E2BF080030393AA4B1B
:108E80000022472DC8BF1E460323CDE904320893B4
:108E90000A92002C3FF43CAF049B0133049337E764
:108EA0001BF0100352D11BF040014FD0099A52F829
:108EB000040B0992194680B2C8E61BF010033FD19B
:108EC0001BF040013CD0099A52F8040B0992194654
:108ED00080B20123BAE6284602F072FBB9E5002B06
:108EE00040F09F871BF0200F099B68D0073323F0C9
:108EF00007031A465B6852F8080B09921946002BC3
:108F0000C0F23D84059B013300F005852BF0800302
:108F1000039350EA01039DF8574000F0C583DDF844
:108F20000CB00A2871F1000380F0FC84303001237A
:108F30008DF8A700CDF80CB008930DF1A70642E11B
:108F4000099B53F8040B099301237FE6099B53F80F
:108F5000040B09930B4679E6099A52F8041B069113
:108F6000002980F21B84069909924942069199F8DA
:108F700000504BF0040BB9E5494611F8015B2A2D6E
:108F800000F0C587A5F13002092A894698BF002163
:108F900000F2338719F8015B01EB810102EB41011B
:108FA000A5F13002092AF5D90591A1E5002B40F081
:108FB00030874BF0100B1BF0200F099B96D153F814
:108FC000040B09931BF0100F40F0D4831BF0400FEB
:108FD00000F0D08340F3C0310B4600B28FE799F820
:108FE00000504BF0800B81E599F8005001232B20B5
:108FF0007CE599F800504BF0010B77E599F80050AB
:1090000000287FF473AD012320206FE5099B002227
:109010008DF8572053F8042B099301238DF88020F5
:109020000493089320AE6EE6002B40F0E2863F4B9F
:109030000F931BF0200163D0099B073323F0070334
:10904000596853F8080B09931BF0010F0BD050EA35
:10905000010308D030238DF858308DF859504BF06B
:10906000020B0223F2E50223F0E599F800504BF0E1
:10907000080B3BE599F800504BF0400B36E599F8AA
:1090800000504BF0200B31E5099B53F8040B09937A
:10909000302378258DF85830254B0F934BF0020B79
:1090A0008DF8595000210223D0E5002B40F0AD8609
:1090B0001BF0200F40F025841BF0100F40F09D8422
:1090C0001BF0400F00F09984099B079953F8042B7B
:1090D00009931180E8E499F800506C2D03BF99F8CA
:1090E00001504BF0200B09F101094BF0100BFDE48E
:1090F000002B40F092860E4B0F931BF020019BD16A
:109100001BF0100340F031831BF0400100F02D8371
:10911000099A52F8040B0992194680B294E700BFED
:10912000FFFFEF7F0C12010010120100BC110100C3
:10913000D0110100099C059B54F8046B00278DF8A1
:109140005770002E00F027845A1C00F023851A4621
:109150003946304603F0BCF9002800F03286831B04
:10916000089323EAE373099405979DF85740CDF8D7
:109170000CB004930A978CE6DDF80CB0012B3FF499
:10918000D0AE022B00F088802AAE00F00703C008A2
:1091900040EA4170C908303350EA0107324606F808
:1091A000013DF2D11BF0010F00F08480302B00F064
:1091B00081803023023A06F8013C2AAB9B1ACDF895
:1091C0000CB008931646059B089A9342B8BF134605
:1091D000049300230A935CE6652D40F3F980DDE9F2
:1091E0000C010022002305F033FA002800F0E98189
:1091F0001E9BC54ACAF80020013301340122072B07
:109200001F941E93CAF8042000F36B840AF1080A25
:10921000179B0B9A934280F2BC820E9B109A1C44BF
:10922000CAE900231E9B1F940133072B1E9300F3F2
:10923000A5830AF1080A0B9B5D1E002D7FF7C0ADC8
:10924000102D1E9BB14F40F3408419EE10BA10262A
:1092500005E00AF1080A103D102D40F33684013371
:109260001034072BCAE90076CDE91E34F1DD1DAAC2
:1092700041465846FEF76EFD00287FF425ADDDE936
:109280001E340DF1A80AE6E7012B00F04885022BF9
:10929000DDF80CB07FF478AF0F9A2AAE00F00F0320
:1092A0000009D35C06F8013D40EA0170090950EA63
:1092B0000103F3D12AAB9B1BCDF80CB0089382E7D6
:1092C000069B049AA3EB020BBBF1000F7FF75DAD89
:1092D000BBF1100F1E9A8D4F27DD2146102319EE8A
:1092E000104A06E0ABF1100BBBF1100F0AF1080AAF
:1092F0001ADD01321031072ACAE90073CDE91E21B7
:10930000F0DD1DAA414620460DF1A80AFEF722FD18
:1093100000287FF4D9ACABF1100BBBF1100FDDE9E5
:109320001E214FF01003E4DC0C4601325C44072A96
:10933000CDE91E24CAF80070CAF804B000F3DF8338
:109340000AF1080A21E5BBF1100F1E9A6F4F27DDC5
:109350002146102319EE104A06E0ABF1100BBBF1C9
:10936000100F0AF1080A1ADD01321031072ACAE982
:109370000073CDE91E21F0DD1DAA41462046FEF70F
:10938000E9FC00287FF4A0ACABF1100BBBF1100F8F
:10939000DDE91E210DF1A80A4FF01003E4DC0C46B4
:1093A00001325C44072ACDE91E24CAF80070CAF8CD
:1093B00004B000F3CC810AF1080AEEE419EE100AB9
:1093C0001DAA4146FEF7C6FC00283FF40DAD7BE424
:1093D0000B9B012B40F371811E9DCAF80060013583
:1093E00001340123072D1F941E95CAF8043000F3A1
:1093F0000C830AF1080A0E9B109A01351C44072DB4
:10940000CAE90023CDE91E5400F30D830AF1080ACE
:10941000DDE90C010022002305F01AF9002840F0D4
:109420006B810B9B0135013B01361C44072DCAF8AB
:1094300000601E95CAF804301F9400F34F810AF1B2
:10944000080A119BCAF8043001351C44072D19ABDA
:10945000CDE91E54CAF800307FF7B0AC19EE100AFF
:109460001DAA4146FEF776FC00287FF42DAC1F9C18
:109470000DF1A80AA4E4102FDDE91E2134DD1293BA
:10948000CDF84C901024B1460B464646B8462F46C0
:1094900019EE105A06E0A8F11008B8F1100F0AF101
:1094A000080A19DD01321A491033072ACAE90014E3
:1094B000CDE91E23EFDD1DAA314628460DF1A80A8D
:1094C000FEF748FC00287FF4FEABA8F11008B8F1C5
:1094D000100FDDE91E23E5DC3D4619464746129B89
:1094E000B0464E46DDF84C90CAF8047001327C1844
:1094F000072A0749CAF80010CDE91E2400F3D582D7
:109500000AF1080A16E400BF1C1201003012010023
:109510002012010019EE100A1DAA41461293FEF70F
:1095200019FC00287FF4D0AB1F9C129B0DF1A80AF8
:1095300015E419EE100A1DAA4146FEF70BFC00289F
:109540007FF4C2AB1F9C0DF1A80A1AE4102D1E9BDC
:1095500020DD19EE107A102604E0103D102D0AF1DE
:10956000080A17DD0133914A1034072BCAE9002697
:10957000CDE91E34F1DD1DAA414638460DF1A80A99
:10958000FEF7E8FB00287FF49FAB103D102DDDE9CE
:109590001E34E7DC0133854ACAF804502C44072BFB
:1095A000CDE91E34CAF800207FF713AC19EE100A7B
:1095B0001DAA4146FEF7CEFB00287FF485AB1F9C19
:1095C00007E41799002940F33C82DDE90A379F42FE
:1095D000A8BF1F46002F0BDD1E9B01333C44072B09
:1095E000CAE900671F941E9300F3CB830AF1080AAF
:1095F0000A9D002FA8BFED1B002D00F3D581179DFC
:109600000B9B9D4280F2AE810E9B109A1C44CAE9CE
:1096100000231E9B1F940133072B1E9300F3A3838B
:109620000AF1080A0B9B0A9A5D1B9F1AAF42A8BF5A
:109630002F46002F0EDD1E9BCAF80470013316441E
:109640003C44072BCAF800601F941E9300F3A683C6
:109650000AF1080A002FA8BFED1B002D7FF7B0AB61
:10966000102D1E9B524F40F3308219EE10BA102677
:1096700005E00AF1080A103D102D40F3268201335F
:109680001034072BCAE90076CDE91E34F1DD1DAA9E
:1096900041465846FEF75EFB00287FF415ABDDE936
:1096A0001E340DF1A80AE6E7059B002B40F0378336
:1096B0000023059308932AAE85E5039BD9073FF560
:1096C0008BAE1E9DCAF80060013501340123072DC1
:1096D0001F941E95CAF804307FF7B1AE19EE100A38
:1096E0001DAA4146FEF736FB00287FF4EDAADDE90E
:1096F0001E540DF1A80AA4E60B9B5E1E002E7FF7F8
:10970000A0AE102E2A4F40F35782CDF814904FF0A0
:10971000100B19EE109A05E00AF1080A103E102EFF
:1097200040F3488201351034072DCAE9007BCDE9AA
:109730001E54F1DD1DAA41464846FEF70BFB0028EA
:109740007FF4C2AADDE91E540DF1A80AE6E719EE7E
:10975000100A1DAA4146FEF7FDFA00287FF4B4AABC
:109760001F9C0DF1A80AFFF718BB099B53F8040BC7
:10977000099369E4C1170B46002BBFF6C3AB404207
:109780004FF02D0461EB41018DF857400123FFF7A5
:1097900060BA039BDD077FF513AB3EE599F80050F7
:1097A0000992FFF7A3B92AAE0DE500BF2012010010
:1097B00030120100DDE90C0102460B4604F07AFF8D
:1097C000002840F06583059B013325F0200700F059
:1097D000F582472F00F08182DDE90C014BF48072A5
:1097E00000290392C0F24C829DED0C7B0023129362
:1097F000B0EE47AAF0EE67AA662D00F0E981462D8B
:1098000000F0E681B0EE4A0AF0EE6A0A452F0ABF80
:10981000059B059C5C1C1BAB019318AB009319EED8
:10982000100A17AB2246022100F06AFD672D06469A
:1098300040F03D821BF0010F40F03C821B9B472F04
:10984000A3EB06030B9340F06E83179B0A93D91C7E
:1098500003DB059A934240F37882023D0A9A8DF821
:109860006450531E002B1793B6BFC2F101032B2285
:109870002D22092B8DF8652040F3F5820DF173043C
:10988000C04F2246104687FB0321DA17C2EBA10224
:1098900002EB8201A3EB4101303100F8011C1946B3
:1098A0006329134600F1FF32ECDC3033D9B2831E5A
:1098B0009C4202F8011C40F2278313460DF1660218
:1098C00001E013F8011B02F8011B9C42F9D10DF1D4
:1098D00075030DF166021B1A134419AA9B1A119302
:1098E0000B9A119B012A1344089340F3C882089BEA
:1098F0000E9A1344089323EAE373049300230A9314
:109900009EE1099B079853F8041B0993C217C1E90C
:109910000002FFF7C9B80A2871F100039DF857400B
:10992000FFF404ABCDF80C902AAEA1460A22002326
:1099300004460F4604F04CFF303206F8012D002398
:10994000204639460A2204F043FF0A2C77F100032F
:10995000ECD22AAB9B1B4C460893DDF80C90CDF85B
:109960000CB030E4039BD8073FF54EAEDDE90A2387
:109970009F1A5D1BAF42A8BF2F466BE619EE100A77
:109980001DAA4146FEF7E6F900287FF49DA91F9C19
:109990000DF1A80A4FE4062B28BF0623CDE90834B1
:1099A000794E0493FFF7AFB9102D1E9B774F40F30C
:1099B00055813A460596474619EE106A4FF0100B4E
:1099C000904605E00AF1080A103D102D40F342814F
:1099D00001331034072BCAE9008BCDE91E34F1DDC9
:1099E0001DAA39463046FEF7B5F9002840F04482FA
:1099F000DDE91E340DF1A80AE6E7099B079953F843
:109A0000042B11600993FFF74FB819EE100A1DAA35
:109A10004146FEF79FF900287FF456A9DDE91E5460
:109A20000DF1A80AE7E419EE100A1DAA4146FEF757
:109A300091F900287FF448A9DDE91E540DF1A80A28
:109A4000E6E41E9B524ACAF8002001330134012289
:109A5000072B1F941E93CAF8042000F31A810AF101
:109A6000080A002959D1039B0B9A03F00103134301
:109A70003FF4A6A90E9B10991A19CAE900131E9B60
:109A80001F920133072B1E9300F32D810AF1080A60
:109A90000B99CAF8006001338C18072BCDE91E34EE
:109AA000CAF804107FF78AA9D8E419EE100A1DAA93
:109AB00041461293FEF74EF900287FF405A91F9C3A
:109AC000129B0DF1A80AFFF735B901332C44072B7F
:109AD000CAF80070CAF80450CDE91E347FF76EA9A9
:109AE000BCE419EE100A1DAA4146FEF733F900281E
:109AF0007FF4EAA81F9C0DF1A80AFFF789BB19EEB5
:109B0000100A1DAA4146FEF725F900287FF4DCA8BB
:109B10001F9C0DF1A80AFFF738B90E9B10981A196F
:109B2000CAE900031E9B1F920133072B1E9300F30B
:109B3000DA800AF1080A0029AADA4D421031134FDF
:109B400080F2788119EE10BA102405E00AF1080AB3
:109B5000103D102D40F36E8101331032072BCAE9FE
:109B60000074CDE91E32F1DD1DAA41465846FEF7CC
:109B7000F1F800287FF4A8A8DDE91E320DF1A80A4B
:109B8000E6E700BF67666666E41101003012010077
:109B90001C120100304609940597CDF80CB0FEF771
:109BA0002FF820EAE0739DF85740089004930A9735
:109BB000FFF76FB9DDF81490CAF80070013534442E
:109BC000072DCDE91E54CAF804607FF738AC85E54F
:109BD000059CB0EE4A0AF0EE6A0A1BAB019318AB83
:109BE0000093224617AB19EE100A032100F088FB00
:109BF000064604193378302B62D0179B1C4451EC75
:109C00001A0B0022002304F023FD002800F08B80B3
:109C100023469B1B472F0B933FF417AE662D40F056
:109C20008281179B059A0A93002B0BF0010B40F3DE
:109C30005C815BEA020140F045810A9B0493089332
:109C4000129B002B7BD02D238DF8573000230593DA
:109C5000FFF722B94246059EB846174601332C4409
:109C6000072BCDE91E34CAF80070CAF8045049DC4D
:109C70000AF1080AC3E42D248DF85740FFF7FBB81A
:109C800001F100430AEE903A2D230AEE100A1293D6
:109C9000B2E519EE100A1DAA4146FEF75BF800284E
:109CA0007FF412A817991F9C0DF1A80AD9E6472D39
:109CB0003FF4C0AD3444A2E78DF85700FFF717B862
:109CC00051EC1A0B0022002304F0C2FC002894D1AE
:109CD000059BC3F10103179390E7059B002B08BF79
:109CE0000123059378E519EE100A1DAA4146FEF7F7
:109CF00031F800287EF4E8AFDDE91E3217990DF146
:109D0000A80A18E719EE100A1DAA4146FEF722F824
:109D100000287EF4D9AF1F9C0DF1A80A6FE4DDF88E
:109D20000CB0FFF703B91B9BA342BFF472AF302105
:109D30005A1C1B9219701B9B9C42F9D869E7129B15
:109D40009DF857400593FFF7A4B8DDE90A32934226
:109D500043DB1BF0010F40F0AC8023EAE372049276
:109D6000089367256CE719EE100A1DAA4146FDF716
:109D7000F1FF00287EF4A8AF179D1F9C0DF1A80AE3
:109D800050E419EE100A1DAA4146FDF7E3FF002832
:109D90007EF49AAF1F9C0DF1A80A29E419EE100A6F
:109DA0001DAA4146FDF7D6FF00287EF48DAF179D12
:109DB0000B9B1F9C5D1B0DF1A80A4BE4062305932A
:109DC0000AE5059B0994CDF80CB09DF85740049323
:109DD000089305900A90FFF75CB80E9A0B9B13440A
:109DE0000A9A0893002A75DD23EAE3730493672532
:109DF00026E78DF85700FFF71AB900220592FEF703
:109E000077BE8DF85700FFF706B88DF85700FFF7BB
:109E10004FB98DF85700FFF7CCB88DF85700FFF712
:109E20006AB98DF85700FFF75DB84FF0FF3307931D
:109E3000FEF74FBF01332A44072BCDE91E32CAF883
:109E40000070CAF804507FF721AE19EE100A1DAA5F
:109E50004146FDF77FFF00287EF436AFDDE91E3274
:109E60000DF1A80A14E630338DF8673030238DF8F1
:109E700066300423119333E5B846FEF725BF1BF087
:109E800001020A927FF433AD23EAE3730493D7E629
:109E90000D9B264E002BB8BF2D242BF0800303937F
:109EA000A8BF9DF85740224BB8BF8DF85740FEF72A
:109EB000E7BF0A9B0E9A1344089323EAE3730493C3
:109EC0006725BDE60E990B441A4422EAE273089214
:109ED0000493B5E60A9B089AC3F101031A4422EAE7
:109EE000E273089204936725AAE65BEA020303D1B2
:109EF000012304930893A3E60E9B01331A4422EA3C
:109F0000E273089204939BE602231193E8E4099A12
:109F100099F80150894652F8041B099241EAE1710F
:109F20000591FEF7E3BD179B0A9397E41412010015
:109F30001812010010B4054C8446134620685DF8E1
:109F4000044B0A466146FEF76BBD00BF3800002097
:109F500070B50C468989ADF58D6D21F00201ADF823
:109F60000C10616E1991E189ADF80E10E16907914D
:109F7000616A09911AA9009104914FF480610291DC
:109F800005910021069169460646FEF749FD051E2A
:109F900007DB6946304601F0E9F9002818BF4FF0A9
:109FA000FF35BDF80C305B0603D5A38943F04003B1
:109FB000A38128460DF58D6D70BD00BF38B5334BBC
:109FC0001B6805460C460BB19A6B12B3B4F90C3002
:109FD00018079AB225D5216900292DD012F0010069
:109FE00007D00020A06060694042A06139B1002024
:109FF00038BD950758BF6069A0600029F7D11206E7
:10A0000058BF0846F4D543F04003A3814FF0FF301A
:10A0100038BD184601F0D4FAB4F90C3018079AB2DA
:10A02000D9D4D1062AD5520714D4216943F00803A4
:10A03000A3819AB20029D1D102F42070B0F5007F3B
:10A04000CCD02146284601F0C9FEB4F90C30216974
:10A050009AB2C3E7216B51B104F14002914204D09E
:10A06000284601F0A9FBB4F90C30002222632169D3
:10A070000022C4E9001223F02403D7E7092243F0A9
:10A0800040032A604FF0FF30A38138BD3800002024
:10A0900070B4184C2568D5F848411CB365681F2D6D
:10A0A00025DC38B9AB1C0135656044F8231000206D
:10A0B00070BC704704EB850C0228CCF88820D4F8DB
:10A0C00088614FF0010202FA05F246EA0206C4F87E
:10A0D0008861CCF80831E5D1D4F88C311343C4F849
:10A0E0008C31DFE705F5A674C5F84841D6E74FF097
:10A0F000FF30DDE7B81101002DE9F84F2B4B1F6849
:10A10000D7F848612DED028BC6B108EE100A8B46D8
:10A110004FF001084FF000097468651E0ED4013439
:10A1200006EB8404BBF1000F0CD0D4F800315B4582
:10A1300008D0013D6B1CA4F10404F3D1BDEC028BEB
:10A14000BDE8F88F73682268013BAB420CBF7560B5
:10A15000C4F80090002AECD0D6F88801D6F804A004
:10A1600008FA05F101420BD190477268524513D1AC
:10A17000D7F84831B342DCD01E46002ECCD1DDE703
:10A18000D6F88C0101420CD1D4F8801018EE100AD8
:10A19000904772685245EBD0D7F84861002EBBD18A
:10A1A000CCE7D4F880009047DFE700BFB81101008A
:10A1B000024B13B10248FDF7EFB9704700000000F1
:10A1C000C575000008B5062003F0C0F9012003F0B2
:10A1D00019FE00BF000000002DE9F04F03690C6973
:10A1E000A34283B0C0F28780013C01F11405A300B3
:10A1F00000F11408009355F8243058F82420013356
:10A2000081469A4208EB840005EB84070190B2FB7B
:10A21000F3F63BD30023AE4640469B465EF804ABC4
:10A2200002681FFA8AFC06FB0C334FEA134C4FEA14
:10A230001A4A06FB0ACA1FFA83FCABEB0C0C1FFA86
:10A240008AF31CFA82FCC3EB124202EB2C421FFA87
:10A250008CFC4CEA0243774540F8043B4FEA224B22
:10A260004FEA1A43DAD2009B58F8033073B9019BC6
:10A27000043B984504D307E0984504F1FF3403D22A
:10A2800053F80429002AF7D0C9F81040484602F0D4
:10A2900055FC00282BDB01364046002355F8041BF3
:10A2A000D0F800C08AB29A1A0B0C12FA8CF2C3EBE7
:10A2B0001C4303EB224392B242EA0342AF4240F80E
:10A2C000042B4FEA2343E9D258F8242008EB8403F7
:10A2D0006AB9043B984504D307E0984504F1FF347C
:10A2E00003D253F80429002AF7D0C9F810403046A9
:10A2F00003B0BDE8F08F002003B0BDE8F08F00BFD1
:10A300002DE9F04F2DED068B95B08DED020B0191EF
:10A31000016C249D099259EC108B0446069341B1BF
:10A32000426C4A60012393408B6002F04BF900239A
:10A330002364B9F1000AB4BF012300232B607C4BD6
:10A34000BCBF2AF0004ACDF80CA033EA0A0300F0A3
:10A35000B2809DED027B002251EC170BB0EE479AC4
:10A36000F0EE679A002304F073F9074680B1069A6D
:10A3700001231360259B002B00F0DB826D481860E1
:10A38000431E0093009815B0BDEC068BBDE8F08F1E
:10A3900012AA13A92046B0EE490AF0EE690A02F0AB
:10A3A00025FDB0EE498AF0EE698A5FEA1A56054645
:10A3B00040F09980DDE912763E4406F232402028D2
:10A3C00040F3AB83C0F140000AFA00FA06F21240F3
:10A3D00028FA00F04AEA000003F058FE0123013E8B
:10A3E0000D93A1F1F871544B002203F011FD4AA323
:10A3F000D3E9002303F0C4FE49A3D3E9002303F00B
:10A4000009FD80463046894603F050FE46A3D3E955
:10A41000002303F0B5FE02460B464046494603F0D2
:10A42000F9FC8046894604F05BF90022834600234C
:10A430004046494604F016F9002840F06D82BBF111
:10A44000160F00F25C823D4B03EBCB03D3E90023F4
:10A4500051EC190B04F006F9002875D00023BE1B3F
:10A460000C93731E0BF1FF3B049300F14F8200230A
:10A470000893BBF1000F6EDA089BCDF814B0A3EB84
:10A480000B030893CBF100030B93019B092B4FF0B7
:10A49000000B69D8052B40F33E83043B0193002653
:10A4A000019B023B032B00F29986DFE813F04E0478
:10A4B0004B0443042604069A42F20F73CAF3130AAC
:10A4C00013605AEA08031DD1259B002B00F07D86FE
:10A4D0001B4B00930833259A0098136015B0BDEC10
:10A4E000068BBDE8F08F18EE903AC3F3130351ECDE
:10A4F000190B43F07F510D97A6F2FF36129F41F4DE
:10A50000401170E7259B002B40F0DB830D4B00933F
:10A5100038E700BFAFF3008061436F63A787D23F86
:10A52000B3C8608B288AC63FFB799F501344D33F42
:10A530000000F07F1D1201000000F83FF012010042
:10A540004412010040120100BE1B731E049300F16F
:10A550009A840C900890049B5B44CDE9043B002353
:10A560000B93019B092B95D9002301264FF0FF3255
:10A5700001930A9607920993079B0F930021616448
:10A58000204601F0F9FF0090002800F02F86009B84
:10A590002364079B0E2B00F2F980002E00F0F6805A
:10A5A0000599002940F37184BD4B01F00F0203EBC4
:10A5B000C2034FEA2118C905D3E9006740F10384BB
:10A5C000B84B51EC190BD3E9082303F003FF41EC1E
:10A5D000180B08F00F084FF0030AB8F1000F13D062
:10A5E000DFF8C09218F0010F09D030463946D9E99A
:10A5F000002303F0C5FD0AF1010A06460F465FEA93
:10A60000680809F10809EDD151EC180B32463B46B8
:10A6100003F0E0FE41EC1A0B0C9B5BB157EC1A6B9C
:10A62000A14B1AEE100A0022394604F01BF800284C
:10A6300040F05285504603F039FD53EC1A2B03F0DD
:10A640009FFD9A4B002203F0E5FB079B8046A1F19A
:10A650005079002B00F0F383059B1093079B0E931A
:10A660000A9B002B00F0C0840E9A8D4B9049DDF8B8
:10A6700000A003EBC20353E90223002003F0AAFE6B
:10A6800042464B4603F0C4FB59EC1A8B41EC180BC5
:10A6900049461AEE100A04F023F8074603F006FDB7
:10A6A00002460B461AEE100A494603F0B1FB30375A
:10A6B0000AF8017B53EC182B06460F4603F0D2FF35
:10A6C000002840F055854FF000080AEE105ACDF8EA
:10A6D00044B055465BEC18AB08EE104A44462AE0FD
:10A6E0000E9B01349C424BDA724B50465946002275
:10A6F00003F046FD6F4B002282468B4630463946BA
:10A7000003F03EFD8946804603F0EAFF074603F06A
:10A71000CDFC02460B464046494603F079FB3037F4
:10A7200005F8017B52465B4606460F4603F09AFF4A
:10A73000002840F0188532463B465B49002003F074
:10A7400067FB52465B4603F08DFF0028C8D0109B84
:10A75000009A0593AA4618EE104A1AEE105A02E023
:10A76000924500F0EA84D1461AF8013D392BF7D022
:10A770000133DBB28AF80030059B01330593ABE16E
:10A78000DDF844B01AEE105A18EE104A139B002B55
:10A79000C0F29480059A0E2A00F39080404B03EBA0
:10A7A000C203D3E90089099B002B1BDA079B002B0E
:10A7B00018DC40F05D83404B00224046494603F0E0
:10A7C000DFFC02460B4651EC190B03F055FFDDF898
:10A7D0001CA05646002800F0D082099BDDF80080BE
:10A7E000DF43D2E242464B4651EC190B03F0F2FD37
:10A7F00003F076FF0646834603F058FC42464B467C
:10A8000003F0BEFC0B46024651EC190B03F000FBB3
:10A81000DDF800A0334630330AF8013B079B012BDB
:10A8200000F08E834FF0010B08EE105A08EE904AAC
:10A830001D465446DA461DE042464B4630463946F0
:10A8400003F0C8FD03F04CFF834603F02FFC4246A3
:10A850004B4603F095FC0AF1010A0B4602463946C5
:10A86000304603F0D5FA0BF13003AA4504F8013B5A
:10A8700000F061830F4B002203F082FC00220023D2
:10A8800006460F4603F0E4FE0028D5D0A24618EE97
:10A89000105A18EE904A059B01330593D1461BE1EF
:10A8A000F0120100E01301000000F03F00001C4026
:10A8B0000000E03F00002440000014400A9A002AF3
:10A8C0003FD0019A012A40F39C82079B03F1FF3895
:10A8D0000B9B4345C0F26E82A3EB0808079B002B3D
:10A8E000C0F26683049A1A440492089A17461A44DE
:10A8F00008920121204601F06DFF064625E0012364
:10A90000BE1B0C93731E04937FF5B1ADC6F101031A
:10A91000089300230493ACE5584603F0C7FB424676
:10A920004B4603F095FE00287FF489AD0BF1FF3B09
:10A9300085E5874B0093009815B0BDEC068BBDE80C
:10A94000F08FDDF82C80089F0A9E002F0CDD049A02
:10A95000002A09DD0899BA421346A8BF3B46C91A26
:10A96000FF1AD31A089104930B9BDBB10A9B002BAF
:10A9700000F08282B8F1000F0FDD314642462046DA
:10A9800002F004F82A4601460646204601F050FF30
:10A9900029460546204601F015FE0B9BB3EB080245
:10A9A00040F000830121204601F014FFBBF1000FAD
:10A9B000824600F3B780019B012B40F386814FF064
:10A9C00000080120BBF1000F40F0B880049A104449
:10A9D00010F01F0000F09680C0F12003042B40F31C
:10A9E000F883089BC0F11C00034402440893074409
:10A9F0000492089B002B05DD29461A46204602F0EA
:10AA000025F80546049B002B05DD51461A462046D5
:10AA100002F01CF882460C9B002B40F03781079B0C
:10AA2000002B40F31E810A9B002B40F0A180059B68
:10AA300001330593DDF80080DDF81C90012707E065
:10AA4000294600230A22204601F0C6FD01370546AB
:10AA500051462846FFF7C0FB4F4500F1300008F88B
:10AA6000010BEDDB079A002AC8BF9346009AD8BFB6
:10AA70004FF0010B0346934400272946012220464C
:10AA8000019301F0E3FF5146054602F057F8002814
:10AA900040F3A5811BF8013C009A0BF1FF3B04E059
:10AAA0005A4500F0A7811BF8013D392B0BF1010934
:10AAB000F6D001338BF800305146204601F082FD7C
:10AAC00056B12FB1B74203D03946204601F07AFD86
:10AAD0003146204601F076FD2946204601F072FD00
:10AAE000002389F80030DDE905231A60259B002B3F
:10AAF0003FF448AC0098C3F8009015B0BDEC068B4D
:10AB0000BDE8F08F1C20089B03440893049B03447A
:10AB1000074404936DE70126C2E4C0F1200008FA5F
:10AB200000F059E401465A46204601F02FFF019BF0
:10AB3000012B824640F3D5814FF00008DAF810303F
:10AB40000AEB8303186901F0F5FDC0F120003DE731
:10AB50001C120100314600230A22204601F03CFD70
:10AB60000F9B002B064640F32383CDF814900793E8
:10AB7000002F00F31881B8F1000F40F0FC81B046BF
:10AB8000029B009F079903F001027B1E1944019B61
:10AB90000A9213430891099351462846FFF71CFB7C
:10ABA00031468346284601F0C9FF42465146814658
:10ABB000204601F0E5FFC26801460BF13003002A90
:10ABC00042D104902846079301F0B8FF04990290FF
:10ABD000204601F0F7FC029A079B1AB9099900294F
:10ABE00000F0D682B9F1000FC0F28781019949EADD
:10ABF00001090A9951EA090100F07F81002A00F356
:10AC0000E781089A3B7007F101099742CB4600F0B3
:10AC1000E581294600230A22204601F0DDFC464555
:10AC2000054631464FF000034FF00A02204612D08D
:10AC300001F0D2FC4146064600230A22204601F0DC
:10AC4000CBFC4F468046A7E72046029301F0BAFCB2
:10AC5000029B0122C6E701F0BFFC4F460646804634
:10AC60009AE7019B022B77DC0A9B002B80D1059B86
:10AC70005146013328460593FFF7AEFADDF800B0E0
:10AC800000F130030BF8013B0027F6E65146284659
:10AC900001F054FF0028BFF6C2AE294600230A2265
:10ACA000204601F099FC059B03F1FF390A9B0546FC
:10ACB000002B7FF44FAF0F9B002B40F37082079364
:10ACC000B8E6BD4B0093033305E4DDE90212002929
:10ACD0007FF475AEC2F31303002B7FF470AEB74B55
:10ACE0001340002B00F03D82089B01330893049B26
:10ACF000013304934FF0010863E601230A93099B93
:10AD0000059A13440F930133012B1F460793B8BFD5
:10AD100001270021172F61647FF732AC0122042341
:10AD20005B0003F11400B842114602F10102F7D9A9
:10AD3000616425E401230A93099F002F4ADD0F97E0
:10AD40000797E6E700230A93D9E700230A93F3E77E
:10AD50000F9BCDF814900793079B002B7FF43DAD1C
:10AD600051460522204601F037FC0146824628461E
:10AD700001F0E4FE00287FF730AD0098059F3123F5
:10AD8000804600F8013B013700905146204601F013
:10AD900019FC7B1CDDF800900593CDF80080002E97
:10ADA0007FF496AE98E631463A46204601F04EFED4
:10ADB0000646E0E60B9BCDF82C80A8EB03039B44F2
:10ADC0004FF000088AE54FF0020AB0EE498AF0EE33
:10ADD000698A02E4012309930793FFF7CDBB03D1EE
:10ADE000019BDB073FF556AED9461BF8013D302BE2
:10ADF000FAD061E6059B009A013305933123137065
:10AE00005AE60D9A002A00F0638103F23343049A54
:10AE1000DDF82C801A440492089A17461A440892C6
:10AE200067E5504603F042F953EC1A2B03F0A8F9FA
:10AE3000634B002202F0EEFF8046A1F15079614B96
:10AE4000002251EC1A0B02F0E3FF42464B46064645
:10AE50000F4603F025FC002840F07F81304639463C
:10AE6000424609F1004303F0FDFB00283FF48EAC9D
:10AE70004FF0000A5646B0E429460B9A204601F0EE
:10AE800085FD05468EE50C9040E500F04E81059A63
:10AE90004D4B564206F00F0203EBC203D3E90023E9
:10AEA00051EC190B03F06CF9361141EC1A0B00F060
:10AEB0008881464F00234FF0020AF20706D5D7E9F2
:10AEC000002303F05DF90AF1010A0123761007F16E
:10AED0000807F2D1002B3FF49FAB41EC1A0BFFF7B0
:10AEE0009BBB029B002B7FF427AEDDE90212C2F36D
:10AEF0001303002B3FF4F3AE1EE6002A12DD2946B1
:10AF000001222046019301F0A1FD5146054601F0C2
:10AF100015FE0028019B40F33581392B00F0138189
:10AF20000BF13103B94609F8013B059B0133374664
:10AF300005934646C0E5A24618EE105A18EE904A10
:10AF400002460B4602F066FF42464B4606460F4657
:10AF500003F0A6FB60B942464B463046394603F043
:10AF600077FB00283FF497AC5FEACB717FF593AC99
:10AF7000009AFFF7F8BB7168204601F0FDFA07461A
:10AF8000002800F03A81336902339A0006F10C017F
:10AF90000C30FCF7A5FB39460122204601F056FD96
:10AFA0008046EDE52946204601F0F0FC0546F9E42F
:10AFB000DDE907239F1A9CE4401201000000F07FA6
:10AFC00000001C4000001440F0120100E0130100DA
:10AFD000392B00F0B880B9460133A4E7059A013255
:10AFE00037460592464648E50E988D4901EBC0016B
:10AFF00042464B4651E9020103F0C2F85AEC1A9B53
:10B0000041EC180B51461AEE100A03F069FB074693
:10B0100003F04CF802460B461AEE100A514602F0B5
:10B02000F7FE06460E98DDF800803037012808F854
:10B03000017B0F4600F0BA800E9B009ACDF838B025
:10B0400013449B46C246774B00223046394603F0F4
:10B0500097F88946804603F043FB074603F026F83D
:10B06000303702460B464046494602F0D1FE0AF808
:10B07000017BDA4506460F46E5D1DA46DDF838B001
:10B08000694B59EC188B002218EE100A494602F061
:10B09000C1FE32463B4603F0E5FA00286DD118EEBA
:10B0A000102A4B466049002002F0B2FE32463B4671
:10B0B00003F0F6FA00283FF469ABD1460AF1FF3AF3
:10B0C00019F8013C302BF8D0109B0133059303E5B0
:10B0D000129BC3F136039AE6079B002B3FF4A1AE07
:10B0E0000F9B002B7FF752AB059A0E93013A4D4B05
:10B0F00010921AEE100A3946002203F041F8024677
:10B1000016460F460AF1010002F0D0FF32463B46D8
:10B1100003F036F8454B002202F07CFE47EC1A6B38
:10B120008046A1F15079FFF79BBA4FF0020AB0EECA
:10B1300049AAF0EE69AAFFF76FBA059B01330593A0
:10B140003123FFF717BB059BBB460133059339231A
:10B1500037460BF8013B46469EE44FF0000A564640
:10B160000BE698462DE4AA4618EE104A1AEE105A3D
:10B17000109B01330593D146AEE4109B009A0593D2
:10B18000FFF7F1BA7FF4CEAEDA077FF5CBAEC4E6B7
:10B19000392BD8D0B9F1000F3FF7C2AEC2E6019B00
:10B1A000022B3FF7D5ADCDF8149060E5C24667E7B6
:10B1B000019B022B3FF7CCAD0F9BCDF8149007936A
:10B1C000D6E44FF0020AFFF727BA194B0093FFF7B6
:10B1D000D9B83FF40EACC0F13C0094E4002666649C
:10B1E0003146204601F0C8F9009068B9114B124869
:10B1F00000224FF4D571FCF7A9F90E4B0E483A46E0
:10B2000040F2EA21FCF7A2F9009B236401224FF0EF
:10B21000FF3309960F930A920793FFF7B7BA00BF5F
:10B22000F0120100000024400000E03F00001C403C
:10B23000441201005012010064120100B1F90C2007
:10B240002DE9F0410C461107804647D4636842F46B
:10B250000062002BA2815EDDA56A002D58D000237C
:10B26000D8F80060C8F8003093B212F4805256D17A
:10B270000123E1694046A847431C67D0A389A56A1A
:10B280005F0705D56368C01A236B0BB1E36BC01A67
:10B29000E169024600234046A847411C41D1D8F845
:10B2A0000030002B3DD01D2B01D0162B56D1A38989
:10B2B0002269226023F4006300216160A381216B75
:10B2C000C8F8006021B304F14003994202D040461F
:10B2D00000F072FA00202063BDE8F0812669BEB15B
:10B2E00093B2256826609A070CBF63690023AD1BE3
:10B2F000A3600BE02B463246E169676A4046B847D7
:10B30000B0F1000CA5EB0C05664417DD002DF1DC57
:10B310000020BDE8F081E36B002B9DDCF8E7206D99
:10B32000AEE7B4F90C302269226023F40063A381F4
:10B330000022DB046260C2D52065C0E7A38943F028
:10B3400040034FF0FF30A381BDE8F081D8F8003012
:10B35000002B93D01D2B06D0162B04D0A38943F0CD
:10B360004003A381D5E7C8F80060D1E738B50D46A2
:10B37000044608B1836B1BB1B5F90C0030B938BD78
:10B3800000F01EF9B5F90C000028F8D02946204637
:10B39000BDE83840FFF752BF38B5B8B10F4B1D6854
:10B3A00004460DB1AB6B4BB1B4F90C0000B938BD1C
:10B3B00021462846BDE83840FFF740BF284600F048
:10B3C000FFF8B4F90C000028F1D0F1E7044B05496F
:10B3D0001868BDE8384000F08DBC00BF3800002080
:10B3E000B81101006DB3000000207047014900F062
:10B3F00081BC00BFD1DC0000002070472DE9F84F70
:10B400002D4A4668C26300240323C0E9B8430746B7
:10B4100000F53B720423C0F8E8222146C6E9024346
:10B420000822C6E90044C6E904447466B46106F122
:10B430005C00FCF76BFADFF88CB0BD68DFF888A021
:10B44000DFF88890DFF888801C4BC6F824A0C6E996
:10B45000076BC6F82890C6F82C800822EB60C5E977
:10B460000044C5E904446C66AC60AC61214605F15A
:10B470005C00FCF74BFAC5E9075BC5E909A9C5F80B
:10B480002C80FD680E4BEB60C5E90044C5E904441F
:10B490006C66AC60AC612146082205F15C00FCF7EB
:10B4A00035FA0123C5E9075BC5E90A98C5F824A068
:10B4B000BB63BDE8F88F00BFEDB3000009000100D9
:10B4C00012000200CDD60000F5D6000035D70000EE
:10B4D00055D7000070B568224D1E02FB05F50E46DB
:10B4E00005F1740100F02AFD044640B100210C3042
:10B4F000C4E90016A06005F16802FCF707FA2046CF
:10B5000070BD00BF274B2DE9F0411E68B36B0746A5
:10B510005BB306F538764FF00408D6E90134013BF9
:10B5200004D51EE05A1C04F168041AD0B4F90C507A
:10B53000013B002DF6D11C4B6566C4E90055C4E9FA
:10B540000253C4E90455A5610822294604F15C00B0
:10B55000FCF7DCF9C4E90C55C4E911552046BDE8F7
:10B56000F08135682DB12E46D7E73046FFF746FF0C
:10B57000CFE74FF4D671384600F0E0FC044668B1DE
:10B580000560C0F804800C302946A06025464FF4C1
:10B59000D072FCF7BBF934602E46BEE70C23306056
:10B5A0003B60DBE7B81101000100FFFF024B0349DC
:10B5B000186800F09FBB00BFB8110100D1DC00008B
:10B5C000836B03B1704719E7704700BF704700BF36
:10B5D000704700BF704700BF024B0349186800F076
:10B5E00069BB00BF38000020E9B30000024B0349EB
:10B5F000186800F05FBB00BF38000020F9B30000FE
:10B600002DE9F04782B082468846144600F0B6FB2A
:10B61000012803D108F1FF33FE2B36D9424604F14D
:10B620005C0301A9504602F06DFA421C064632D076
:10B6300030B39DF804C00DF10509002509E0236829
:10B640005A1C226083F800C00135B54218D219F89F
:10B6500001CBA368013B002BA360F0DAA769BB42D2
:10B6600061462246504602DBBCF10A0FE7D102F0E8
:10B67000E5F9431CE8D10646304602B0BDE8F08744
:10B680004646304602B0BDE8F0875FFA88FC8DF888
:10B6900004C00646CFE7A389304643F04003A381A8
:10B6A00002B0BDE8F08700BFB2F90C3013F4005FC0
:10B6B0000BD110B4546E43F4005344F40054546658
:10B6C00093815DF8044BFFF79BBFFFF799BF00BF65
:10B6D00030B5104B1D680C4683B001460DB1AB6B05
:10B6E0008BB1B4F90C309A0406D4626E43F4005363
:10B6F00042F40052A38162662246284603B0BDE8A8
:10B700003040FFF77DBF01902846FFF759FF0199B0
:10B71000E7E700BF38000020F8B5244F0C46064686
:10B7200000F026FFBA685568C4F57E630F3325F034
:10B7300003052B4423F47F6323F00F03A3F5805408
:10B74000B4F5805F07DB0021304601F051FEBB6895
:10B750002B44984204D0304600F00CFF0020F8BD86
:10B760006142304601F044FE01300DD0104ABB6802
:10B770002D1B45F001055D60136830461B1B1360EF
:10B7800000F0F8FE0120F8BD0021304601F030FE47
:10B79000BA68831A0F2BDEDD43F001035360054BBB
:10B7A00003491B68C01A0860D5E700BFD405002014
:10B7B0002C1E0020DC090020002961D0F8B50C46C1
:10B7C000064600F0D5FE54F8042C7B4FA4F1080582
:10B7D00022F0010105EB010CB868DCF8043060458B
:10B7E00023F0030300F08B80D207CCF8043032D46E
:10B7F00054F8082CAD1A1144AA6807F108008242D7
:10B800006AD00CEB0304D4F804E0EC68D4601EF0BA
:10B81000010FA26000F0978041F001036B60CCF84B
:10B820000010B1F5007F35D27A68CB0848090121B4
:10B83000013381401143796007EBC30257F833109D
:10B84000083AC5E9021247F83350CD603046BDE8EA
:10B85000F84000F08FBE0CEB03025268D00710D402
:10B86000194407F10800DCF80830834273D0DCF893
:10B870000C20DA60936041F001036B606950D0E7FF
:10B88000704741F00103B1F5007F44F8043CCCF867
:10B890000010C9D3B1F5206F4FEA512348D28B096C
:10B8A00003F1390003F13802C300F818FB580838D7
:10B8B000984259D05A6822F003028A4202D99B6802
:10B8C0009842F7D1D868C5E902308560DD6030461E
:10B8D000BDE8F84000F04EBE0CEB03025268D20700
:10B8E00063D40B44DCE90212CA60916043F00102A8
:10B8F0006A603046EB50BDE8F84000F03BBE0B44B8
:10B90000D10707D454F8082CAD1A1344D5E9021214
:10B91000CA60916043F001026A60284ABD60126803
:10B920009A4293D8264B30461968FFF7F5FE8DE70B
:10B93000142B0AD9542B1FD80B0B03F16F0003F102
:10B940006E02C300B1E719448DE703F15C0003F117
:10B950005B02C300A9E741F00103C7E90455C5E94B
:10B9600002006B60695071E779689210012404FA53
:10B9700002F20A437A60A6E7B3F5AA7F06D8CB0B9A
:10B9800003F1780003F17702C3008EE740F25452CE
:10B99000934206D88B0C03F17D0003F17C02C300B7
:10B9A00083E74FF47E737E227FE741F001036B60F3
:10B9B000CCF800104AE700BFD4050020E0090020C1
:10B9C000281E00209368002B00F085802DE9F04FA1
:10B9D000B1F90C300C461907804683B0174698B26F
:10B9E00025D523691BB310F002033D682DD04FF01D
:10B9F000000ADFF8BCB25646B9465E4533465246A9
:10BA000028BF5B464046002E52D0E169676AB847BE
:10BA1000002856DDD9F808301B1A8244361AC9F8B6
:10BA20000830002BE9D1002003B0BDE8F08F21469B
:10BA30004046FEF7C3FA002840F03681B4F90C30D6
:10BA40003D6898B210F00203D1D110F0010944D141
:10BA50004E46009746B38205D4F808B040F1838083
:10BA6000B3455A4600F2B28010F4906F40F0BF80A8
:10BA7000206801924946FBF7CDFEA368019AA3EB2B
:10BA80000B012368A1601344B24623600026009B8B
:10BA90009868A0EB0A00D14498600028C3D0B4F99C
:10BAA0000C0080B2002ED6D1D5E900960835D1E73A
:10BAB000D5E900A60835A0E721464046FFF756FC29
:10BAC00080B3B4F90C3043F040034FF0FF30A38152
:10BAD00003B0BDE8F08F002070471E46AA46994685
:10BAE00018461D46009756B388B34A46D4E9041356
:10BAF0002068B24228BF3246884205D9A16803EBCC
:10BB0000010B5A4500F3A680934263DCE169676A42
:10BB10002A464046B847B0F1000BD2DDB9EB0B091D
:10BB2000CAD00120009A9368A3EB0B035D44A6EBF7
:10BB30000B069360002B3FF476AF002ED4D10AF1B0
:10BB4000080353E902569A460833002EF9D03246CC
:10BB50000A21284600F0BCFC002800F09C8001303F
:10BB6000A0EB0509C1E720682369984216D86369EC
:10BB7000B34213D86FF00042B24228BF3246E169A7
:10BB800092FBF3F2676A02FB03F340464A46B8476A
:10BB9000B0F1000A95DDA6EB0A0678E7B345DA4670
:10BBA00028BFB24652464946FBF734FEA3682268D6
:10BBB000A3EB0A035244A3602260002BEBD1214681
:10BBC0004046FFF7D3FB0028E5D07AE72068B3466C
:10BBD00032464EE729460192FBF71CFE019AA36804
:10BBE0009B1AA360236813442360934696E7236857
:10BBF0002169A3EB010B636903EB430A0AEBDA7AD1
:10BC00000BF101034FEA6A0A33445345524684BF9D
:10BC10009A46524643052CD51146404600F08EF90F
:10BC200000283BD05A4621690190FBF759FDA289B3
:10BC3000019B22F4906242F08002A28103EB0B0090
:10BC40002361AAEB0B03C4F814A0A3602060B346E1
:10BC500032460EE729465A46FBF7DCFD23685B4473
:10BC6000236021464046FFF781FB00283FF456AF92
:10BC700027E7404601F0D0F903460028DED12169CC
:10BC80004046FFF799FDB4F90C300C2223F08003F5
:10BC9000C8F8002017E7721C914627E70C22B4F978
:10BCA0000C30C8F800200EE74FF0FF30BCE600BFB4
:10BCB00000FCFF7F2DE9F041884600F5387700262B
:10BCC000D7E90154013D0FD4A389012B05F1FF35BC
:10BCD00006D9B4F90E300133204601D0C0470643DF
:10BCE0006B1C04F16804EFD13F68002FE8D13046A7
:10BCF000BDE8F0812DE9F8430746884600F538761F
:10BD00004FF00009D6E90154013D11D4A389012B5C
:10BD100005F1FF3508D9B4F90E300133214603D0BF
:10BD20003846C04749EA00096B1C04F16804EDD1AC
:10BD30003668002EE6D14846BDE8F88342B110B51A
:10BD40000B491046144601F00FFD18B9094810BD03
:10BD5000084870470749204601F006FD0028F5D045
:10BD60000549204601F000FD0028EFD0002010BD5D
:10BD70009C1201009812010080100100014B93F801
:10BD8000280170476804002041B110B50C462046D8
:10BD90000A4901F0E9FC18B9094810BD0848704784
:10BDA0000749204601F0E0FC0028F5D0054920466F
:10BDB00001F0DAFC0028EFD0002010BD9C12010039
:10BDC0009812010080100100F03070470048704761
:10BDD0005805002000487047580500202DE9F04123
:10BDE0008B890C46990796B008D504F143030122CC
:10BDF000C4E90432236016B0BDE8F081B4F90E1036
:10BE00000029064627DB6A4601F09AFF002821DB5D
:10BE1000019D05F47045A5F50055B5FA85F54FF47B
:10BE200080686D094FF400674146304600F086F89F
:10BE3000B4F90C30F0B1204AF26343F08003C4F847
:10BE40001480A3812060206135BB3B43A38116B0E1
:10BE5000BDE8F081A38913F0800519D04FF04008A8
:10BE60004146304600F06AF80025B4F90C302F4600
:10BE70000028E0D19A05BED423F0030304F1430265
:10BE800043F002030121C4E90421A3812260B2E747
:10BE90004FF480682F46C7E7B4F90E10304601F022
:10BEA00065FF10B9B4F90C30CFE7A38923F0030381
:10BEB00043F001031BB2C8E7EDB3000070B50C46B8
:10BEC000B1F90E10002996B015461E4614DB6A46DD
:10BED00001F036FF00280FDB019A02F47042A2F550
:10BEE0000052B2FA82F24FF4806352094FF40060BC
:10BEF00032602B6016B070BDB4F90C10002311F045
:10BF00008000336004D0402218462A6016B070BD0D
:10BF10004FF480632B6016B070BD00BF024B01462A
:10BF2000186800F00BB800BF38000020024B014633
:10BF30001868FFF741BC00BF380000202DE9F04F22
:10BF400001F10B06162E83B0044624D8102900F206
:10BF5000BA8000F00DFB102618220220B74F3A4499
:10BF6000A2F1080153688B4200F0BA805A68D96880
:10BF700022F003021A449D68E9608D60516841F027
:10BF800001012046516003F1080500F0F3FA28464C
:10BF900003B0BDE8F08F36F0070600F19480B1429F
:10BFA00000F2918000F0E4FAB6F5FC7FC0F09681D3
:10BFB000730A00F08F80042B00F26B81B30903F148
:10BFC000390003F1380CC3009C4F3B44A3F1080532
:10BFD0005B689D4206D10CE0002980F22B81DB6872
:10BFE0009D4206D05A6822F00302911B0F29F3DD0F
:10BFF00060463D69DFF848C265457CD06A6822F03A
:10C000000302931B0F2B00F37781002BC7E904CCAD
:10C0100080F26881B2F5007F80F01681D3087968DC
:10C0200001334FEA521E012202FA0EF20A4357F878
:10C0300033E0C5F808E007EBC3010839E9607A602E
:10C0400047F83350CEF80C508310012199409142AB
:10C0500057D8114206D120F003004900114200F1E7
:10C060000400FAD007EBC0094D468646D5F80C808F
:10C07000454508D119E1002B80F22081D8F80C80C9
:10C08000454500F01281D8F8042022F00302931BEA
:10C090000F2BF0DD2046D8E9025408EB060146F0EC
:10C0A0000106C8F80460EC60A56043F00104C7E92C
:10C0B0000411C1E902CC4C6048F8023000F05AFA91
:10C0C00008F1080502E00C2323600025284603B090
:10C0D000BDE8F08F4FF4007340204FF03F0C73E742
:10C0E000D3689A4208BF02307FF440AF3D69DFF861
:10C0F00050C1654582D17A688310012199409142EF
:10C10000A7D9BD686B6823F00308464503D8A8EBA0
:10C1100006030F2B7EDCDFF82C91D7F80824D9F822
:10C1200000300132334405EB080A00F02F8103F59B
:10C1300080530F3323F47F6B2BF00F0B59462046AF
:10C1400001F056F9411C024600F0EF80824500F2F2
:10C15000EA80D9F804105944C9F804100B4600F0DD
:10C160004B81D7F8081401311BBFA2EB0A0A5344D4
:10C17000C7F80824C9F8043012F0070300F0128150
:10C18000C3F108010A44C3F5805193440831A1EB7F
:10C190000B01C1F30B0A514620460192009301F0B6
:10C1A00027F9421CDDE9003200F04B81831A03EBD2
:10C1B0000A0BD9F80400BA604BF001030AEB000146
:10C1C000BD425360C9F8041000F02281B8F10F0F8E
:10C1D00040F220816B68A8F10C0020F0070003F00A
:10C1E000010303436B604FF0050C2B180F28C3E9C4
:10C1F00001CC00F22D8153681546D9F82C208A42D3
:10C20000D9F8302038BFC9F82C108A4238BFC9F895
:10C2100030108CE0AA1943F0010346F001066E606D
:10C220002046BA60536000F0A5F90835284603B0EF
:10C23000BDE8F08FD9681A449DE600BFD405002000
:10C24000DC050020281E0020B2F5206F4FEA5223A3
:10C2500063D3142B00F2B88003F15C01C9005B3397
:10C2600007EB010E7958AEF1080E8E4500F0918073
:10C270004B6823F00303934202D989688E45F7D1B6
:10C28000D1F80CE07A68C5E9021ECEF80850CD60FE
:10C29000DAE6142B59D9542B00F29E80330B03F1AC
:10C2A0006F0003F16E0CC3008EE60EF1010E1EF05E
:10C2B000030F05F108057FF4D9AE51E0424445462D
:10C2C0005368D8F80C1043F00103536055F8083F49
:10C2D0002046D9608B6000F04DF9F7E6F00806F1D2
:10C2E00008023BE62A442046536843F001035360AA
:10C2F000083500F03FF9E9E6A919204646F00106A5
:10C3000043F001046E60C7E90411C1E902CC4C603E
:10C31000AB5000F02FF90835D8E6930903F1390145
:10C32000C90038339CE7BD4260D0BD686B6823F01C
:10C33000030B5E45ABEB060302D80F2B3FF76AAF4A
:10C34000204600F017F90025C0E603F15C0003F178
:10C350005B0CC30038E659F808394B4540F096802D
:10C3600010F0030F00F1FF30F5D17B6823EA0103E1
:10C370007B60490099423FF6C4AE19B9C1E6490055
:10C380000EF1040E1942FAD070466BE603F1100B61
:10C39000D4E69A104FF001087B6808FA02F21A43BB
:10C3A0007A6070E702EB0B014942C1F30B0A514678
:10C3B00020460193009201F01BF8431CDDE90023A5
:10C3C0007FF4F4AE9A46F4E6542B26D8130B03F10F
:10C3D0006F01C9006E3343E7B3F5AA7F26D8F30B8C
:10C3E00003F1780003F1770CC300EDE5D9F80430D0
:10C3F0005B44C9F80430B4E6CAF30B0000287FF4AC
:10C40000B0AEBD6808EB0B0343F001036B60F4E6CC
:10C410001546F2E60123536092E7B3F5AA7F21D8CF
:10C42000D30B03F17801C900773319E740F2545276
:10C43000934221D8B30C03F17D0003F17C0CC300BF
:10C44000C2E5083B9B44ABEB020B4FF0000AB0E6A1
:10C4500005F108012046FFF7AFF9BD68D9F80410CF
:10C460006B68CAE640F254518B420BD8930C03F12F
:10C470007D01C9007C33F3E64FF47E737F204FF0DB
:10C480007E0CA1E54FF47E717E23E9E67B6870E7C0
:10C4900010B4034CD4F8E440A4465DF8044B604764
:10C4A0006804002082B049B15AB16BB113780B60B7
:10C4B0001278101E18BF012002B0704701A9002A8F
:10C4C000F3D1104602B070476FF00100F4E700BFEF
:10C4D00001F0FF01102A2BDB10F0070F08D010F835
:10C4E000013B013A8B422DD010F0070F42B3F6D139
:10C4F000F0B441EA012141EA014122F007047FF052
:10C5000000070023F0E80256083C85EA010586EAA8
:10C51000010685FA47F5A3FA87F586FA47F6A5FAE4
:10C5200087F68EB9EED1F0BC01F0FF0102F00702F0
:10C5300032B110F8013B013A83EA010313B1F8D19B
:10C540000020704701387047002D06BF354603387C
:10C55000073815F0010F07D1013015F4807F02BFB5
:10C56000013015F4C03F0130F0BC0138704700BF06
:10C57000704700BF704700BFC36C70B505460C46DE
:10C580004BB153F8240080B1026843F82420002303
:10C59000C0E9033370BD2122042101F025FB0346CD
:10C5A000E8640028EDD1002070BD012101FA04F6F5
:10C5B000721D9200284601F017FB0028F3D0C0E955
:10C5C0000146E4E731B1C36C4A6853F822000860C1
:10C5D00043F82210704700BFF0B50C69064683B0DF
:10C5E0000D4601F1140E0020DEF800101FFA81FC48
:10C5F00002FB0C334FEA134C090C02FB01CC013057
:10C600009BB203EB0C4384424EF8043B4FEA1C43BD
:10C61000EADC3BB1AA68A24207DD05EB84020134E3
:10C6200053612C61284603B0F0BD69680193013164
:10C630003046FFF7A1FF019B0746B8B12A69019375
:10C64000023205F10C0192000C30FBF749F8F26C54
:10C650006968019B52F82100286042F821503D464C
:10C6600005EB8402013453612C61DBE7024B034884
:10C670003A46B521FAF76AFF50120100A8120100EC
:10C680002DE9F8430C4628491F46164603F10802D7
:10C6900081FB0231092F4FEAE2730546C3EB6103C8
:10C6A00039DD4FF0010C00214FEA4C0C634501F1DC
:10C6B0000101F9DC2846FFF75FFF014668B3089BDC
:10C6C0004361092E4FF00103036112DC0A3409268D
:10C6D000B7420BDDBE1B264414F8013B0A22303B57
:10C6E0002846FFF779FFA6420146F5D10846BDE886
:10C6F000F88304F10909C846344418F8013B0A22BA
:10C70000303B2846FFF768FFA0450146F5D1A6F16A
:10C7100008044C44DCE70021CCE70A46034B0448FC
:10C72000CE21FAF713FF00BF398EE3385012010013
:10C73000A8120100030C1B04D3B90004102310F04D
:10C740007F4F04BF0002083310F0704F04BF000198
:10C75000043310F0404F04BF80000233002805DB93
:10C7600010F0804F03F1010308BF202318467047E3
:10C770000023E4E7036813F00702014607D0DA0755
:10C780001FD4980721D55B080B600120704798B231
:10C79000A0B11046DAB20AB908301B0A1A0704BF62
:10C7A0001B0904309A0704BF9B080230DA0703D440
:10C7B0005B0800F1010006D00B6070471B0C1020D5
:10C7C000E8E700207047202070479B080B6002209C
:10C7D000704700BF38B5C36C04460D464BB158686E
:10C7E000B0B102685A6000220123C0E90435C2607A
:10C7F00038BD2122042101F0F7F90346E064002846
:10C80000EDD1094B094800224FF4A071FAF79EFEC2
:10C810001C220121204601F0E7F90028F1D0012275
:10C820000223C0E90123DEE750120100A812010033
:10C830002DE9F04F0E691569AE4285B08846144661
:10C8400005DB2A46234635460C4616469846A3681D
:10C850006168AF19BB42B8BF0131FFF78DFE01908F
:10C86000002800F08780019B03F1140909EB870A77
:10C87000D14505D24B46002243F8042B9A45FBD8FC
:10C8800008F1140808EB860B04F11403D8451A4686
:10C8900003EB85055FD22B1B153B23F00303043309
:10C8A0001534A54238BF0423CDE902A7AC461F4684
:10C8B000924605E0000C29D1C34509F1040948D985
:10C8C00058F8040B85B2002DF4D056464C46002390
:10C8D00056F8040B216882B21FFA81FE05FB02EEB6
:10C8E000000C0A0C734405FB002202EB13429BB2BE
:10C8F00043EA0243B44544F8043B4FEA1243E7D805
:10C9000049F8073058F8040C000CD5D0D9F800309D
:10C91000544619464D4600222688090C00FB061194
:10C920000A449BB243EA024345F8043B54F8046BC3
:10C930002968360C8BB200FB063303EB1243A44587
:10C940004FEA1342E8D8C34549F8073009F1040912
:10C95000B6D8DDE902A7002F02DC05E0013F03D0D5
:10C960005AF8043D002BF9D0019B18461F6105B011
:10C97000BDE8F08F034B0448019A40F25D11FAF7CD
:10C98000E5FD00BF50120100A812010012F00303E0
:10C990002DE9F0411446064632D10D46A41020D0B0
:10C9A000D6F84880B8F1000F33D0E3074FF0000706
:10C9B00007D4641015D0D8F80000A8B18046E3076A
:10C9C000F7D5424629463046FFF732FFB5B16968D0
:10C9D000F36C641053F821202A6043F82150054677
:10C9E000E9D12846BDE8F081424641463046FFF78E
:10C9F0001FFFC8F8000007608046E0E70546D8E75B
:10CA0000013B0F4A52F823200023FFF7E5FD0546BE
:10CA1000C4E701213046FFF7AFFD804640B1012356
:10CA200040F27122C0E904320023B0640360BCE725
:10CA3000044B054842464FF4A071FAF787FD00BF4A
:10CA4000E012010050120100A81201002DE9F04788
:10CA50000C4690462669A368496806EB6216751C69
:10CA60009D4207464FEA621904DD5B009D4201F1D9
:10CA70000101FADC3846FFF77FFD8446002851D0DB
:10CA8000B9F1000F00F114000EDD09F105024FEAC3
:10CA9000820E03460CEB8202002143F8041B9342F2
:10CAA000FBD1AEF114031844216904F1140318F00A
:10CAB0001F0803EB81012DD0C8F1200986464FF0F5
:10CAC000000A1A6802FA08F242EA0A024EF8042B37
:10CAD00053F8042B994222FA09FAF2D80B1B153BA2
:10CAE00023F00303043304F11502914238BF0423F9
:10CAF000BAF1000F18BF2E4640F803A0FB6C626825
:10CB0000CCF8106053F822102160604643F82240B0
:10CB1000BDE8F087043853F8042B40F8042F9942FD
:10CB2000F9D8EBE7034B0448624640F2D911FAF713
:10CB30000DFD00BF50120100A81201000B698446D0
:10CB40000069C01A16D10CF1140C14310CEB8302DD
:10CB500010B401EB830301E0944508D252F8044D70
:10CB600053F8041D8C42F7D005D24FF0FF305DF82A
:10CB7000044B7047704701205DF8044B704700BFBD
:10CB80002DE9F84F0F691369FF1A002F0E469046E2
:10CB90007AD101F11405143202EB830205EB830311
:10CBA00001E09D4273D253F8041D52F8044DA14296
:10CBB000F7D064D37168FFF7DFFC8146002872D09C
:10CBC0003569D8F81020C76008F1140E06F114007A
:10CBD00009F1140A06F1100C0EEB820200EB850736
:10CBE000564600215EF8044B5CF804BFA3B211FA6C
:10CBF0008BF1CB1A210CC1EB1B4101EB23419BB202
:10CC000043EA0143724546F8043B4FEA2141E9D823
:10CC1000A2EB0804153C08F11508424524F0030670
:10CC200006F1040638BF0426304424F0030238BF5E
:10CC3000002287425244B24416D95646044654F85C
:10CC4000043B11FA83F10A1402EB134289B241EA60
:10CC50000243A74246F8043B4FEA2241EFD87A1E2E
:10CC6000101A20F00302524423B952F8043D013D4A
:10CC7000002BFAD0C9F810504846BDE8F88F33466B
:10CC800001274646984695E7F9DB002792E7002101
:10CC9000FFF772FC814668B101220023C9E9042331
:10CCA0004846BDE8F88F074B07484A464FF41071D5
:10CCB000FAF74CFC034B04484A4640F23221FAF79B
:10CCC00045FC00BF50120100A812010082B08DED9A
:10CCD000000B154B019A1340A3F15073002B05DD97
:10CCE0000020194641EC100B02B070475B42B3F1D3
:10CCF000A07F4FEA235208DA4FF40023002043FAC2
:10CD000002F141EC100B02B07047143A1E2ADABF50
:10CD10004FF0004323FA02F201220021104641ECB9
:10CD2000100B02B0704700BF0000F07FF8B5046937
:10CD300000F1140606EB8404271F54F8045C28460F
:10CD4000FFF7F8FCC0F120030A280B6031DDBE427A
:10CD50001BD20B3854F8081C23D0C0F1200C85409E
:10CD600021FA0CF72F43A4F1080547F07F53AE4298
:10CD700043F4401336D2814054F80C0C20FA0CF0E6
:10CD80000843024643EC102BF8BD0B3808D005FAD7
:10CD900000F040F07F53002043F440130246F1E7D7
:10CDA000014645F07F5343F440130A4643EC102BF1
:10CDB000F8BDC0F10B0C25FA0CF1BE4241F07F53D7
:10CDC00038BF54F8081C00F1150034BF21FA0CF1EB
:10CDD000002105FA00F043F4401340EA010243EC5D
:10CDE000102BF8BD01FA00F00246CBE72DE9F04325
:10CDF000884683B0012157EC106B1546FFF7BCFB4A
:10CE0000044600284FD0C7F30A59C7F31303B9F1FA
:10CE1000000F01D043F48013002E019324D0684604
:10CE20000096FFF7A7FC002839D0DDE90013C0F118
:10CE3000200203FA02F20A43C34062610193002B0D
:10CE400014BF02220122A3612261B9F1000F16D0A2
:10CE5000A9F233430344C0F13500C8F8003028601C
:10CE6000204603B0BDE8F08301A8FFF783FC019BD7
:10CE70006361012220302261B9F1000FE8D104EB97
:10CE80008203A0F23240C8F800001869FFF752FC94
:10CE9000C0EB42102860204603B0BDE8F083009B41
:10CEA0006361019BCBE7034B0348224640F20A3102
:10CEB000FAF74CFB50120100A81201002DE9F043D3
:10CEC00083B00E4669460746FFF730FF01A930469A
:10CED00055EC104BFFF72AFF3B693169591ADDE920
:10CEE0000023D31A03EB4113002B51EC100B0DDD83
:10CEF00005EB03594D4602460B462046294601F0F4
:10CF000069FA41EC100B03B0BDE8F083C3EB0333C7
:10CF100001EB03573946EEE7172870B506460CDDDE
:10CF20000A490B4D0020002422462B4601F028F927
:10CF3000013EF9D141EC100B70BD064B03EBC0066E
:10CF4000D6E9040141EC100B70BD00BF0000F03FBA
:10CF500000002440E01201000139491101F1010CE7
:10CF6000116902F1140303EB81018B4200EB8C0C7D
:10CF700016D210B5A0F1040E53F8044B4EF8044F2E
:10CF80009942F9D88B1A153B23F003030433184454
:10CF9000844504D9002340F8043B8445FBD810BDE8
:10CFA000844505D9002340F8043B8445FBD87047ED
:10CFB000704700BF03694A11934200F1140009DA77
:10CFC00000EB830302E053F8042DCAB98342FAD878
:10CFD0000020704711DD11F01F010ED010B450F881
:10CFE000224000EB820324FA01F202FA01F18C42A2
:10CFF0000CD001205DF8044B704700EB8203E5E79D
:10D000000120704753F8042D002AF2D18342F9D849
:10D0100000205DF8044B70472DE9F84F17460029B2
:10D0200000F0988007F10B0580460C46FFF7A0FA48
:10D03000162D5DD810252A46AF425ED854F8041C40
:10D0400021F003069642A4F1080962DABC4BD3F83A
:10D0500008C009EB0600844500F09780D0F804C0B2
:10D060002CF0010303445B68DB0768D42CF0030C4D
:10D0700006EB0C03934247DACB0710D454F8083C74
:10D08000A9EB030ADAF8043023F003018C44B4441A
:10D09000944580F211817318934280F2E8803946FA
:10D0A0004046FEF74BFF0746E0B154F8043C23F03E
:10D0B00001034B44A0F10802934200F0D280321FDA
:10D0C000242A00F2F580132A00F2AC80034622469F
:10D0D000116819605168596092689A60214640460B
:10D0E000FEF76AFB4046FFF745FA3846BDE8F88F81
:10D0F00025F00705002D2A469EDA0C23C8F80030DB
:10D1000000273846BDE8F88F1E46D0E90223D360D9
:10D110009A60731B0F2B22D8D9F8043003F0010357
:10D1200033434E44C9F80430736843F0010373601D
:10D1300040462746FFF71EFA3846BDE8F88FC90774
:10D14000ADD454F8083CA9EB030ADAF8041021F036
:10D150000301A0E7BDE8F84F1146FEF7EFBED9F88E
:10D16000041001F001012943C9F8041009EB05017D
:10D170004E4443F001034B60736843F001030831F0
:10D1800073604046FEF718FBD2E7DCF8040020F09D
:10D19000030B06EB0B0C05F1100084454DDAC907B3
:10D1A0003FF57DAF54F8081CA9EB010ADAF804102A
:10D1B00021F003018B44B34458453FF76CAF574609
:10D1C000DAF80C1057F8080F321F242AC160886063
:10D1D00000F2DB80132A40F2D6802168CAF80810DA
:10D1E0006168CAF80C101B2A00F2DF8008340AF1CB
:10D1F00010022168116061685160A16891600AEBBA
:10D200000501ABEB050242F0010299604A60DAF8D1
:10D21000043003F001031D434046CAF80450FFF7F1
:10D22000A9F96EE723680360636843601B2A68D826
:10D2300004F1080200F108034AE709EB05029A60CD
:10D24000ACEB050343F00103536054F8043C03F0D6
:10D2500001031D43404644F8045CFFF78BF9274661
:10D260004FE750F8043C23F003031E4451E75746B0
:10D27000DAF80C1057F8080F321F242AC1608860B2
:10D280004CD8132A48D92168CAF808106168CAF82E
:10D290000C101B2A56D808340AF110021E462368C7
:10D2A000136063685360A3689360D1463C4630E7DF
:10D2B0002146FAF7AFFA11E7D0E902135746CB60DF
:10D2C000996057F8081FDAF80C30CB60321F242A17
:10D2D00099602DD8132A29D92368CAF808306368C1
:10D2E000CAF80C301B2A42D808340AF1100322680D
:10D2F0001A6062685A60A2689A606646D1463C46E7
:10D3000007E7A3688360E368C360242A26D004F19A
:10D31000100200F11003DBE63A46BFE7214638462B
:10D320001E46D146FAF776FA3C46F2E63B46DEE781
:10D33000214638466646D146FAF76CFA3C46E8E69E
:10D34000D4050020A168CAF81010E168CAF81410CA
:10D35000242A20D010340AF118029FE723690361C0
:10D360006169416104F1180200F11803B0E6A36895
:10D37000CAF81030E368CAF81430242A21D01034D7
:10D380000AF11803B3E73A4633E721463846FAF77D
:10D3900041FA164B33E72269CAF818206269CAF8C5
:10D3A0001C2018340AF1200278E7A168CAF810108E
:10D3B000E168CAF81410242A0DD010340AF11802BA
:10D3C00017E72369CAF818306369CAF81C301834A3
:10D3D0000AF120038BE72269CAF818206269CAF8AB
:10D3E0001C2018340AF1200203E700BFD4050020F6
:10D3F00038B5074D0022044608462A6000F0F4FCC8
:10D40000431C00D038BD2B68002BFBD0236038BDF7
:10D410005C1E002038B5D0F8DC420CB1002038BDCD
:10D4200080210546FEF78AFD0246C5F8DC0230B1D0
:10D43000031F7C3243F8044F9342FBD1EEE74FF0D9
:10D44000FF3038BD1F29F8B5054609D8D0F8DC6291
:10D450000C4617464EB156F8240046F82470F8BD25
:10D46000162303604FF0FF30F8BD8021FEF766FD04
:10D470000646C5F8DC0240B1031F00F17C0500211F
:10D4800043F8041F9D42FBD1E5E74FF0FF30F8BDA4
:10D490001F2938B5054621D8D0F8DC220C466AB1E0
:10D4A00052F8213053B1012B16D0591C10D0002551
:10D4B000204642F824509847284638BD284600F0B8
:10D4C00003F9224601462846BDE8384000F0E6B898
:10D4D00016230360012038BD002038BD16230360E9
:10D4E0004FF0FF3038BD00BF1F292CD8D0F8DC2208
:10D4F00038B50C46054682B152F8243002EB84025E
:10D500004BB1591C1AD0012B16D0002520461560AE
:10D510009847284638BD012038BD8021FEF70EFD12
:10D520000246C5F8DC0258B1031F00217C3043F8E5
:10D53000041F9842FBD1DFE7032038BD022038BD2D
:10D540004FF0FF3038BD4FF0FF30704738B5154B06
:10D550001F281D6820D8D5F8DC22044662B152F895
:10D5600020304BB1012B15D0591C0FD0002542F8AB
:10D5700020509847284638BD284600F0A5F8224696
:10D5800001462846BDE8384000F088B816232B60D5
:10D59000012038BD002038BD16232B604FF0FF302E
:10D5A00038BD00BF38000020134B1F2870B51E681F
:10D5B00009D80D46D6F8DC12044649B151F82400CA
:10D5C00041F8245070BD162333604FF0FF3070BD1A
:10D5D00080213046FEF7B2FC0146C6F8DC0240B1BD
:10D5E000031F00F17C0C002243F8042F6345FBD19C
:10D5F000E4E74FF0FF3070BD3800002038B50C4B29
:10D600001D68D5F8DC420CB1002038BD80212846C9
:10D61000FEF794FCC5F8DC0238B1031F00F17C0270
:10D6200043F8044F9342FBD1EEE74FF0FF3038BD93
:10D630003800002038B5184B1F281D6828D8D5F8A9
:10D64000DC22044682B152F8243002EB84024BB152
:10D65000591C1BD0012B17D0002520461560984778
:10D66000284638BD012038BD80212846FEF766FCDB
:10D670000246C5F8DC0258B1031F00217C3043F894
:10D68000041F8342FBD1DEE7032038BD022038BDF2
:10D690004FF0FF3038BD00BF3800002070B50C4699
:10D6A000084D03460026204611461C462E60F3F71F
:10D6B000F3F8431C00D070BD2B68002BFBD0236017
:10D6C00070BD00BF5C1E0020F3F7E4B810B50C4637
:10D6D000B1F90E1000F072FB002803DB236D034448
:10D6E000236510BDA38923F48053A38110BD00BF1F
:10D6F000002070472DE9F0410C46B1F90C101F468F
:10D70000CB05054616460BD421F48051A1813B463A
:10D71000B4F90E1032462846BDE8F04100F04EBA8A
:10D72000B4F90E100223002200F032FBB4F90C1001
:10D73000EAE700BF10B50C46B1F90E1000F028FB67
:10D74000A389421C0EBF23F4805343F48053206509
:10D75000A38110BDB1F90E1000F076BA00000000F0
:10D76000A2EB0300704700BF02780B78012A28BFA4
:10D770009A42F5D16DE9044540EA0104CDE902671A
:10D780006FF0000C4FEA447212B380EA010414F007
:10D79000070F6AD100F0070420F0070004F003052A
:10D7A00021F007014FEAC505F0E8042314F0040F47
:10D7B000F1E804670CFA05F462EA040266EA04067A
:10D7C0000AD063EA0403624667EA0407664603E098
:10D7D000F0E80423F1E8046782FA4CF582EA0604D3
:10D7E000A4FA8CF46CBB83FA4CF583EA0705A5FA1E
:10D7F0008CF595B950E9022351E9026782FA4CF59C
:10D8000082EA0604A4FA8CF483FA4CF583EA07054D
:10D81000A5FA8CF52543DBD09CB92DBAB5FA85F471
:10D8200024F0070427FA04F1DDE9026723FA04F380
:10D8300003F0FF0001F0FF01FDE80445A0EB01004B
:10D84000704724BAB4FA84F424F0070426FA04F1E9
:10D85000DDE9026722FA04F202F0FF0001F0FF01A5
:10D86000FDE80445A0EB0100704714F0030F3CD124
:10D8700010F0030428D150F8082B51F8083B82FA25
:10D880004CF582EA0305A5FA8CF55DB950F8042C35
:10D8900051F8043C82FA4CF582EA0305A5FA8CF5AE
:10D8A000002DE8D02DBAB5FA85F424F0070423FA48
:10D8B00004F122FA04F202F0FF0001F0FF01FDE89A
:10D8C0000445A0EB010070474FEAC40420F00300B8
:10D8D00050F8082B21F0030151F8083B0CFA04F42E
:10D8E00062EA040263EA0403C9E710F003041AD0F1
:10D8F000A1EB040120F00300E40750F8042B06D04C
:10D900000FD28B785FFAA2F4E41A06D12BB1CB7850
:10D910005FFAB2F4E41A00D11BB920465DF8104B4F
:10D92000704701F1040150F8042BCC0721F00301EA
:10D9300051F8043B48D824D222F07F4482FA4CF5B7
:10D9400094EA1325A5FA8CF50AD165B951F8043B80
:10D9500084EA0204B4EB036F0ED150F8042BEBE71A
:10D960004FEA132355E035F07F454DD10878FDE8A7
:10D970000445C0F1000070474FEA126203F0FF0354
:10D9800047E002EA1C4482FA4CF594EA1345A5FAF2
:10D990008CF50AD165B951F8043B84EA0204B4EB72
:10D9A000034F0CD150F8042BEBE74FEA134330E060
:10D9B00015EA1C4528D10B884FEA124229E04FEAAC
:10D9C000124203EA1C4324E002F0FF0482FA4CF501
:10D9D00094EA1365A5FA8CF50AD165B951F8043BB0
:10D9E00084EA0204B4EB032F09D150F8042BEBE7CF
:10D9F0004FEA13630DE015F0FF0F05D10B684FEAF6
:10DA0000122223F07F4304E04FF00000FDE80445BC
:10DA1000704712BA1BBA82FA4CF482EA0304A4FAE1
:10DA20008CF5B5FA85F402FA04F203FA04F34FEA2E
:10DA30001260FDE80445A0EB13607047F8B50D4691
:10DA40001446064610B1836B002B43D0B4F90C206A
:10DA5000A369A360170790B21BD52369CBB1EDB2C0
:10DA600081042F4622D522686169D31A994229DDA3
:10DA70000133A1680139A160511C216015706269F0
:10DA80009A422AD0A389DB0701D50A2D25D0384632
:10DA9000F8BD21463046FCF791FA20BBB4F90C20C2
:10DAA000236990B2EDB281042F46DCD442F40052D7
:10DAB000A281626E616922F4005262662268D31A02
:10DAC0009942D5DC21463046FDF750FC58B9226812
:10DAD0000123CEE7FDF774FDB8E721463046FDF798
:10DAE00045FC0028D3D04FF0FF37D0E710B4044CEA
:10DAF00003460A4620685DF8044B1946FFF79EBFAF
:10DB00003800002070B5054684B01C4639B10B4E74
:10DB1000D6F8E060B047431C09D004B070BD0A4697
:10DB20000649D1F8E06001A9B047431CF5D10022B5
:10DB30008A2322602B6004B070BD00BF68040020FF
:10DB400070B5104B84B01D68144658B10E4B0A4690
:10DB5000D3F8E060014623462846B047431C0BD06B
:10DB600004B070BD084A2346D2F8E06001A902461D
:10DB70002846B047431CF3D100228A2322602B6041
:10DB800004B070BD380000206804002010B4034CBD
:10DB9000D4F8E040A4465DF8044B604768040020D8
:10DBA00049B1FF2A02D80A70012070478A23036016
:10DBB0004FF0FF3070470846704700BF38B50C463D
:10DBC000084D8446114620461A4600232B606446C1
:10DBD000F2F702FF431C00D038BD2B68002BFBD0AE
:10DBE000236038BD5C1E002010B502FB01F1FEF77A
:10DBF000A5F9044668B150F8042C22F00302043A57
:10DC0000242A18D8132A06D802460023C2E9003372
:10DC10009360204610BD00231B2AC0E900330FD9B2
:10DC2000242AC0E9023311BF00F11002036100F1A0
:10DC300018024361E9E70021F9F768FE204610BDAC
:10DC400000F10802E1E700BF38B5074D00220446A5
:10DC500008462A60F2F71CFE431C00D038BD2B6832
:10DC6000002BFBD0236038BD5C1E002070B50C4635
:10DC70000646FDF7E3FAE36A054633B1E16930464B
:10DC800098470028B8BF4FF0FF35A3891B0619D469
:10DC9000216B41B104F14003994202D03046FDF7B7
:10DCA0008BFD00232363616C21B13046FDF784FDB9
:10DCB00000236364FDF788FC0023A381FDF786FC45
:10DCC000284670BD21693046FDF776FDE0E700BFCC
:10DCD000B1B138B504460D4608B1836B4BB1B5F907
:10DCE0000C300BB9002038BD29462046BDE838402D
:10DCF000BCE7FDF765FCB5F90C30002BF2D0F3E77B
:10DD000000207047C0B138B50C4B1D6804460DB1FA
:10DD1000AB6B4BB1B4F90C300BB9002038BD2146C8
:10DD20002846BDE83840A1E72846FDF749FCB4F98C
:10DD30000C30002BF1D0F2E70020704738000020B3
:10DD400070B50C46084D03460026204611461C4679
:10DD50002E60F2F79EFD431C00D070BD2B68002B97
:10DD6000FBD0236070BD00BF5C1E002038B5074D9E
:10DD70000022044608462A60F2F78DFD431C00D0BD
:10DD800038BD2B68002BFBD0236038BD5C1E002003
:10DD900038B50C46084D8446114620461A460023E5
:10DDA0002B606446F2F779FD431C00D038BD2B6828
:10DDB000002BFBD0236038BD5C1E002038B50C461C
:10DDC000084D8446114620461A4600232B606446BF
:10DDD000F2F718FE431C00D038BD2B68002BFBD097
:10DDE000236038BD5C1E0020044A05491368002BDF
:10DDF00008BF0B461844106018467047601E00208C
:10DE0000681E0020FEE700BF81F0004102E000BF75
:10DE100083F0004330B54FEA41044FEA430594EAEA
:10DE2000050F08BF90EA020F1FBF54EA000C55EA25
:10DE3000020C7FEA645C7FEA655C00F0E2804FEAF6
:10DE40005454D4EB5555B8BF6D420CDD2C4480EAD8
:10DE5000020281EA030382EA000083EA010180EA08
:10DE6000020281EA0303362D88BF30BD11F0004F56
:10DE70004FEA01314FF4801C4CEA113102D040428C
:10DE800061EB410113F0004F4FEA03334CEA1333C7
:10DE900002D0524263EB430394EA050F00F0A780DF
:10DEA000A4F10104D5F1200E0DDB02FA0EFC22FADA
:10DEB00005F2801841F1000103FA0EF2801843FACE
:10DEC00005F359410EE0A5F120050EF1200E012ABF
:10DED00003FA0EFC28BF4CF0020C43FA05F3C018FD
:10DEE00051EBE37101F0004507D54FF0000EDCF176
:10DEF000000C7EEB00006EEB0101B1F5801F1BD31F
:10DF0000B1F5001F0CD349085FEA30004FEA3C0C22
:10DF100004F101044FEA445212F5800F80F09A8018
:10DF2000BCF1004F08BF5FEA500C50F1000041EB1C
:10DF3000045141EA050130BD5FEA4C0C404141EB20
:10DF40000101013C28BFB1F5801FE9D291F0000F1B
:10DF500004BF01460020B1FA81F308BF2033A3F1CA
:10DF60000B03B3F120020CDA0C3208DD02F1140CC1
:10DF7000C2F10C0201FA0CF021FA02F10CE002F1FC
:10DF80001402D8BFC2F1200C01FA02F120FA0CFCF5
:10DF9000DCBF41EA0C019040E41AA2BF01EB04513E
:10DFA000294330BD6FEA04041F3C1CDA0C340EDC3C
:10DFB00004F11404C4F1200220FA04F001FA02F37F
:10DFC00040EA030021FA04F345EA030130BDC4F13D
:10DFD0000C04C4F1200220FA02F001FA04F340EA32
:10DFE0000300294630BD21FA04F0294630BD94F0E3
:10DFF000000F83F4801306BF81F480110134013DCA
:10E000004EE77FEA645C18BF7FEA655C29D094EA3A
:10E01000050F08BF90EA020F05D054EA000C04BFB8
:10E020001946104630BD91EA030F1EBF00210020A3
:10E0300030BD5FEA545C05D14000494128BF41F042
:10E04000004130BD14F580043CBF01F5801130BDA6
:10E0500001F0004545F0FE4141F470014FF0000031
:10E0600030BD7FEA645C1ABF194610467FEA655CE2
:10E070001CBF0B46024650EA013406BF52EA033584
:10E0800091EA030F41F4002130BD00BF90F0000F72
:10E0900004BF0021704730B54FF4806404F13204AE
:10E0A0004FF000054FF0000150E700BF90F0000F67
:10E0B00004BF0021704730B54FF4806404F132048E
:10E0C00010F0004548BF40424FF000013EE700BF5E
:10E0D00042004FEAE2014FEA31014FEA02701FBFEE
:10E0E00012F07F4393F07F4F81F06051704732F020
:10E0F0007F4208BF704793F07F4F04BF41F4002177
:10E10000704730B54FF4607401F0004521F00041D4
:10E110001CE700BF50EA010208BF704730B54FF05E
:10E1200000050AE050EA010208BF704730B511F05F
:10E13000004502D5404261EB41014FF4806404F197
:10E1400032045FEA915C3FF4D8AE4FF003025FEA1D
:10E15000DC0C18BF03325FEADC0C18BF033202EBA1
:10E16000DC02C2F1200300FA03FC20FA02F001FAFB
:10E1700003FE40EA0E0021FA02F11444BDE600BF9E
:10E1800070B54FF0FF0C4CF4E06C1CEA11541DBF4D
:10E190001CEA135594EA0C0F95EA0C0F00F0DEF818
:10E1A0002C4481EA030621EA4C5123EA4C5350EAFD
:10E1B000013518BF52EA033541F4801143F480134E
:10E1C00038D0A0FB02CE4FF00005E1FB02E506F0DF
:10E1D0000042E0FB03E54FF00006E1FB03569CF034
:10E1E000000F18BF4EF0010EA4F1FF04B6F5007F3A
:10E1F00064F5407404D25FEA4E0E6D4146EB0606AC
:10E2000042EAC62141EA55514FEAC52040EA5E5034
:10E210004FEACE2EB4F1FD0C88BFBCF5E06F1ED8DE
:10E22000BEF1004F08BF5FEA500E50F1000041EB15
:10E23000045170BD06F0004646EA010140EA0200C2
:10E2400081EA0301B4EB5C04C2BFD4EB0C0541EAE4
:10E25000045170BD41F480114FF0000E013C00F3F9
:10E26000AB8014F1360FDEBF002001F0004170BD1D
:10E27000C4F10004203C35DA0C341BDC04F1140436
:10E28000C4F1200500FA05F320FA04F001FA05F2C2
:10E2900040EA020001F0004221F0004110EBD3708F
:10E2A00021FA04F642EB06015EEA430E08BF20EABB
:10E2B000D37070BDC4F10C04C4F1200500FA04F35E
:10E2C00020FA05F001FA04F240EA020001F00041F0
:10E2D00010EBD37041F100015EEA430E08BF20EA63
:10E2E000D37070BDC4F1200500FA05F24EEA020EAB
:10E2F00020FA04F301FA05F243EA020321FA04F0DA
:10E3000001F0004121FA04F220EA020000EBD37090
:10E310005EEA430E08BF20EAD37070BD94F0000F90
:10E320000FD101F00046400041EB010111F4801FC4
:10E3300008BF013CF7D041EA060195F0000F18BF75
:10E34000704703F00046520043EB030313F4801FB1
:10E3500008BF013DF7D043EA0603704794EA0C0F6B
:10E360000CEA135518BF95EA0C0F0CD050EA410681
:10E3700018BF52EA4306D1D181EA030101F00041FE
:10E380004FF0000070BD50EA410606BF1046194626
:10E3900052EA430619D094EA0C0F02D150EA013632
:10E3A00013D195EA0C0F05D152EA03361CBF104673
:10E3B00019460AD181EA030101F0004141F0FE4112
:10E3C00041F470014FF0000070BD41F0FE4141F496
:10E3D000780170BD70B54FF0FF0C4CF4E06C1CEA96
:10E3E00011541DBF1CEA135594EA0C0F95EA0C0F4B
:10E3F00000F0A7F8A4EB050481EA030E52EA033506
:10E400004FEA013100F088804FEA03334FF0805526
:10E4100045EA131343EA12634FEA022245EA111553
:10E4200045EA10654FEA00260EF000419D4208BF04
:10E43000964244F1FD0404F5407402D25B084FEAB1
:10E440003202B61A65EB03055B084FEA32024FF45D
:10E4500080104FF4002CB6EB020E75EB030E22BFBA
:10E46000B61A754640EA0C005B084FEA3202B6EB7A
:10E47000020E75EB030E22BFB61A754640EA5C0029
:10E480005B084FEA3202B6EB020E75EB030E22BFB9
:10E49000B61A754640EA9C005B084FEA3202B6EBBA
:10E4A000020E75EB030E22BFB61A754640EADC0079
:10E4B00055EA060E18D04FEA051545EA16754FEADB
:10E4C00006164FEAC30343EA52734FEAC2025FEAF9
:10E4D0001C1CC0D111F4801F0BD141EA00014FF088
:10E4E00000004FF0004CB6E711F4801F04BF014359
:10E4F0000020B4F1FD0C88BFBCF5E06F3FF6AFAE75
:10E50000B5EB030C04BFB6EB020C5FEA500C50F104
:10E51000000041EB045170BD0EF0004E4EEA113187
:10E5200014EB5C04C2BFD4EB0C0541EA045170BD8E
:10E5300041F480114FF0000E013C90E645EA060ED2
:10E540008DE60CEA135594EA0C0F08BF95EA0C0F00
:10E550003FF43BAF94EA0C0F0AD150EA01347FF448
:10E5600034AF95EA0C0F7FF425AF104619462CE71F
:10E5700095EA0C0F06D152EA03353FF4FDAE104682
:10E58000194622E750EA410618BF52EA43067FF4D3
:10E59000C5AE50EA41047FF40DAF52EA43057FF463
:10E5A000EBAE12E74FF0FF3C06E000BF4FF0010C6E
:10E5B00002E000BF4FF0010C4DF804CD4FEA410CD2
:10E5C0007FEA6C5C4FEA430C18BF7FEA6C5C1BD09F
:10E5D00001B050EA410C0CBF52EA430C91EA030F20
:10E5E00002BF90EA020F0020704710F1000F91EA7D
:10E5F000030F58BF994208BF90422CBFD8176FEA4B
:10E60000E37040F0010070474FEA410C7FEA6C5C18
:10E6100002D150EA013C07D14FEA430C7FEA6C5C1F
:10E62000D6D152EA033CD3D05DF8040B704700BF4B
:10E630008446104662468C461946634600E000BF99
:10E6400001B5FFF7B7FF002848BF10F1000F01BD6B
:10E650004DF808EDFFF7F4FF0CBF012000205DF836
:10E6600008FB00BF4DF808EDFFF7EAFF34BF0120BB
:10E6700000205DF808FB00BF4DF808EDFFF7E0FF54
:10E6800094BF012000205DF808FB00BF4DF808EDA5
:10E69000FFF7CEFF94BF012000205DF808FB00BF0C
:10E6A0004DF808EDFFF7C4FF34BF012000205DF8EE
:10E6B00008FB00BF4FEA410C7FEA6C5C02D150EAD4
:10E6C000013C0AD14FEA430C7FEA6C5C02D152EA6A
:10E6D000033C02D14FF0000070474FF0010070473B
:10E6E0004FEA410212F5001215D211D56FF478737A
:10E6F000B3EB625212D94FEAC12343F0004343EA1D
:10E70000505311F0004F23FA02F018BF40427047F7
:10E710004FF00000704750EA013005D111F0004081
:10E7200008BF6FF0004070474FF00000704700BF17
:10E730007BB972B90029BEBF00204FF0004106E04E
:10E7400008BF00281CBF6FF000414FF0FF3000F001
:10E75000BFB9ADF1080C6DE904CE002909DB002B2F
:10E760001ADB00F04DF8DDF804E0DDE9022304B027
:10E770007047404261EB4101002B1BDB00F040F889
:10E78000DDF804E0DDE9022304B0404261EB410121
:10E79000524263EB43037047524263EB430300F082
:10E7A0002FF8DDF804E0DDE9022304B0404261EB1C
:10E7B00041017047524263EB430300F021F8DDF85A
:10E7C00004E0DDE9022304B0524263EB43037047E7
:10E7D00053B94AB9002908BF00281CBF4FF0FF31C8
:10E7E0004FF0FF3000F074B9ADF1080C6DE904CEC4
:10E7F00000F006F8DDF804E0DDE9022304B070471C
:10E800002DE9F047089D04468E46002B4DD18A42E3
:10E81000944669D9B2FA82F252B101FA02F3C2F116
:10E82000200120FA01F10CFA02FC41EA030E9440A7
:10E830004FEA1C48210CBEFBF8F61FFA8CF708FBC8
:10E8400016E341EA034306FB07F199420AD91CEBA0
:10E85000030306F1FF3080F01F81994240F21C81D2
:10E86000023E63445B1AA4B2B3FBF8F008FB10331A
:10E8700044EA034400FB07F7A7420AD91CEB04044F
:10E8800000F1FF3380F00A81A74240F2078164441F
:10E89000023840EA0640E41B00261DB1D4400023A4
:10E8A000C5E900433146BDE8F0878B4209D9002D08
:10E8B00000F0EF800026C5E9000130463146BDE892
:10E8C000F087B3FA83F6002E4AD18B4202D38242FC
:10E8D00000F2F980841A61EB030301209E46002DAB
:10E8E000E0D0C5E9004EDDE702B9FFDEB2FA82F200
:10E8F000002A40F09280A1EB0C014FEA1C471FFA5E
:10E900008CFE0126200CB1FBF7F307FB131140EA44
:10E9100001410EFB03F0884208D91CEB010103F111
:10E92000FF3802D2884200F2CB804346091AA4B2D3
:10E93000B1FBF7F007FB101144EA01440EFB00FEA7
:10E94000A64508D91CEB040400F1FF3102D2A6450C
:10E9500000F2BB800846A4EB0E0440EA03409CE7AB
:10E96000C6F12007B34022FA07FC4CEA030C20FA58
:10E9700007F401FA06F31C43F9404FEA1C4900FA78
:10E9800006F3B1FBF9F8200C1FFA8CFE09FB1811F5
:10E9900040EA014108FB0EF0884202FA06F20BD968
:10E9A0001CEB010108F1FF3A80F08880884240F2B8
:10E9B0008580A8F102086144091AA4B2B1FBF9F0FC
:10E9C00009FB101144EA014100FB0EFE8E4508D9F7
:10E9D0001CEB010100F1FF346CD28E456AD902387C
:10E9E000614440EA0840A0FB0294A1EB0E01A14261
:10E9F000C846A64656D353D05DB1B3EB080261EBCF
:10EA00000E0101FA07F722FA06F3F1401F43C5E9A8
:10EA1000007100263146BDE8F087C2F12003D840DE
:10EA20000CFA02FC21FA03F3914001434FEA1C4720
:10EA30001FFA8CFEB3FBF7F007FB10360B0C43EA12
:10EA4000064300FB0EF69E4204FA02F408D91CEBC2
:10EA5000030300F1FF382FD29E422DD902386344C0
:10EA60009B1B89B2B3FBF7F607FB163341EA034160
:10EA700006FB0EF38B4208D91CEB010106F1FF38AF
:10EA800016D28B4214D9023E6144C91A46EA0046A6
:10EA900038E72E46284605E70646E3E61846F8E638
:10EAA0004B45A9D2B9EB020864EB0C0E0138A3E781
:10EAB0004646EAE7204694E74046D1E7D0467BE762
:10EAC000023B614432E7304609E76444023842E7DA
:10EAD000704700BFF8B500BFF8BC08BC9E46704741
:10EAE000F8B500BFF8BC08BC9E467047426F617223
:10EAF000642073746172746564210A0041626F75E9
:10EB00007420746F20696E697420726164696F0A81
:10EB100000446F6E65207769746820696E69740AB5
:10EB200000526164696F20636F6E66696775726514
:10EB300064210A00456E74657265642072656365C0
:10EB4000697665206D6F64650A00436F756C64209B
:10EB50006E6F7420656E7465722072656365697688
:10EB600065206D6F64650A0050BECAC33C36CEF4A2
:10EB70000000000000000000000000000000000095
:10EB80000338FDD870472E2E2F2E2E2F6E7266352D
:10EB900032782D626173652F2F73646B2F6E7266EE
:10EBA000355F73646B5F31362E302E302F6D6F649E
:10EBB000756C65732F6E7266782F68616C2F6E723C
:10EBC000665F6770696F2E680000000000C001403A
:10EBD000000000005061636B65743A205B200025E3
:10EBE00030325820005D0A000A0A2A2A2A2A2A20DE
:10EBF000417070204572726F72202A2A2A2A2A0ACE
:10EC000000415353455254494F4E204641494C45CB
:10EC1000442061742025733A25750A004552524FED
:10EC20005220256C75205B25735D2061742025734F
:10EC30003A256C75090950432061743A20307825D3
:10EC400030386C580A00554E4B4E4F574E204641B7
:10EC5000554C542061742030782530386C580A00A7
:10EC600048415244204641554C542061742030782C
:10EC70002530385800202052303A20203078253076
:10EC80003858202052313A2020307825303858200A
:10EC90002052323A20203078253038582020523304
:10ECA0003A20203078253038580020205231323A2E
:10ECB0002030782530385820204C523A20203078A7
:10ECC0002530385820205053523A2030782530389B
:10ECD0005800537461636B2076696F6C6174696F5F
:10ECE0006E3A20737461636B20706F696E74657225
:10ECF000206F75747369646520737461636B206140
:10ED00007265612E0043617573653A2042757346E2
:10ED100061756C74206F6E206120766563746F720C
:10ED2000207461626C65207265616420647572692B
:10ED30006E6720657863657074696F6E2070726F9E
:10ED400063657373696E672E0043617573653A205E
:10ED500025732E004D656D4D616E616765204661BE
:10ED6000756C7420416464726573733A2030782541
:10ED700030385800427573204661756C74204164C8
:10ED800064726573733A20307825303858005468BF
:10ED9000652070726F636573736F72206861732092
:10EDA000617474656D7074656420746F2065786536
:10EDB0006375746520616E20756E646566696E6545
:10EDC0006420696E737472756374696F6E00546841
:10EDD000652070726F636573736F72206174746500
:10EDE0006D707465642061206C6F6164206F7220A7
:10EDF00073746F72652061742061206C6F6361743D
:10EE0000696F6E207468617420646F6573206E6F23
:10EE100074207065726D697420746865206F706508
:10EE2000726174696F6E00556E737461636B2066F6
:10EE30006F7220616E20657863657074696F6E20F3
:10EE400072657475726E2068617320636175736595
:10EE500064206F6E65206F72206D6F726520616334
:10EE6000636573732076696F6C6174696F6E73008C
:10EE7000537461636B696E6720666F7220616E20E8
:10EE8000657863657074696F6E20656E7472792041
:10EE900068617320636175736564206F6E65206FB0
:10EEA00072206D6F7265206163636573732076698C
:10EEB0006F6C6174696F6E730041204D656D4D61BB
:10EEC0006E616765206661756C74206F636375722F
:10EED00072656420647572696E6720666C6F617418
:10EEE000696E672D706F696E74206C617A7920731A
:10EEF0007461746520707265736572766174696F90
:10EF00006E00496E737472756374696F6E206275FA
:10EF100073206572726F7200446174612062757350
:10EF2000206572726F72202850432076616C75657F
:10EF300020737461636B656420666F72207468650A
:10EF400020657863657074696F6E20726574757280
:10EF50006E20706F696E747320746F207468652002
:10EF6000696E737472756374696F6E20746861740E
:10EF70002063617573656420746865206661756CD3
:10EF80007429004461746120627573206572726F28
:10EF900072202872657475726E2061646472657384
:10EFA0007320696E2074686520737461636B2066DA
:10EFB00072616D65206973206E6F742072656C617B
:10EFC00074656420746F2074686520696E73747250
:10EFD000756374696F6E2074686174206361757302
:10EFE000656420746865206572726F722900556EC1
:10EFF000737461636B20666F7220616E2065786345
:10F00000657074696F6E2072657475726E206861C8
:10F010007320636175736564206F6E65206F722065
:10F020006D6F7265204275734661756C7473005321
:10F030007461636B696E6720666F7220616E206514
:10F040007863657074696F6E20656E74727920687C
:10F05000617320636175736564206F6E65206F72E4
:10F06000206D6F7265204275734661756C74730014
:10F070004120627573206661756C74206F636375DF
:10F080007272656420647572696E6720666C6F6168
:10F0900074696E672D706F696E74206C617A792067
:10F0A00073746174652070726573657276617469DA
:10F0B0006F6E005468652070726F636573736F7252
:10F0C0002068617320617474656D70746564207468
:10F0D0006F206578656375746520616E20696E7355
:10F0E0007472756374696F6E2074686174206D61E9
:10F0F0006B657320696C6C6567616C207573652046
:10F100006F6620746865204550535200546865202E
:10F1100070726F636573736F7220686173206174BE
:10F1200074656D7074656420616E20696C6C6567D0
:10F13000616C206C6F6164206F66204558435F529C
:10F14000455455524E20746F207468652050432CEE
:10F15000206173206120726573756C74206F662066
:10F16000616E20696E76616C696420636F6E746590
:10F1700078742C206F7220616E20696E76616C69E4
:10F1800064204558435F52455455524E2076616C79
:10F190007565005468652070726F636573736F7274
:10F1A0002068617320617474656D70746564207487
:10F1B0006F20616363657373206120636F70726F8A
:10F1C000636573736F72005468652070726F636556
:10F1D00073736F7220686173206D61646520616E66
:10F1E00020756E616C69676E6564206D656D6F7208
:10F1F0007920616363657373005468652070726F72
:10F20000636573736F7220686173206578656375D9
:10F2100074656420616E2053444956206F722055F6
:10F2200044495620696E737472756374696F6E20F9
:10F230007769746820612064697669736F72206FE2
:10F24000662030001C0B1F251E15160F181300001A
:10F250008EED0000CEED00000000000027EE000063
:10F2600070EE0000B9EE0000000000000000000099
:10F2700002EF000018EF000083EF0000EEEF000047
:10F280002FF0000070F000000000000000000000FF
:10F290008EED0000B3F000000CF1000093F10000CF
:10F2A000000000000000000000000000000000005E
:10F2B000C7F10000F9F100000000000000000000AC
:10F2C0000338FDD870472F726F6F742F6E752D6DD8
:10F2D0006963726F6269742D626173652F736F6603
:10F2E00074776172652F626F617264732F6D6963E9
:10F2F000726F6269745F76322F2E2F6D6963726F41
:10F300006269745F6265666F72655F73746172745F
:10F3100075702E6300000000000000000000000077
:10F320000338FDD870472F726F6F742F6E752D6D77
:10F330006963726F6269742D626173652F736F66A2
:10F3400074776172652F626F617264732F6D696388
:10F35000726F6269745F76322F2E2F6D6963726FE0
:10F360006269745F6E72665F6C6F675F6261636B28
:10F37000656E645F756172742E630000FFFFFFFFAE
:10F38000FFFFFFFFFFFFFFFFFFFFFFFF0000000089
:10F39000000000000000D60107010000E90800009D
:10F3A000A9090000E50800000000000000000000BE
:10F3B0000338FDD870472E2E2F2E2E2F6E726635F5
:10F3C00032782D626173652F2F73646B2F6E7266B6
:10F3D000355F73646B5F31362E302E302F636F6D67
:10F3E000706F6E656E74732F6C696272617269659D
:10F3F000732F7574696C2F6170705F7574696C5FC1
:10F40000706C6174666F726D2E63002E2E2F2E2E1F
:10F410002F6E72663532782D626173652F2F73649B
:10F420006B2F6E7266355F73646B5F31362E302ED4
:10F43000302F636F6D706F6E656E74732F6C6962C1
:10F440007261726965732F62616C6C6F632F6E728B
:10F45000665F62616C6C6F632E6300636C6F636BDD
:10F46000002E2E2F2E2E2F6E72663532782D626171
:10F4700073652F2F73646B2F6E7266355F73646BC9
:10F480005F31362E302E302F65787465726E616C68
:10F490002F667072696E74662F6E72665F66707228
:10F4A000696E74662E63002E2E2F2E2E2F6E7266BE
:10F4B0003532782D626173652F2F73646B2F6E72F6
:10F4C00066355F73646B5F31362E302E302F657872
:10F4D0007465726E616C2F667072696E74662F6EE1
:10F4E00072665F667072696E74665F666F726D6178
:10F4F000742E630030313233343536373839414277
:10F50000434445462E2E2F2E2E2F6E7266353278AE
:10F510002D626173652F2F73646B2F6E7266355F7A
:10F5200073646B5F31362E302E302F636F6D706FCA
:10F530006E656E74732F6C69627261726965732F88
:10F540006C6F672F7372632F6E72665F6C6F675F8D
:10F5500064656661756C745F6261636B656E64732C
:10F560002E6300756172745F6C6F675F6261636BBD
:10F57000656E64002E2E2F2E2E2F6E726635327819
:10F580002D626173652F2F73646B2F6E7266355F0A
:10F5900073646B5F31362E302E302F636F6D706F5A
:10F5A0006E656E74732F6C69627261726965732F18
:10F5B0006C6F672F7372632F6E72665F6C6F675F1D
:10F5C00066726F6E74656E642E63004261636B6574
:10F5D0006E647320666C757368656400617070009A
:10F5E0009C1000207F0000001C1100201B5B313BA1
:10F5F00033316D0025734C6F67732064726F7070C8
:10F600006564202825642925730D0A001B5B306D75
:10F61000002573003C25733E2025733A20002025E9
:10F6200030327800202020007C002563001B5B31F5
:10F630003B33306D001B5B313B33326D001B5B3164
:10F640003B33336D001B5B313B33346D001B5B314F
:10F650003B33356D001B5B313B33366D001B5B313B
:10F660003B33376D007761726E696E6700696E6655
:10F670006F006465627567000CF600002DF60000EF
:10F68000ECF5000035F600003DF6000045F6000000
:10F690004DF6000055F600005DF600000000000089
:10F6A00012EF000065F600006DF6000072F6000033
:10F6B0002E2E2F2E2E2F6E72663532782D626173AC
:10F6C000652F2F73646B2F6E7266355F73646B5F8B
:10F6D00031362E302E302F636F6D706F6E656E7405
:10F6E000732F6C69627261726965732F6D656D6FDE
:10F6F000626A2F6E72665F6D656D6F626A2E63005F
:10F700007077725F6D676D74004E52465F5355435C
:10F7100043455353004E52465F4552524F525F533A
:10F7200056435F48414E444C45525F4D49535349FF
:10F730004E47004E52465F4552524F525F534F461E
:10F74000544445564943455F4E4F545F454E4142F0
:10F750004C4544004E52465F4552524F525F494E0F
:10F760005445524E414C004E52465F4552524F5204
:10F770005F4E4F5F4D454D004E52465F4552524FD2
:10F78000525F4E4F545F464F554E44004E52465FB7
:10F790004552524F525F4E4F545F535550504F5247
:10F7A000544544004E52465F4552524F525F494EB7
:10F7B00056414C49445F504152414D004E52465FC4
:10F7C0004552524F525F494E56414C49445F535443
:10F7D000415445004E52465F4552524F525F494E8A
:10F7E00056414C49445F4C454E475448004E5246A2
:10F7F0005F4552524F525F494E56414C49445F4615
:10F800004C414753004E52465F4552524F525F495A
:10F810004E56414C49445F44415441004E52465F6C
:10F820004552524F525F444154415F53495A45003B
:10F830004E52465F4552524F525F54494D454F55C7
:10F8400054004E52465F4552524F525F4E554C4CFB
:10F85000004E52465F4552524F525F464F52424908
:10F860004444454E004E52465F4552524F525F4906
:10F870004E56414C49445F41444452004E52465F0B
:10F880004552524F525F42555359004E52465F45C2
:10F8900052524F525F4D4F44554C455F4E4F545F4F
:10F8A000494E495449414C495A4544004E52465FDD
:10F8B0004552524F525F4D555445585F494E495439
:10F8C0005F4641494C4544004E52465F4552524FB7
:10F8D000525F4D555445585F4C4F434B5F4641492D
:10F8E0004C4544004E52465F4552524F525F4D5573
:10F8F0005445585F554E4C4F434B5F4641494C452C
:10F9000044004E52465F4552524F525F4D5554454A
:10F91000585F434F4E445F494E49545F4641494CFE
:10F920004544004E52465F4552524F525F4D4F4440
:10F93000554C455F414C52454144595F494E4954ED
:10F9400049414C495A4544004E52465F4552524F38
:10F95000525F53544F524147455F46554C4C004E01
:10F9600052465F4552524F525F4150495F4E4F548D
:10F970005F494D504C454D454E544544004E52460E
:10F980005F4552524F525F464541545552455F4E76
:10F990004F545F454E41424C4544004E52465F45F0
:10F9A00052524F525F494F5F50454E44494E4700B7
:10F9B0004E52465F4552524F525F4452565F545723
:10F9C000495F4552525F4F56455252554E004E5276
:10F9D000465F4552524F525F4452565F5457495FFB
:10F9E0004552525F414E41434B004E52465F455295
:10F9F000524F525F4452565F5457495F4552525FCF
:10FA0000444E41434B004E52465F4552524F525F67
:10FA1000424C455F495053505F52585F504B545FC2
:10FA20005452554E4341544544004E52465F455250
:10FA3000524F525F424C455F495053505F434841DB
:10FA40004E4E454C5F414C52454144595F455849E3
:10FA5000535453004E52465F4552524F525F424CF0
:10FA6000455F495053505F4C494E4B5F44495343A7
:10FA70004F4E4E4543544544004E52465F45525208
:10FA80004F525F424C455F495053505F504545527D
:10FA90005F52454A454354454400556E6B6E6F773F
:10FAA0006E206572726F7220636F646500000000E3
:10FAB0000000000009F700000100000015F7000039
:10FAC0000200000033F700000300000054F70000BC
:10FAD0000400000067F700000500000078F7000050
:10FAE000060000008CF7000007000000A4F70000EB
:10FAF00008000000BCF7000009000000D4F7000077
:10FB00000A000000EDF700000B00000005F80000FF
:10FB10000C0000001CF800000D00000030F8000090
:10FB20000E00000042F800000F00000051F8000035
:10FB30001000000065F80000110000007CF80000D3
:10FB4000800000008BF8000081000000ACF800008D
:10FB500082000000C8F8000083000000E4F8000004
:10FB60008400000002F900008500000023F9000075
:10FB70008600000048F90000900000005FF90000D6
:10FB8000910000007DF90000920000009BF9000048
:10FB900000820000B0F9000001820000CEF90000F0
:10FBA00002820000EAF900000084000006FA00006A
:10FBB000018400002AFA00000284000054FA0000C8
:10FBC0000384000079FA00004750494F5445005023
:10FBD0005049002E2E2F2E2E2F6E72663532782D24
:10FBE000626173652F2F73646B2F6E7266355F735E
:10FBF000646B5F31362E302E302F6D6F64756C65FF
:10FC0000732F6E7266782F647269766572732F73C4
:10FC100072632F7072732F6E7266785F7072732EBC
:10FC20006300505253002E2E2F2E2E2F6E726635EB
:10FC300032782D626173652F2F73646B2F6E72663D
:10FC4000355F73646B5F31362E302E302F6D6F64ED
:10FC5000756C65732F6E7266782F68616C2F6E728B
:10FC6000665F70776D2E68002E2E2F2E2E2F6E72EF
:10FC7000663532782D626173652F2F73646B2F6E3A
:10FC80007266355F73646B5F31362E302E302F6DA8
:10FC90006F64756C65732F6E7266782F6472697607
:10FCA0006572732F7372632F6E7266785F70776DF3
:10FCB0002E63002E2E2F2E2E2F6E72663532782D4B
:10FCC000626173652F2F73646B2F6E7266355F737D
:10FCD000646B5F31362E302E302F696E746567721B
:10FCE0006174696F6E2F6E7266782F6E7266785FC0
:10FCF000676C75652E680050574D00534141444371
:10FD0000002E2E2F2E2E2F6E72663532782D6261C8
:10FD100073652F2F73646B2F6E7266355F73646B20
:10FD20005F31362E302E302F6D6F64756C65732FFA
:10FD30006E7266782F647269766572732F73726360
:10FD40002F6E7266785F7370696D2E630053504931
:10FD50004D0054494D4552002E2E2F2E2E2F6E72DF
:10FD6000663532782D626173652F2F73646B2F6E49
:10FD70007266355F73646B5F31362E302E302F6DB7
:10FD80006F64756C65732F6E7266782F6472697616
:10FD90006572732F7372632F6E7266785F74776902
:10FDA0006D2E63005457494D002E2E2F2E2E2F6E90
:10FDB00072663532782D626173652F2F73646B2FF5
:10FDC0006E7266355F73646B5F31362E302E302F66
:10FDD0006D6F64756C65732F6E7266782F647269CF
:10FDE000766572732F7372632F6E7266785F7561BA
:10FDF00072742E630055415254002E2E2F2E2E2F3A
:10FE00006E72663532782D626173652F2F73646B65
:10FE10002F6E7266355F73646B5F31362E302E3015
:10FE20002F6D6F64756C65732F6E7266782F6472B8
:10FE300069766572732F7372632F6E7266785F7561
:10FE4000617274652E6300554152544500000000F4
:10FE50001934000029340000705F627566666572AF
:10FE60002D3E66726565203D3D2066616C736500C0
:10FE70002E2E2F2E2E2F6E72663532782D626173E4
:10FE8000652F2F73646B2F6E7266355F73646B5FC3
:10FE900031362E302E305F7468726561642F65785C
:10FEA0007465726E616C2F6E52462D494545452D25
:10FEB0003830322E31352E342D726164696F2D64E5
:10FEC00072697665722F7372632F6E72665F383057
:10FED000323135342E63006E72665F383032313520
:10FEE000345F6275666665725F667265655F7261D2
:10FEF00077002E2E2F2E2E2F6E72663532782D62C1
:10FF00006173652F2F73646B2F6E7266355F736438
:10FF10006B5F31362E302E305F7468726561642FEE
:10FF200065787465726E616C2F6E52462D49454539
:10FF3000452D3830322E31352E342D726164696F83
:10FF40002D6472697665722F7372632F6E72665FAD
:10FF50003830323135345F636F72652E6300636809
:10FF6000616E6E656C203E3D203131202626206377
:10FF700068616E6E656C203C3D203236006E7266A4
:10FF80005F726164696F5F73686F7274735F6765D6
:10FF9000742829203D3D2053484F5254535F494413
:10FFA0004C45006E72665F726164696F5F73686F63
:10FFB0007274735F6765742829203D3D2053484F54
:10FFC0005254535F5258006E72665F726164696F7B
:10FFD0005F73686F7274735F6765742829203D3D95
:10FFE0002053484F5254535F52585F41434B006E69
:10FFF000756D5F646174615F6279746573203E3D05
:020000021000EC
:10000000205048525F53495A45202B204643465FB3
:1000100053495A450070617273655F726573756C00
:1000200074006972715F656E645F73746174655F9B
:1000300072785F61636B006972715F62636D617496
:1000400063685F73746174655F7278006972715F71
:1000500068616E646C6572006E72665F3830323152
:1000600035345F636F72655F6E6F746966795F6266
:1000700075666665725F667265650066656D5F666A
:100080006F725F74785F7265736574006375727206
:10009000656E745F6F7065726174696F6E5F7465B1
:1000A000726D696E61746500636F6E745F70726506
:1000B000635F64656E696564006368616E6E656C3C
:1000C0005F73657400636F6E745F707265635F6108
:1000D0007070726F76656400DD590000F15F00009A
:1000E000A15A000000000000095A00007D600000D5
:1000F00000000000295A0000A15F0000000000007D
:10010000636E74203C2055494E54385F4D41580071
:100110002E2E2F2E2E2F6E72663532782D62617341
:10012000652F2F73646B2F6E7266355F73646B5F20
:1001300031362E302E305F7468726561642F6578B9
:100140007465726E616C2F6E52462D494545452D82
:100150003830322E31352E342D726164696F2D6442
:1001600072697665722F7372632F6E72665F3830B4
:10017000323135345F637269746963616C5F7365D2
:100180006374696F6E2E6300637269746963616C76
:100190005F73656374696F6E5F656E7465726564C5
:1001A000006D5F6E65737465645F63726974696323
:1001B000616C5F73656374696F6E5F616C6C6F77A0
:1001C00065645F7072696F72697479203E3D20309A
:1001D000006D5F6E65737465645F637269746963F3
:1001E000616C5F73656374696F6E5F636F756E7466
:1001F0006572203E3D2031006163746976655F76EB
:100200006563746F725F6964203E3D20434D5349BE
:10021000535F4952515F4E554D5F564543544143DC
:10022000544956455F4449464600636E74203E205B
:1002300030002165786974696E675F637269745F05
:10024000736563740061746F6D69635F636E7420BE
:100250003D3D20636E74006D5F6E65737465645F11
:10026000637269746963616C5F73656374696F6EEF
:100270005F616C6C6F7765645F7072696F726974CF
:1002800079203D3D204E45535445445F43524954E7
:100290004943414C5F53454354494F4E5F414C4C99
:1002A0004F5745445F5052494F524954595F4E4F42
:1002B0004E45006E72665F3830323135345F63729E
:1002C00069746963616C5F73656374696F6E5F61A4
:1002D00063746976655F766563746F725F70726967
:1002E0006F726974795F676574006E72665F38302B
:1002F000323135345F637269746963616C5F736551
:100300006374696F6E5F6E657374696E675F646551
:100310006E79006E72665F3830323135345F6372E9
:1003200069746963616C5F73656374696F6E5F6E36
:10033000657374696E675F616C6C6F770063726977
:10034000746963616C5F73656374696F6E5F657810
:100350006974006E72665F3830323135345F6372B3
:1003600069746963616C5F73656374696F6E5F66FE
:100370006F72636566756C6C795F656E746572002B
:10038000637269746963616C5F73656374696F6ECE
:100390005F656E74657200D8ECF0F4F8FC0002033F
:1003A0000405060708705F74696D657374616D708C
:1003B00020213D204E554C4C002E2E2F2E2E2F6EE0
:1003C00072663532782D626173652F2F73646B2FDF
:1003D0006E7266355F73646B5F31362E302E305F20
:1003E0007468726561642F65787465726E616C2FD4
:1003F0006E52462D494545452D3830322E31352E29
:10040000342D726164696F2D6472697665722F7321
:1004100072632F6E72665F3830323135345F7469C3
:100420006D65725F636F6F72642E63006E72665FDC
:100430003830323135345F74696D65725F636F6F68
:1004400072645F74696D657374616D705F67657404
:10045000002170726F6365647572655F69735F72A6
:10046000756E6E696E672829002E2E2F2E2E2F6E28
:1004700072663532782D626173652F2F73646B2F2E
:100480006E7266355F73646B5F31362E302E305F6F
:100490007468726561642F65787465726E616C2F23
:1004A0006E52462D494545452D3830322E31352E78
:1004B000342D726164696F2D6472697665722F7371
:1004C00072632F6D61635F66656174757265732F0A
:1004D0006E72665F3830323135345F63736D615FE1
:1004E00063612E6300216E72665F383032313534BD
:1004F0005F74696D65725F73636865645F69735F7C
:1005000072756E6E696E6728266D5F74696D6572AF
:1005100029006E72665F3830323135345F63736D37
:10052000615F63615F74785F737461727465645F47
:10053000686F6F6B006D5F646C795F6F705F737471
:100540006174655B525343485F444C595F54585D36
:10055000203D3D2065787065637465645F737461E8
:100560007465002E2E2F2E2E2F6E72663532782D4A
:10057000626173652F2F73646B2F6E7266355F73C4
:10058000646B5F31362E302E305F74687265616443
:100590002F65787465726E616C2F6E52462D4945D9
:1005A00045452D3830322E31352E342D7261646937
:1005B0006F2D6472697665722F7372632F6D61633C
:1005C0005F66656174757265732F6E72665F383031
:1005D000323135345F64656C617965645F7472785B
:1005E0002E6300646C795F6F705F73746174655F14
:1005F00067657428525343485F444C595F525829E9
:1006000020213D2044454C415945445F5452585F98
:100610004F505F53544154455F50454E44494E47F7
:1006200000646C795F6F705F73746174655F676598
:100630007428525343485F444C595F525829203D17
:100640003D2044454C415945445F5452585F4F50FA
:100650005F53544154455F53544F50504544006ECE
:1006600072665F3830323135345F64656C6179654C
:10067000645F7472785F61626F7274002E2E2F2E29
:100680002E2F6E72663532782D626173652F2F734F
:10069000646B2F6E7266355F73646B5F31362E301C
:1006A0002E305F7468726561642F65787465726E50
:1006B000616C2F6E52462D494545452D3830322EFE
:1006C00031352E342D726164696F2D6472697665DF
:1006D000722F7372632F6D61635F666561747572EB
:1006E00065732F6E72665F3830323135345F6669FC
:1006F0006C7465722E6300FFFF6473745F616464E1
:10070000725F636865636B0000FFFFFFFFFFFFFF21
:1007100002FFFFFF086D5F74696D65722E647420BF
:100720003C3D204D41585F52455452595F44454C21
:100730004159002E2E2F2E2E2F6E72663532782DB7
:10074000626173652F2F73646B2F6E7266355F73F2
:10075000646B5F31362E302E305F74687265616471
:100760002F65787465726E616C2F6E52462D494507
:1007700045452D3830322E31352E342D7261646965
:100780006F2D6472697665722F7372632F6D61636A
:100790005F66656174757265732F6E72665F38305F
:1007A000323135345F707265636973655F61636BA5
:1007B0005F74696D656F75742E630028705F667273
:1007C000616D65203D3D206D705F6672616D6529CC
:1007D000207C7C2028216D5F70726F636564757268
:1007E000655F69735F61637469766529006D5F7029
:1007F000726F6365647572655F69735F6163746965
:100800007665006E72665F3830323135345F616311
:100810006B5F74696D656F75745F74785F6661692D
:100820006C65645F686F6F6B006E72665F38303244
:100830003135345F61636B5F74696D656F75745FCB
:1008400072785F61636B5F737461727465645F6813
:100850006F6F6B006E72665F3830323135345F61B6
:10086000636B5F74696D656F75745F7472616E73CD
:100870006D69747465645F686F6F6B0074696D6532
:100880006F75745F74696D65725F726574727900FB
:100890002E2E2F2E2E2F6E72663532782D626173BA
:1008A000652F2F73646B2F6E7266355F73646B5F99
:1008B00031362E302E305F7468726561642F657832
:1008C0007465726E616C2F6E52462D494545452DFB
:1008D0003830322E31352E342D726164696F2D64BB
:1008E00072697665722F7372632F6D61635F6665DF
:1008F0006174757265732F61636B5F67656E657296
:1009000061746F722F6E72665F3830323135345FCA
:1009100061636B5F646174612E63006E72665F3841
:1009200030323135345F61636B5F646174615F7075
:10093000656E64696E675F6269745F73686F756C1A
:10094000645F62655F73657400616464725F696EA1
:100950006465785F66696E6400705F6672616D657C
:100960005B41434B5F524551554553545F4F46469B
:100970005345545D20262041434B5F524551554518
:1009800053545F424954002E2E2F2E2E2F6E726626
:100990003532782D626173652F2F73646B2F6E7201
:1009A00066355F73646B5F31362E302E305F74684E
:1009B000726561642F65787465726E616C2F6E521A
:1009C000462D494545452D3830322E31352E342DB2
:1009D000726164696F2D6472697665722F737263D8
:1009E0002F6D61635F66656174757265732F6163F6
:1009F0006B5F67656E657261746F722F6E72665F92
:100A00003830323135345F61636B5F67656E6572B4
:100A100061746F722E63006E72665F3830323135EA
:100A2000345F61636B5F67656E657261746F725F7F
:100A30006372656174650070617273655F7265737E
:100A4000756C7473002E2E2F2E2E2F6E726635321B
:100A5000782D626173652F2F73646B2F6E7266350C
:100A60005F73646B5F31362E302E305F7468726551
:100A700061642F65787465726E616C2F6E52462DBD
:100A8000494545452D3830322E31352E342D726191
:100A900064696F2D6472697665722F7372632F6D4E
:100AA00061635F66656174757265732F61636B5F07
:100AB00067656E657261746F722F6E72665F383033
:100AC000323135345F656E685F61636B5F67656E99
:100AD000657261746F722E6300705F61636B2D3E8F
:100AE000705F6473745F6164647220213D204E55B1
:100AF0004C4C00705F61636B2D3E6473745F616486
:100B000064725F73697A65203D3D20705F66726133
:100B10006D652D3E7372635F616464725F73697AA1
:100B20006500705F6672616D652D3E705F73656311
:100B30005F6374726C20213D204E554C4C007365F0
:100B40006375726974795F636F6E74726F6C5F73D3
:100B500065740064657374696E6174696F6E5F7348
:100B60006574006672616D655F636F6E74726F6C41
:100B70005F73657400051200000000286D5F6170EE
:100B800070726F7665645F7072696F735B707265A7
:100B9000635D20213D207072696F29207C7C2028B4
:100BA0007072696F203D3D20525343485F50524957
:100BB0004F5F49444C4529002E2E2F2E2E2F6E724A
:100BC000663532782D626173652F2F73646B2F6EDB
:100BD0007266355F73646B5F31362E302E305F7412
:100BE00068726561642F65787465726E616C2F6ED2
:100BF00052462D494545452D3830322E31352E345B
:100C00002D726164696F2D6472697665722F7372DB
:100C1000632F727363682F6E72665F3830323135BE
:100C2000345F727363682E630070726563203C20CA
:100C3000525343485F505245435F434E54006E72D7
:100C4000665F3830323135345F727363685F70725B
:100C500065635F69735F617070726F766564007061
:100C60007265635F617070726F7665645F707269E0
:100C70006F5F73657400705F74696D657220213DEC
:100C8000204E554C4C002E2E2F2E2E2F6E72663578
:100C900032782D626173652F2F73646B2F6E7266CD
:100CA000355F73646B5F31362E302E305F7468723F
:100CB0006561642F65787465726E616C2F6E524643
:100CC0002D494545452D3830322E31352E342D7283
:100CD0006164696F2D6472697665722F7372632F18
:100CE00074696D65725F7363686564756C65722F96
:100CF0006E72665F3830323135345F74696D65729B
:100D00005F73636865642E630028766F6964202AC8
:100D10002974656D7020213D20705F6375720070CD
:100D20005F74696D65722D3E63616C6C6261636BAB
:100D300020213D204E554C4C00705F637572202180
:100D40003D20705F74696D657200705F6E657874C8
:100D500020213D20705F74696D65720074696D6556
:100D6000725F72656D6F7665006E72665F383032E5
:100D70003135345F74696D65725F73636865645F94
:100D800061646400216D5F636F6E74696E756F7569
:100D900073002E2E2F2E2E2F6E72663532782D6216
:100DA0006173652F2F73646B2F6E7266355F73648A
:100DB0006B5F31362E302E305F7468726561642F40
:100DC00065787465726E616C2F6E52462D4945458B
:100DD000452D3830322E31352E342D726164696FD5
:100DE0002D6472697665722F7372632F72736368F4
:100DF0002F7261616C2F73696E676C655F706879C3
:100E00002F73696E676C655F7068792E63006E7210
:100E1000665F7261616C5F74696D65736C6F745F3E
:100E200072657175657374006E72665F7261616C74
:100E30005F636F6E74696E756F75735F6D6F6465F8
:100E40005F65786974006E72665F7261616C5F6382
:100E50006F6E74696E756F75735F6D6F64655F65D6
:100E60006E746572002E2E2F2E2E2F6E7266353206
:100E7000782D626173652F2F73646B2F6E726635E8
:100E80005F73646B5F31362E302E305F746872652D
:100E900061642F65787465726E616C2F6E52462D99
:100EA000494545452D3830322E31352E342D72616D
:100EB00064696F2D6472697665722F7372632F7027
:100EC0006C6174666F726D2F68705F74696D6572A6
:100ED0002F6E72665F3830323135345F68705F7400
:100EE000696D65722E63006E72665F38303231351F
:100EF000345F68705F74696D65725F73796E635F8C
:100F000074696D655F676574007431203C3D203104
:100F1000343533313235002E2E2F2E2E2F6E726641
:100F20003532782D626173652F2F73646B2F6E726B
:100F300066355F73646B5F31362E302E305F7468B8
:100F4000726561642F65787465726E616C2F6E5284
:100F5000462D494545452D3830322E31352E342D1C
:100F6000726164696F2D6472697665722F73726342
:100F70002F6E72665F3830323135345F7574696C4C
:100F8000732E68006D5F6F66667365745F636F755F
:100F90006E74657220262030783031002E2E2F2E70
:100FA0002E2F6E72663532782D626173652F2F7326
:100FB000646B2F6E7266355F73646B5F31362E30F3
:100FC0002E305F7468726561642F65787465726E27
:100FD000616C2F6E52462D494545452D3830322ED5
:100FE00031352E342D726164696F2D6472697665B6
:100FF000722F7372632F706C6174666F726D2F6CD9
:10100000705F74696D65722F6E72665F3830323151
:1010100035345F6C705F74696D65725F6E6F64729A
:10102000762E63004E52465F3830323135345F558C
:10103000535F544F5F5254435F5449434B53006FC7
:10104000766572666C6F775F636F756E7465725FDD
:10105000676574000000000000000100400100000E
:101060000000010001000000000002004401000037
:10107000000002002C2066756E6374696F6E3A2062
:1010800000000000617373657274696F6E20222521
:101090007322206661696C65643A2066696C65201C
:1010A000222573222C206C696E652025642573250A
:1010B000730A000000202020202020202020282843
:1010C0002828282020202020202020202020202008
:1010D0002020202020881010101010101010101048
:1010E0001010101010040404040404040404041078
:1010F0001010101010104141414141410101010106
:1011000001010101010101010101010101010101CF
:1011100010101010101042424242424202020202DB
:10112000020202020202020202020202020202029F
:10113000101010102000000000000000000000004F
:10114000000000000000000000000000000000009F
:10115000000000000000000000000000000000008F
:10116000000000000000000000000000000000007F
:10117000000000000000000000000000000000006F
:10118000000000000000000000000000000000005F
:10119000000000000000000000000000000000004F
:1011A000000000000000000000000000000000003F
:1011B0000000000000000000400000203031323309
:1011C0003435363738394142434445460000000043
:1011D00030313233343536373839616263646566AD
:1011E00000000000286E756C6C2900002020202073
:1011F00020202020202020202020202030303030AF
:10120000303030303030303030303030494E4600C1
:10121000696E66004E414E006E616E003000000047
:1012200020202020202020202020202020202020BE
:1012300030303030303030303030303030303030AE
:101240004E614E00496E66696E6974790000000057
:1012500042616C6C6F63207375636365656465647C
:10126000000000002E2E2F2E2E2F2E2E2F2E2E2F52
:101270002E2E2F2E2E2F2E2E2F2E2E2F6E65776C8C
:1012800069622F6C6962632F7374646C69622F6486
:10129000746F612E6300000043000000504F5349FB
:1012A000580000002E0000002E2E2F2E2E2F2E2E46
:1012B0002F2E2E2F2E2E2F2E2E2F2E2E2F2E2E2F48
:1012C0006E65776C69622F6C6962632F7374646CEE
:1012D00069622F6D707265632E630000000000006C
:1012E00005000000190000007D0000000000000063
:1012F000000000000000F03F00000000000024405B
:1013000000000000000059400000000000408F4035
:10131000000000000088C34000000000006AF840A0
:101320000000000080842E4100000000D0126341C4
:101330000000000084D797410000000065CDCD413A
:10134000000000205FA00242000000E8764837421B
:10135000000000A2941A6D42000040E59C30A242B9
:101360000000901EC4BCD64200003426F56B0C432E
:101370000080E03779C3414300A0D88557347643D5
:1013800000C84E676DC1AB43003D9160E458E14336
:10139000408CB5781DAF154450EFE2D6E41A4B44AB
:1013A00092D54D06CFF08044F64AE1C7022DB544F0
:1013B000B49DD9794378EA44BC89D897B2D29C3C91
:1013C00033A7A8D523F649393DA7F444FD0FA5322C
:1013D0009D978CCF08BA5B25436FAC642806C80A7A
:1013E0000080E03779C34143176E05B5B5B8934621
:1013F000F5F93FE9034F384D321D30F94877825AED
:0C1400003CBF737FDD4F1575000000003D
:10140C00C8FB000000000000CFFB00000000000043
:10141C0022FC000000000000F7FC000000000000AF
:10142C00FBFC0000000000004DFD0000000000006F
:10143C0052FD000000000000A4FD000000000000B0
:10144C00F5FD00000000000047FE00000000000059
:10145C00DCF50000000003035BF40000000000005A
:08146C0000F700000000000081
:10147400A80B0020700C0020780C0020B00B00207A
:04148400180000004C
:101488009CF300000000000063F500002400002029
:08149800F0EDFE7F01000000F1
:1014A000200A0020040000000000000000000000EE
:1014B000000000000020004000000000002000406C
:1014C0000000000000000000FF000000D20000004B
:1014D0000090D00300000000400000200000000049
:1014E000000000002C03002094030020FC030020D7
:1014F00000000000000000000000000000000000EC
:1015000000000000000000000000000000000000DB
:1015100000000000000000000000000000000000CB
:1015200000000000000000000000000000000000BB
:1015300000000000000000000000000000000000AB
:10154000000000000000000000000000000000009B
:10155000000000000000000000000000000000008B
:10156000000000000000000000000000000000007B
:10157000000000000000000000000000000000006B
:10158000000000000000000001000000000000005A
:101590000E33CDAB34126DE6ECDE05000B0000001F
:1015A000000000000000000000000000000000003B
:1015B000000000000000000000000000000000002B
:1015C000000000000000000000000000000000001B
:1015D000000000000000000000000000000000000B
:1015E00000000000000000000000000000000000FB
:1015F00000000000000000000000000000000000EB
:1016000000000000000000000000000000000000DA
:1016100000000000000000000000000000000000CA
:1016200000000000000000000000000000000000BA
:1016300000000000000000000000000000000000AA
:10164000000000000000000000000000000000009A
:10165000000000000000000000000000000000008A
:10166000000000000000000000000000000000007A
:10167000000000000000000000000000000000006A
:10168000000000000000000000000000000000005A
:10169000000000000000000000000000000000004A
:1016A000000000000000000000000000000000003A
:1016B000000000000000000000000000000000002A
:1016C000000000000000000000000000000000001A
:1016D000000000000000000000000000000000000A
:1016E00000000000000000000000000000000000FA
:1016F00000000000000000000000000000000000EA
:1017000000000000000000000000000000000000D9
:1017100000000000000000000000000000000000C9
:1017200000000000000000000000000000000000B9
:1017300000000000000000000000000000000000A9
:101740000000000000000000000000000000000099
:101750000000000000000000000000000000000089
:101760000000000000000000000000000000000079
:101770000000000000000000000000000000000069
:101780000000000000000000000000000000000059
:101790000000000000000000000000000000000049
:1017A0000000000000000000000000000000000039
:1017B0000000000000000000000000000000000029
:1017C0000000000000000000000000000000000019
:1017D0000000000000000000000000000000000009
:1017E00000000000000000000000000000000000F9
:1017F00000000000000000000000000000000000E9
:1018000000000000000000000000000000000000D8
:1018100000000000000000000000000000000000C8
:1018200000000000000000000000000000000000B8
:1018300000000000000000000000000000000000A8
:101840000000000000000000000000000000000098
:101850000000000000000000000000000000000088
:101860000000000000000000000000000000000078
:101870000000000000000000000000000000000068
:101880000000000000000000000000000000000058
:101890000000000000000000000000000000000048
:1018A0000000000000000000000000000000000038
:1018B0000000000000000000000000000000000028
:1018C0000000000000000000000000000000000018
:1018D0000000000000000000000000000000000008
:1018E00000000000000000000000000000000000F8
:1018F00000000000000000000000000000000000E8
:101900000000000000000000430000000000000094
:1019100000000000000000000000000000000000C7
:101920000000000000000000430000000000000074
:1019300000000000000000000000000000000000A7
:101940000000000000000000430000000000000054
:101950000000000000000000000000000000000087
:101960000000000000000000430000000000000034
:101970000000000000000000000000000000000067
:101980000000000000000000430000000000000014
:101990000000000000000000000000000000000047
:1019A00000000000000000004300000000000000F4
:1019B0000000000000000000000000000000000027
:1019C00000000000000000004300000000000000D4
:1019D0000000000000000000000000000000000007
:1019E0000000000000000000A1DB0000A5C4000012
:1019F00000000000B4100100A412010080100100DA
:101A00008010010080100100801001008010010092
:101A10008010010080100100801001008010010082
:101A2000FFFFFFFFFFFFFFFFFFFFFFFFFFFF0000C4
:101A3000010041534349490000000000000000003C
:101A40000000000000000000000000000000000096
:101A5000000041534349490000000000000000001D
:101A60000000000000000000000000000000000076
:101A7000000000000000000000000000D40500206D
:101A8000D4050020DC050020DC050020E405002052
:101A9000E4050020EC050020EC050020F405002002
:101AA000F4050020FC050020FC05002004060020B1
:101AB000040600200C0600200C060020140600205E
:101AC000140600201C0600201C060020240600200E
:101AD000240600202C0600202C06002034060020BE
:101AE000340600203C0600203C060020440600206E
:101AF000440600204C0600204C060020540600201E
:101B0000540600205C0600205C06002064060020CD
:101B1000640600206C0600206C060020740600207D
:101B2000740600207C0600207C060020840600202D
:101B3000840600208C0600208C06002094060020DD
:101B4000940600209C0600209C060020A40600208D
:101B5000A4060020AC060020AC060020B40600203D
:101B6000B4060020BC060020BC060020C4060020ED
:101B7000C4060020CC060020CC060020D40600209D
:101B8000D4060020DC060020DC060020E40600204D
:101B9000E4060020EC060020EC060020F4060020FD
:101BA000F4060020FC060020FC06002004070020AC
:101BB000040700200C0700200C0700201407002059
:101BC000140700201C0700201C0700202407002009
:101BD000240700202C0700202C07002034070020B9
:101BE000340700203C0700203C0700204407002069
:101BF000440700204C0700204C0700205407002019
:101C0000540700205C0700205C07002064070020C8
:101C1000640700206C0700206C0700207407002078
:101C2000740700207C0700207C0700208407002028
:101C3000840700208C0700208C07002094070020D8
:101C4000940700209C0700209C070020A407002088
:101C5000A4070020AC070020AC070020B407002038
:101C6000B4070020BC070020BC070020C4070020E8
:101C7000C4070020CC070020CC070020D407002098
:101C8000D4070020DC070020DC070020E407002048
:101C9000E4070020EC070020EC070020F4070020F8
:101CA000F4070020FC070020FC07002004080020A7
:101CB000040800200C0800200C0800201408002054
:101CC000140800201C0800201C0800202408002004
:101CD000240800202C0800202C08002034080020B4
:101CE000340800203C0800203C0800204408002064
:101CF000440800204C0800204C0800205408002014
:101D0000540800205C0800205C08002064080020C3
:101D1000640800206C0800206C0800207408002073
:101D2000740800207C0800207C0800208408002023
:101D3000840800208C0800208C08002094080020D3
:101D4000940800209C0800209C080020A408002083
:101D5000A4080020AC080020AC080020B408002033
:101D6000B4080020BC080020BC080020C4080020E3
:101D7000C4080020CC080020CC080020D408002093
:101D8000D4080020DC080020DC080020E408002043
:101D9000E4080020EC080020EC080020F4080020F3
:101DA000F4080020FC080020FC08002004090020A2
:101DB000040900200C0900200C090020140900204F
:101DC000140900201C0900201C09002024090020FF
:101DD000240900202C0900202C09002034090020AF
:101DE000340900203C0900203C090020440900205F
:101DF000440900204C0900204C090020540900200F
:101E0000540900205C0900205C09002064090020BE
:101E1000640900206C0900206C090020740900206E
:101E2000740900207C0900207C090020840900201E
:101E3000840900208C0900208C09002094090020CE
:101E4000940900209C0900209C090020A40900207E
:101E5000A4090020AC090020AC090020B40900202E
:101E6000B4090020BC090020BC090020C4090020DE
:101E7000C4090020CC090020CC090020FFFFFFFF8F
:101E800000000200B1A10000690200009D080000EE
:041E9000410200000B
:040000030000751173
:00000001FF
