:1000000000000220697700009177000005120000CF
:1000100095770000977700009977000000000000B6
:100020000000000000000000000000009B770000BE
:100030009D770000000000009F770000A17700007E
:100040000B6F0000614B00005D260000D52D000005
:10005000E52D0000A3770000C124000099290000CD
:10006000012C0000112C0000A3770000A3770000F2
:10007000A3770000A3770000A3770000A377000018
:10008000A3770000310E0000A3770000A3770000E3
:10009000CD0E0000A3770000A3770000A377000037
:1000A000A3770000A3770000A3770000A3770000E8
:1000B00061290000A377000000000000000000009C
:1000C000A377000071290000A3770000512B0000E6
:1000D000B97400006D080000A3770000A37700004A
:1000E0008136000000000000000000000000000059
:1000F00000000000A377000000000000A3770000CC
:1001000000000000000000000000000000000000EF
:1001100000000000000000000000000000000000DF
:1001200000000000000000000000000000000000CF
:1001300000000000000000000000000000000000BF
:1001400000000000000000000000000000000000AF
:10015000000000000000000000000000000000009F
:10016000000000000000000000000000000000008F
:10017000000000000000000000000000000000007F
:10018000000000000000000000000000000000006F
:10019000000000000000000000000000000000005F
:1001A000000000000000000000000000000000004F
:1001B000000000000000000000000000000000003F
:1001C000000000000000000000000000000000002F
:1001D000000000000000000000000000000000001F
:1001E000000000000000000000000000000000000F
:1001F00000000000000000000000000000000000FF
:100200000348044B834202D0034B03B118477047A5
:10021000F4090020F4090020000000000548064908
:100220000B1AD90F01EBA301491002D0034B03B104
:1002300018477047F4090020F4090020000000006E
:1002400010B5064C237843B9FFF7DAFF044B13B11E
:100250000448AFF300800123237010BDF80900208B
:1002600000000000C871010008B5044B1BB104492F
:100270000448AFF30080BDE80840CFE7000000006D
:10028000FC090020C8710100A3F5803A704700BF47
:10029000154B002B08BF114B9D46FFF7F5FF0021C2
:1002A0008B460F461148124A121A07F05BFC0C4BA2
:1002B000002B00D098470B4B002B00D09847002014
:1002C000002104000D000B4807F092FA07F0DEFA57
:1002D0002000290000F010F807F090FA0000080054
:1002E000000000000000000000000220F8090020CB
:1002F0009C7600201D7800001FB5224807F094FC72
:1003000000F0ACF800F0C4F800F080F81E4807F0E8
:100310008BFC03F076FC1D4807F086FC102003F0F0
:100320005DFC002003F0B6FC012003F0B1FC4EF6AA
:10033000EF7301A8ADF8043003F05FFC144807F038
:1003400073FC144A1068516802AB03C302A803F09F
:1003500056FC03F07BFC98B10F48104C104E07F090
:1003600063FC44F0010400F0A5F8304607F05CFCA3
:100370004FF4FA654FF47A40A047013DFAD1F2E715
:100380000848EAE750450100604501007545010055
:1003900085450100CC45010098450100E04501007C
:1003A000EE510100AE45010010B50368292B04464B
:1003B00004D9074940F2CD1000F03EFF23681F2BFF
:1003C00083BF03F01F03034823604FF0A04010BD1C
:1003D000E64501000003005007B5019001A8FFF7B2
:1003E000E3FF019A01239340C0F80C3503B05DF898
:1003F00004FB07B5019001A8FFF7D6FF019A01237E
:100400009340C0F8183503B05DF804FB08B50E2022
:10041000FFF7EFFF2520FFF7ECFF0B20FFF7E9FFC9
:100420000A20FFF7E6FF0E20FFF7D6FF2520FFF793
:10043000D3FF0B20FFF7D0FF0A20FFF7CDFF1E20D0
:10044000FFF7D7FF0C20FFF7D4FF1E20FFF7C4FFF4
:10045000BDE808400C20FFF7BFBF000009490A486B
:1004600040F202330B8041F604734B8004234B713E
:100470004FF47A730B81022300224B818A7102F0C0
:1004800093B900BF140A00204446010000F0D4B91B
:1004900008B50549054800F077F8BDE80840014671
:1004A000034807F0C1BB00BF8D040000000000201E
:1004B0004C4601000D4B73B51C680D4E0D4922468C
:1004C000304607F039FA00250B48CDE9005607F011
:1004D000ABFB2A46C4F38F01684600F00BF90146D6
:1004E000064807F0A1FB02B070BD00BF4C450100FB
:1004F000200A00202CED0000604601007B46010030
:1005000010B44FF0A041D1F80425D44304F4801472
:1005100002F48012C1F80845C1F80C25064A90F98A
:100520001810117090F91A3090F9191051709370D9
:100530005DF8044B03F090BB4062002010B50368E7
:10054000292B044604D9074940F2CD1000F074FE6F
:1005500023681F2B83BF03F01F03034823604FF062
:10056000A04010BDE64501000003005007B5019012
:1005700001A8FFF7E3FF019B03F5E073032240F8B6
:10058000232003B05DF804FB2DE9F74389460446B8
:1005900018B95349962000F04FFEB9F1000F03D16E
:1005A0004F49972000F048FE4E4F3B79002B40F01A
:1005B0009580A57994F807E094F808C0607AA67A47
:1005C000E168227C75B9012803D1012A0AD10720EC
:1005D0005DE0022806D1082A04D840F25513D34022
:1005E000DB07F4D4404BC3F80455C3F824E5C3F843
:1005F00020C5C3F81C05C3F82865C3F818250029D1
:1006000048D1C3F81015A3792078002B48D1FFF703
:10061000ADFF6078FFF7AAFF94F80280B8F1FF0FF2
:1006200053D04046FFF7A2FFE678FF2E50D0304669
:10063000FFF79CFF2579FF2D4DD001A80195FFF70D
:100640007DFF019B03F5E073002240F82320264B39
:1006500021786278C3F86415C3F86825C3F860850B
:10066000C3F87065C3F86C556479C7F80090072C1F
:1006700003D91E496B2000F0DFFD1D4B6401E4B27D
:1006800083F8254320225A6001233B71002003B0E8
:10069000BDE8F0830122C3F81415C3F81025B2E7B2
:1006A000019001A8FFF74AFF019B03F5E0730025C5
:1006B00040F8235001A863780193FFF73FFF019BA7
:1006C00003F5E07340F82350A6E74FF0FF38ABE79F
:1006D0004FF0FF36AEE74FF0FF35B8E70820D6E71A
:1006E0008B4601004462002000500240F0460100A9
:1006F00000E100E030B50D4685B0044618B94A491E
:10070000D92000F099FD23682BB963681BB94649CD
:10071000DA2000F091FD236853B103F06042B2F19A
:10072000005F01D19A0703D03F49DC2000F084FD2F
:10073000636853B103F06042B2F1005F01D19B07DF
:1007400003D03949DF2000F077FD1DB93649E2209A
:1007500000F072FD354A1379012B61D1236823B172
:1007600003F06041B1F1005F5CD1616821B101F03B
:100770006041B1F1005F55D15179003B18BF0123B1
:1007800063F3000151716368D580191E537918BF56
:10079000012123F01E0343EA4103537194E803004F
:1007A000234B83E80300D2E90241224B0020C2E937
:1007B0000400C3F85055C3F83845241A18BF012463
:1007C000C3F80845C3F84015091A18BF0121C3F83A
:1007D0000C1501240221C3F800451171C3F804016E
:1007E000D3F8041103910399C3F81401D3F8141139
:1007F00002910299C3F80801D3F8081101910199F7
:10080000517901FA04F2090102F0020201F020011B
:100810000A4342F00402C3F804231C6005B030BD53
:100820000820FBE71020F9E78B4601004462002016
:100830004C6200200050024010B5094C237923B9C6
:1008400008494FF4AC7000F0F7FC63796FF30413C0
:100850006371054B2222C3F8082301225A6010BDA0
:10086000446200208B46010000500240F0B53F4B2F
:100870003F4CD3F8142185B08AB10022C3F814216B
:10088000D3F814310093009B637943F0080303F01D
:100890001202122A637104BF43F020036371334BC9
:1008A000D3F804218AB10022C3F80421D3F804311B
:1008B0000193019B637943F0040303F01102112AB1
:1008C000637104BF43F020036371284BD3F8082100
:1008D000BAB10025C3F80851D3F808210292029A50
:1008E00024480422C3F80823C3F800552368294686
:1008F000984723682048294698470123237105B06B
:10090000F0BD637903F00F020F2A08D0D80701D495
:10091000190704D462799207F1D45B07EFD56279A5
:10092000276802F0F30312F020020BD023F030030B
:1009300043F010036371012100203B4605B0BDE880
:10094000F04018470B4D95E8030002AE86E803001F
:1009500015E9030043F0100385E80300C4E902220F
:10096000637101213046B847C9E700BF005002401B
:1009700044620020546200204C62002010B50368DD
:10098000292B044604D9074940F2CD1000F054FC4D
:1009900023681F2B83BF03F01F03034823604FF01E
:1009A000A04010BDE64501000003005007B50190CE
:1009B00001A8FFF7E3FF019A01239340C0F80C352B
:1009C00003B05DF804FB07B5019001A8FFF7D6FF5F
:1009D000019A01239340C0F8083503B05DF804FB89
:1009E00038B5054D044645F001054FF47A40A84757
:1009F000013CFAD138BD00BF204E01002DE9F34182
:100A00003D4F3E4E0524022517F8013B019301A8F6
:100A1000FFF7B4FF019B03F5E07340F8235001A8F2
:100A200016F8013B0193FFF7A9FF019B03F5E07363
:100A3000013C40F82350E7D1152501A80195FFF7A7
:100A40009DFF019B03F5E07340F2032640F823600D
:100A5000132401A80194FFF791FF019B03F5E073B4
:100A600040F2031840F823601C2601A80196FFF706
:100A700085FF019B03F5E0731E2740F8238001A842
:100A80000197FFF77BFF019B03F5E07340F823809C
:100A90002846FFF798FF2046FFF795FF3046FFF7FF
:100AA00085FF3846FFF782FF1C20FFF77FFF1E20DF
:100AB000FFF77CFF4FF4FA70FFF792FF1C20FFF75F
:100AC00082FF1E20FFF77FFF3220FFF789FF1C20E7
:100AD000FFF76CFF1E20FFF769FF4FF4FA70FFF776
:100AE0007FFF1C20FFF76FFF1E20FFF76CFFFA202F
:100AF000FFF776FFD8E700BFB34D0100AE4D010010
:100B00007FB506460D46144672B601F043FA01F071
:100B100081F80028FBD1134807F086F844F201035E
:100B20009E420AD044F202039E4215D12288616897
:100B30000D4807F079F8FFF761FFA16803910846B7
:100B400001F062FC236801950093024663680399F3
:100B5000064807F069F8EEE72946054807F064F80B
:100B6000E9E700BF524701006B47010086470100DB
:100B7000B04701002DE9F743054601F00BFA01F0FB
:100B800049F80028FBD12A4C2A482B4B241AE408A8
:100B900024049E6A44F00104002D44D0AA69274928
:100BA000204601F0A9F9EB680193AB680093D5E901
:100BB00000232349204601F0B4F9EB690093D5E9FD
:100BC00004232049204601F0A0F91B4BDB6A99075A
:100BD00003D51D49204601F08BF9DFF87C80DFF852
:100BE0007C900025012707FA05F3334206D058F818
:100BF00025201AB14946204601F07EF901351A2D0B
:100C0000F1D1320605D50C4B10495A6B204601F044
:100C100073F9330405D5084B0D499A6B204601F052
:100C20006BF9FFF7EBFE0B49204601F061F9CCE7C9
:100C300024720100CC71010000ED00E0CA47010000
:100C4000DF470100144801006F480100BE48010061
:100C5000DE4801003C480100B84D0100B3480100E6
:100C600070477047704770477047704738B50E4BF4
:100C70001B680021986807F011F84FF4004100202C
:100C800000F06EFF18B1094A142100F0BBF8084DBE
:100C900000F08EFE0A2445F001054FF47A40A84783
:100CA000013CFAD138BD00BF38000020264E0100BB
:100CB000804E01007047000007B5044B0093044AC2
:100CC000402300F013FE03B05DF804FB290D000083
:100CD0005D62002030B50F4D0FCD89B06C460FC45A
:100CE00095E80F0084E80F0006222823CDE90023B1
:100CF00009480A4B06930022694600F0ABFB18B185
:100D0000074A462100F07EF8064B00221A7009B00F
:100D100030BD00BFDC4E01001400002000509D00DB
:100D2000864E01005C62002038B50E480E4C0F4D17
:100D3000002323700378EB5CD2B273B1043002F06D
:100D400027FE18B10A4A562100F05CF8094B1A78C0
:100D500012B12378002BFBD038BD0C3002F0BCFA66
:100D6000EFE700BF140000209D620020D863002040
:100D7000864E01005C62002008B50848084A0378E6
:100D8000D35C33B1043002F081FDBDE80840FFF7C9
:100D9000A1BF0C3002F034FAF7E700BF14000020C6
:100DA000D8630020FFF796BF10B50848D4B2037887
:100DB000074AD35C224623B1043002F0E9FD204605
:100DC00010BD0C3002F088FAF9E700BF14000020D3
:100DD000D863002008B50948094A0378D35C01228A
:100DE00043B1043002F050FE00280CBF01204FF048
:100DF000FF3008BD0C3002F0DFFAF5E714000020E8
:100E0000D863002000B583B002900091019244F2B3
:100E1000010071466A46FFF773FE03B000BD000093
:100E2000024B4FF43C6043F001031847104F0100A0
:100E3000F8B51F491F4B0025C1F84051C1F8445176
:100E4000C1F84851C1F84C51C1F80051C1F80451E2
:100E50001B684BB3D1F8044517490968641A24F09C
:100E60007F442F461A68A24209D8A41A15441A7C56
:100E7000DE691AB1D3E905201F749047AEB90F4A55
:100E80000F4B11781B788B4205D10133DBB2022B5B
:100E900008BF0023137012780A4B43F822500A4B04
:100EA0004FF48012C3F80021F8BD3346DAE700BFE3
:100EB00000100140C0630020BC630020B963002023
:100EC000B8630020B063002000E100E02DE9F04F9E
:100ED000A14AA24913780978A14D994285B03CD026
:100EE0000133DBB2022B08BF002313709D49127837
:100EF0009D4B0F6853F822003B1823F07F430022DC
:100F00000B602B6816461446944613B942B12B6009
:100F100006E0196881420ED902B12B60091A1960E6
:100F200001272B68DFF848A201934FF00008BEB9F3
:100F3000DFF844B262E0401A0C44D968D3F81CE0F0
:100F4000C3F800C031B13A1922F07F42C3E9012150
:100F5000DE611E4673460122D7E700263746E0E7EA
:100F60003446F6697F4B60681B68DFF810C2A168E1
:100F7000C21A22F07F42624500F2A8800A44226031
:100F8000012222742A680023C4E90133E361002AA4
:100F900040F0A5802C60CAE79BF802105A1CD2B220
:100FA00091428BF8002004BF00228BF80020182209
:100FB00002FB03B32A6819799C68022977D00329B8
:100FC00000F08180012919D1207CB8B9D96861600D
:100FD0001A69A2605A69E2609B69A361634B1B783E
:100FE000002B18BF01466160BCE78C4200F0918085
:100FF0008946C9690029F8D1002323749BF8003081
:101000009BF801209A42C7D12B68B8F1000F04D198
:10101000019A9A4201D1002F43D0002B41D0D3F83E
:1010200000A0534D4F4BD5F804751C68DFF8508174
:101030003E1B98F8003026F07F4603369BB94FF4EC
:101040008033C5F84433C5F804334A4B4FF40032BB
:10105000C3F880211A604FF00109C5F80090FFF72E
:10106000DFFE88F80090B2452CBF5444A41924F048
:101070007F44C5F84045D5F80435DB1B23F07F439A
:10108000E41B033324F07F44A3420AD9D5F8043586
:10109000C5F84035FFF7C4FE364B4FF40032C3F8B5
:1010A0000021324B00221A7005B0BDE8F08F1146C6
:1010B00091469FE71174D2690123002AFAD1002BCF
:1010C0009CD02A609AE700231946F6E71B1A23F002
:1010D0007F438B4234BFCB1A0023236050E7216843
:1010E0001368994213D85B1A1360E26152E7091A38
:1010F000D8691A4638B1034618688842F7D3401AAF
:101100001860184613462160E061DC610FE7134662
:10111000F2E74C4511D1D3692B6073B9DFF844E095
:101120000120CDE90212CAF80800CEF800300F4BBA
:101130001870FFF775FEDDE902120B68C969C9F87E
:101140001C1011B1086803440B602B68934218BF50
:101150004FF0010850E700BFB8630020B9630020DA
:10116000C0630020BC630020B0630020AC6300209B
:101170000010014000E100E0A0620020FEFF7F00BF
:10118000AD63002072B6024A1368013313607047E2
:10119000C4630020034A1368013B136003B962B6BD
:1011A000704700BFC4630020EFF30583C3F3080357
:1011B0002BB9EFF31480C04300F001007047012009
:1011C0007047000008B5FFF7EFFF012803D004497E
:1011D000432000F031F8BDE80840FFF7D3BF00BF5F
:1011E000164F010008B5FFF7DFFF012803D00449BF
:1011F000512000F021F8BDE80840FFF7CBBF00BF49
:10120000164F01001EF0040F1CBFEFF309800AE027
:10121000EFF308800549064A884201D8904202D877
:101220008D464FF00000034B1847000000000220DD
:1012300000E00120750B000007B5ADF8000001913A
:101240006A46002144F20200FFF75AFC03B05DF841
:1012500004FB10B5034653E8000F0A4643E8002498
:1012600094F0000FF7D110BD10B5034653E8002FDE
:1012700042EA010043E8000494F0000FF6D110BDEB
:1012800010B5034653E8000F00EA010243E80024CA
:1012900094F0000FF6D110BD10B5034653E8002FAF
:1012A00002EB010043E8000494F0000FF6D110BDFA
:1012B00010B5034653E8002FA2EB010043E80004F9
:1012C00094F0000FF6D110BD0121FFF7CDBF002132
:1012D000FFF7D6BF10B50446002834D003681BB909
:1012E0001A49FF20FFF7A8FF636823B917494FF495
:1012F0008070FFF7A1FFA36823B9144940F20110E1
:10130000FFF79AFFE36823B910494FF48170FFF7A4
:1013100093FF238A23B90D4940F20310FFF78CFF96
:10132000D4E9012321689B1ADBB20A60013BDBB2DE
:10133000FF2B226802D10020107110BD1168481CDB
:1013400010600B70F2E70E20F7E700BF6B4F010053
:1013500038B5044620B912494FF49270FFF76CFF7C
:101360000020FFF72FFF2268616813688B4215D9B0
:10137000591E116013F8013C228AE56802FB0355EF
:101380002268A36811685B1A1179DBB2994200D216
:1013900013710020FFF726FF284638BD0025F8E727
:1013A0006B4F010038B50C46054620B90E4940F296
:1013B0004710FFF741FF24B90B494FF4A470FFF722
:1013C0003BFF0020FFF7FEFE2A681368591C1160DE
:1013D000E968641A298AB4FBF1F41C70BDE838404E
:1013E0000020FFF7FFBE00BF6B4F01001FB5037861
:1013F0008DF800304368019383688DF80830C36826
:10140000054A0393054B684653F8213052F82110E2
:10141000984705B05DF804FBC8630020D063002046
:101420001FB503788DF800304368019383688DF809
:101430000830C368054A0393054B684653F82130CA
:1014400052F82110984705B05DF804FBC8630020EE
:10145000D0630020F0B5194B90F800C0DFF86CE0C5
:1014600043F82C20164B16460A6943F82C204B7F74
:101470000EF80C300C4607460FCC89B06D460FC5F0
:1014800094E80F0085E80F003B78CDF810C01EF8F7
:1014900003304BB1002E0B4A694608BF3246381D57
:1014A00002F0F6F809B0F0BD002E074A694608BF01
:1014B000324607F10C0001F0B3FDF3E7D0630020E2
:1014C000C8630020ED13000021140000D863002041
:1014D00010B5044618B906493120FFF7ADFEA268E1
:1014E0002AB163692168206998470023A36010BD71
:1014F000DB4F01000EB433B5059D044618B9114900
:101500004220FFF799FE63691BB90E494320FFF79C
:1015100093FE23681BB90B494420FFF78DFE6368D7
:101520001BB908494520FFF787FE35B106AB01AA74
:1015300029462046019300F071F802B0BDE8304022
:1015400003B07047DB4F0100826830B40468551C5B
:101550008560A154D0E901329A4202D330BCFFF732
:10156000B7BF30BC704700002DE9F84F9846DDE961
:101570000A43154682460F460A464FF00109AA4221
:101580000FD2C14538BFC14613F0010B01D16CB970
:1015900000240126B8F1010F1BD908F1FF386E4372
:1015A000F8E709F10109B2FBF5F2E8E79B070ED570
:1015B000B8F1000F0CBF30262026A145E9D2013C2E
:1015C00031465046FFF7C0FF002CF6D1E0E7202659
:1015D000F3E7B7FBF6F39D42E1D9DFF83C80B7FBB8
:1015E000F6F3504618F8031006FB1377FFF7ACFF2D
:1015F0003346AB42B6FBF5F6F1D2BBF1000F02D099
:101600000CB1A14501D3BDE8F88F20215046013C23
:10161000FFF79AFFF4E700BFA25001002DE9F74F52
:1016200088461746054620B9AF4940F25220FFF7D9
:1016300003FE6B6923B9AC494FF41570FFF7FCFD4D
:101640002B6823B9A84940F25520FFF7F5FD6B68D8
:1016500023B9A54940F25620FFF7EEFDB8F1000F7F
:1016600000F03E8118F8011B49B92B7B002B00F0DC
:101670003781284603B0BDE8F04FFFF729BF252981
:1016800040F0B780002698F800302D2B424608F134
:10169000010823D0302B24D02B2B25D000242A2B3B
:1016A00002F1010123D13B681A1D3A601B680A460A
:1016B0001C4413782E2B26D101324FF0000A10461D
:1016C00010F8011BA1F1300CBCF1090F1DD80A2341
:1016D00003FB0A13A3F1300A0246F0E746F00106C5
:1016E000D1E746F00206CEE746F00406CBE711F854
:1016F000013CA3F130000928DBD80A2202FB0434A4
:10170000303C0A46CBE74FF0000A12F8011B01F00B
:10171000FB0068289046F8D0782909D86F290CD8A2
:10172000632962D022D8252963D0582900F0888007
:1017300098F80030002B95D197E770390829F7D831
:1017400001A353F821F000BFBB18000031170000BF
:101750003117000051180000311700002F18000049
:10176000311700003117000041180000642901D032
:101770006929DDD13A68111D3960D2F8009089EAF3
:10178000E972A2EBE9724FF0010B092A35DCD3456F
:1017900038BFD3462CB1B9F1000F01DB720700D579
:1017A000013CB30702D5BAF1000F03D0F00701D412
:1017B0004CBB0024B9F1000F2DDAC9F100092D212D
:1017C0002846FFF7C1FE06F00302022A04D1BAF14F
:1017D000000F01D11CBB0024CDE9004653460A226C
:1017E00049462846FFF7C0FEA2E73B681A1D3A604B
:1017F00019782846FFF7A8FE9AE70A230BF1010B98
:10180000B2FBF3F2C1E7A345D4D220212846013C24
:10181000FFF79AFECCE77107D5D52B21D0E7A3457A
:10182000DAD230212846013CFFF78EFED2E7396834
:10183000CDE900460A1D3A6053460A220968D0E7FE
:1018400039680A1D3A60CDE9004653461022F5E793
:101850003B681A1D3A6016F00106D3F8009024D1B7
:10186000B9F1000F03D0484606F0EAFA0646B44242
:101870001DD809F1FF3919F8011F00293FF458AFAD
:101880002846FFF761FEF6E728460136FFF75CFEC3
:1018900019F806100029F7D1A642BFF449AF20215C
:1018A0002846013CFFF750FEF6E70026F0E720212E
:1018B0002846013CFFF748FED9E73B681A1D3A600D
:1018C000302128461C68FFF73FFE78212846FFF7A5
:1018D0003BFE00220823CDE900322146102280E79A
:1018E00003B0BDE8F08F00BF3B500100F0B595B0EC
:1018F0001D46164608460C4600F01FFD1A9B0D9328
:10190000CDE9086500252B46082205A920460A9541
:101910008DF82C500C9500F037FD079B0293069B29
:1019200003939DF814308DF8115003F00302012A3F
:101930001DD1BDF81420059DC3F3C203C2F3831665
:101940008DF81030B20008230EA9204600F01CFDCF
:10195000C5F3952508AB0093324602AB0EA9284685
:1019600000F08CFB204600F0ECFC15B0F0BD022A24
:10197000F8D1BDF81650C3F3C203C5F389158DF82D
:1019800010300827082D2E4628BF08263B46324631
:101990000EA9204600F0F8FCAD1B08AB02AA3146A8
:1019A0000EA8374400F0CEFB002DEBD1DAE70000A3
:1019B00008B5FFF7F7F90748042100F0C1FA00283D
:1019C00003DA05494820FFF737FC044B01225A711E
:1019D00008BD00BF50720100B25001002800002075
:1019E000037813F0040216D003F00303012B03D095
:1019F000022B09D0012070470A6800880232C0F328
:101A0000831002440A60F5E70B684288023303EB57
:101A100092130B60EEE71046704700002DE9F04F7F
:101A2000DFF838A10F4687B00446861C0020154613
:101A3000FFF7C8FBDAF800103960DAE90132134425
:101A400001335B1A0AF21C470AF583690AF214484B
:101A5000B3421BD30020002D7AD004F00F039B016A
:101A600043F0050363F30F00DAF80020DAF80830DA
:101A70001340033332444AF823000020CAF8002000
:101A8000FFF7B0FB012007B0BDE8F08F0121384619
:101A9000FFF702FC4846FFF717FC4046FFF714FC2F
:101AA000DAF80400DAF808B0029000EA0B0003301C
:101AB0000AEB800002A9FFF793FF029B0246F8B9E8
:101AC0000BEA03010AEB810103F1020CC8680390E1
:101AD000013303EA0B0B0AEB8B0B00F00300012828
:101AE000DBF80C10CDF808C02AD002280BD01A4918
:101AF000019240F28910FFF79FFB019A93460CE098
:101B00000BEA0300D3E7BDF80E30C3F389130333A8
:101B10004FEA114B0CEB930302934046FFF7D7FBC0
:101B200010B1029BCAF8043059463846FFF7B4FB9F
:101B3000DAE901231344DAF8002001339B1A87E71E
:101B4000BDF80C30C3F383134FEA114B6344E3E752
:101B5000A40544F0060087E73C510100AC64002076
:101B60000B4B0C48FF2210B59A600022C3F81824D2
:101B7000C3E90022C3F81424012283F8202400F0D2
:101B800095FB044610B9044800F012FC204610BD35
:101B9000AC6400203C720100C451010030B50A4C15
:101BA00071B10A4A0A49121BD20800239A4201D194
:101BB000002030BD31F82350854202D00133F5E7D3
:101BC000034654F83300F4E7CC7101003C72010085
:101BD000F4090020094B013903EBC000032909D89F
:101BE000DFE801F00A02040604207047007970471C
:101BF000407970470020704702207047CC71010087
:101C0000034BD3E90030C31A58425841704700BF14
:101C1000AC6400202DE9F04385B0FFF7F1FF0646E4
:101C2000002840F0FA807E4CC4F81804BFF34F8FB0
:101C30006368A56800932B40033304EB8300694677
:101C4000FFF7CEFE009B18B1D4F81824002A62D00A
:101C500005EA0302991C013304EB82022B4004EBDA
:101C60008303D268DB68029302F00303022B019224
:101C7000009163D1BDF806306A48C3F38917502F2D
:101C8000B84628BF4FF0500808F1080168F38F13D9
:101C9000C1F30901ADF8063000F020FB064600282C
:101CA00000F0A68000F049FB0023082201A930467D
:101CB00000F056FB009925EA01020132B8EB820FD1
:101CC0004FEA820333D95FFA88F863B32940DDB263
:101CD000A8EB050803315FFA88F9A846524D04EBDA
:101CE000810108234246304600F03AFB3DB108F13D
:101CF0000803DBB24A462946304600F031FB009B20
:101D0000033703EB97070097D4F81834002B4BD117
:101D1000D4F810545BE0226893428CD36260304662
:101D200005B0BDE8F08340491D469946D9E72940F2
:101D300003310823424604EB8101DDE7012B57D133
:101D4000BDF804303748C3F38311062928BF0621A4
:101D500061F38913023101F00F018900ADF80430FD
:101D600000F0BCFA0646002842D000F0E6FA002354
:101D7000082201A9304600F0F3FA0027BDF804203C
:101D8000C2F38312BB00974203F10803BCD200994F
:101D90004A1C29400331009204EB810104223046A1
:101DA00000F0DEFA0137E9E7304600F0CAFAFFF743
:101DB00027FF80F00100C6B2B1E7EB685B7923B181
:101DC0002B6831461B6828469847EB681D68002D34
:101DD000F3D1304600F0B5FA2846FFF7F3F9D4F80E
:101DE00018340BB9009B63600020FFF7FBF9DEE7B6
:101DF000D4F8104454B90D4B0D480E49C01AC00810
:101E0000000440F0020000F073F8D0E72368204699
:101E10009B689847E3681C68ECE700267FE700BFF3
:101E2000AC6400203C720100B8640020CC71010059
:101E300024720100AD5101002DE9F74F274E0446F1
:101E40000F46914601A901221846D6F808A09846E7
:101E5000FFF7E4FD78B3019D0023A81C434503EB85
:101E6000000132D100211E48FFF7F3F94FEA14496F
:101E700080F3100B1B4B1C4A9B1AB9EBD30F04D3F6
:101E80001A494FF4D770FFF7D7F96B1C03EA0A031E
:101E9000E40006EB830304F0380449EA0B4005EA4A
:101EA0000A0544F00104D860033544EA881343EA84
:101EB000872346F8253096F820341BB1FFF7AAFE99
:101EC0000028FBD103B0BDE8F08F0AEA010106EB60
:101ED000810159F82320CA600133BFE7AC640020B8
:101EE000C86800203C720100CC7101003C51010027
:101EF00000231A46FFF7A0BF07B50123019201AAEC
:101F0000FFF79AFF03B05DF804FB1FB5CDE901238D
:101F1000069B039301AA0323FFF78EFF05B05DF82C
:101F200004FB1FB5CDE90023069B0293079B039397
:101F30006A460423FFF780FF05B05DF804FB00004C
:101F400030B51349D1F810440346002022464AB95F
:101F5000DC682071D1F8104454B9C1F81034DB6842
:101F60001A6030BDD268157985420AD01268EEE752
:101F7000E468DA6824681460D1F81024D268136029
:101F8000EFE701300A28E1D14FF0FF30E9E700BF69
:101F9000AC64002038B5084B0125D3F8104483F811
:101FA000205404B938BDE3685D71236820465B683E
:101FB0009847E3681C68F4E7AC64002030B5C38838
:101FC00085B004460D4633B1144A00921449154AAF
:101FD0002846FFF78FFA217A05291DD0637A4BB185
:101FE000A088FFF7F7FD104B104953F82020284632
:101FF000FFF780FA227A0E4BA08853F82220039232
:102000000021FFF7CBFD039A0A490346284605B095
:10201000BDE83040FFF76EBA05B030BDF0510100A9
:10202000D8510100D05101005C520100F55101006E
:1020300080520100F851010007B503460846197A9D
:10204000052911D05B7A2BB1094A0A490190FFF7A3
:1020500051FA019808490190FFF74CFA019803B032
:102060005DF804EBFFF734BA002AF8D0F2E700BFBE
:10207000F0510100F5510100ED5101002DE9F0434F
:1020800085B01F460C9D002395F80C902B730646D7
:102090000C46904629463846FFF790FFB8F1060FE8
:1020A00009D8DFE808F00412181F28334000314631
:1020B0002846FFF71FFA002229463846FFF7BCFFE3
:1020C00085F80C9005B0BDE8F083226831462846BB
:1020D000FFF710FAEFE7D4E9002331462846FFF76F
:1020E00009FAE8E7A36800933146D4E900232846BB
:1020F000FFF700FADFE7E3680193A3680093314636
:10210000D4E900232846FFF7F5F9D4E723690293C1
:10211000E3680193A36800933146D4E9002328467D
:10212000FFF7E8F9C7E76369039323690293E3685C
:102130000193A36800933146D4E900232846FFF7B2
:10214000D9F9B8E708292DE9F84F80460E46174619
:102150001C463DD8002593F80C901D731946104677
:10216000FFF72CFFDFF890A0DFF890B0AE4231D936
:1021700018F8052059462046FFF7BCF90135082D0F
:10218000F4D11A491A4DDFF878A02046FFF7B2F9CA
:102190004FF0000B5E4524D918F80B207E2A1ED87C
:1021A000511C144BC9B2C95C11F0970F08BF2E2205
:1021B00051462046FFF79EF90BF1010BBBF1080FCA
:1021C000E8D1012221463846FFF736FF84F80C900B
:1021D000BDE8F88F51462046FFF78CF9CEE72E2256
:1021E000E6E729462046FFF785F9E5E70C520100AE
:1021F0000A520100746E01000852010002520100EF
:102200000E5201002DE9F74F99469DF830300093AA
:1022100088469346064618B92349B620FFF70CF8BE
:10222000F28871794A43043A4A4505D81E49019219
:10223000C420FFF701F8019ADBF80070B6F806A099
:1022400007EB0901914209F1040488BFA2EB0907D9
:10225000B4FBFAF5CBF800700AFB154445B9AAEBBC
:10226000040BBB4528BFBB462FB903B0BDE8F08FB8
:102270003668013DF2E7009B043408EB0500344466
:102280005A466BB12146A7EB0B0705F055FBBA4543
:102290005D443668D3464FF0000428BFBB46E3E7F1
:1022A00001462046EFE700BF94520100FFF712B845
:1022B000F8B546790146721E0546002393422D6803
:1022C00003D30024A64202D8F8BD0133F6E70F6815
:1022D0002846FFF767F801343946F3E72DE9F8435C
:1022E000CD1C068A0746FFF733F8043E3544044602
:1022F000B5FBF6F5F0B14FF48073EDB28380C68084
:10230000013D076081464FF00008A84512D23846CB
:10231000FFF71EF8064648B163790133637108F18F
:102320000108C9F8000007608146EEE72046FFF784
:10233000BFFF34462046BDE8F88301210430FEF794
:10234000ABBF10B5012104460430FEF7B1FFC0B2A7
:1023500020B92046BDE81040FFF7AABF10BD00001D
:102360001FB5144603920022009203AAFFF74AFF0A
:10237000039BA34203D00349F620FEF75DFF04B0A0
:1023800010BD00BF945201001FB5144603920122F4
:10239000009203AAFFF736FF039BA34204D0034930
:1023A0004FF48070FEF748FF04B010BD9452010056
:1023B0008268002393608268136182685361826837
:1023C000D3608268536082681360704710B50D490E
:1023D000A1F58C72914201D800200FE08C1AE30F16
:1023E00003EBE4035B1002EBC30452F83330834287
:1023F00005D802D204F10802ECE7606810BD21465E
:10240000E8E700BFC457010008B5FFF7DFFF024B44
:10241000002808BF184608BD9856010000F180400A
:1024200000F5C040002382B0036003680193019B64
:1024300002B07047C208012300F0070003FA00F061
:102440008B5C18438854704710B50368292B0446E9
:1024500004D9074940F2CD10FEF7EEFE23681F2B8A
:1024600083BF03F01F03034823604FF0A04010BD5B
:10247000E64501000003005013B5019001A80C4689
:10248000FFF7E2FF019B00EB8300D0F8003723F455
:102490004033C0F80037D0F8003743EA0443C0F8AF
:1024A000003702B010BD00004FF0A043D3F8103544
:1024B0000360024BD3F810354360704700030050AF
:1024C0002DE9F04F00248BB0CDE90244604D4FF46C
:1024D0008072012102F1804303F5C04390B21B6872
:1024E000012B06D1D5F804330B4202D0FFF796FF3B
:1024F0000C430432B2F5907F4FEA4101EAD1544BCC
:10250000D3F87C31012B08D14FF4BE70FFF786FF62
:1025100002A844F00044FFF7C7FFE3B2D3B14D4F28
:1025200000250126344210D0AB0003F1804303F5AF
:10253000C043D3F81005D3F8101557F8253023B150
:10254000C1F30141C0F3052098470135082D4FEA3A
:102550004606E7D1002C78DA0023CDE904334FF0AA
:10256000FF33CDE90633DFF8ECA03B4B01930026A7
:102570003546019B13F9014B0193631C4FD0C4F303
:10258000C2070122E3B204F03F0B04F0070402FA91
:1025900004F407F128020DEB020717F8101C214282
:1025A0003DD00AEB0B014FEA931991F930105AF81C
:1025B0002180B8F1000F07D1B9F1030F2FD104A981
:1025C0005846FFF737FF02E0B9F1030FF7D008A82C
:1025D000CDF820B0FFF738FF089901F5E07150F809
:1025E000211017F8200C2042C1F3014106D0022926
:1025F00015D1B9F1030F0CD1494605E003290ED1DD
:10260000B9F1030F05D102215846FFF735FF013517
:10261000EDB2B8F1000F02D049465846C047013626
:10262000042EA6D18DB108A8FFF73EFF029B089AA1
:102630009A42099B02D103998B4206D002920393DE
:10264000049A059B069207938FE70BB0BDE8F08FC5
:102650000060004068690020C269002010B5054C88
:1026600023681BB904495120FEF7E6FD2368BDE845
:1026700010401847D0690020CF57010038B50D46EB
:1026800028B90C497720FEF7D7FD002038BD0A4B4A
:102690009842FAD10020FEF795FD084B1C7914B939
:1026A00001221D601A710020FEF79CFD002CECD069
:1026B0001120EBE7CF57010000200040D069002037
:1026C00018B906499B20FEF7B7BD054B984201BFDC
:1026D000044B00221A601A71704700BFCF570100E7
:1026E00000200040D06900200023435082B04358AE
:1026F0000193019B02B0704770B5D0F810310546C8
:102700000C4653B14FF48871FFF7EEFF63795A0717
:1027100003D523680BB101209847D5F814315BB17C
:102720004FF48A712846FFF7DFFF63791B0703D553
:1027300023680BB102209847D5F81C315BB12846BD
:102740004FF48E71FFF7D0FF607910F0100002D1C6
:10275000236803B19847D5F8043163B14FF482710F
:102760002846FFF7C1FF0123237123681BB1BDE891
:1027700070400320184770BD10B50368292B04462C
:1027800004D9074940F2CD10FEF756FD23681F2BF0
:1027900083BF03F01F03034823604FF0A04010BD28
:1027A000E6450100000300502DE9F04F044689B0D2
:1027B00090460D4619B964498020FEF73DFD277902
:1027C000624EFB00019306EBC7031B79002B40F020
:1027D000B88046F8378005F1FF390DF1100805F192
:1027E000030A19F8012FFF2A00F0A68022F0800BBF
:1027F0001306C8F800B0CDF80CB003A840F19480DF
:10280000FFF7BAFF039901228A40C0F8082503A800
:10281000CDF80CB0FFF7B0FF039B03F5E073032284
:1028200040F82320CA4508F10408DAD12368049A45
:10283000C3F86025059AC3F86425069AC3F868258D
:10284000079AC3F86C2523680122C3F80025B5F95F
:102850000830D4F8008095F805B095F806A0B5F8D2
:102860000890002B04DA3A494FF42870FEF7E4FC94
:10287000C8F80CB5C8F804A5C8F8089523686A8993
:10288000C3F8102522680023C2F800322268C2F87B
:10289000003320684FF48E71FFF726FF20684FF455
:1028A0008871FFF721FF20684FF48A71FFF71CFF42
:1028B00020684FF48271FFF717FF56F837305BB38B
:1028C0002D792768072D4FEA173847F3073703D9C3
:1028D00020496B20FEF7B0FC002FAEBF07F160432C
:1028E0001D4B08F00F084FEA4515A8BF03F56143DB
:1028F000EDB2B4BF03F8085083F8005323681A0BF5
:1029000043F30733002B07DB02F01F0101228A404B
:102910005B09124941F82320019B1E4401233371B6
:10292000002009B0BDE8F08FFFF726FF03990122D0
:102930008A40C0F80C256AE74FF0FF33C8F8003032
:1029400070E70820EDE700BF98580100D869002023
:102950003C580100F046010014ED00E000E100E009
:1029600001490248FFF7C8BED869002000C00140F5
:1029700001490248FFF7C0BEE06900200010024094
:1029800000F1804000F5E040002382B0036003685E
:102990000193019B02B07047F0B5524B524CD3F8F3
:1029A000043185B0002B3DD094F82E204FF4827076
:1029B000FFF7E6FF2AB394F82F3013BB494AD2F849
:1029C0000031002B32D04FF48070FFF7D9FF638BBA
:1029D00094F82D00834250D921891B1A9BB289B2E9
:1029E0006383CB1A616801EB4303C2F82C36C2F84B
:1029F00030064FF48270FFF7C3FF3A4B01225A6052
:102A000014E0636802932389ADF80C30E368002179
:102A10008DF8041033BB2374236801A89847002362
:102A200084F82F3094F82E30002BC7D12D4BD3F8DB
:102A300010315BB14FF48870FFF7A2FF00232374BD
:102A400002238DF8043001A823689847254BD3F85A
:102A50001431EBB14FF48A70FFF792FF0023237417
:102A600005B0F0BD208B608363602081E160002AA7
:102A7000D2D11C4B01221A60CEE7BAD1E368012102
:102A800084F82F1013B100216183AEE76383B0E7B0
:102A900066694FF000470125002EE1D0B6FA86F2B4
:102AA00027FA02F34632920026EA030602F1804337
:102AB00003F5E0431B68002BEED01046A2F58C72A4
:102AC000FFF75EFFD30882F00402C2F380028DF8A4
:102AD00008308DF8045023688DF8092001A8984724
:102AE000DAE700BF00700040E869002010B5036815
:102AF000292B044604D9074940F2CD10FEF79CFB70
:102B000023681F2B83BF03F01F03034823604FF08C
:102B1000A04010BDE64501000003005007B501903C
:102B200001A8FFF7E3FF019A01239340C0F80C3599
:102B300003B05DF804FB07B5019001A8FFF7D6FFCD
:102B4000019A01239340C0F8083503B05DF804FBF7
:102B500013B5144BD3F8182112B30022C3F818216F
:102B6000D3F81831104C0193019B236823B90F4906
:102B70004FF42770FEF760FBE07FFF2803D0A37FB0
:102B80005BB1FFF7CBFF002363772372D4E90031F9
:102B9000074802B0BDE810401847FFF7CCFFF2E746
:102BA00002B010BD00300240186A00200759010031
:102BB000206A00202DE9F743002406460F4600F561
:102BC000A0754FF48038A1462B688BB1D6F804333A
:102BD00008FA04F21A420BD0C5F800902B68019352
:102BE000019BA30003F5A07398B2D7E90031984781
:102BF0000134042C05F10405E6D103B0BDE8F083EF
:102C000001490248FFF7D6BF3C6A0020008000401F
:102C100001490248FFF7CEBF486A002000900040FB
:102C20000023435082B043580193019B02B0704788
:102C30000B7B032B2DD8DFE803F025291D028A68C2
:102C4000154B9A4204D1D0F84C350A699A4209D101
:102C50008A6840F202239A421BD1D0F84C354A6967
:102C60009A4216D000230622C0F80035C0F800258D
:102C700018467047D0F84C350A699A42F2D1D0F81C
:102C80003C35ECE7D0F84C350A69E9E7D0F83C353B
:102C9000FAE70120704700BF00020400F0B50B689E
:102CA00087B005460C4623B9484940F28620FEF716
:102CB000C3FAD5F82431B3B14FF492712846FFF727
:102CC000AFFFD5F8043173B9A368C5F80833022300
:102CD000A360A368C5F8043301232B626B6184F8F9
:102CE0002E3007B0F0BDD5F804316BB34FF48271CC
:102CF000284604F10C07FFF793FF0FCF01AE0FC674
:102D00003B68336094F82E303BB921462846FFF7E4
:102D10008FFF80F0010084F82E004FF4B071284638
:102D2000FFF77EFF4FF4AE71FFF77AFF94F8303073
:102D300013B194F82E30CBB10023C5F80032A36054
:102D4000234BC5F8083311E04FF4A4712846FFF770
:102D500067FF237BEBB904F10C070FCF01AE0FC661
:102D60003B68336094F83030002BE6D0D5F8C4349B
:102D7000C5F8C4349A071ED501238DF8003094F8A5
:102D800030300BB984F82F30D4E9003168469847C9
:102D9000A7E74FF40073C5F8003240F20223A360A6
:102DA00003F1CE73C5F80833A368C5F804330123D3
:102DB000AB602B6295E713F0050F01D00223DCE72F
:102DC00094F82E30002BD8D00423D6E77859010090
:102DD00002029C0101490248FFF760BF546A0020CB
:102DE0000030004002494FF04020FFF757BF00BFBE
:102DF000886A00200023435082B043580193019B0E
:102E000002B070470A4610B54FF48E71FFF7F2FF1B
:102E1000136A9168C95C136A01331362C0F81C1508
:102E200010BD08B502464FF492710068FFF7E2FF4B
:102E300010684FF48471FFF7DDFF136801221A60F8
:102E400008BD000010B50368292B044604D90749C2
:102E500040F2CD10FEF7F0F923681F2B83BF03F07B
:102E60001F03034823604FF0A04010BDE64501005A
:102E70000003005007B5019001A8FFF7E3FF019B95
:102E800003F5E073022240F8232003B05DF804FB51
:102E900010B58B690A464FF4847123B9FFF7AAFF76
:102EA000D0F8183510BDFFF7A5FF536AD168D0F8E8
:102EB0001805C854536A01335362F3E71FB5012361
:102EC0008DF80030044BCDE90110D3E900126846BB
:102ED000904705B05DF804FBBC6A002030B54E4D4C
:102EE000D5F804339A0585B051D5D5F82431002B97
:102EF0004DD04FF492712846FFF77CFF4FF40173D9
:102F0000C5F80833454B93F829200AB901226A60B5
:102F1000414902228DF80020D1F88024C1F8802494
:102F200003929A690292DA6801920022C3E90622AA
:102F30006846D3E9001290473748D0F81C315BB19E
:102F4000364A5169136A99424ED992F82830002BBB
:102F50004AD11146FFF756FF2F48D0F84431002BD5
:102F600057D04FF4A271FFF745FF2C4B93F829205F
:102F70000AB1012202609A69002A4AD0586AD968C7
:102F800000229A6105B0BDE83040FFF797BFD5F841
:102F900004335B07D0D5D5F80831002BCCD01F4CBB
:102FA0001D482146FFF774FF636AA2699A42C3D1A4
:102FB000E36953B1A3612369E168E3600023606AB8
:102FC000E3616362FFF77AFFB6E794F829300BB943
:102FD00001236B60104B4FF40172C3F808230023E8
:102FE000606AE168A361EDE70B484FF48E71FFF76B
:102FF00001FF5369002BAFD0516902910023916802
:103000008DF80030019153616846D2E9001398476A
:10301000A2E705B030BD00BF00200040BC6A002020
:103020002DE9F347054691460C4619B96D49AA208A
:10303000FEF702F995F804806B4E2C2303FB08631E
:1030400093F82A30002B40F0C98068492868FFF7C0
:1030500015FB0746002840F0C38023685A1C14D093
:1030600001A80193FFF7EEFE019B012202FA03F390
:10307000C0F808352368019301A8FFF7E3FE019B20
:1030800003F5E073032240F823206368581C09D03D
:1030900001A80193FFF7D6FE019B03F5E073002220
:1030A00040F823202B68A269C3F82425217D637D85
:1030B0002A680B43C2F86C35D4E900122B68C3F8B8
:1030C0001425C3F80C15237D012B2BD1A368591CA3
:1030D00009D001A80193FFF7B5FE019B03F5E0734A
:1030E000002240F82320E3685A1C14D001A8019361
:1030F000FFF7A8FE019B012202FA03F3C0F808358E
:10310000E368019301A8FFF79DFE019B03F5E073BF
:10311000032240F82320D4E902122B68C3F80825C3
:10312000C3F810152C2303FB08F3F218C2F804901F
:103130002269F250B9F1000F3CD0286894F81C9035
:103140002B4A4FF48E71FFF755FE28684FF4A27199
:10315000FFF750FE2B68C3F804232C68B9F1070F62
:103160004FEA143A44F3073403D922496B20FEF79F
:1031700063F8002CAEBF04F160431F4B0AF00F0A46
:103180004FEA4919A8BF03F561435FFA89F9B4BF53
:1031900003F80A9083F800932B681A0B43F3073364
:1031A000002B07DB02F01F0101228A405B09134953
:1031B00041F823202B680422C3F800252C2303FBAD
:1031C00008630022C3E9062283F829205A610122FC
:1031D00083F82A20384602B0BDE8F0870827F9E7CF
:1031E0001127F7E7E3590100BC6A0020DD2E00003B
:1031F00080000200F046010014ED00E000E100E074
:103200002DE9F843036806792A4D0022C3F800250A
:103210002C2303FB065304465B68B3B10368264ABC
:10322000C3F8082303681A0B43F30733002B0CDBA6
:1032300002F01F015B0901228A4020331F4941F837
:103240002320BFF34F8FBFF36F8F23684FF0FF3200
:10325000D3F80C05D3F81495D3F80875D3F8108576
:10326000C3F81425C3F80C2523689042C3F8082539
:10327000C3F8102501D0FFF7FDFDB9F1FF3F02D0E3
:103280004846FFF7F7FDB8F1FF3F02D04046FFF791
:10329000F1FD7B1C02D03846FFF7ECFD2068FFF7FC
:1032A0000FFA2C2303FB0655002385F82A306B60A8
:1032B000BDE8F883BC6A00208402020000E100E05F
:1032C0000279044B2C2101FB02335869003818BFE6
:1032D00001207047BC6A00202DE9F84F344F90F868
:1032E00004802C2303FB0873064693F82A30012B35
:1032F0008946924604D02F494FF48C70FDF79CFF0D
:10330000B9F1000F04D12B4940F21910FDF794FFD9
:10331000BAF1000F04D127494FF48D70FDF78CFFEF
:103320003046FFF7CDFF044600283CD12C2508FB92
:10333000057B4FF48E71CBF814A0CBF80890CBF836
:1033400020008BF828003068FFF754FD3368012215
:103350009A6030685946FFF755FDDBF804305D464A
:103360001BBB3068DBF814402B6A9C4211D83368D1
:10337000D3F81C21002AFBD00122DA6000202C2384
:1033800003FB087700237B61BDE8F88F95F82830B0
:103390003BB9D0F81C31002BF8D05946FFF732FD6D
:1033A000E2E70F20EBE71120EEE72046ECE700BF55
:1033B000BC6A0020E35901002DE9F047494C077928
:1033C0002C2303FB0743064693F82A30012B88463B
:1033D000154604D044494FF4B670FDF72DFFB8F1FF
:1033E000000F04D1404940F26D10FDF725FF25B9CB
:1033F0003D494FF4B770FDF71FFF2C2303FB074334
:103400005A6822B133684FF40171C3F808132C23B2
:1034100003FB0743986950B1D969002942D022B112
:1034200033684FF40172C3F80423112537E09D611E
:10343000C3F80C805862D8612C2303FB074393F830
:1034400029301BB910B93046FFF7EBFC4FF02C08C0
:1034500008FB074A3068DAF80430002B38D14FF403
:10346000A271D046FFF7C6FC3068D0F82491D0F89E
:103470000831D0F84451D3B915B9B9F1000FF3D0E0
:103480002C2303FB07440023A361B9F1000F25D1CE
:1034900035BB94F8291033680122B9B11A60284667
:1034A000BDE8F087C3F81080DD610120C4E7B9F101
:1034B000000FE5D1002DE3D14146FFF7E9FCDAF832
:1034C0002430DAF818209A42CED8D9E75A60E6E7D5
:1034D0004FF40173C0F804330025E0E70325DEE76D
:1034E0000F25DCE7BC6A0020E359010000234350AC
:1034F00082B043580193019B02B070471FB501236E
:10350000CDE901218DF80030D0E9001368469847D5
:1035100005B05DF804FB000010B50368292B0446D4
:1035200004D9074940F2CD10FDF786FE23681F2B12
:1035300083BF03F01F03034823604FF0A04010BD7A
:10354000E64501000003005007B5019001A8FFF710
:10355000E3FF019B03F5E073022240F8232003B050
:103560005DF804FB7FB5D0F8246105460C46002EBB
:103570005CD04FF49271FFF7B9FF02238DF8003051
:10358000D0F88034C0F880340393D0F83C350293EF
:10359000E36801930023C4E906336846D4E90013C5
:1035A0009847D5F844317BB14FF4A2712846FFF714
:1035B0009DFFA36943B10023C4E90633E268D5F84F
:1035C0003C152046FFF79AFFD5F82031ABB14FF4F8
:1035D00090712846FFF78AFF0123EB60636963B1AE
:1035E000D5F84C2502920023A2688DF80030636163
:1035F0000192D4E9001368469847D5F858319BB139
:103600004FF4AC712846FFF771FF636963B1D5F8D9
:103610004C2502920023A2688DF80030636101926C
:10362000D4E900136846984704B070BDD0F8103153
:10363000002BB6D04FF48871FFF758FFD0F83C3517
:10364000A1699942ADD1E369E26873B1D0F8003263
:1036500023F02003C0F80032E369A3612369E3602B
:10366000E6612046FFF74AFF9BE7A361F9E7000008
:1036700001490248FFF776BFE86A002000200040B9
:1036800001490248FFF76EBF0C6B0020008002402A
:103690002DE9F347054691460C4619B97449CF20E8
:1036A000FDF7CAFD95F80480724E242303FB0863DE
:1036B00093F82030002B40F0D6806F4B286853F8E9
:1036C0002810FEF7DBFF0746002840F0CE80236875
:1036D0005A1C13D001A80193FFF71EFF019A012382
:1036E0009340C0F808352368019301A8FFF714FF41
:1036F000019B03F5E073032240F823206368581C04
:1037000009D001A80193FFF707FF019B03F5E073C0
:10371000002240F823202B68A269C3F82425217DCC
:10372000637D2A680B43C2F86C35D4E900122B681C
:10373000C3F80C15C3F81425237D012B2AD1A368E7
:10374000591C09D001A80193FFF7E6FE019B03F580
:10375000E073002240F82320E3685A1C13D001A82C
:103760000193FFF7D9FE019A01239340C0F8083571
:10377000E368019301A8FFF7CFFE019B03F5E07317
:10378000032240F82320D4E902212B68C3F808154E
:10379000C3F81025242303FB08F3F218C2F80490A1
:1037A0002269F250B9F1000F4BD0286894F81C90B0
:1037B000324A4FF48871FFF799FE28684FF49071F0
:1037C000FFF794FE28684FF49271FFF78FFE286888
:1037D0004FF4A271FFF78AFE28684FF4AC71FFF72F
:1037E00085FE2B68C3F804232C68B9F1070F4FEA54
:1037F000143A44F3073403D921496B20FDF71CFD2B
:10380000002CAEBF04F160431E4B0AF00F0A4FEAD2
:103810004919A8BF03F561435FFA89F9B4BF03F8FA
:103820000A9083F800932B681A0B43F30733002B9D
:1038300007DB02F01F0101228A405B09124941F8AF
:1038400023202B680822C3F80025242303FB0866E5
:103850000023C6E906337361012386F82030384619
:1038600002B0BDE8F0870827F9E71127F7E700BFA6
:103870004E5A0100E86A0020BC5A010010034200C1
:10388000F046010014ED00E000E100E02DE9F8430E
:10389000364D0679242303FB065304465B68B3B117
:1038A0000368334AC3F8082303681A0B43F307334A
:1038B000002B0CDB02F01F015B0901228A40203340
:1038C0002C4941F82320BFF34F8FBFF36F8F22683D
:1038D000D2F8003223F02003C2F80032236801221C
:1038E0005A6020684FF4AC71FFF700FE2368DA607D
:1038F0002368D3F85821002AFBD00022C3F8002502
:1039000023684FF0FF32D3F80C05D3F81495D3F8A1
:103910000875D3F81085C3F80C25C3F8142523685F
:103920009042C3F80825C3F8102501D0FFF70CFE1C
:10393000B9F1FF3F02D04846FFF706FEB8F1FF3F5E
:1039400002D04046FFF700FE7B1C02D03846FFF74E
:10395000FBFD2068FEF7B4FE242303FB065500237D
:1039600085F820306B60BDE8F88300BFE86A00206E
:103970001003420000E100E00279044B242101FB26
:1039800002335869003818BF01207047E86A0020E8
:103990002DE9F0473A4F90F804A0242303FB0A7363
:1039A000054693F82030012B8846914604D03549CE
:1039B00040F22D10FDF740FCB8F1000F04D1314961
:1039C0004FF49770FDF738FCB9F1000F04D12D4981
:1039D00040F22F10FDF730FC2B79012B02D8B9F5FE
:1039E000803F04D327494FF49870FDF725FC08F079
:1039F0006043B3F1005F3CD12846FFF7BDFF0446AA
:103A0000002838D1242606FB0A764FF49071C6F8B8
:103A10001490C6F808802868FFF768FD4FF4AC7171
:103A20002868FFF763FD2B687269B168C3F8441515
:103A3000C3F848252B6801229A607368EBB92B689C
:103A4000D3F82021D3F858011AB90028F8D00F2054
:103A500008E00028FBD10122DA602A68D2F8583148
:103A6000002BFBD0242303FB0A7700237B61BDE8F6
:103A7000F0871020FBE71120F9E72046F7E700BFA9
:103A8000E86A00204E5A01002DE9F041494E0579BF
:103A9000242303FB0563044693F82030012B88465A
:103AA000174604D044494FF4C070FDF7C5FBB8F188
:103AB000000F04D1404940F28110FDF7BDFB27B94A
:103AC0003D494FF4C170FDF7B7FB2379012B02D8B4
:103AD000B7F5803F04D3384940F28310FDF7ACFBC3
:103AE00008F06043B3F1005F61D1242303FB056359
:103AF000596821B123684FF40472C3F808232423C2
:103B000003FB05639A6952B1DA69002A3DD021B1FD
:103B100023684FF40472C3F80423112033E09F613B
:103B2000C3F80C80DA6120684FF48871FFF7DEFC7F
:103B300020684FF4A271FFF7D9FC2368C3F83485DD
:103B4000C3F8387523682ABB01221A6025792368D7
:103B5000242202FB056252681ABBD3F81011D3F875
:103B60004421D3F82401114302D10028F5D00A469C
:103B7000242303FB05660023984218BF03209A42C2
:103B8000B36118BF0F20BDE8F081C3F81080DF617A
:103B90000122C8E7D3F8002242F02002C3F8002235
:103BA000D4E74FF40472C3F804230020EBE710209D
:103BB000E9E700BFE86A00204E5A010007B501A8F6
:103BC00001F00CFF20B90190019803B05DF804FBEF
:103BD000019B002BF8D101230193F5E738B504468A
:103BE00001F0F2FD0546204601F0F4FDA54203D0A8
:103BF000BDE8384003F002B938BD01F025BE01F040
:103C00002FBE08B502F0E2FB00F08AFE03F046F991
:103C100001F082FC01F092FD03F0CEF803F022FBEC
:103C200001F08EFD03F0D9F803F09AFC03F0D9F807
:103C300002F000FF02F088FE01F062FE03F0A2FC39
:103C400001F07EFEBDE8084002F0F0BF0123002233
:103C50001146184603F0C6B808B590F8803033B165
:103C6000074B084A4FF4F871074803F09BFD03F037
:103C7000C3F820B9054B034A4FF4FB71F4E708BDC4
:103C8000C45A01005D5B0100DC5A0100BB5C01000D
:103C900001F07ABD01F088BD704770477047084653
:103CA00009B1FFF7D9BF704730B5054685B00C465E
:103CB00061B1CDE90223FFF781FFDDE90223009026
:103CC00021462846FFF7EBFF05B030BD0846F6E772
:103CD0007047704770477047704700F1804000F5AB
:103CE0008050002382B0036003680193019B02B0FF
:103CF00070470000034B186808B190F8800000F08E
:103D000001007047406B002008B5FFF7F3FF08B1D2
:103D1000014B186808BD00BF406B002000BF00BF0A
:103D200000BF00BF00BF00BF70470000134B144A24
:103D3000C3F8482500F1804000F58050C3F84C05D9
:103D400021B102F5FD424832C3F82C290D4AC3F8CF
:103D5000402502F5AF3202F59672C3F8442529B129
:103D6000D3F8002842F08002C3F80028034B8022D9
:103D7000C3F804254022C3F80425704700F0014031
:103D80003C71014010110040074B01221A61D3F829
:103D9000002222F48072C3F8002203F5B0334FF4FE
:103DA0008072C3F80825704700900040034B1B78D1
:103DB0001BB1034B1022C3F808237047396B002056
:103DC0000010004010B5044602F020FEB0F5C07FA0
:103DD0000B4A12D3C009811EB1EBD41F4FEAD41392
:103DE00096BFA4EBC1140024C31E1460054AC3F39C
:103DF0001403C2F86436012010BD14600020FBE7F4
:103E0000346B00200010004013B501A801F034FD10
:103E10009DF805009DF8044001F06AFD9DF807300B
:103E20009DF806201B0643EA0243234343EA002091
:103E3000024BC3F86C0602B010BD00BF001000407A
:103E400008B501F0AFFDBDE80840002002F0F8BD64
:103E500008B5054BD3F8480500F07F0001F033FDAD
:103E6000404240B208BD00BF0010004013B50446F8
:103E7000FFF7EEFF23780190234413F8010C01F0C3
:103E800029FD02B29200FF2A28BFFF220199D2B277
:103E9000204602B0BDE8104002F08FBF13B5084BBA
:103EA00001901C680146204601F0D0FA019928B122
:103EB000204602B0BDE8104002F085BF02B010BD40
:103EC000446B002007B5019001F012FC019802F04C
:103ED00076FF03B05DF804EB01F03CBB07B5019041
:103EE00001F006FC0198FFF7C1FF03B05DF804EB99
:103EF00001F030BB144B4022C3F808258022C3F8E0
:103F000008254FF48072C3F80825104A0121116179
:103F1000D3F8000820F08000C3F800080020C3F8A0
:103F20002C091161D2F8003223F48073C2F80032F8
:103F3000074B1B783BB1074B4FF45052C3F8082393
:103F4000C3F800021961704700F001400090004082
:103F5000396B002000100040134908B54023C1F818
:103F600008358023C1F80835FFF70EFFD1F8003877
:103F700023F08003C1F8003800220C4BC1F82C2933
:103F80001B787BB10A4B0A21C3F808130121C3F83F
:103F900000221961C3F84426BDE808404FF4AE7012
:103FA000FFF79BBE08BD00BF00F00140396B002049
:103FB00000100040104908B54023C1F8083580239F
:103FC000C1F80835FFF7E0FED1F8003823F0800390
:103FD000C1F800380022094BC1F82C291B784BB1DD
:103FE000074B4FF40041C3F80813C3F80022012225
:103FF0009A621A6108BD00BF00F00140396B0020D1
:1040000000100040104908B54023C1F8083580234E
:10401000C1F80835FFF7B8FED1F8003823F0800367
:10402000C1F800380022094BC1F82C291B784BB18C
:10403000074B4FF4C021C3F80813C3F80022012234
:104040001A631A6108BD00BF00F00140396B0020FF
:104050000010004008B50E4B01211961D3F8002271
:1040600022F44072C3F800220A4A1278043A8A42C3
:1040700006D9094B094A0A4840F29E3103F092FBE7
:10408000196120B1074B4FF48072C3F8082508BDB1
:10409000009000403A6B0020D65A01001B5D0100E1
:1040A000785B010000F0014010B5104C4023C4F8CB
:1040B00008358023C4F808350120FFF7CBFFD4F87A
:1040C000003823F08003C4F800380022084BC4F8FD
:1040D0002C291B7843B1074B0749C3F80813C3F8D1
:1040E000002201221A631A6110BD00BF00F00140D6
:1040F000396B002000100040020004080B3808B59E
:10410000C3B20F2B06D9094B094A0A4840F20521D0
:1041100003F048FB00EB800000F66510064B80B210
:10412000A0F51660C3F8080508BD00BFFE5B0100DE
:10413000595D0100785B01000010004008B5084B94
:10414000D3F85035DBB243B9064BFFF7E7FDD3F8A0
:104150003C01003818BF012008BD0120FCE700BF6A
:104160000010004000700140F8B505460F461646A5
:1041700001F056F9044680B14F4B1B78092B00F231
:104180009280DFE803F0050C0F22565660656E77CB
:10419000022F02D0042002F053FC2046F8BDFFF7A6
:1041A00005FEFAE7454B1B785B070BD5002D00F0A9
:1041B0008180FFF79FFE002EEFD0062002F0FFFD6A
:1041C0003446EAE7FFF796FEE7E7002D72D03C4B56
:1041D0004022C3F808258022C3F808254FF48072D6
:1041E000C3F80825374A01211161D3F8000820F0EF
:1041F0008000C3F800080020C3F82C091161D2F830
:10420000003223F48073C2F800322F4B1B7833B195
:104210002E4B2F4AC3F80823C3F800021961002E61
:10422000BBD02C4B1868002380F88030FFF71EFEAF
:10423000C6E7002D3ED0FFF737FF002EADD0062099
:10424000FFF72CFEA9E7002D34D0FFF785FEF4E739
:1042500085B3FFF7AFFE002E9FD0012002F0B7FD1F
:10426000AEE73DB3FFF7CEFE002E96D0012002F060
:10427000B2FDA5E7124B13494022C3F8082580225E
:10428000C3F8082501220A614FF48071C3F80815AC
:104290000D4B1B7803F0FF01002B3FF47EAF0B4B5F
:1042A0000C461A6179E70C4B0C4A0D4840F2BC51A0
:1042B00003F078FA2C4670E73A6B0020386B002048
:1042C00000F0014000900040396B002000100040D9
:1042D00002000008406B0020D65A01002C5D01004E
:1042E000785B0100054B002282B0C3F83C21D3F873
:1042F0003C310193019B02B0704700BF0070014048
:10430000F8B52C4B1B7806460D4617460BB9002016
:10431000F8BD047801F03AFE631C5B0100283ED131
:1043200003F1CE0015B100F1A80398B202F044FBEE
:1043300004460028EBD001F055FA1F4B1F4AC3F882
:104340000C05002D08BF4FF4A012C3F804654FF40C
:10435000B670C3F80022FFF7C0FC1DB34FF4A47081
:10436000FFF7BBFC164A144E4FF48270FFF7B5FC02
:10437000144B197842F002026FF3C3011970C6F8AA
:104380000423FFF7AFFF002D14BF042000200121FC
:10439000FFF7CCFC4FB9012333612046B8E703F2A5
:1043A0002E40BFE74FF00062DDE7FFF7C7FE0028B1
:1043B000F1D0ADE7396B0020001000400038140048
:1043C00000000408386B002038B5144B1B780546F4
:1043D000EBB1AE2002F0F0FAC8B1114C4FF420530B
:1043E000C4F800324FF4A470FFF777FC4FF4A270CA
:1043F000FFF773FC4FF4C023C4F8043301210420F9
:10440000FFF770FFFFF792FC15B90123236138BD58
:10441000FFF794FE0028F8D0F9E700BF396B0020C1
:1044200000100040144938B54023C1F8083518B1D0
:10443000124B5222C3F80022114B124A0F4C012595
:104440001D618023C1F80435137823F0070313702E
:104450004FF49470FFF741FC1823C4F86035FFF760
:1044600041FF40230848C1F8043501F0A3FAFFF7E3
:1044700065FE00B9256138BD00F001400010004024
:1044800000900040386B00203011004038B50446E1
:1044900001F0A8F9084D0021C5F80C050846FFF702
:1044A00021FFFFF743FC14B901232B6138BDFFF74F
:1044B00045FE0028F8D0F9E70010004038B5114B50
:1044C0001B780546C3B1104B1868FFF77BFC98B109
:1044D0000E4C4FF40042C4F800224FF49E70FFF7D8
:1044E000FCFB0121C4F804230420FFF7FBFEFFF7C7
:1044F0001DFC15B90123236138BDFFF71FFE0028FD
:10450000F8D0F9E7396B0020346B00200010004030
:10451000084B0222C3F88020BFF34F8FBFF36F8F89
:10452000C3F88021002283F80123BFF34F8FBFF32C
:104530006F8F704700E100E008B5064B1B7833B180
:1045400002F064FA3B2894BF0020012008BD01203E
:10455000FCE700BF396B002010B501F0C7F8044636
:1045600028B1FFF7E9FF044608B901F05FF82046DB
:1045700010BD000038B5464B1B780546002B7FD098
:10458000444A137823F01703137001F02BF9424AC1
:10459000C2F80C05FFF7AEFB0446002871D0FFF708
:1045A000B3FB3E4BC2F80405C2F800321823C2F830
:1045B00060354FF49A70FFF790FB4FF49470FFF75B
:1045C0008CFB4FF49870FFF788FB354935484FF462
:1045D0005053C2F80433D1F8003243F48073C1F869
:1045E00000320123C1F840358223C1F84435FFF77A
:1045F00079FE2D4B2D4AC3F84825C3F84C0500F52C
:10460000F030C3F82C09C3F85025C3F85415D3F87B
:10461000002842F08002C3F80028254AC3F840254C
:1046200002F5AF3202F59672C3F844258022C3F832
:1046300004254FF48072C3F80425A0F5EF30402222
:10464000C3F80425D43801F0B5F9E5B9124B0122BD
:104650001A61ACB901F062F9164B1860FFF74AFB1A
:1046600070B1FFF751FB0C4B0C4AC3F80405C3F8BB
:104670000022D3F85025D2B2022A04BF01229A6048
:1046800038BD522390E7FFF759FD0028DED0E0E760
:10469000396B0020386B00200010004052000800E9
:1046A000009000400410004000F001403C710140C7
:1046B00010110040406B00202DE9FF410446002806
:1046C00000F0BC8002F0A2F93B2840F20881854E40
:1046D000337803F0FF07002B40F00181824C012565
:1046E0000F233946C4F8FC7F0D22C4F8FC5F6846EE
:1046F000C4F8103503F036FA08238DF800307F2314
:104700008DF808309DF802309DF801208DF8065094
:104710001B0443EA02239DF80320002A18BF4FF42C
:1047200080119DF8042008BF00210B4343EA825307
:104730009DF8072043EA427343F0C0634FF002083C
:1047400043F008038DF80580C4F814359DF80A304D
:104750009DF809209DF80C101B0443EA02239DF8E4
:104760000B20002A14BF4FF080720022002914BFD2
:104770004FF0007100210B43134343F07F03C4F853
:10478000183540F20223C4F85056C4F83435574B5C
:10479000C4F83835FFF738FB554BC4F84476C4F8F5
:1047A000483601F011F8FFF7A9FC524B83F801736A
:1047B000C3F88081D4F8003233B14F4B4F4A40F2F6
:1047C0002C714F4802F0EEFF357001F0DDF84D4BD3
:1047D0001B78092B2DD8DFE803F0822C052C0B1455
:1047E0002C171D23002004B0BDE8F041FFF7C2BE26
:1047F00000220121444B186804B0BDE8F041FFF7E6
:104800007FBD00221146F5E7002004B0BDE8F0416D
:10481000FFF754BE002004B0BDE8F041FFF7D4BD5F
:104820003378002B5BD0002004B0BDE8F041FFF7E7
:104830002DBE364B314A40F25371C2E7294B1A78EC
:104840003AB3187002F0BAF838B1FFF761FE264BA0
:104850000122C3F8FC4FC3F8FC2F01F0A3F800229B
:1048600002210120FFF780FC20B9294B294A40F2A0
:104870007171A6E7234B1A78092A2BD8DFE802F0DA
:1048800009050E1620202009090900221A70FFF7D9
:10489000D7FA04B0BDE8F04102F08CB81E4B1B788B
:1048A0005B07F6D50520FFF70DFBF2E702221A7031
:1048B0001A4B1868002380F88030FFF70FFBE8E7F9
:1048C00002221A7000F014FF0420FFF7E7FA00F04C
:1048D00041FEDEE70D4B0F4A4FF4F36171E704B080
:1048E000BDE8F081396B002000100040211001006C
:1048F000000700FF00E100E01D5C0100655D0100B4
:10490000785B01003A6B0020446B0020D65A01000E
:10491000BB5C0100485D0100386B0020406B00204B
:104920000D4A002313700D4A13700D4BD3F8042564
:1049300022F00302C3F80425D3F8082542F003024D
:10494000C3F80825D3F8102522F00F0242F0040224
:10495000C3F8102501F0CCBD3A6B0020396B002064
:10496000009000402DE9F8430746884615469946D1
:1049700000F0BCFE044600B3124E3378022B06D082
:104980003378032B03D0FFF7D7FD40B900240DB1D6
:104990002046A84700F04AFE2046BDE8F8834A4674
:1049A00041463846FFF7E0FB04460028EED00223DC
:1049B00001203370FFF7DEFDE9E7002DECD0A847BA
:1049C000EAE700BF3A6B00202DE9F7430B9D019108
:1049D0009DF82890804617461E46FFF7BDFD0199B9
:1049E000044638B301224046FFF7BEFB044648B9EF
:1049F00000240DB12046A84700F018FE204603B061
:104A0000BDE8F083DFF83880022388F800300B4BD4
:104A10000122314638461F60FFF772FCB9F1000FE2
:104A200001D00028E4D0002E14BF0423052388F809
:104A30000030DEE7002DE1D0A847DFE7446B00201F
:104A40003A6B002010B50446FFF786FD012184F87B
:104A5000801058B1204B1B7833B1204B1B78022BB0
:104A6000DAB205D0062A1FD000F0E0FD012010BD0B
:104A70001B4AD2F85035DBB2022BF5D1D2F8003206
:104A8000522B06D0174B184A40F62E41174802F019
:104A900089FE174B1C60FFF737F9164BC2F8040567
:104AA000C2F800329160DFE70D4AD2F85035DBB230
:104AB000022BD9D1D2F80032122B04D00E4B0A4A65
:104AC00040F63D41E2E70A4B1C60FFF71DF90B4B36
:104AD000C2F80405E4E700BF396B00203A6B002000
:104AE00000100040435C0100F85C0100785B0100AD
:104AF000406B002052000800675C010012000800B3
:104B000038B5FFF729FD044678B1124D2B781BB15B
:104B100000F05AFEFFF7F2FA0F4B1B78022BDAB2C5
:104B200005D0092A0ED000F081FD204638BD0122B3
:104B300011460020FFF718FB0028F4D00120FFF7F2
:104B400019FDF0E72B78002BEDD0044B01221A6100
:104B5000E9E700BF396B00203A6B002000100040ED
:104B60002DE9F04F8FB000F0E3FCAA4BD3F80423FB
:104B7000920728D5D3F804312BB34FF48270FFF796
:104B8000ACF8A54B1A78052AD3B209D8032B0CD858
:104B900038D0A24BA24A40F68521A24802F002FE7C
:104BA000062BF6D100F07AFC0DE09F4B1C682046E6
:104BB00000F060FC10B12046FFF770F89B4A1378B4
:104BC00043F008031370934ED6F804335F0547D5BE
:104BD000D6F82831002B43D04FF49470FFF77DF8BE
:104BE0008D4B1B78022B40F00A81D6F86075C7F315
:104BF000C707022F8DF8207009D88D4B8D4A4FF4CE
:104C0000FA61CAE78C4B1868FFF746F8DBE7D6F87D
:104C100034312BBB854D2B7813F0010800F0B480A4
:104C20004FF001082B789E071AD4B8F1000F17D067
:104C3000824E3068047801F0A9F9631C5B010028FA
:104C400040F0D48003F1A00001F0B6FE002800F08F
:104C5000D0802B78306843F002032B7000F01CFCEE
:104C60006C4BD3F80423940412D5D3F834317BB1C0
:104C70004FF49A70FFF731F8674B1B78022BDCB2C8
:104C800040F0C2800020FFF7CDFB2046FFF71AF965
:104C9000604BD3F80423D00440F11681D3F83031AF
:104CA000002B00F011815C4E4FF49870FFF715F85F
:104CB0003378022B40F0B3815C4F604C3B78256821
:104CC00043F01003D9073B7040F1BE80206801F02B
:104CD0005DF9002800F0C18000F05EFD002800F0C2
:104CE000BC80206801F00CFC534B1860002800F0D9
:104CF000B480484A5249C2F804054FF4A013C2F8E0
:104D000000324FF4AA70FEF7E8FF4E4BC3F8581577
:104D10004FF40071C3F85C25C3F80415A3F5B03354
:104D20000121D3F84405D964D3F84C15D3F84035A4
:104D3000884205D9984240F2B580994200F2B2808B
:104D4000FEF7ECFFD2F85035DBB2092B00F0AA8059
:104D5000D2F85431002B40F0A580226882F88030D0
:104D6000384A4FF40071C2F80815C2F85835C2F835
:104D70005C35C2F83439FFF7BDF80120FFF7FAFBC4
:104D80002846FFF7ABF89FE0DFF8B09043F004034C
:104D9000D9F800002B7008A900F0EAFF044660B9BA
:104DA0009DF820309F4203D0DB00C6F8603537E71E
:104DB0002B7843F001032B7032E7092810D1FFF75D
:104DC00099F80120FFF7D6FBD9F800305B7803F0A3
:104DD0000703022B3FF426AF2046FFF773F821E7C5
:104DE00000F0CAFC00287FF41BAFE8E703F5307041
:104DF0002AE7FFF77FF8052001F0E1FF30E7074BD6
:104E0000074A40F69A21C8E6044B054A4FF42B6145
:104E1000C3E600BF001000403A6B0020D65A0100E4
:104E2000EC5C0100785B0100446B0020386B0020D3
:104E30008F5C0100D75C01003C6B0020406B0020C0
:104E40004491004000F0014000F096FC002800F082
:104E5000DD803B78DA073FF539AF0120FFF7E2FA52
:104E60006B7803F00703022B00F0BE80236800225A
:104E700083F8802000F052FD2060FEF73BFF002801
:104E80003FF47EAFFEF740FFB94BBA4AC3F80405C2
:104E9000C3F80022D3F85025D2B2022A04BF01225F
:104EA0009A606DE7B24A032333704FF45053C2F84F
:104EB00008334FF4B670FEF710FF4FF48270FEF720
:104EC0000CFFAD4BC2F80433A94CD4F804331B01DA
:104ED00040F11081D4F86C31002B00F00B81A74E0B
:104EE000A74F4FF4B670FEF7F8FE3278032AD3B21C
:104EF00000F09A80043B012B00F273813B781F077E
:104F000040F1F8809F4F386801F040F805460028CE
:104F100000F05081FEF7EEFE9B4A9C4B051E08BF39
:104F200012234FF04001C2F80815C4F8003203D034
:104F3000FEF7EAFEC4F804054FF48670FEF7CDFED6
:104F4000934BC4F808334FF48270FEF7C6FE0A2371
:104F5000C4F804330020FFF77DF88B498D4BC1F86E
:104F60004835A3F5B033A3F59C73C1F84C3503F570
:104F7000F033C1F82C39FFF7B5F98023C1F80435B7
:104F80004023C1F8043506233370FFF7D7F808B97A
:104F900001232361ADB900F0C1FC7F4B1860FEF71F
:104FA000A9FE70B1FEF7B0FE714B784AC3F8040554
:104FB000C3F80022D3F85025D2B2022A04BF01223E
:104FC0009A603A68937803F03003202B00F09280C7
:104FD0004FF4AE70FEF781FED378654A1B0643F4AA
:104FE0000073C2F8443685E000F0C6FB00287FF469
:104FF0003DAF5F4B5F4AC3F80022D3F85025D2B2D1
:10500000022A7FF461AF01229A605DE7FEF772FF2A
:105010000120FFF7AFFA0420FEF754FF54E75F4B7F
:105020005F4A40F6C421B8E557495E4ADFF8689107
:105030004FF0400B4FF0010A5223D9F80080C1F81D
:1050400008B5C2F810A0C4F800321823C4F86035BF
:10505000494BC4F808334FF49A70FEF73EFE4FF404
:105060009470FEF73AFE4FF49870FEF736FE4FF458
:105070005053C4F804334FF40073C2F810A0002555
:10508000C1F808358023C1F85855C1F85C55C1F8FE
:105090003459C1F80435FFF725F94348C1F804B580
:1050A00000F088FCFFF74AF808B9C4F810A0D9F856
:1050B000003083F8805000F031FCC9F80000FEF7A2
:1050C00019FE70B1FEF720FE294B2A4AC3F80405E9
:1050D000C3F80022D3F85025D2B2022A04BF01221D
:1050E0009A60022333703B7823F007033B704046FD
:1050F000FEF7F4FE1E4AD2F804331D0740F1B880D3
:10510000D2F80C31002B00F0B3801C4E4FF48670A7
:10511000FEF7E3FD3378062B40F02D811E4FD2F8C9
:105120005C313D681BB1D2F80034DC0773D4154BF9
:105130001868837803F03003202B69D1AB7803F033
:105140003003202B64D16B7803F00703022B5FD16F
:10515000074BD3F8004414F001045AD002A900F020
:10516000B3FF002842D1114B114A4FF4206114E5DE
:105170000010004052000800020000083A6B0020B6
:10518000386B0020446B002000F001401200080042
:10519000020004083C710140406B0020D65A010017
:1051A000EC5C01000090004030110040B55C010053
:1051B000C25C0100FEF778FF022301203370FFF785
:1051C000D9F93868009000F093FA009800F03CF9A3
:1051D00000982B462A46294601F0F3FD00F0BAF963
:1051E00088E7884B884A40F6DC21D6E408A928469F
:1051F00000F06AFF60B1059850B1099941B19DF87E
:105200001D309DF834209A4202D102F063FB10B1A8
:105210000024254604E03D68002385F88030012401
:10522000FEF79AFE022701203770FFF7A3F9002C42
:1052300000F09B80FEF70CFE2B7801902B4413F8B6
:10524000010C00F047FB714B04B218680090BC40A1
:1052500000F04EFA009800F0F7F8FF2C28BFFF246A
:10526000019A0098E3B2294601F0ABFD00F072F913
:10527000674BD3F80423D00610D5D3F810316BB1A7
:1052800064494FF48870FEF728FD0B78012B77D125
:10529000FEF78CFD00230B70FEF7D2FD5C4BD3F8BC
:1052A0000423910318D5D3F84431ABB14FF4A27065
:1052B000FEF713FD57480378082B66D1FEF7A2FED0
:1052C000022303700120FFF755F900F011FA0120C5
:1052D00001F07FFD00F03EF94D4BD3F8042352035B
:1052E0001CD5D3F84831CBB14A4C4FF4A470FEF72B
:1052F000F4FC2278052AD3B24FF002054AD8032BDA
:105300004AD9FEF7D1FE01202570FFF733F900F0EE
:10531000EFF90120FEF7C2FD00F01CF93C4CD4F877
:1053200004331B041CD5D4F83C31CBB1394E4FF4B7
:105330009E70FEF7D2FC3378072B5DD1364DD4F842
:1053400068362A78DBB2934238BF13462B70334B52
:105350001868002835D0FEF735FD78B30123636265
:105360000FB0BDE8F04F00F061B900F0C1F9384668
:10537000FEF794FD7AE7234B234A40F6EF210CE435
:10538000204B214A40F6023107E41E4B1E4A40F6EC
:10539000153102E4082B05D01A4B1B4A40F62D317B
:1053A000FFF7FBBB0120FEF72DFE2570FFF7E2F8AB
:1053B00000F09EF9002001F00CFDADE7FEF7E4FCE3
:1053C000CEE700F001FAFEF799FEFEF7F3FD0120AB
:1053D00002233370FFF7CEF8287800F082FA00B28B
:1053E000840000F085F9FF2C28BFFF24E0B201F013
:1053F000ECFC00F0AFF8B3E7024B034A4FF4346122
:10540000FFF7CBBBD65A0100EC5C0100446B0020D7
:10541000001000403A6B0020306B0020346B0020FD
:10542000F8B5084E05460F46002456F8043B33B144
:1054300039462846984718B10134042CF5D101208B
:10544000F8BD00BF785D010000F012BFF8B5084E4E
:1054500005460F46002456F8043B33B1394628462A
:10546000984718B10134032CF5D10120F8BD00BFD5
:10547000885D010070B5074E0546002456F8043BD0
:105480002BB12846984718B10134032CF6D10120DE
:1054900070BD00BF945D010000F054BC00F004BF7B
:1054A00008B5174AD2E84F3FDBB2FF2B05D1154BA9
:1054B000154A16487B2102F075F90133DBB2C2E8C8
:1054C000413F0029EED101F0DFFA01F00BFF01218D
:1054D000084601F081FA38B10D4B0222C3F8802052
:1054E000BFF34F8FBFF36F8FBFF34F8FBFF36F8F3C
:1054F000084A13780133DBB21370012008BD00BFE6
:105500004B6B0020A05D01003A600100B05D01001E
:1055100000E100E0496B0020034B00221A70034BAE
:10552000FF221A70704700BF4B6B00204A6B0020AF
:1055300008B5FFF7B5FF28B9034B044A0448E52135
:1055400002F030F908BD00BF425E01000D600100AD
:10555000B05D010008B50B4B1A78120606D50A4B50
:105560000A4A4FF480710A4802F01CF9094A12787D
:1055700022B9094B054A40F20111F4E7FF221A70E3
:1055800008BD00BF4A6B00205B5E0100A45F010004
:10559000B05D01004B6B00208B5E010008B5124925
:1055A0004A68C2F30803E3B112F4F87F06D10F4B47
:1055B0000F4A104840F2171102F0F4F8103BDAB22B
:1055C0005BB2002BB5BF02F00F0303F16043043B55
:1055D00003F56143B6BF5B1893F80003187E4009DA
:1055E00008BD4FF0FF30FBE700ED00E0B25E0100C8
:1055F0006D5F0100B05D010008B50A4B1B781BB957
:10560000BDE80840FFF74CBFFFF7C8FF431C064B3F
:105610001B7808BF7F205BB240B29842F0D00020D8
:1056200008BD00BF4B6B00204A6B00202DE9F04104
:10563000244D2B7803F0FF046BB1DFF8AC80224ED1
:1056400098F80070012CFFB21AD133784BB11F4B80
:105650001F4A9E2102E01F4B1D4A95211E4802F061
:10566000A1F8347001F012FA2146204601F0B4F995
:1056700010B11A4B02221A6001F048FE0023337069
:10568000631EDBB2D5E84F2FD2B2944203D0144B45
:105690000F4AAC21E2E7C5E8423F002AF2D1012CD3
:1056A0000ED101F003FA18B998F800309F4207D0E4
:1056B000FFF7A2FF0028C3D10A4B054AB921CDE765
:1056C000BDE8F0814B6B0020486B0020EC5E0100D0
:1056D000F75F0100E45E0100B05D010000E100E061
:1056E000FF5E0100BB5C0100496B0020FFF784BF37
:1056F00010B50C4C2378FF2B05D00B4B0B4AF62131
:105700000B4802F04FF80B4B1B781BB90A4B074AAA
:10571000F821F5E7FFF742FF431C08BF7F2040B2A6
:10572000207010BD4A6B0020115F0100CD5F0100A9
:10573000B05D01004B6B00208B5E010070470000E4
:1057400010B50C4C5A230222FF21601C637402F036
:1057500009FAFE23E3700822FF230021601D237154
:1057600002F000FA002363731423A373E37302238C
:10577000237410BD4C6B0020024B587C00F00100DC
:10578000704700BF4C6B0020024B5A7C60F3000254
:105790005A7470474C6B0020024B587CC0F3400099
:1057A000704700BF4C6B0020024B5A7C60F34102F3
:1057B0005A7470474C6B0020024B587CC0F3800039
:1057C000704700BF4C6B0020014B587CC0087047ED
:1057D0004C6B0020024B5A7C60F3C7025A7470472E
:1057E0004C6B0020F0B5144B587C93F9001085B039
:1057F000C00800F0AFF9114B6A46044603F10807F0
:10580000154618685968164603C60833BB42324627
:10581000F7D118689B883060072CB38009DC2B46D1
:10582000002213F8010B41B28C4203DD01320E2A33
:10583000F7D1082005B0F0BD4C6B0020516001008D
:10584000004870474D6B002001460222014802F0DB
:1058500073B800BF4D6B002000487047516B0020AB
:1058600001460822014802F067B800BF516B0020D2
:10587000004870474F6B00200149042202F05CB8D9
:10588000596B002008B501F07EFE10F11D0F0FDBF3
:1058900010F1090F0EDB0A280EDD1E280EDD32285E
:1058A0000EDD4728B4BF6FF001006FF0020008BDA5
:1058B0000320FCE70220FAE70120F8E70020F6E7E2
:1058C0004FF0FF30F3E710B50446FFF7DBFF20444D
:1058D000C0B210BD10B50446FFF7D4FF201AC0B205
:1058E00010BD10B50446FFF7CDFF201AC0B210BDA1
:1058F00010B50446FFF7C6FF201AC0B210BD000065
:10590000054A002301210133102B82F8801002F197
:105910008102F8D1704700BF5E6B0020074A002368
:10592000114692F8800018B103EBC313C8187047F2
:105930000133102B02F18102F3D170475E6B00201E
:105940000E4A002310B513600D4A137001F0FFFAE0
:1059500001F0A2FD044601F01BFB0A4B4FF400527C
:10596000C3F87845C3F87C05C3F80425D3F80428A8
:1059700042F48042C3F8042810BD00BF70730020B9
:105980007473002000F0014008B5054B00221A7026
:1059900001F0DEFA01F000FBBDE8084001F028BD8F
:1059A0008073002008B501F0EDFABDE8084001F071
:1059B00065BD000010B5044601F01CFB054B064A0E
:1059C000C3F88045C3F88405C3F8482901229A60CA
:1059D00010BD00BF00F001400CF001402DE9F04186
:1059E000064628B9244B254A2548992101F0DAFEBC
:1059F000244B1B7803F0FF0883B3234F01F0FEFA1A
:105A00007B68C51A214B187820B3214B1968CB1736
:105A100011F58002A5FB010C05FB03CC43F100034B
:105A200011F5800FACBF00210121B1EBDC7F4FEA03
:105A3000D37416D0A41843F10001640844EAC17479
:105A400064424FEA610161EB410120184CEB010116
:105A500008F08EFF3B681D44281A30604046BDE8C0
:105A6000F081A41843F10001640844EAC1742018CD
:105A70004CEB6101ECE700BF5F60010000610100D9
:105A8000736001008073002078730020747300201D
:105A900070730020F7B501A801F08EFA00284CD0F1
:105AA000284E294C294D01F0FBFC3378009013B3AC
:105AB0002268019FC2F500113A4467680144D21B75
:105AC000101A4FEAD1524FEA91534BBF801A8018F7
:105AD00090FBF3F0B0FBF3F02B781D495BB30B6840
:105AE000C3EBC3031B1821D51A1F00D5DA1CD21033
:105AF0000A6001232B7000233370BFF35F8F02AB6A
:105B000013E9030084E80300BFF35F8F01233370C0
:105B100001F042FA2B782068002B14BF4FF08071FF
:105B20004FF4800101F094FC03B0F0BD1A1D48BF92
:105B300003F10B02DBE70860DBE701F02DFA01F06F
:105B400057FCF1E780730020787300207473002005
:105B5000707300200846704770B501F011FD0C4BC2
:105B60000C4D1C780123A340013B184000260A4B32
:105B7000AB60C4B2EE6001F06BF828604FF4A07027
:105B800044436C6031462846BDE8704001F06CB873
:105B90008173002084730020D95B000010B50B4A8C
:105BA0000B4913780133DBB213700A78042A9CBFC7
:105BB00001320A70032B4FF0000403D8FFF7CCFF2B
:105BC000204610BD034B01201C70FAE783730020B0
:105BD000817300208273002013B50B4C23788BB1A6
:105BE0000A4B0B4A01930020009012680123032105
:105BF00001F0FAF830B9237823B102B0BDE81040C3
:105C0000FFF7CCBF02B010BD82730020155C00000E
:105C10009873002040B9054B1B78022B04D9044B24
:105C20000121186801F0CFB8704700BF83730020CE
:105C300098730020012910B507D8074C38B10748E0
:105C4000002101F075F800232370012002E0207884
:105C500080F0010010BD00BF82730020847300201B
:105C6000054B1B68834204D1044B1B780BB1FFF733
:105C700095BF0120704700BF9873002082730020F9
:105C800008B5094B1B6883420BD1084801F05AF84C
:105C900028B1074B074A0848F92101F083FD074B5B
:105CA0001870012008BD00BF987300208473002085
:105CB000D3610100006201003D6101008273002098
:105CC00013B50C4A531CD3E84F3FDBB28DF80730B5
:105CD0009DF80730834204D0BFF32F8F002002B01D
:105CE00010BD541CC4E8431F002BEBD1BFF35F8FE2
:105CF0000120F4E79C730020052910B5034615D058
:105D00000C4C6278022AD0B210D18BB10021FFF77F
:105D1000D7FF10B10A2001F052F8637833B1064B77
:105D2000064A07484FF4027101F03CFD012010BD06
:105D30001846FCE79C73002029630100676301009B
:105D40005162010038B5084B5B78022B044609D13B
:105D500000F07EFF054D2378286020462B7100F06F
:105D600015F9687138BD00BF9C730020A073002036
:105D7000F0B50C784278032C89B006460D4602F047
:105D8000070736D10378053B7A2B00F288808378A9
:105D9000052F03F030010BD020D812F0040201D0FF
:105DA000012423E03029FBD0102903D0202917D06B
:105DB0000029F5D103F00C03082B0ED00C2B0BD0CF
:105DC000002BEDD1FFF7F8FC00B97FB996F902304E
:105DD000002BE5DA062300E00E232B70002405E0FB
:105DE000144600F0F4F8FF28DAD02870204609B0F5
:105DF000F0BD02A900F068F90028D1D0029CECB1F6
:105E0000FFF71EFD02220146204601F063FDA8B106
:105E1000244B02221D88ADF8045001A9204601F050
:105E200059FD58B147B9FFF70BFD02226946ADF89D
:105E3000005001F04FFD08B10324D7E79DF81C4046
:105E4000022C09D0082C1DD014BBFFF7B5FC00288C
:105E5000C4D1002FC2D0EFE7039DFFF709FD224612
:105E60000146284601F036FD0028B7D00D4B1B88AF
:105E7000ADF80430224601A9284601F02BFD002888
:105E8000DAD1ABE7039DFFF7E7FC22460146F3E7D3
:105E9000054B064A06484FF4D97101F083FC0924EA
:105EA000A4E700BF19640100D65A01001B64010079
:105EB00084630100837803F030021F2A05D913F0B0
:105EC000010F0CBF04200320704704207047807826
:105ED00000F0C000802807D0C02807D0003818BFC5
:105EE00001204042C0B2704702207047082070472E
:105EF0008378024A03F00C03D05C70472A640100E7
:105F000082784378900602F00C0103D4081E18BF73
:105F1000012070470C29C3F3801002F0C00204D1A5
:105F2000C02A08D180F001007047002AEED1002974
:105F3000F8D1C0B27047002AE8D1F3E783784278FD
:105F40009906C2F3801203F0C00003D448B182F076
:105F50000100704703F00C030C2BF7D1C028F5D1DA
:105F600000207047807800F0C000A0F1C0035842C4
:105F700058417047807800F0C000A0F1800358427B
:105F800058417047807800F0010070474078C0F3B6
:105F90004010704710B50446FFF7B2FF20B120460D
:105FA000BDE81040FFF786BF10BD10B5837813F031
:105FB0000C03044609D0FFF7EDFF20B92046BDE8E9
:105FC0001040FFF777BF0230C3B2184610BD38B596
:105FD0000146FFF76FFF05460846FFF789FFFF28D8
:105FE000044607D00846FFF78BFF08B10235EDB233
:105FF0002C44E4B2204638BD38B50546FFF7CAFF49
:1060000004462846FFF79AFFA0B12846FFF7CDFFC8
:1060100001462846FFF76CFF21B1FF2801D00B187D
:10602000D8B238BD0CB1A31CFAE72846BDE8384009
:10603000FFF740BF2846FFF763FF002814BF204644
:106040000020EEE738B5847814F0C00405460AD085
:10605000FFF7D2FF04462846FFF770FF28B1FF2C58
:1060600001D00234E4B2204638BD2846FFF79DFF38
:1060700001462846FFF73CFF044619B1FF28F2D03D
:106080000C44EFE72846FFF785FF10B10230C4B299
:10609000E9E72846BDE83840FFF70CBF38B50446AD
:1060A0000D46FFF7CFFF431EDBB2FD2B09D8A378C7
:1060B00003F0C003A3F1C0025342534120442B70AC
:1060C00038BD00231846FAE72DE9F0410646FFF7F0
:1060D000F1FE044630460D46FFF712FF07463046F4
:1060E000FFF72CFF8046A7B131190234E4B22960D2
:1060F000B37813F00C030ED033196B603046FFF702
:10610000F7FE0444FF282875E4B206D10020BDE85C
:10611000F0813946EBE76B602B75B8F1000F1CD0AE
:1061200033190234AB60E4B2B37813F0C00319D072
:106130003319EB603046FFF7CAFE0444FF28687548
:10614000E4B2E3D0AC757378C3F3C0001B074BBF58
:10615000A41928612C610120D9E7002F08BF394616
:10616000A960E1E7EB606B75ECE70000034B0021F1
:106170001970BFF35F8F024800F0DABDA8730020EA
:10618000AC73002020B1034B0521186800F01BBE42
:10619000704700BFC073002010B5104C237843B186
:1061A0000F4A00230421012000F01CFE10B100233F
:1061B000237010BD0B480C4A436803F5FA739342F1
:1061C000436005D9094B0A4A0A485E2101F0EAFA00
:1061D000BDE81040012100F047BD00BFA8730020BA
:1061E00085610000AC73002040420F00376401005D
:1061F000B86501005564010038B50E4C0E4D0F4BCB
:10620000A3600023E360286000F022FD2B6820607B
:106210001A780B4B1B6803EB421303F5C07301257F
:106220006360084B204629461D7000F01DFD28467E
:1062300038BD00BFAC730020C0730020996100001E
:1062400030000020A873002010B5084B1B7803F025
:10625000FF0433B1042902D028B1FFF787FF20469D
:1062600010BD0124FBE70446F9E700BFA873002036
:1062700008B5084B1B68834208D0074B1B782BB12D
:10628000064B074A0748A32101F08CFABDE80840F5
:10629000FFF76CBFC0730020A8730020F7640100F3
:1062A000906501005564010008B5064B1B782BB9B9
:1062B000054B064A0648AA2101F074FABDE80840D9
:1062C000FFF754BFA8730020296501006565010030
:1062D0005564010008B5084B1B68834208D0074B82
:1062E0001B782BB1064B074A0748B22101F05AFA36
:1062F000FFF73CFF012008BDC0730020A8730020F9
:10630000F76401003F650100556401002DE9F84381
:10631000894642B1012A0CD0274B284A28484FF41D
:106320009C7101F03FFA274A83BB976E0224013229
:106330002FE0254AD3BBD2F818710B2429E0ACEB2F
:10634000060506EB6505AF4228D905FB04FE02EB06
:106350000E0883B152F80EE001688E4511D813D3B0
:10636000D8F804E0416871450BD30DD8C9F8005046
:106370000120BDE8F883B0F8008032F80EE0F04567
:10638000F2E705F1FF3C07E06E1C05E0D76E08243C
:1063900015320025BC462E46B445D0DA6B1CB342FC
:1063A00008BF3546C9F800500020E2E7D2F81C715A
:1063B00011246E32EDE700BFD65A01009F6601003E
:1063C000CC650100E4740020C473002010B5094CB2
:1063D00070220021204601F0C5FB4FF49072064860
:1063E000002101F0BFFB01232370044B00221A702F
:1063F00010BD00BFE4740020C47300205475002059
:1064000030B5234B1D78012D89B0044614D0022DE0
:1064100015D0002D34D101A9FFF740FE1D4B1B788C
:106420006BB130B19DF804302A4602A9FFF76EFF28
:106430000346184609B030BD164B1B780BB9012333
:10644000F7E702A94578FFF73FFE0028F7D005F0EF
:106450000705032D12D19DF81E30E35C042B0DD1EE
:106460009DF81D30022BEAD100231A46059801A998
:10647000FFF74CFF80F00100C3B2DAE70023D8E752
:10648000054B064A064840F2C22101F08BF900BFD5
:1064900054750020E4740020D65A01007166010092
:1064A000CC65010073B50E461546044680B10B4617
:1064B000012201A9FFF72AFFA0B101980B4C56B1A8
:1064C00000EB00102318763093F87E302B700444D4
:1064D000204602B070BD0B235843231802309B7A2C
:1064E0002B70F4E728700446F2E700BFC473002065
:1064F00008B500F023F9BDE8084000F025B8000019
:1065000008B542789206034605D40C4B0C4A0D4858
:106510004F2101F047F9827802F03002102A02D0B0
:10652000202A05D042B91846BDE8084000F01AB943
:10653000BDE8084000F00AB8002008BDAF660100C1
:106540006D670100DD66010070470000F0B58FB097
:1065500002A90546FFF7B8FD002800F093809DF8DA
:106560001D106D4CA1F10800414241410DF107029F
:106570000598FFF797FF032206460021204601F009
:10658000F1FA637843F0020363706A7802F008025C
:10659000134328466370FFF733FF18B1637843F065
:1065A000100363706B785B0648BF6378284644BF6E
:1065B00043F040036370FFF7E5FC18B1A37843F0A4
:1065C0000103A3701EB1A37843F00203A370284611
:1065D000FFF7C8FC90B1A37843F00C03A370A37835
:1065E0004D4843F0200308A9A370FFF76DFD70B973
:1065F0004A4B4B4A9A214B4801F0D4F82846FFF702
:10660000B9FC0028EBD0A37843F00803E6E79DF837
:106610003630284601332370FFF7B4FC08B9EB7815
:10662000E370089B53B1049921B9029911B9FFF79E
:1066300007F901460898022201F07EF9059989B10F
:10664000099818B9384B394ABF21D4E79DF81D3055
:106650009DF834209A4203D0354B344AC021CAE712
:1066600001F06AF90C9B7BB99DF83650601946B170
:106670009DF8075031462A4601F05EF9227815440C
:10668000257025480FB0F0BD069A1AB9294B2A4A41
:10669000D221B0E712781A7021784B1C23700C9B22
:1066A0001A7812F0200204BF053121700699FAB160
:1066B00001315D1C1B7803F01803102B1BD0182B25
:1066C0001BD0082B1BD101273A46284601F034F98C
:1066D00023783B4423700C9B1B7803F00703013B9A
:1066E000062B11D8DFE803F00D1215100D1215005E
:1066F00005315D1DDEE70527E6E70927E4E700270A
:10670000E9E7237804332370E819B0E723780833E6
:10671000F9E723781033F6E7557500208D670100FF
:10672000D36801009B67010049680100C36801004C
:106730006368010092680100AE68010007B5074B6D
:10674000186800909B880648ADF804300622694618
:1067500001F0F2F803B05DF804FB00BFE56801004A
:10676000D575002010B5064CC378E370FFF748FEDE
:10677000002814BF122302236370204610BD00BFFF
:10678000D575002008B5084B1B7803B959B9074BDC
:106790001A5C8A4206D129B1054B064A0648B9213E
:1067A00001F000F8195408BD25760020DB750020A3
:1067B000EB680100CF690100286901002DE9F04F65
:1067C000394EDFF8E88085B00123D6E84F5F15F039
:1067D000FF0509D0BFF32F8F344A13780133DBB2A2
:1067E000137005B0BDE8F08FC6E8443F002CECD133
:1067F000BFF35F8FDFF8C09098F80030DFF8BCA0DF
:106800005FFA83FB99F80030019300F021FA074604
:10681000DAF80410DAF808300391029300F01AFA5B
:106820009AF800200399AA4209D9214A029B121A18
:106830001A44384600F010FA08B99AF80050012CB2
:106840000AF1200A26D11B4B1978019B8D4238BFD3
:106850000D46AB4215D089F80050EDB900F0BEFAF4
:1068600029462846FFF78EFF00F0E8FA2946204621
:10687000FFF788FF284600F069FB29460220FFF752
:1068800081FFBFF35F8F0023337098F800305B45C2
:106890009AD1A6E70124BBE700F0A2FA00F014FBAE
:1068A00000F0B4FAE6E700BF23760020247600204B
:1068B00020FEFFFFDE75002025760020E075002019
:1068C00070B51D4D1D4E0122D5E84F3FDBB23BB1E7
:1068D000BFF32F8F194A13780133DBB2137070BDE9
:1068E000C5E8432F002BEFD1BFF35F8F144B3478F3
:1068F0001A78032A98BF18785A788CBF0420C0B23F
:10690000904288BF58789A7888BFC0B2824238BF18
:1069100098780C4B1A7838BFC0B28242E4B202D0E9
:10692000187000F08FF8BFF35F8F00232B7033785F
:10693000A342C8D1D3E700BF2176002022760020F1
:10694000DB7500202076002008B500F059FA00F031
:10695000FCFA0A4A00231370094A1370094A13709B
:10696000094A1370094A1370094A137082F82030DB
:10697000084A13705370937008BD00BF2176002041
:106980002376002020760020DE750020257600206A
:10699000E0750020DB75002008B5054B1870BFF3CB
:1069A0005F8FFFF70BFFBDE80840FFF789BF00BF0F
:1069B000DE75002000F058BA00F058BA054B1A787E
:1069C00032B95A7822B99878003818BF0120704738
:1069D00001207047DB750020022808B506D9074B57
:1069E000074A084840F20E2100F0DCFE064B185C16
:1069F000884234BF0020012008BD00BF9969010012
:106A0000AE69010028690100DB75002000F042BA80
:106A100008B504210120FFF7B5FEBDE80840FFF7E7
:106A20004FBF08B504210020FFF7ACFEBDE80840C9
:106A3000FFF746BF014BFF221A70704726760020F1
:106A4000FFF7AABF13B50446FEF750FE0D4B50B139
:106A50001A78FF2A07D12046FDF72EFE02B0BDE8C6
:106A60001040FEF7E3BDD3E84F2FD2B28DF80720D8
:106A70009DF80720C3E8424F002AF4D10028EDD149
:106A800002B010BD2676002070470000064AFF23A2
:106A9000D2E84F0FC2E8413F0029F9D1C0B2FF2828
:106AA00001D0FDF709BE704726760020024B18780A
:106AB000FF3818BF012070472676002082B00122DF
:106AC000D0E84F3FDBB28DF807309DF8073023B197
:106AD000BFF32F8F002002B07047C0E8432F002B78
:106AE000EED1BFF35F8F0120F5E70000094A82B0C5
:106AF000D2E84F3FDBB28DF807309DF80730013305
:106B0000DBB2C2E8413F0029F2D1BFF35F8F02B090
:106B1000704700BF28760020F8B50E4E0E4F35782E
:106B20000E483C68EDB2FFF7C9FF38B154B900F028
:106B300051FCBFF35F8F094B00221A703378AB42D0
:106B4000EDD1F8BD3B6820686168A342F1D100F047
:106B5000F1FBEEE7287600202C7600202976002035
:106B60002DE9F3410F4688B12A49DFF8BCC04FF048
:106B700000080A78CDF80480D2B2634653E8004F8B
:106B800054B1A04208D004F11003F7E7224B234A86
:106B9000BD21234800F006FE0D78AA42E9D1A042AB
:106BA00015D102690192DCF8002082421FD1019ABE
:106BB000002A15BF0025012501260026019A43E879
:106BC000002EBEF1000FD4D1FFF790FF03E0BFF31A
:106BD0002F8F00252E46A4B104F1100353E8003F87
:106BE0009C4207D10F4B0D4A4FF48871D1E7002525
:106BF0002E46E3E704F1100141E80032002AEBD110
:106C0000012407B13C70002E14BF3046284602B064
:106C1000BDE8F08128760020E6690100CC6A010019
:106C2000F6690100796A01002C760020044A0023ED
:106C30001360044A1370044A1370044A13707047B7
:106C40002C76002029760020277600202876002048
:106C500000F06ABB00F06CBB101A08440028D4BFD7
:106C60000020012070470000F8B5044630B9284BD9
:106C7000284A4FF4AA71284800F094FD836823B98C
:106C8000264B244A40F25511F5E729B100F050FB9C
:106C90006368013B0344636000212046FFF760FF07
:106CA00008B1FFF739FF1E4E1E4D30782946C0B29D
:106CB00051E8003F9C4204D11B4B164A4FF4B87177
:106CC000D9E75BB1D4E900273A441F68D21B5F685B
:106CD000D21B002A02DB03F11001E9E7327882427D
:106CE000E3D1A34204D1114B0A4A40F28911C2E711
:106CF000236141E80043002BD7D1FFF7F7FE2B6853
:106D0000A34203D1BDE8F840FFF706BFF8BD00BFBE
:106D1000E6690100D96A0100F66901008F6A010085
:106D2000287600202C760020A96A0100BA6A0100AA
:106D300008B5FFF715FF18B1BDE80840FFF7ECBE36
:106D400008BD000030B5094B09491D680A782B467B
:106D5000D2B223B90C789442F8D1184630BD8342A0
:106D600001D01B69F5E70123F4E700BF2C76002072
:106D70002876002037B50E48FFF7A0FE98B10D4BDE
:106D8000186858B10DF10701D0E90245FFF7E8FE98
:106D90009DF8073013B10CB12846A047BFF35F8FB1
:106DA000034B00221A7003B0BDE83040FFF7B4BEB9
:106DB000277600202C7600207047F9F7A1BBFCF75E
:106DC0006CBFFCF771BFFCF783BFFCF782BFFCF719
:106DD00081BFFCF780BFFCF77FBF704700F082B82F
:106DE00070477047FDF7BEBD10B49DF80440019494
:106DF0005DF8044BFDF7E8BDFDF724BEFDF780BE4E
:106E0000014B00221A7070473076002008B5074BFE
:106E10001A782AB1064B074A07483B2100F0C2FC0A
:106E200001221A70BDE80840FFF7F2BD307600205D
:106E3000F46A0100B66B0100026B010008B5064B55
:106E40001A782AB9054B064A0648432100F0AAFCE5
:106E500000221A7008BD00BF30760020F56A0100DC
:106E6000986B0100026B01007047000008B5054BEC
:106E70001B782BB9044B054A0548512100F092FCC0
:106E8000012008BD30760020F56A01007E6B01000C
:106E9000026B01004FF0FF30704700004FF080435D
:106EA00008490022C3F81825E02281F800230122B6
:106EB000C1F880210A60C3F804230222C3F8042326
:106EC000704700BF00E100E04FF08043002282B035
:106ED000C3F80021D3F800210192019A01221A601F
:106EE00002B070474FF0804301225A6070474FF064
:106EF0008043002282B0C3F80421D3F80421019218
:106F0000019A01229A6002B0704707B54FF08043A2
:106F1000D3F8002142B10022C3F80021D3F8003198
:106F20000093009BFFF77DFD4FF08043D3F80421D1
:106F300042B10022C3F80421D3F804310193019B2C
:106F400000F0B4FA03B05DF804FB70477047704777
:106F50000B4BD3F8042522F00302C3F80425D3F821
:106F6000082542F00302C3F80825D3F8102522F0C3
:106F70000F0242F00402C3F8102501221A60704784
:106F800000800040014B01221A61704700800040E0
:106F90000048704748800040054A06490123536471
:106FA000D2F84435013B0B60C2F84835704700BF4A
:106FB000008000403476002008B5094BD3F84835EE
:106FC00028B9084B084A09487B2100F0EBFB084A26
:106FD00012689A4216BF03600020012008BD00BF5E
:106FE000008000405F600100716C0100D56B010002
:106FF00034760020004870474C800040014BD3F8A5
:107000004C05704700800040F8B51C4A430B43EA2A
:10701000C1434C0BA3FB023502FB04551B0F43EA93
:1070200005132D0F6A0243F6095742EAD3525C0258
:10703000A3FB0736C31A124807FB056561EB050180
:1070400098424FF00000884105D20E4B0E4A0F487F
:10705000902100F0A7FB0E4D40F23140584305FB54
:107060000100A3FB0535013B284447F6FF7340EBC5
:107070000300C00B001942F10001F8BDD07B63088A
:10708000452C1600936C0100E26D0100A16C01001B
:107090007B2DE8BDF8B5224D05EB001C044606012A
:1070A0002048DCF80470C0F80873DCF80C70C0F8F5
:1070B0004473D3E90073B9422AD9C81B002827DAE0
:1070C000013B8A184FF0000040EB00011944801882
:1070D000FFF79AFF43F60957A0FB073207FB012190
:1070E00040F2FF129B18DFF840C00E4A41F1000148
:1070F0005B0A43EAC1534CF83430AB590CEBC40E75
:1071000003F5A873490ACEF8041042F82300F8BD2D
:10711000B942D6D27F1A002FB8BF0133D1E700BFE2
:10712000146E0100004002405076002000F1402023
:1071300000F50030002382B0036003680193019BD7
:1071400002B0704737B526490122D1E84F3FDBB284
:107150008DF807309DF807306BB1BFF32F8F214BAF
:10716000D3F80421204B12B91A68D20736D5186813
:107170000230400830E0C1E8432F002BE5D1194B25
:107180000222C3F80823BFF35F8FD3F80431164AF5
:107190004BB1136801331360BFF35F8F4FF48270FC
:1071A000FFF7C4FF012310680E4C02250130400890
:1071B000C4F80453BFF35F8F00240C7063B11368ED
:1071C000D90706D4094B0A4A0A484FF4887100F0DF
:1071D000E9FA13680133136003B030BD1868C8E7DB
:1071E000407600200040024044760020286D0100D7
:1071F000FD6D0100406D01002DE9F04106460C4691
:10720000FFF7A0FF0546BFF35F8FDFF82080D8F8B7
:107210000475BFF35F8FFFF795FF3060854218BF9D
:10722000D8F804752760BDE8F08100BF0040024037
:1072300007B501A96846FFF7DFFF019A43F6095336
:1072400040F2FF100021E2FB0301400A009A044BC8
:1072500040EAC150490AE2FB030103B05DF804FBB8
:107260000080841E194A002310B51360184A194C77
:1072700000200021C2E90001174A23701360FFF7C4
:1072800036FE2378002BFCD0144BC02283F8242335
:107290001022C3F884215A60114A0023C2F808352D
:1072A0004FF48270FFF742FF0223C2F84433C2F862
:1072B00004334FF48033C2F808334FF4A070C2F89F
:1072C0004833FFF733FF0123136010BD44760020DD
:1072D00050760020387600203C76002000E100E067
:1072E00000400240074B5A68D20642BF064A0121BD
:1072F00011601022C3F88420BFF34F8FBFF36F8F4C
:10730000704700BF00E100E03C760020044B1A68A3
:1073100022B100221A60034B10225A60704700BF4E
:107320003C76002000E100E008B5FFF781FF08BDD2
:107330001F20704770B586B00546019102A803A9C9
:10734000FFF75AFF039E019A002043F609510446B5
:1073500040F2FF13E6FB01345B0A0299184E43EA40
:10736000C453640AE1FB0634CDE90434294604AB76
:10737000FFF790FE134B039AD3F804359A4203D0DB
:10738000FFF756FFCDE904010F49049B059AD1E9A7
:1073900000013E3342F10002834272EB010308D345
:1073A0000A4B01221A700A4B1022C3F8042106B0BE
:1073B00070BD044B4FF48032C3F80423F7E700BFDD
:1073C0000080841E00400240507600204876002055
:1073D00000E100E0054B4FF48032C3F848234FF43E
:1073E000A070C3F80823FFF7A1BE00BF0040024011
:1073F0007FB5154D154E0424694601A8FFF7FCFE24
:10740000009A43F6095040F2FF110023E2FB0013FB
:10741000490A019A41EAC3515B0AE2FB0513CDE92F
:1074200002133E2202AB0120FFF734FE4FF400337B
:10743000C6F80433D6F80435009A9A4201D0013CCC
:10744000DAD104B070BD00BF0080841E004002404D
:107450001FB504460191FFF7EBFE019ACDE9020149
:1074600002AB21460120FFF715FE034B4FF400321B
:10747000C3F8042304B010BD00400240054B4FF494
:107480000032C3F848234FF4A270C3F80823FFF773
:107490004DBE00BF004002400048704744410240DA
:1074A000014B9868704700BF50760020014B0122C5
:1074B0001A7070473876002010B5264BD3F8042197
:1074C00022B10222C3F80823FFF73CFE224B1A78B0
:1074D00072B100224FF4A0701A70FFF727FE1D4B07
:1074E0004FF48032C3F84823C3F80823FFF742FC67
:1074F000184CD4F80433DA0317D5D4F84031A3B1CB
:107500004FF4A070FFF712FEFFF792FE134BD3E982
:107510000023904271EB030307D34FF48033C4F888
:107520004833C4F80833FFF725FC0A4AD2F804337D
:107530009B030ED5D2F844315BB14FF4A270FFF734
:10754000F5FD4FF40033C2F84833C2F80833FEF7B4
:10755000A1FA10BD0040024048760020507600207D
:10756000064B01221A60D3F80021002AFBD000222A
:10757000C3F80021D3F8080500F06ABB00D0004032
:1075800000F06EBB7047142070470000BFF34F8FB0
:107590000549064BCA6802F4E0621343CB60BFF3AF
:1075A0004F8F00BFFDE700BF00ED00E00400FA05CB
:1075B0004FF08053D3F830210D2A03BFD3F83401A4
:1075C000B0FA80F0400900207047000008B5FFF7CE
:1075D000EFFF40B14FF080430022C3F80C21C3F805
:1075E0001021C3F83825FFF7E3FF002846D04FF0FD
:1075F0008052584BD2F80414C3F82015D2F808145E
:10760000C3F82415D2F80C14C3F82815D2F81014B6
:10761000C3F82C15D2F81414C3F83015D2F8181486
:10762000C3F83415D2F81C14C3F84015D2F820144E
:10763000C3F84415D2F82414C3F84815D2F8281416
:10764000C3F84C15D2F82C14C3F85015D2F83014E6
:10765000C3F85415D2F83414C3F86015D2F83814AE
:10766000C3F86415D2F83C14C3F86815D2F8401476
:10767000C3F86C15D2F84424C3F87025FFF798FFBF
:1076800048B14FF08043D3F80024D10744BF6FF0D6
:107690000102C3F80024304AD2F8883043F4700362
:1076A000C2F88830BFF34F8FBFF36F8F4FF01023B6
:1076B000D3F80C22D2071DD5284B0122C3F804258C
:1076C000D3F80024002AFBD04FF01022D2F80C325D
:1076D00023F00103C2F80C32204BD3F80024002A17
:1076E000FBD00022C3F80425D3F80024002AFBD0E5
:1076F000FFF74CFFD3F80022002A03DBD3F8043253
:10770000002B22DA154B0122C3F80425D3F80024FC
:10771000002AFBD04FF010221221C2F80012D3F839
:107720000024002AFBD04FF010231222C3F80422B9
:107730000A4BD3F80024002AFBD00022C3F804250A
:10774000D3F80024002AFBD0D2E7054B054A1A6083
:1077500008BD00BF00C0004000ED00E000E00140B7
:10776000340000200090D0030649074A074B9B1ABB
:1077700003DD043BC858D050FBDCFFF727FFF8F7C8
:1077800087FD00006872010000000020F809002059
:10779000FEE7FEE7FEE7FEE7FEE7FEE7FEE7FEE7C1
:1077A000FEE7FEE700B50B4C25681446EE681A4666
:1077B00085B003460D464CB107490095CDE901144B
:1077C0003046064900F04EF802F01CFE04490C4613
:1077D000F3E700BF38000020346E0100446E010062
:1077E000406E010008B513460022FFF7DBFF00BF23
:1077F000002301461A46184602F06ABD08B500216A
:10780000044602F099FD044B1868C36B03B1984716
:10781000204606F017FC00BF786F010038B5084B12
:10782000084D5B1B9C1007D0043B1D44013C55F8E0
:1078300004399847002CF9D1BDE8384007F070BAF8
:10784000F4090020F00900200CB400B583B004ABAB
:1078500053F8042B019300F0A9FB03B05DF804EB8F
:1078600002B070470EB410B583B005AB064C53F8A8
:10787000042B01930146206800F098FB03B0BDE89B
:10788000104003B0704700BF3800002070B50D4EA7
:107890000D4D761BB61006D0002455F8043B01347C
:1078A0009847A642F9D1094E094D761B07F032FAE6
:1078B000B61006D0002455F8043B01349847A64280
:1078C000F9D170BDE4090020E4090020F00900208E
:1078D000E4090020032A70B515D940EA010C1CF018
:1078E000030F04460B4621D1194620460E68056851
:1078F000B54204F1040403F1040317D1043A032A46
:1079000020461946F0D8541EA2B100F1FF3C0139BF
:1079100001E0C3180CD01CF801EF11F8012F9645B7
:10792000A4EB0C03F5D0AEEB020070BD541EECE7E7
:10793000184670BD104670BD844641EA000313F03E
:1079400003036DD1403A41D351F8043B40F8043B66
:1079500051F8043B40F8043B51F8043B40F8043B29
:1079600051F8043B40F8043B51F8043B40F8043B19
:1079700051F8043B40F8043B51F8043B40F8043B09
:1079800051F8043B40F8043B51F8043B40F8043BF9
:1079900051F8043B40F8043B51F8043B40F8043BE9
:1079A00051F8043B40F8043B51F8043B40F8043BD9
:1079B00051F8043B40F8043B51F8043B40F8043BC9
:1079C00051F8043B40F8043B403ABDD2303211D369
:1079D00051F8043B40F8043B51F8043B40F8043BA9
:1079E00051F8043B40F8043B51F8043B40F8043B99
:1079F000103AEDD20C3205D351F8043B40F8043B69
:107A0000043AF9D2043208D0D2071CBF11F8013B66
:107A100000F8013B01D30B8803806046704700BF2C
:107A2000082A13D38B078DD010F003038AD0C3F13B
:107A30000403D21ADB071CBF11F8013B00F8013B1D
:107A400080D331F8023B20F8023B7BE7043AD9D3DC
:107A5000013A11F8013B00F8013BF9D20B780370B1
:107A60004B7843708B7883706046704788420DD99D
:107A70008B1883420AD900EB020CBAB1624613F8A4
:107A800001CD02F801CD9942F9D170470F2A0ED8E5
:107A9000034602F1FF3C4AB10CF1010C013B8C445E
:107AA00011F8012B03F8012F6145F9D1704740EA25
:107AB00001039B0750D1A2F1100370B501F1200C16
:107AC00023F00F0501F1100E00F11004AC441B0966
:107AD0005EF8105C44F8105C5EF80C5C44F80C5CDA
:107AE0005EF8085C44F8085C5EF8045C44F8045CEA
:107AF0000EF1100EE64504F11004E9D1013312F045
:107B00000C0F01EB031102F00F0400EB031327D05D
:107B1000043C24F003064FEA940C1E441C1F8E46BE
:107B20005EF8045B44F8045FB442F9D10CF101043F
:107B300002F0030203EB840301EB840102F1FF3C3A
:107B40004AB10CF1010C013B8C4411F8012B03F8F4
:107B5000012F6145F9D170BD02F1FF3C03469BE75F
:107B60002246EBE7830730B548D0541E002A3FD0A9
:107B7000CAB2034601E0013C3AD303F8012B9D074A
:107B8000F9D1032C2DD9CDB245EA05250F2C45EAB4
:107B9000054536D9A4F1100222F00F0C03F1200E96
:107BA000E6444FEA121C03F1100242E9045542E98F
:107BB000025510327245F8D10CF1010214F00C0F8D
:107BC00003EB021204F00F0C13D0ACF1040323F00A
:107BD00003030433134442F8045B9342FBD10CF0DB
:107BE00003042CB1CAB21C4403F8012B9C42FBD104
:107BF00030BD64461346002CF4D1F9E70346144621
:107C0000BFE71A46A446E0E70EB400B582B003AB66
:107C1000816853F8042B019301F022F802B05DF85B
:107C200004EB03B0704700BF0FB400B5074983B041
:107C300004AB086853F8042B8168019301F010F835
:107C400003B05DF804EB04B0704700BF38000020BB
:107C5000024B1B680022C3E92A027047380000204B
:107C60000B4A0C4910B414680B4AD4E92A0300FBF0
:107C700002F201FB0322A0FB0101431C42EB0100C5
:107C8000C4E92A3020F000405DF8044B704700BF83
:107C9000380000202D7F954C2DF4515800294FF4C9
:107CA00080630CBF0222002200F000B82DE9F043EF
:107CB0005A4CD4F8008083B004460E4617461D4641
:107CC000B8F1000F03D0D8F83830002B68D0022F5D
:107CD00005D0012F00F28E80002DC0F28B8021464E
:107CE000404603F063FC216B41B104F1400399422B
:107CF00002D0404603F080FE00232363B4F90CC099
:107D000000231CF0800FA361636051D12CF44A6CF6
:107D10002CF0030C022FA4F80CC057D001AB6A461C
:107D20002146404604F0EAF9A3891843A08125B30F
:107D300026B3D8F838307BB3009BB4F90CC026606A
:107D4000AB421CBF4CF4006CA4F80CC0012F04BF64
:107D50004CF0010CA4F80CC01CF00800C4E9046548
:107D60001FFA8CF320D013F001003FD000206D42A9
:107D7000A060A56103B0BDE8F083009D284604F033
:107D8000EDF90646002838D0A38943F08003A3818B
:107D9000D8F83830002BCFD1404603F031FDCBE787
:107DA000404603F02DFD92E7A06003B0BDE8F083EC
:107DB0002169404603F020FEB4F90CC02CF44A6C53
:107DC0002CF0030C022FA4F80CC0A7D1002004F162
:107DD00043034CF0020C00210122C4E90432A4F850
:107DE0000CC0A160236003B0BDE8F083A56003B0C0
:107DF000BDE8F0834FF0FF30D7E7DDF80090A945EC
:107E000004D0484604F0AAF9064620B9B4F90CC0DB
:107E10004FF0FF30DBE74D46B6E700BF38000020EB
:107E20000000000000000000000000000000000052
:107E30000000000000000000000000000000000042
:107E400090F800F06DE9024520F007016FF0000C9A
:107E500010F0070491F820F040F049804FF0000442
:107E60006FF00700D1E9002391F840F000F108001D
:107E700082FA4CF2A4FA8CF283FA4CF3A2FA8CF355
:107E80004BBBD1E9022382FA4CF200F10800A4FABC
:107E90008CF283FA4CF3A2FA8CF3E3B9D1E9042310
:107EA00082FA4CF200F10800A4FA8CF283FA4CF347
:107EB000A2FA8CF37BB9D1E9062301F1200182FA01
:107EC0004CF200F10800A4FA8CF283FA4CF3A2FA07
:107ED0008CF3002BC6D0002A04BF04301A4612BA15
:107EE000B2FA82F2FDE8024500EBD2007047D1E918
:107EF000002304F00305C4F100004FEAC50514F0A7
:107F0000040F91F840F00CFA05F562EA05021CBF77
:107F100063EA050362464FF00004A9E72DE9F84F34
:107F20004B6E9C0490462DD59368126843B38B46E4
:107F3000064602F1080959E9025A5FEA9A0715D084
:107F4000043D002401E0A7420ED055F8041F5A4614
:107F5000304603F0C9FC431C04F10104F3D10023B3
:107F6000C8E90133BDE8F88FD8F808302AF0030AD1
:107F7000A3EB0A03C8F8083009F10809002BDAD18D
:107F80000020ECE703F03EFE0023C8E90133BDE822
:107F9000F88F00BF10B4946814B15DF8044BBDE7CE
:107FA000204654605DF8044B704700BF2DE9F04F48
:107FB000ABB01C46884617460693834618B1836BC0
:107FC000002B00F02582B8F90C1088048AB20AD47C
:107FD000D8F8643041F4005223F40053A8F80C2080
:107FE000C8F8643092B2130740F1A480D8F810307A
:107FF000002B00F09F8002F01A020A2A00F0A880ED
:108000001AAB0D930023CDE90E3309930DF16809E6
:1080100005933B78002B00F00D813C4604E014F8FA
:10802000013F002B00F0E880252BF8D1E51B40F044
:10803000E5802378002B00F0FD804FF00002002146
:108040008DF82F20637804914FF0FF32671C0846AB
:1080500002928A460137A3F12002582A00F2F780E3
:10806000DFE812F03302F500F5002F02F500F5000D
:10807000F500F500F500F500E5012B02F500F00133
:10808000F401F50027025900590059005900590020
:108090005900590059005900F500F500F500F500A8
:1080A000F500F500F500F500F500F5000E02F5000D
:1080B000F500F500F500F500F500F500F500F50018
:1080C000F5009400F500F500F500F500F5008400DA
:1080D000F500F5004802F500F500F500F500F500A3
:1080E000F500F500F500F500F5003A02A701F500EE
:1080F000F500F5008902A701F500F5007F02F50003
:1081000069029600C902C502F500A402F5008600C6
:10811000F500F5008D02A3F13002002417F8013BB1
:1081200004EB840402EB4404A3F13002092AF5D9DC
:10813000049490E74146584602F060F8002840F069
:108140003585B8F80C2002F01A020A2A7FF458AFDD
:10815000B8F90E30002BFFF653AF23463A4641469E
:1081600058462BB0BDE8F04F00F044BD4AF0100A6D
:108170001AF0200100F00F81069B073323F007035C
:10818000596853F8080B069301230EE04AF0100AD1
:108190001AF0200100F0F280069B073323F007035A
:1081A000596853F8080B069300234FF000028DF82E
:1081B0002F2000220792029A541C00F02F822AF0EE
:1081C0008004019450EA010440F02682002A40F025
:1081D0009584002B40F00E841AF00103039340F0C5
:1081E0003E841AACDDE902639E42B8BF1E46079B7F
:1081F000002B3ED001363CE0E51B1BD00E9B0F9AB6
:1082000001332A44072BC9E900750F920E9305DC50
:1082100009F10809059B2B4405930AE7002A00F0A1
:10822000D1830DAA41465846FFF778FE30B90DF1CB
:108230006809EFE70F9B002B40F08584B8F80C30FD
:108240005B0600F1B38405982BB0BDE8F08F0029E0
:1082500040F07584002BEDD08DF8403001264FF0B2
:1082600000038DF82F30039610AC0023CDF804A046
:108270000293019B13F002030793019B18BF023680
:1082800013F08403089304D1049B9D1B002D00F37D
:10829000DB82DDE90E1001F1010C9DF82F3093B166
:1082A00001300DF12F030121BCF1070FCDE90EC004
:1082B000C9F80030C9F8041000F3A682614609F13C
:1082C00008090CF1010C079BEBB10CAB0230C9F8AB
:1082D0000030BCF1070F4FF00203CDE90EC0C9F822
:1082E000043040F3AB82002800F066830DAA4146BB
:1082F0005846FFF713FE0028A0D1DDE90E100DF15E
:10830000680901F1010C089B802B00F0C881DDE9B0
:1083100002329D1A002D00F31C82039BC9F8004015
:108320001844BCF1070FCDE90EC0C9F8043040F382
:10833000B381002800F0D2820DAA41465846FFF7CB
:10834000EDFD00287FF47AAF0F980DF16809019BCD
:108350005A0704D5049B9C1B002C00F3C982DDE95D
:108360000423B242ACBF9B189B190593002840F030
:10837000368200230E930DF168094AE61AF01003C5
:1083800049D11AF0400146D0069A52F8040B0692E1
:10839000194680B209E71AF0100342D11AF04001E1
:1083A0003FD0069A52F8040B0692194680B2012378
:1083B000FBE6002940F0E1831AF0200F069B68D00D
:1083C000073323F007031A465B6852F8080B06923E
:1083D0001946002BC0F20483029B013300F08A830C
:1083E0009DF82F30079350EA01032AF0800A00F02D
:1083F00054830A2871F1000380F012833030012386
:108400008DF86700CDF804A003930DF16704E9E649
:1084100003F0F6F9D7E5069B53F8040B06930B46D9
:10842000C3E6069B53F8040B06930123BDE6069BA7
:1084300053F8042B0492002A80F20D83049A0693C9
:10844000524204923B784AF0040A03E63C4614F890
:10845000013B2A2B00F0AF83A3F13002092A274603
:1084600098BF002400F28F8317F8013B04EB8404CB
:1084700002EB4404A3F13002092AF5D90294EAE59B
:10848000002940F084834AF0100A1AF0200F069B5E
:1084900096D153F8040B06931AF0100F40F09B820C
:1084A0001AF0400F00F0978240F3C0310B4600B243
:1084B0008FE73B784AF0800ACCE53B7801212B20FE
:1084C000C8E53B784AF0010AC4E53B7800287FF410
:1084D000C1AD01212020BDE5069B4FF000028DF8C3
:1084E0002F20012653F8042B8DF840200693039685
:1084F00010ACBAE6002940F04D83BD4A09921AF04B
:10850000200144D0069A073222F00702516852F83F
:10851000080B06921AF0010F0BD050EA010208D0A6
:108520008DF8313030238DF830304AF0020A0223C2
:108530003BE6022339E6002940F022831AF0200F9F
:1085400040F09A821AF0100F40F0CC821AF0400FDF
:1085500000F0C882069B059953F8042B06931180FE
:1085600057E53B786C2B03BF7B784AF0200A013734
:108570004AF0100A6EE53B784AF0400A6AE50029A5
:1085800040F0F8829B4A09921AF02001BAD11AF001
:10859000100240F01B821AF0400100F01782069C86
:1085A00054F8040B0694114680B2B3E7069D55F8C3
:1085B000044B4FF000038DF82F30002C00F0A48204
:1085C000029B5E1C00F072821A460021204604F0D5
:1085D0009FF8002800F0BE82031B03939DF82F3004
:1085E000079300230695CDF804A00293FAE53B78A3
:1085F0004AF0200A2EE5069B53F8040B069330231D
:108600008DF8303078238DF831307A4B09934AF069
:10861000020A00210223C8E5DDF804A0012B3FF483
:10862000E8AE022B1AAC12D1099A00F00F03000930
:10863000D35C04F8013D40EA0170090950EA0103E6
:10864000F3D11AAB1B1BCDF804A00393CAE500F0CD
:108650000703C00840EA4170C908303350EA0105F9
:10866000224604F8013DF2D11AF0010FE9D0302B77
:10867000E7D03023023A04F8013C1AAB9B1ACDF83C
:1086800004A003931446ADE503981A9401231B90AC
:108690000F900E930DF1680909F1080957E6049B44
:1086A0009D1B002D7FF733AE102D40F37B82DFF84A
:1086B00048A152461023A246144607E001F1020EDB
:1086C00009F108091146103D102D1DDD4A1C10301E
:1086D000072AC9E90043CDE90E20EFDD0DAA0028E5
:1086E00000F08C80414658460DF16809FFF716FCF2
:1086F00000287FF4A3ADDDE90E10103D102D01F12F
:10870000010E4FF01003E1DC234654469A462844FC
:10871000BEF1070FCDE90EE0C9F800A0C9F804507A
:1087200040F3A481002800F0F8810DAA4146584684
:10873000FFF7F4FB00287FF481ADDDE90232DDE9CB
:108740000E109D1A002D01F1010C0DF168097FF743
:10875000E4AD102DDFF8A0A02BDD52461023A24679
:10876000144607E001F1020C09F108091146103D19
:10877000102D1BDD4A1C1030072AC9E90043CDE942
:108780000E20EFDD0DAA414618B358460DF16809D9
:10879000FFF7C4FB00287FF451ADDDE90E10103D5A
:1087A000102D01F1010C4FF01003E3DC2346544679
:1087B0009A462844BCF1070FCDE90EC0C9F800A0C5
:1087C000C9F8045000F3E38009F108090CF1010C29
:1087D000A3E54FF0010C01460DF16809C7E70DAAAA
:1087E00041465846FFF79AFB00283FF4C2AD25E505
:1087F0007C6F0100906F0100BC6F01004FF0010E13
:1088000001460DF168095EE7002800F0D2800DAA4C
:1088100041465846FFF782FB00287FF40FADDDE9A3
:108820000E100DF1680901F1010C4CE502200CABB2
:108830001B901A934FF0010C0DF16809614609F184
:10884000080901F1010C5EE5102D40F38D81DFF880
:1088500080A3DDE90EC052461023A24661461446AD
:1088600007E001F1020C09F108091146103D102D35
:108870001BDD4A1C1030072AC9E90043CDE90E2050
:10888000EFDD0DAA20B3414658460DF16809FFF708
:1088900045FB00287FF4D2ACDDE90E10103D102D11
:1088A00001F1010C4FF01003E3DC2346614654460E
:1088B0009A4628440729CDE90E10C9F800A0C9F846
:1088C000045000F39C8009F1080901F1010CE4E473
:1088D00001464FF0010C0DF16809C7E7019B0E90AE
:1088E00059074CD5049B9C1B002C48DD0DF16809F1
:1088F000102C40F35281DFF8D8A20E9A534610256F
:10890000B2461E4606E0911C09F108091A46103CC1
:10891000102C19DD531C1030072BC9E90065CDE977
:108920000E30F0DD0DAA28B341465846FFF7F6FA9F
:1089300000287FF483ACDDE90E20103C102C02F1FE
:1089400001010DF16809E5DC334656469A4620449C
:108950000729C9E900A4CDE90E107FF700AD70B179
:108960000DAA41465846FFF7D9FA00287FF466ACB5
:108970000F98F4E4012102460DF16809C7E7DDE92B
:108980000423B242ACBF9B189B190593F1E4002865
:108990003FF47AAE0DAA41465846FFF7BFFA0028C9
:1089A0007FF44CAC0E9B0F9803F1010C0DF168099C
:1089B000B3E4079B002B69D14FF0010C01460DF188
:1089C0006809A0E40E920DF1680923E4069A52F8B2
:1089D000040B06929EE5C1170B46002BBFF6FCACBC
:1089E0002D2340428DF82F30079361EB4101012385
:1089F000FFF7E1BB029B03931AACFFF7F3BB002820
:108A000062D00DAA41465846FFF788FA00287FF445
:108A100015ACDDE90E100DF1680901F1010C3CE423
:108A20001AAC0A22002306460D4605F0F1FF30324B
:108A300004F8012D0023304629460A2205F0E8FFFC
:108A40000A2E75F10003ECD21AAB1B1BCDF804A063
:108A50000393FFF7C7BB06933B78FFF7FBBA3023BE
:108A60008DF867300DF16704FFF7BCBB09F1080909
:108A70000EF1010C71464AE4DDE9050353F8041BCD
:108A80000693C217C1E90002FFF7C3BA02200CAB7C
:108A90001B901A930DF16809D1E6029B002B7FF41D
:108AA000ADACCDF804A00393FFF79BBB2046069521
:108AB000CDF804A0FFF7C4F99DF82F3007930023E9
:108AC00003900293FFF78EBB9DF82F3063B3012311
:108AD0009C461B930DF12F031A930DF16809604614
:108AE000FFF7ECBB069B059953F8042B1160069326
:108AF000FFF78FBA9DF82F3007937AE4012BDDF84A
:108B000004A07FF48EAD79E4029E304C0695062ECB
:108B100028BF06260396FFF7A8BB4FF0010C0146BD
:108B20000DF16809FFF7F3BB079B002B7FF47EAEC6
:108B300001464FF0010C0DF16809FFF7E8BB8DF815
:108B40002F00FFF787BB0DAA41465846FFF7E6F90D
:108B5000FFF774BB029B03939DF82F300695CDE978
:108B600001A00793FFF73EBB0E990F98DFF860A0B6
:108B700001319EE68DF82F0004E58DF82F001BE4EF
:108B80008DF82F00DAE400220292FFF764BA8DF824
:108B90002F0078E48DF82F00AFE40E99DFF830A0B5
:108BA0000131D4E6DFF82CA0E646B0E54FF0FF3304
:108BB0000593FFF748BB069A7B78274652F8044B8B
:108BC000069244EAE4740294FFF744BAA46F0100E9
:108BD000AC6F0100BC6F010010B4054C8446134615
:108BE00020685DF8044B0A466146FFF7DFB900BF15
:108BF0003800002070B50C468989ADF58D6D21F0E7
:108C00000201ADF80C10616E1991E189ADF80E10FA
:108C1000E1690791616A09911AA9009104914FF4E1
:108C20008061029105910021069169460646FFF791
:108C3000BDF9051E07DB6946304602F0B7FC002887
:108C400018BF4FF0FF35BDF80C305B0603D5A38984
:108C500043F04003A38128460DF58D6D70BD00BF24
:108C60002DE9F04F2DED068BBBB01C468846914692
:108C700009EE100A054603F0C9F903681093184677
:108C80000994FFF7DDF80E901DB1AB6B002B00F0DF
:108C90004282B8F90C20950493B20AD442F40053EE
:108CA000D8F86420A8F80C3022F400529BB2C8F81F
:108CB0006420180740F1AB80D8F81020002A00F09B
:108CC000A68003F01A030A2B00F0B0809FED947B7E
:108CD0000023CDE91E338DED0C7B2AAA0B931D9248
:108CE00092460F931193079399F80030002B00F0F0
:108CF000A4814C4604E014F8013F002B00F0E5800D
:108D0000252BF8D1B4EB090540F0E3802378002B44
:108D100000F0938100234FF0FF32CDE90523657801
:108D20008DF8573004F1010918469B4609F10109F5
:108D3000A5F12002582A00F2F780DFE812F07F0246
:108D4000F500F5007A02F500F500F500F500F500F4
:108D5000F5002D027502F50038023D02F5007002A3
:108D6000590059005900590059005900590059003B
:108D70005900F500F500F500F500F500F500F500E7
:108D8000F500F500F50057028901F5008901F500AD
:108D9000F500F500F500B602F500F5009800F500C5
:108DA000F500F500F500F5008800F500F5009502E6
:108DB000F500F500F500F500F500F500F500F5000B
:108DC000F500F5008702F001890189018901BB02E4
:108DD000F001F500F500EC02F500D6029A00C5029C
:108DE000C002F5001B03F5008A00F500F500F9024A
:108DF000A5F13002002119F8015B01EB810102EBC2
:108E00004101A5F13002092AF5D9069190E719EE42
:108E1000100A414601F0F2F9002841F02681B8F825
:108E20000C3003F01A030A2B7FF450AFB8F90E3060
:108E3000002BFFF64BAF19EE100A23464A46414677
:108E40003BB0BDEC068BBDE8F04F01F0A1B94BF093
:108E5000100B1BF0200100F05081099B073323F019
:108E60000703596853F8080B099301230EE04BF0F0
:108E7000100B1BF0200100F03381099B073323F016
:108E80000703596853F8080B0993002300248DF851
:108E90005740059A561C00F091822BF080060396ED
:108EA00050EA010640F08882002A40F00D83002B32
:108EB00040F01E851BF00103089300F094853023D9
:108EC0008DF8A7300DF1A7069DE2B4EB090500F07F
:108ED000B4801F9B2B441F931E9B0133072BCAE9B1
:108EE00000951E9305DC0AF1080A079B2B440793A3
:108EF0000CE719EE100A1DAA4146FFF74BF818B906
:108F00000DF1A80AF1E7B046B8F80C305B0601F1A4
:108F1000AC8007983BB0BDEC068BBDE8F08F00BF7E
:108F20000000000000000000002B40F0E587002D4D
:108F300000F0838000238DF8573001238DF8805096
:108F40000493089320AE0023CDF80CB005930A9348
:108F5000039B13F0020302D0049A02320492039A94
:108F600012F0840B05D1069A0499571A002F00F3CA
:108F7000A2831F9C9DF857208AB11E9A0DF15701BC
:108F800001320134CAF80010072A4FF001011F9482
:108F90001E92CAF8041000F3DD830AF1080A83B1B7
:108FA0001E9B16AA01330234CAF80020072B4FF08B
:108FB00002021F941E93CAF8042000F3DA830AF118
:108FC000080ABBF1800F00F09B82059B089AA3EB77
:108FD000020BBBF1000F00F3D682039BDF0500F10B
:108FE0001B82089BCAF804301C441E9BCAF8006010
:108FF0000133072B1F941E9300F350830AF1080AD4
:10900000039B5A0705D5069B049A9D1A002D00F371
:10901000BD83DDE9062304998A42ACBF9B185B1827
:109020000793002C40F0EA8200231E9399F8003049
:109030000DF1A80A002B7FF45CAE1F9B002B3FF4C0
:1090400063AF19EE100A1DAA4146FEF7A3FF5BE7C6
:10905000002B40F0F687099B073323F00703B3EC9E
:10906000027B8DED0C7BDDE90C67099327F0004353
:1090700008EE903A08EE106AB94B51EC180B4FF01D
:10908000FF3205F037FC002840F0B484B44B51ECBB
:10909000180B4FF0FF3205F00FFC002840F0AA84B7
:1090A000002200233046394605F0FCFB002840F042
:1090B00002879DF85740AB4E2BF080030393AA4BD9
:1090C0000022472DC8BF1E460323CDE90432089372
:1090D0000A92002C3FF43CAF049B0133049337E722
:1090E0001BF0100352D11BF040014FD0099A52F8E7
:1090F000040B0992194680B2C8E61BF010033FD159
:109100001BF040013CD0099A52F8040B0992194611
:1091100080B20123BAE6284602F072FBB9E5002BC3
:1091200040F09F871BF0200F099B68D0073323F086
:1091300007031A465B6852F8080B09921946002B80
:10914000C0F23D84059B013300F005852BF08003C0
:10915000039350EA01039DF8574000F0C583DDF802
:109160000CB00A2871F1000380F0FC843030012338
:109170008DF8A700CDF80CB008930DF1A70642E1D9
:10918000099B53F8040B099301237FE6099B53F8CD
:10919000040B09930B4679E6099A52F8041B0691D1
:1091A000002980F21B84069909924942069199F898
:1091B00000504BF0040BB9E5494611F8015B2A2D2C
:1091C00000F0C587A5F13002092A894698BF002121
:1091D00000F2338719F8015B01EB810102EB4101D9
:1091E000A5F13002092AF5D90591A1E5002B40F03F
:1091F00030874BF0100B1BF0200F099B96D153F8D2
:10920000040B09931BF0100F40F0D4831BF0400FA8
:1092100000F0D08340F3C0310B4600B28FE799F8DD
:1092200000504BF0800B81E599F8005001232B2072
:109230007CE599F800504BF0010B77E599F8005068
:1092400000287FF473AD012320206FE5099B0022E5
:109250008DF8572053F8042B099301238DF88020B3
:109260000493089320AE6EE6002B40F0E2863F4B5D
:109270000F931BF0200163D0099B073323F00703F2
:10928000596853F8080B09931BF0010F0BD050EAF3
:10929000010308D030238DF858308DF859504BF029
:1092A000020B0223F2E50223F0E599F800504BF09F
:1092B000080B3BE599F800504BF0400B36E599F868
:1092C00000504BF0200B31E5099B53F8040B099338
:1092D000302378258DF85830254B0F934BF0020B37
:1092E0008DF8595000210223D0E5002B40F0AD86C7
:1092F0001BF0200F40F025841BF0100F40F09D84E0
:109300001BF0400F00F09984099B079953F8042B38
:1093100009931180E8E499F800506C2D03BF99F887
:1093200001504BF0200B09F101094BF0100BFDE44B
:10933000002B40F092860E4B0F931BF020019BD127
:109340001BF0100340F031831BF0400100F02D832F
:10935000099A52F8040B0992194680B294E700BFAB
:10936000FFFFEF7FCC6F0100D06F01007C6F010029
:10937000906F0100099C059B54F8046B00278DF841
:109380005770002E00F027845A1C00F023851A46DF
:109390003946304603F0BCF9002800F03286831BC2
:1093A000089323EAE373099405979DF85740CDF895
:1093B0000CB004930A978CE6DDF80CB0012B3FF457
:1093C000D0AE022B00F088802AAE00F00703C00860
:1093D00040EA4170C908303350EA0107324606F8C6
:1093E000013DF2D11BF0010F00F08480302B00F022
:1093F00081803023023A06F8013C2AAB9B1ACDF853
:109400000CB008931646059B089A9342B8BF1346C2
:10941000049300230A935CE6652D40F3F980DDE9AF
:109420000C010022002305F033FA002800F0E98146
:109430001E9BC54ACAF80020013301340122072BC4
:109440001F941E93CAF8042000F36B840AF1080AE3
:10945000179B0B9A934280F2BC820E9B109A1C447D
:10946000CAE900231E9B1F940133072B1E9300F3B0
:10947000A5830AF1080A0B9B5D1E002D7FF7C0AD86
:10948000102D1E9BB14F40F3408419EE10BA1026E8
:1094900005E00AF1080A103D102D40F3368401332F
:1094A0001034072BCAE90076CDE91E34F1DD1DAA80
:1094B00041465846FEF76EFD00287FF425ADDDE9F4
:1094C0001E340DF1A80AE6E7012B00F04885022BB7
:1094D000DDF80CB07FF478AF0F9A2AAE00F00F03DE
:1094E0000009D35C06F8013D40EA0170090950EA21
:1094F0000103F3D12AAB9B1BCDF80CB0089382E794
:10950000069B049AA3EB020BBBF1000F7FF75DAD46
:10951000BBF1100F1E9A8D4F27DD2146102319EE47
:10952000104A06E0ABF1100BBBF1100F0AF1080A6C
:109530001ADD01321031072ACAE90073CDE91E2174
:10954000F0DD1DAA414620460DF1A80AFEF722FDD6
:1095500000287FF4D9ACABF1100BBBF1100FDDE9A3
:109560001E214FF01003E4DC0C4601325C44072A54
:10957000CDE91E24CAF80070CAF804B000F3DF83F6
:109580000AF1080A21E5BBF1100F1E9A6F4F27DD83
:109590002146102319EE104A06E0ABF1100BBBF187
:1095A000100F0AF1080A1ADD01321031072ACAE940
:1095B0000073CDE91E21F0DD1DAA41462046FEF7CD
:1095C000E9FC00287FF4A0ACABF1100BBBF1100F4D
:1095D000DDE91E210DF1A80A4FF01003E4DC0C4672
:1095E00001325C44072ACDE91E24CAF80070CAF88B
:1095F00004B000F3CC810AF1080AEEE419EE100A77
:109600001DAA4146FEF7C6FC00283FF40DAD7BE4E1
:109610000B9B012B40F371811E9DCAF80060013540
:1096200001340123072D1F941E95CAF8043000F35E
:109630000C830AF1080A0E9B109A01351C44072D71
:10964000CAE90023CDE91E5400F30D830AF1080A8C
:10965000DDE90C010022002305F01AF9002840F092
:109660006B810B9B0135013B01361C44072DCAF869
:1096700000601E95CAF804301F9400F34F810AF170
:10968000080A119BCAF8043001351C44072D19AB98
:10969000CDE91E54CAF800307FF7B0AC19EE100ABD
:1096A0001DAA4146FEF776FC00287FF42DAC1F9CD6
:1096B0000DF1A80AA4E4102FDDE91E2134DD129378
:1096C000CDF84C901024B1460B464646B8462F467E
:1096D00019EE105A06E0A8F11008B8F1100F0AF1BF
:1096E000080A19DD01321A491033072ACAE90014A1
:1096F000CDE91E23EFDD1DAA314628460DF1A80A4B
:10970000FEF748FC00287FF4FEABA8F11008B8F182
:10971000100FDDE91E23E5DC3D4619464746129B46
:10972000B0464E46DDF84C90CAF8047001327C1801
:10973000072A0749CAF80010CDE91E2400F3D58294
:109740000AF1080A16E400BFDC6F0100F06F0100A7
:10975000E06F010019EE100A1DAA41461293FEF7B0
:1097600019FC00287FF4D0AB1F9C129B0DF1A80AB6
:1097700015E419EE100A1DAA4146FEF70BFC00285D
:109780007FF4C2AB1F9C0DF1A80A1AE4102D1E9B9A
:1097900020DD19EE107A102604E0103D102D0AF19C
:1097A000080A17DD0133914A1034072BCAE9002655
:1097B000CDE91E34F1DD1DAA414638460DF1A80A57
:1097C000FEF7E8FB00287FF49FAB103D102DDDE98C
:1097D0001E34E7DC0133854ACAF804502C44072BB9
:1097E000CDE91E34CAF800207FF713AC19EE100A39
:1097F0001DAA4146FEF7CEFB00287FF485AB1F9CD7
:1098000007E41799002940F33C82DDE90A379F42BB
:10981000A8BF1F46002F0BDD1E9B01333C44072BC6
:10982000CAE900671F941E9300F3CB830AF1080A6C
:109830000A9D002FA8BFED1B002D00F3D581179DB9
:109840000B9B9D4280F2AE810E9B109A1C44CAE98C
:1098500000231E9B1F940133072B1E9300F3A38349
:109860000AF1080A0B9B0A9A5D1B9F1AAF42A8BF18
:109870002F46002F0EDD1E9BCAF8047001331644DC
:109880003C44072BCAF800601F941E9300F3A68384
:109890000AF1080A002FA8BFED1B002D7FF7B0AB1F
:1098A000102D1E9B524F40F3308219EE10BA102635
:1098B00005E00AF1080A103D102D40F3268201331D
:1098C0001034072BCAE90076CDE91E34F1DD1DAA5C
:1098D00041465846FEF75EFB00287FF415ABDDE9F4
:1098E0001E340DF1A80AE6E7059B002B40F03783F4
:1098F0000023059308932AAE85E5039BD9073FF51E
:109900008BAE1E9DCAF80060013501340123072D7E
:109910001F941E95CAF804307FF7B1AE19EE100AF5
:109920001DAA4146FEF736FB00287FF4EDAADDE9CB
:109930001E540DF1A80AA4E60B9B5E1E002E7FF7B5
:10994000A0AE102E2A4F40F35782CDF814904FF05E
:10995000100B19EE109A05E00AF1080A103E102EBD
:1099600040F3488201351034072DCAE9007BCDE968
:109970001E54F1DD1DAA41464846FEF70BFB0028A8
:109980007FF4C2AADDE91E540DF1A80AE6E719EE3C
:10999000100A1DAA4146FEF7FDFA00287FF4B4AA7A
:1099A0001F9C0DF1A80AFFF718BB099B53F8040B85
:1099B000099369E4C1170B46002BBFF6C3AB4042C5
:1099C0004FF02D0461EB41018DF857400123FFF763
:1099D00060BA039BDD077FF513AB3EE599F80050B5
:1099E0000992FFF7A3B92AAE0DE500BFE06F0100B1
:1099F000F06F0100DDE90C0102460B4604F07AFF2E
:109A0000002840F06583059B013325F0200700F016
:109A1000F582472F00F08182DDE90C014BF4807262
:109A200000290392C0F24C829DED0C7B002312931F
:109A3000B0EE47AAF0EE67AA662D00F0E981462D48
:109A400000F0E681B0EE4A0AF0EE6A0A452F0ABF3E
:109A5000059B059C5C1C1BAB019318AB009319EE96
:109A6000100A17AB2246022100F06AFD672D064658
:109A700040F03D821BF0010F40F03C821B9B472FC2
:109A8000A3EB06030B9340F06E83179B0A93D91C3C
:109A900003DB059A934240F37882023D0A9A8DF8DF
:109AA0006450531E002B1793B6BFC2F101032B2243
:109AB0002D22092B8DF8652040F3F5820DF17304FA
:109AC000C04F2246104687FB0321DA17C2EBA102E2
:109AD00002EB8201A3EB4101303100F8011C194671
:109AE0006329134600F1FF32ECDC3033D9B2831E18
:109AF0009C4202F8011C40F2278313460DF16602D6
:109B000001E013F8011B02F8011B9C42F9D10DF191
:109B100075030DF166021B1A134419AA9B1A1193BF
:109B20000B9A119B012A1344089340F3C882089BA7
:109B30000E9A1344089323EAE373049300230A93D1
:109B40009EE1099B079853F8041B0993C217C1E9CA
:109B50000002FFF7C9B80A2871F100039DF85740C9
:109B6000FFF404ABCDF80C902AAEA1460A220023E4
:109B700004460F4604F04CFF303206F8012D002356
:109B8000204639460A2204F043FF0A2C77F10003ED
:109B9000ECD22AAB9B1B4C460893DDF80C90CDF819
:109BA0000CB030E4039BD8073FF54EAEDDE90A2345
:109BB0009F1A5D1BAF42A8BF2F466BE619EE100A35
:109BC0001DAA4146FEF7E6F900287FF49DA91F9CD7
:109BD0000DF1A80A4FE4062B28BF0623CDE908346F
:109BE000794E0493FFF7AFB9102D1E9B774F40F3CA
:109BF00055813A460596474619EE106A4FF0100B0C
:109C0000904605E00AF1080A103D102D40F342810C
:109C100001331034072BCAE9008BCDE91E34F1DD86
:109C20001DAA39463046FEF7B5F9002840F04482B7
:109C3000DDE91E340DF1A80AE6E7099B079953F800
:109C4000042B11600993FFF74FB819EE100A1DAAF3
:109C50004146FEF79FF900287FF456A9DDE91E541E
:109C60000DF1A80AE7E419EE100A1DAA4146FEF715
:109C700091F900287FF448A9DDE91E540DF1A80AE6
:109C8000E6E41E9B524ACAF8002001330134012247
:109C9000072B1F941E93CAF8042000F31A810AF1BF
:109CA000080A002959D1039B0B9A03F001031343BF
:109CB0003FF4A6A90E9B10991A19CAE900131E9B1E
:109CC0001F920133072B1E9300F32D810AF1080A1E
:109CD0000B99CAF8006001338C18072BCDE91E34AC
:109CE000CAF804107FF78AA9D8E419EE100A1DAA51
:109CF00041461293FEF74EF900287FF405A91F9CF8
:109D0000129B0DF1A80AFFF735B901332C44072B3C
:109D1000CAF80070CAF80450CDE91E347FF76EA966
:109D2000BCE419EE100A1DAA4146FEF733F90028DB
:109D30007FF4EAA81F9C0DF1A80AFFF789BB19EE72
:109D4000100A1DAA4146FEF725F900287FF4DCA879
:109D50001F9C0DF1A80AFFF738B90E9B10981A192D
:109D6000CAE900031E9B1F920133072B1E9300F3C9
:109D7000DA800AF1080A0029AADA4D421031134F9D
:109D800080F2788119EE10BA102405E00AF1080A71
:109D9000103D102D40F36E8101331032072BCAE9BC
:109DA0000074CDE91E32F1DD1DAA41465846FEF78A
:109DB000F1F800287FF4A8A8DDE91E320DF1A80A09
:109DC000E6E700BF67666666A46F0100F06F0100FA
:109DD000DC6F0100304609940597CDF80CB0FEF712
:109DE0002FF820EAE0739DF85740089004930A97F3
:109DF000FFF76FB9DDF81490CAF8007001353444EC
:109E0000072DCDE91E54CAF804607FF738AC85E50C
:109E1000059CB0EE4A0AF0EE6A0A1BAB019318AB40
:109E20000093224617AB19EE100A032100F088FBBD
:109E3000064604193378302B62D0179B1C4451EC32
:109E40001A0B0022002304F023FD002800F08B8071
:109E500023469B1B472F0B933FF417AE662D40F014
:109E60008281179B059A0A93002B0BF0010B40F39C
:109E70005C815BEA020140F045810A9B04930893F0
:109E8000129B002B7BD02D238DF857300023059398
:109E9000FFF722B94246059EB846174601332C44C7
:109EA000072BCDE91E34CAF80070CAF8045049DC0B
:109EB0000AF1080AC3E42D248DF85740FFF7FBB8D8
:109EC00001F100430AEE903A2D230AEE100A129394
:109ED000B2E519EE100A1DAA4146FEF75BF800280C
:109EE0007FF412A817991F9C0DF1A80AD9E6472DF7
:109EF0003FF4C0AD3444A2E78DF85700FFF717B820
:109F000051EC1A0B0022002304F0C2FC002894D16B
:109F1000059BC3F10103179390E7059B002B08BF36
:109F20000123059378E519EE100A1DAA4146FEF7B4
:109F300031F800287EF4E8AFDDE91E3217990DF103
:109F4000A80A18E719EE100A1DAA4146FEF722F8E2
:109F500000287EF4D9AF1F9C0DF1A80A6FE4DDF84C
:109F60000CB0FFF703B91B9BA342BFF472AF3021C3
:109F70005A1C1B9219701B9B9C42F9D869E7129BD3
:109F80009DF857400593FFF7A4B8DDE90A329342E4
:109F900043DB1BF0010F40F0AC8023EAE372049234
:109FA000089367256CE719EE100A1DAA4146FDF7D4
:109FB000F1FF00287EF4A8AF179D1F9C0DF1A80AA1
:109FC00050E419EE100A1DAA4146FDF7E3FF0028F0
:109FD0007EF49AAF1F9C0DF1A80A29E419EE100A2D
:109FE0001DAA4146FDF7D6FF00287EF48DAF179DD0
:109FF0000B9B1F9C5D1B0DF1A80A4BE406230593E8
:10A000000AE5059B0994CDF80CB09DF857400493E0
:10A01000089305900A90FFF75CB80E9A0B9B1344C7
:10A020000A9A0893002A75DD23EAE37304936725EF
:10A0300026E78DF85700FFF71AB900220592FEF7C0
:10A0400077BE8DF85700FFF706B88DF85700FFF779
:10A050004FB98DF85700FFF7CCB88DF85700FFF7D0
:10A060006AB98DF85700FFF75DB84FF0FF330793DB
:10A07000FEF74FBF01332A44072BCDE91E32CAF841
:10A080000070CAF804507FF721AE19EE100A1DAA1D
:10A090004146FDF77FFF00287EF436AFDDE91E3232
:10A0A0000DF1A80A14E630338DF8673030238DF8AF
:10A0B00066300423119333E5B846FEF725BF1BF045
:10A0C00001020A927FF433AD23EAE3730493D7E6E7
:10A0D0000D9B264E002BB8BF2D242BF0800303933D
:10A0E000A8BF9DF85740224BB8BF8DF85740FEF7E8
:10A0F000E7BF0A9B0E9A1344089323EAE373049381
:10A100006725BDE60E990B441A4422EAE2730892D1
:10A110000493B5E60A9B089AC3F101031A4422EAA4
:10A12000E273089204936725AAE65BEA020303D16F
:10A13000012304930893A3E60E9B01331A4422EAF9
:10A14000E273089204939BE602231193E8E4099AD0
:10A1500099F80150894652F8041B099241EAE171CD
:10A160000591FEF7E3BD179B0A9397E4D46F0100B6
:10A17000D86F010010B4054C8446134620685DF882
:10A18000044B0A466146FEF76BBD00BF3800002055
:10A1900070B50C468989ADF58D6D21F00201ADF8E1
:10A1A0000C10616E1991E189ADF80E10E16907910B
:10A1B000616A09911AA9009104914FF4806102919A
:10A1C00005910021069169460646FEF749FD051EE8
:10A1D00007DB6946304601F0E9F9002818BF4FF067
:10A1E000FF35BDF80C305B0603D5A38943F040036F
:10A1F000A38128460DF58D6D70BD00BF38B5334B7A
:10A200001B6805460C460BB19A6B12B3B4F90C30BF
:10A2100018079AB225D5216900292DD012F0010026
:10A2200007D00020A06060694042A06139B10020E1
:10A2300038BD950758BF6069A0600029F7D11206A4
:10A2400058BF0846F4D543F04003A3814FF0FF30D8
:10A2500038BD184601F0D4FAB4F90C3018079AB298
:10A26000D9D4D1062AD5520714D4216943F0080362
:10A27000A3819AB20029D1D102F42070B0F5007FF9
:10A28000CCD02146284601F0C9FEB4F90C30216932
:10A290009AB2C3E7216B51B104F14002914204D05C
:10A2A000284601F0A9FBB4F90C3000222263216991
:10A2B0000022C4E9001223F02403D7E7092243F067
:10A2C00040032A604FF0FF30A38138BD38000020E2
:10A2D00070B4184C2568D5F848411CB365681F2D2B
:10A2E00025DC38B9AB1C0135656044F8231000202B
:10A2F00070BC704704EB850C0228CCF88820D4F899
:10A3000088614FF0010202FA05F246EA0206C4F83B
:10A310008861CCF80831E5D1D4F88C311343C4F806
:10A320008C31DFE705F5A674C5F84841D6E74FF054
:10A33000FF30DDE7786F01002DE9F84F2B4B1F68E8
:10A34000D7F848612DED028BC6B108EE100A8B4696
:10A350004FF001084FF000097468651E0ED40134F7
:10A3600006EB8404BBF1000F0CD0D4F800315B4540
:10A3700008D0013D6B1CA4F10404F3D1BDEC028BA9
:10A38000BDE8F88F73682268013BAB420CBF756073
:10A39000C4F80090002AECD0D6F88801D6F804A0C2
:10A3A00008FA05F101420BD190477268524513D16A
:10A3B000D7F84831B342DCD01E46002ECCD1DDE7C1
:10A3C000D6F88C0101420CD1D4F8801018EE100A96
:10A3D000904772685245EBD0D7F84861002EBBD148
:10A3E000CCE7D4F880009047DFE700BF786F01002A
:10A3F000024B13B10248FDF7FBB9704700000000A3
:10A400001D78000008B5062003F0C0F9012003F014
:10A4100019FE00BF000000002DE9F04F03690C6930
:10A42000A34283B0C0F28780013C01F11405A30070
:10A4300000F11408009355F8243058F82420013313
:10A4400081469A4208EB840005EB84070190B2FB39
:10A45000F3F63BD30023AE4640469B465EF804AB82
:10A4600002681FFA8AFC06FB0C334FEA134C4FEAD2
:10A470001A4A06FB0ACA1FFA83FCABEB0C0C1FFA44
:10A480008AF31CFA82FCC3EB124202EB2C421FFA45
:10A490008CFC4CEA0243774540F8043B4FEA224BE0
:10A4A0004FEA1A43DAD2009B58F8033073B9019B84
:10A4B000043B984504D307E0984504F1FF3403D2E8
:10A4C00053F80429002AF7D0C9F81040484602F092
:10A4D00055FC00282BDB01364046002355F8041BB1
:10A4E000D0F800C08AB29A1A0B0C12FA8CF2C3EBA5
:10A4F0001C4303EB224392B242EA0342AF4240F8CC
:10A50000042B4FEA2343E9D258F8242008EB8403B4
:10A510006AB9043B984504D307E0984504F1FF3439
:10A5200003D253F80429002AF7D0C9F81040304666
:10A5300003B0BDE8F08F002003B0BDE8F08F00BF8E
:10A540002DE9F04F2DED068B95B08DED020B0191AD
:10A55000016C249D099259EC108B0446069341B17D
:10A56000426C4A60012393408B6002F04BF9002358
:10A570002364B9F1000AB4BF012300232B607C4B94
:10A58000BCBF2AF0004ACDF80CA033EA0A0300F061
:10A59000B2809DED027B002251EC170BB0EE479A82
:10A5A000F0EE679A002304F073F9074680B1069A2B
:10A5B00001231360259B002B00F0DB826D4818609F
:10A5C000431E0093009815B0BDEC068BBDE8F08FDC
:10A5D00012AA13A92046B0EE490AF0EE690A02F069
:10A5E00025FDB0EE498AF0EE698A5FEA1A56054603
:10A5F00040F09980DDE912763E4406F23240202890
:10A6000040F3AB83C0F140000AFA00FA06F21240B0
:10A6100028FA00F04AEA000003F058FE0123013E48
:10A620000D93A1F1F871544B002203F011FD4AA3E0
:10A63000D3E9002303F0C4FE49A3D3E9002303F0C8
:10A6400009FD80463046894603F050FE46A3D3E913
:10A65000002303F0B5FE02460B464046494603F090
:10A66000F9FC8046894604F05BF90022834600230A
:10A670004046494604F016F9002840F06D82BBF1CF
:10A68000160F00F25C823D4B03EBCB03D3E90023B2
:10A6900051EC190B04F006F9002875D00023BE1BFD
:10A6A0000C93731E0BF1FF3B049300F14F820023C8
:10A6B0000893BBF1000F6EDA089BCDF814B0A3EB42
:10A6C0000B030893CBF100030B93019B092B4FF075
:10A6D000000B69D8052B40F33E83043B0193002611
:10A6E000019B023B032B00F29986DFE813F04E0436
:10A6F0004B0443042604069A42F20F73CAF3130A6A
:10A7000013605AEA08031DD1259B002B00F07D86BB
:10A710001B4B00930833259A0098136015B0BDECCD
:10A72000068BBDE8F08F18EE903AC3F3130351EC9B
:10A73000190B43F07F510D97A6F2FF36129F41F49B
:10A74000401170E7259B002B40F0DB830D4B0093FD
:10A7500038E700BFAFF3008061436F63A787D23F44
:10A76000B3C8608B288AC63FFB799F501344D33F00
:10A770000000F07FDD6F01000000F83FB0700100C5
:10A780000470010000700100BE1B731E049300F1F1
:10A790009A840C900890049B5B44CDE9043B002311
:10A7A0000B93019B092B95D9002301264FF0FF3213
:10A7B00001930A9607920993079B0F930021616406
:10A7C000204601F0F9FF0090002800F02F86009B42
:10A7D0002364079B0E2B00F2F980002E00F0F68018
:10A7E0000599002940F37184BD4B01F00F0203EB82
:10A7F000C2034FEA2118C905D3E9006740F1038479
:10A80000B84B51EC190BD3E9082303F003FF41ECDB
:10A81000180B08F00F084FF0030AB8F1000F13D01F
:10A82000DFF8C09218F0010F09D030463946D9E957
:10A83000002303F0C5FD0AF1010A06460F465FEA50
:10A84000680809F10809EDD151EC180B32463B4676
:10A8500003F0E0FE41EC1A0B0C9B5BB157EC1A6B5A
:10A86000A14B1AEE100A0022394604F01BF800280A
:10A8700040F05285504603F039FD53EC1A2B03F09B
:10A880009FFD9A4B002203F0E5FB079B8046A1F158
:10A890005079002B00F0F383059B1093079B0E93D8
:10A8A0000A9B002B00F0C0840E9A8D4B9049DDF876
:10A8B00000A003EBC20353E90223002003F0AAFE29
:10A8C00042464B4603F0C4FB59EC1A8B41EC180B83
:10A8D00049461AEE100A04F023F8074603F006FD75
:10A8E00002460B461AEE100A494603F0B1FB303718
:10A8F0000AF8017B53EC182B06460F4603F0D2FFF3
:10A90000002840F055854FF000080AEE105ACDF8A7
:10A9100044B055465BEC18AB08EE104A44462AE0BA
:10A920000E9B01349C424BDA724B50465946002232
:10A9300003F046FD6F4B002282468B463046394677
:10A9400003F03EFD8946804603F0EAFF074603F028
:10A95000CDFC02460B464046494603F079FB3037B2
:10A9600005F8017B52465B4606460F4603F09AFF08
:10A97000002840F0188532463B465B49002003F032
:10A9800067FB52465B4603F08DFF0028C8D0109B42
:10A99000009A0593AA4618EE104A1AEE105A02E0E1
:10A9A000924500F0EA84D1461AF8013D392BF7D0E0
:10A9B0000133DBB28AF80030059B01330593ABE12C
:10A9C000DDF844B01AEE105A18EE104A139B002B13
:10A9D000C0F29480059A0E2A00F39080404B03EB5E
:10A9E000C203D3E90089099B002B1BDA079B002BCC
:10A9F00018DC40F05D83404B00224046494603F09E
:10AA0000DFFC02460B4651EC190B03F055FFDDF855
:10AA10001CA05646002800F0D082099BDDF800807B
:10AA2000DF43D2E242464B4651EC190B03F0F2FDF4
:10AA300003F076FF0646834603F058FC42464B4639
:10AA400003F0BEFC0B46024651EC190B03F000FB71
:10AA5000DDF800A0334630330AF8013B079B012B99
:10AA600000F08E834FF0010B08EE105A08EE904A6A
:10AA70001D465446DA461DE042464B4630463946AE
:10AA800003F0C8FD03F04CFF834603F02FFC424661
:10AA90004B4603F095FC0AF1010A0B460246394683
:10AAA000304603F0D5FA0BF13003AA4504F8013B18
:10AAB00000F061830F4B002203F082FC0022002390
:10AAC00006460F4603F0E4FE0028D5D0A24618EE55
:10AAD000105A18EE904A059B01330593D1461BE1AD
:10AAE000B0700100A07101000000F03F00001C40A8
:10AAF0000000E03F00002440000014400A9A002AB1
:10AB00003FD0019A012A40F39C82079B03F1FF3852
:10AB10000B9B4345C0F26E82A3EB0808079B002BFA
:10AB2000C0F26683049A1A440492089A17461A449B
:10AB300008920121204601F06DFF064625E0012321
:10AB4000BE1B0C93731E04937FF5B1ADC6F10103D8
:10AB5000089300230493ACE5584603F0C7FB424634
:10AB60004B4603F095FE00287FF489AD0BF1FF3BC7
:10AB700085E5874B0093009815B0BDEC068BBDE8CA
:10AB8000F08FDDF82C80089F0A9E002F0CDD049AC0
:10AB9000002A09DD0899BA421346A8BF3B46C91AE4
:10ABA000FF1AD31A089104930B9BDBB10A9B002B6D
:10ABB00000F08282B8F1000F0FDD31464246204698
:10ABC00002F004F82A4601460646204601F050FFEE
:10ABD00029460546204601F015FE0B9BB3EB080203
:10ABE00040F000830121204601F014FFBBF1000F6B
:10ABF000824600F3B780019B012B40F386814FF022
:10AC000000080120BBF1000F40F0B880049A104406
:10AC100010F01F0000F09680C0F12003042B40F3D9
:10AC2000F883089BC0F11C000344024408930744C6
:10AC30000492089B002B05DD29461A46204602F0A7
:10AC400025F80546049B002B05DD51461A46204693
:10AC500002F01CF882460C9B002B40F03781079BCA
:10AC6000002B40F31E810A9B002B40F0A180059B26
:10AC700001330593DDF80080DDF81C90012707E023
:10AC8000294600230A22204601F0C6FD0137054669
:10AC900051462846FFF7C0FB4F4500F1300008F849
:10ACA000010BEDDB079A002AC8BF9346009AD8BF74
:10ACB0004FF0010B0346934400272946012220460A
:10ACC000019301F0E3FF5146054602F057F80028D2
:10ACD00040F3A5811BF8013C009A0BF1FF3B04E017
:10ACE0005A4500F0A7811BF8013D392B0BF10109F2
:10ACF000F6D001338BF800305146204601F082FD3A
:10AD000056B12FB1B74203D03946204601F07AFD43
:10AD10003146204601F076FD2946204601F072FDBD
:10AD2000002389F80030DDE905231A60259B002BFC
:10AD30003FF448AC0098C3F8009015B0BDEC068B0A
:10AD4000BDE8F08F1C20089B03440893049B034438
:10AD5000074404936DE70126C2E4C0F1200008FA1D
:10AD600000F059E401465A46204601F02FFF019BAE
:10AD7000012B824640F3D5814FF00008DAF81030FD
:10AD80000AEB8303186901F0F5FDC0F120003DE7EF
:10AD9000DC6F0100314600230A22204601F03CFD11
:10ADA0000F9B002B064640F32383CDF814900793A6
:10ADB000002F00F31881B8F1000F40F0FC81B0467D
:10ADC000029B009F079903F001027B1E1944019B1F
:10ADD0000A9213430891099351462846FFF71CFB3A
:10ADE00031468346284601F0C9FF42465146814616
:10ADF000204601F0E5FFC26801460BF13003002A4E
:10AE000042D104902846079301F0B8FF04990290BC
:10AE1000204601F0F7FC029A079B1AB9099900290C
:10AE200000F0D682B9F1000FC0F28781019949EA9A
:10AE300001090A9951EA090100F07F81002A00F313
:10AE4000E781089A3B7007F101099742CB4600F071
:10AE5000E581294600230A22204601F0DDFC464513
:10AE6000054631464FF000034FF00A02204612D04B
:10AE700001F0D2FC4146064600230A22204601F09A
:10AE8000CBFC4F468046A7E72046029301F0BAFC70
:10AE9000029B0122C6E701F0BFFC4F4606468046F2
:10AEA0009AE7019B022B77DC0A9B002B80D1059B44
:10AEB0005146013328460593FFF7AEFADDF800B09E
:10AEC00000F130030BF8013B0027F6E65146284617
:10AED00001F054FF0028BFF6C2AE294600230A2223
:10AEE000204601F099FC059B03F1FF390A9B0546BA
:10AEF000002B7FF44FAF0F9B002B40F37082079322
:10AF0000B8E6BD4B0093033305E4DDE902120029E6
:10AF10007FF475AEC2F31303002B7FF470AEB74B12
:10AF20001340002B00F03D82089B01330893049BE3
:10AF3000013304934FF0010863E601230A93099B50
:10AF4000059A13440F930133012B1F460793B8BF93
:10AF500001270021172F61647FF732AC01220423FF
:10AF60005B0003F11400B842114602F10102F7D967
:10AF7000616425E401230A93099F002F4ADD0F979E
:10AF80000797E6E700230A93D9E700230A93F3E73C
:10AF90000F9BCDF814900793079B002B7FF43DADDA
:10AFA00051460522204601F037FC014682462846DC
:10AFB00001F0E4FE00287FF730AD0098059F3123B3
:10AFC000804600F8013B013700905146204601F0D1
:10AFD00019FC7B1CDDF800900593CDF80080002E55
:10AFE0007FF496AE98E631463A46204601F04EFE92
:10AFF0000646E0E60B9BCDF82C80A8EB03039B44B0
:10B000004FF000088AE54FF0020AB0EE498AF0EEF0
:10B01000698A02E4012309930793FFF7CDBB03D1AB
:10B02000019BDB073FF556AED9461BF8013D302B9F
:10B03000FAD061E6059B009A013305933123137022
:10B040005AE60D9A002A00F0638103F23343049A12
:10B05000DDF82C801A440492089A17461A44089284
:10B0600067E5504603F042F953EC1A2B03F0A8F9B8
:10B07000634B002202F0EEFF8046A1F15079614B54
:10B08000002251EC1A0B02F0E3FF42464B46064603
:10B090000F4603F025FC002840F07F8130463946FA
:10B0A000424609F1004303F0FDFB00283FF48EAC5B
:10B0B0004FF0000A5646B0E429460B9A204601F0AC
:10B0C00085FD05468EE50C9040E500F04E81059A21
:10B0D0004D4B564206F00F0203EBC203D3E90023A7
:10B0E00051EC190B03F06CF9361141EC1A0B00F01E
:10B0F0008881464F00234FF0020AF20706D5D7E9B0
:10B10000002303F05DF90AF1010A0123761007F12B
:10B110000807F2D1002B3FF49FAB41EC1A0BFFF76D
:10B120009BBB029B002B7FF427AEDDE90212C2F32A
:10B130001303002B3FF4F3AE1EE6002A12DD29466E
:10B1400001222046019301F0A1FD5146054601F080
:10B1500015FE0028019B40F33581392B00F0138147
:10B160000BF13103B94609F8013B059B0133374622
:10B1700005934646C0E5A24618EE105A18EE904ACE
:10B1800002460B4602F066FF42464B4606460F4615
:10B1900003F0A6FB60B942464B463046394603F001
:10B1A00077FB00283FF497AC5FEACB717FF593AC57
:10B1B000009AFFF7F8BB7168204601F0FDFA0746D8
:10B1C000002800F03A81336902339A0006F10C013D
:10B1D0000C30FCF7B1FB39460122204601F056FD48
:10B1E0008046EDE52946204601F0F0FC0546F9E4ED
:10B1F000DDE907239F1A9CE4007001000000F07F46
:10B2000000001C4000001440B0700100A07101005B
:10B21000392B00F0B880B9460133A4E7059A013212
:10B2200037460592464648E50E988D4901EBC00128
:10B2300042464B4651E9020103F0C2F85AEC1A9B10
:10B2400041EC180B51461AEE100A03F069FB074651
:10B2500003F04CF802460B461AEE100A514602F073
:10B26000F7FE06460E98DDF800803037012808F812
:10B27000017B0F4600F0BA800E9B009ACDF838B0E3
:10B2800013449B46C246774B00223046394603F0B2
:10B2900097F88946804603F043FB074603F026F8FB
:10B2A000303702460B464046494602F0D1FE0AF8C6
:10B2B000017BDA4506460F46E5D1DA46DDF838B0BF
:10B2C000694B59EC188B002218EE100A494602F01F
:10B2D000C1FE32463B4603F0E5FA00286DD118EE78
:10B2E000102A4B466049002002F0B2FE32463B462F
:10B2F00003F0F6FA00283FF469ABD1460AF1FF3AB1
:10B3000019F8013C302BF8D0109B0133059303E56D
:10B31000129BC3F136039AE6079B002B3FF4A1AEC4
:10B320000F9B002B7FF752AB059A0E93013A4D4BC2
:10B3300010921AEE100A3946002203F041F8024634
:10B3400016460F460AF1010002F0D0FF32463B4696
:10B3500003F036F8454B002202F07CFE47EC1A6BF6
:10B360008046A1F15079FFF79BBA4FF0020AB0EE88
:10B3700049AAF0EE69AAFFF76FBA059B013305935E
:10B380003123FFF717BB059BBB46013305933923D8
:10B3900037460BF8013B46469EE44FF0000A5646FE
:10B3A0000BE698462DE4AA4618EE104A1AEE105AFB
:10B3B000109B01330593D146AEE4109B009A059390
:10B3C000FFF7F1BA7FF4CEAEDA077FF5CBAEC4E675
:10B3D000392BD8D0B9F1000F3FF7C2AEC2E6019BBE
:10B3E000022B3FF7D5ADCDF8149060E5C24667E774
:10B3F000019B022B3FF7CCAD0F9BCDF81490079328
:10B40000D6E44FF0020AFFF727BA194B0093FFF773
:10B41000D9B83FF40EACC0F13C0094E40026666459
:10B420003146204601F0C8F9009068B9114B124826
:10B4300000224FF4D571FCF7B5F90E4B0E483A4691
:10B4400040F2EA21FCF7AEF9009B236401224FF0A1
:10B45000FF3309960F930A920793FFF7B7BA00BF1D
:10B46000B0700100000024400000E03F00001C40DC
:10B47000047001001070010024700100B1F90C206B
:10B480002DE9F0410C461107804647D4636842F429
:10B490000062002BA2815EDDA56A002D58D000233A
:10B4A000D8F80060C8F8003093B212F4805256D138
:10B4B0000123E1694046A847431C67D0A389A56AD8
:10B4C0005F0705D56368C01A236B0BB1E36BC01A25
:10B4D000E169024600234046A847411C41D1D8F803
:10B4E0000030002B3DD01D2B01D0162B56D1A38947
:10B4F0002269226023F4006300216160A381216B33
:10B50000C8F8006021B304F14003994202D04046DC
:10B5100000F072FA00202063BDE8F0812669BEB118
:10B5200093B2256826609A070CBF63690023AD1BA0
:10B53000A3600BE02B463246E169676A4046B84794
:10B54000B0F1000CA5EB0C05664417DD002DF1DC15
:10B550000020BDE8F081E36B002B9DDCF8E7206D57
:10B56000AEE7B4F90C302269226023F40063A381B2
:10B570000022DB046260C2D52065C0E7A38943F0E6
:10B5800040034FF0FF30A381BDE8F081D8F80030D0
:10B59000002B93D01D2B06D0162B04D0A38943F08B
:10B5A0004003A381D5E7C8F80060D1E738B50D4660
:10B5B000044608B1836B1BB1B5F90C0030B938BD36
:10B5C00000F01EF9B5F90C000028F8D029462046F5
:10B5D000BDE83840FFF752BF38B5B8B10F4B1D6812
:10B5E00004460DB1AB6B4BB1B4F90C0000B938BDDA
:10B5F00021462846BDE83840FFF740BF284600F006
:10B60000FFF8B4F90C000028F1D0F1E7044B05492C
:10B610001868BDE8384000F08DBC00BF380000203D
:10B62000786F0100ADB5000000207047014900F0BF
:10B6300081BC00BF11DF0000002070472DE9F84FEA
:10B640002D4A4668C26300240323C0E9B843074675
:10B6500000F53B720423C0F8E8222146C6E9024304
:10B660000822C6E90044C6E904447466B46106F1E0
:10B670005C00FCF777FADFF88CB0BD68DFF888A0D3
:10B68000DFF88890DFF888801C4BC6F824A0C6E954
:10B69000076BC6F82890C6F82C800822EB60C5E935
:10B6A0000044C5E904446C66AC60AC61214605F118
:10B6B0005C00FCF757FAC5E9075BC5E909A9C5F8BD
:10B6C0002C80FD680E4BEB60C5E90044C5E90444DD
:10B6D0006C66AC60AC612146082205F15C00FCF7A9
:10B6E00041FA0123C5E9075BC5E90A98C5F824A01A
:10B6F000BB63BDE8F88F00BF2DB600000900010054
:10B70000120002000DD9000035D9000075D90000E3
:10B7100095D9000070B568224D1E02FB05F50E4656
:10B7200005F1740100F02AFD044640B100210C30FF
:10B73000C4E90016A06005F16802FCF713FA204680
:10B7400070BD00BF274B2DE9F0411E68B36B074663
:10B750005BB306F538764FF00408D6E90134013BB7
:10B7600004D51EE05A1C04F168041AD0B4F90C5038
:10B77000013B002DF6D11C4B6566C4E90055C4E9B8
:10B780000253C4E90455A5610822294604F15C006E
:10B79000FCF7E8F9C4E90C55C4E911552046BDE8A9
:10B7A000F08135682DB12E46D7E73046FFF746FFCA
:10B7B000CFE74FF4D671384600F0E0FC044668B19C
:10B7C0000560C0F804800C302946A06025464FF47F
:10B7D000D072FCF7C7F934602E46BEE70C23306008
:10B7E0003B60DBE7786F01000100FFFF024B03497C
:10B7F000186800F09FBB00BF786F010011DF0000E8
:10B80000836B03B1704719E7704700BF704700BFF3
:10B81000704700BF704700BF024B0349186800F033
:10B8200069BB00BF3800002029B60000024B034965
:10B83000186800F05FBB00BF3800002039B6000078
:10B840002DE9F04782B082468846144600F0B6FBE8
:10B85000012803D108F1FF33FE2B36D9424604F10B
:10B860005C0301A9504602F06DFA421C064632D034
:10B8700030B39DF804C00DF10509002509E02368E7
:10B880005A1C226083F800C00135B54218D219F85D
:10B8900001CBA368013B002BA360F0DAA769BB4290
:10B8A00061462246504602DBBCF10A0FE7D102F0A6
:10B8B000E5F9431CE8D10646304602B0BDE8F08702
:10B8C0004646304602B0BDE8F0875FFA88FC8DF846
:10B8D00004C00646CFE7A389304643F04003A38166
:10B8E00002B0BDE8F08700BFB2F90C3013F4005F7E
:10B8F0000BD110B4546E43F4005344F40054546616
:10B9000093815DF8044BFFF79BBFFFF799BF00BF22
:10B9100030B5104B1D680C4683B001460DB1AB6BC2
:10B920008BB1B4F90C309A0406D4626E43F4005320
:10B9300042F40052A38162662246284603B0BDE865
:10B940003040FFF77DBF01902846FFF759FF01996E
:10B95000E7E700BF38000020F8B5244F0C46064644
:10B9600000F026FFBA685568C4F57E630F3325F0F2
:10B9700003052B4423F47F6323F00F03A3F58054C6
:10B98000B4F5805F07DB0021304601F051FEBB6853
:10B990002B44984204D0304600F00CFF0020F8BD44
:10B9A0006142304601F044FE01300DD0104ABB68C0
:10B9B0002D1B45F001055D60136830461B1B1360AD
:10B9C00000F0F8FE0120F8BD0021304601F030FE05
:10B9D000BA68831A0F2BDEDD43F001035360054B79
:10B9E00003491B68C01A0860D5E700BFD4050020D2
:10B9F00064760020DC090020002961D0F8B50C46EF
:10BA0000064600F0D5FE54F8042C7B4FA4F108053F
:10BA100022F0010105EB010CB868DCF80430604548
:10BA200023F0030300F08B80D207CCF8043032D42B
:10BA300054F8082CAD1A1144AA6807F10800824294
:10BA40006AD00CEB0304D4F804E0EC68D4601EF078
:10BA5000010FA26000F0978041F001036B60CCF809
:10BA60000010B1F5007F35D27A68CB084809012172
:10BA7000013381401143796007EBC30257F833105B
:10BA8000083AC5E9021247F83350CD603046BDE8A8
:10BA9000F84000F08FBE0CEB03025268D00710D4C0
:10BAA000194407F10800DCF80830834273D0DCF851
:10BAB0000C20DA60936041F001036B606950D0E7BD
:10BAC000704741F00103B1F5007F44F8043CCCF825
:10BAD0000010C9D3B1F5206F4FEA512348D28B092A
:10BAE00003F1390003F13802C300F818FB58083895
:10BAF000984259D05A6822F003028A4202D99B68C0
:10BB00009842F7D1D868C5E902308560DD603046DB
:10BB1000BDE8F84000F04EBE0CEB03025268D207BD
:10BB200063D40B44DCE90212CA60916043F0010265
:10BB30006A603046EB50BDE8F84000F03BBE0B4475
:10BB4000D10707D454F8082CAD1A1344D5E90212D2
:10BB5000CA60916043F001026A60284ABD601268C1
:10BB60009A4293D8264B30461968FFF7F5FE8DE7C9
:10BB7000142B0AD9542B1FD80B0B03F16F0003F1C0
:10BB80006E02C300B1E719448DE703F15C0003F1D5
:10BB90005B02C300A9E741F00103C7E90455C5E909
:10BBA00002006B60695071E779689210012404FA11
:10BBB00002F20A437A60A6E7B3F5AA7F06D8CB0B58
:10BBC00003F1780003F17702C3008EE740F254528C
:10BBD000934206D88B0C03F17D0003F17C02C30075
:10BBE00083E74FF47E737E227FE741F001036B60B1
:10BBF000CCF800104AE700BFD4050020E00900207F
:10BC0000607600209368002B00F085802DE9F04FCE
:10BC1000B1F90C300C461907804683B0174698B22C
:10BC200025D523691BB310F002033D682DD04FF0DA
:10BC3000000ADFF8BCB25646B9465E453346524666
:10BC400028BF5B464046002E52D0E169676AB8477C
:10BC5000002856DDD9F808301B1A8244361AC9F874
:10BC60000830002BE9D1002003B0BDE8F08F214659
:10BC70004046FEF7C3FA002840F03681B4F90C3094
:10BC80003D6898B210F00203D1D110F0010944D1FF
:10BC90004E46009746B38205D4F808B040F1838041
:10BCA000B3455A4600F2B28010F4906F40F0BF8066
:10BCB000206801924946FBF7D9FEA368019AA3EBDD
:10BCC0000B012368A1601344B24623600026009B49
:10BCD0009868A0EB0A00D14498600028C3D0B4F95A
:10BCE0000C0080B2002ED6D1D5E900960835D1E7F8
:10BCF000D5E900A60835A0E721464046FFF756FCE7
:10BD000080B3B4F90C3043F040034FF0FF30A3810F
:10BD100003B0BDE8F08F002070471E46AA46994642
:10BD200018461D46009756B388B34A46D4E9041313
:10BD30002068B24228BF3246884205D9A16803EB89
:10BD4000010B5A4500F3A680934263DCE169676A00
:10BD50002A464046B847B0F1000BD2DDB9EB0B09DB
:10BD6000CAD00120009A9368A3EB0B035D44A6EBB5
:10BD70000B069360002B3FF476AF002ED4D10AF16E
:10BD8000080353E902569A460833002EF9D032468A
:10BD90000A21284600F0BCFC002800F09C800130FD
:10BDA000A0EB0509C1E720682369984216D86369AA
:10BDB000B34213D86FF00042B24228BF3246E16965
:10BDC00092FBF3F2676A02FB03F340464A46B84728
:10BDD000B0F1000A95DDA6EB0A0678E7B345DA462E
:10BDE00028BFB24652464946FBF740FEA368226888
:10BDF000A3EB0A035244A3602260002BEBD121463F
:10BE00004046FFF7D3FB0028E5D07AE72068B34629
:10BE100032464EE729460192FBF728FE019AA368B5
:10BE20009B1AA360236813442360934696E7236814
:10BE30002169A3EB010B636903EB430A0AEBDA7A8E
:10BE40000BF101034FEA6A0A33445345524684BF5B
:10BE50009A46524643052CD51146404600F08EF9CD
:10BE600000283BD05A4621690190FBF765FDA28965
:10BE7000019B22F4906242F08002A28103EB0B004E
:10BE80002361AAEB0B03C4F814A0A3602060B3469F
:10BE900032460EE729465A46FBF7E8FD23685B4425
:10BEA000236021464046FFF781FB00283FF456AF50
:10BEB00027E7404601F0D0F903460028DED121698A
:10BEC0004046FFF799FDB4F90C300C2223F08003B3
:10BED000C8F8002017E7721C914627E70C22B4F936
:10BEE0000C30C8F800200EE74FF0FF30BCE600BF72
:10BEF00000FCFF7F2DE9F041884600F538770026E9
:10BF0000D7E90154013D0FD4A389012B05F1FF3579
:10BF100006D9B4F90E300133204601D0C04706439C
:10BF20006B1C04F16804EFD13F68002FE8D1304664
:10BF3000BDE8F0812DE9F8430746884600F53876DC
:10BF40004FF00009D6E90154013D11D4A389012B1A
:10BF500005F1FF3508D9B4F90E300133214603D07D
:10BF60003846C04749EA00096B1C04F16804EDD16A
:10BF70003668002EE6D14846BDE8F88342B110B5D8
:10BF80000B491046144601F00FFD18B9094810BDC1
:10BF9000084870470749204601F006FD0028F5D003
:10BFA0000549204601F000FD0028EFD0002010BD1B
:10BFB0005C70010058700100406E0100014B93F865
:10BFC000280170476804002041B110B50C46204696
:10BFD0000A4901F0E9FC18B9094810BD0848704742
:10BFE0000749204601F0E0FC0028F5D0054920462D
:10BFF00001F0DAFC0028EFD0002010BD5C700100D9
:10C0000058700100406E0100F030704700487047E2
:10C010005805002000487047580500202DE9F041E0
:10C020008B890C46990796B008D504F14303012289
:10C03000C4E90432236016B0BDE8F081B4F90E10F3
:10C040000029064627DB6A4601F09AFF002821DB1B
:10C05000019D05F47045A5F50055B5FA85F54FF439
:10C0600080686D094FF400674146304600F086F85D
:10C07000B4F90C30F0B1204AF26343F08003C4F805
:10C080001480A3812060206135BB3B43A38116B09F
:10C09000BDE8F081A38913F0800519D04FF0400866
:10C0A0004146304600F06AF80025B4F90C302F46BE
:10C0B0000028E0D19A05BED423F0030304F1430223
:10C0C00043F002030121C4E90421A3812260B2E705
:10C0D0004FF480682F46C7E7B4F90E10304601F0E0
:10C0E00065FF10B9B4F90C30CFE7A38923F003033F
:10C0F00043F001031BB2C8E72DB6000070B50C4633
:10C10000B1F90E10002996B015461E4614DB6A469A
:10C1100001F036FF00280FDB019A02F47042A2F50D
:10C120000052B2FA82F24FF4806352094FF4006079
:10C1300032602B6016B070BDB4F90C10002311F002
:10C140008000336004D0402218462A6016B070BDCB
:10C150004FF480632B6016B070BD00BF024B0146E8
:10C16000186800F00BB800BF38000020024B0146F1
:10C170001868FFF741BC00BF380000202DE9F04FE0
:10C1800001F10B06162E83B0044624D8102900F2C4
:10C19000BA8000F00DFB102618220220B74F3A4457
:10C1A000A2F1080153688B4200F0BA805A68D9683E
:10C1B00022F003021A449D68E9608D60516841F0E5
:10C1C00001012046516003F1080500F0F3FA28460A
:10C1D00003B0BDE8F08F36F0070600F19480B1425D
:10C1E00000F2918000F0E4FAB6F5FC7FC0F0968191
:10C1F000730A00F08F80042B00F26B81B30903F106
:10C20000390003F1380CC3009C4F3B44A3F10805EF
:10C210005B689D4206D10CE0002980F22B81DB682F
:10C220009D4206D05A6822F00302911B0F29F3DDCC
:10C2300060463D69DFF848C265457CD06A6822F0F7
:10C240000302931B0F2B00F37781002BC7E904CC6B
:10C2500080F26881B2F5007F80F01681D30879689A
:10C2600001334FEA521E012202FA0EF20A4357F836
:10C2700033E0C5F808E007EBC3010839E9607A60EC
:10C2800047F83350CEF80C50831001219940914269
:10C2900057D8114206D120F003004900114200F1A5
:10C2A0000400FAD007EBC0094D468646D5F80C804D
:10C2B000454508D119E1002B80F22081D8F80C8087
:10C2C000454500F01281D8F8042022F00302931BA8
:10C2D0000F2BF0DD2046D8E9025408EB060146F0AA
:10C2E0000106C8F80460EC60A56043F00104C7E9EA
:10C2F0000411C1E902CC4C6048F8023000F05AFA4F
:10C3000008F1080502E00C2323600025284603B04D
:10C31000BDE8F08F4FF4007340204FF03F0C73E7FF
:10C32000D3689A4208BF02307FF440AF3D69DFF81E
:10C3300050C1654582D17A688310012199409142AC
:10C34000A7D9BD686B6823F00308464503D8A8EB5E
:10C3500006030F2B7EDCDFF82C91D7F80824D9F8E0
:10C3600000300132334405EB080A00F02F8103F559
:10C3700080530F3323F47F6B2BF00F0B594620466D
:10C3800001F056F9411C024600F0EF80824500F2B0
:10C39000EA80D9F804105944C9F804100B4600F09B
:10C3A0004B81D7F8081401311BBFA2EB0A0A534492
:10C3B000C7F80824C9F8043012F0070300F012810E
:10C3C000C3F108010A44C3F5805193440831A1EB3D
:10C3D0000B01C1F30B0A514620460192009301F074
:10C3E00027F9421CDDE9003200F04B81831A03EB90
:10C3F0000A0BD9F80400BA604BF001030AEB000104
:10C40000BD425360C9F8041000F02281B8F10F0F4B
:10C4100040F220816B68A8F10C0020F0070003F0C7
:10C42000010303436B604FF0050C2B180F28C3E981
:10C4300001CC00F22D8153681546D9F82C208A4290
:10C44000D9F8302038BFC9F82C108A4238BFC9F853
:10C4500030108CE0AA1943F0010346F001066E602B
:10C460002046BA60536000F0A5F90835284603B0AD
:10C47000BDE8F08FD9681A449DE600BFD4050020BE
:10C48000DC05002060760020B2F5206F4FEA5223D1
:10C4900063D3142B00F2B88003F15C01C9005B3355
:10C4A00007EB010E7958AEF1080E8E4500F0918031
:10C4B0004B6823F00303934202D989688E45F7D174
:10C4C000D1F80CE07A68C5E9021ECEF80850CD60BC
:10C4D000DAE6142B59D9542B00F29E80330B03F16A
:10C4E0006F0003F16E0CC3008EE60EF1010E1EF01C
:10C4F000030F05F108057FF4D9AE51E042444546EB
:10C500005368D8F80C1043F00103536055F8083F06
:10C510002046D9608B6000F04DF9F7E6F00806F18F
:10C5200008023BE62A442046536843F00103536067
:10C53000083500F03FF9E9E6A919204646F0010662
:10C5400043F001046E60C7E90411C1E902CC4C60FC
:10C55000AB5000F02FF90835D8E6930903F1390103
:10C56000C90038339CE7BD4260D0BD686B6823F0DA
:10C57000030B5E45ABEB060302D80F2B3FF76AAF08
:10C58000204600F017F90025C0E603F15C0003F136
:10C590005B0CC30038E659F808394B4540F09680EB
:10C5A00010F0030F00F1FF30F5D17B6823EA01039F
:10C5B0007B60490099423FF6C4AE19B9C1E6490013
:10C5C0000EF1040E1942FAD070466BE603F1100B1F
:10C5D000D4E69A104FF001087B6808FA02F21A4379
:10C5E0007A6070E702EB0B014942C1F30B0A514636
:10C5F00020460193009201F01BF8431CDDE9002363
:10C600007FF4F4AE9A46F4E6542B26D8130B03F1CC
:10C610006F01C9006E3343E7B3F5AA7F26D8F30B49
:10C6200003F1780003F1770CC300EDE5D9F804308D
:10C630005B44C9F80430B4E6CAF30B0000287FF469
:10C64000B0AEBD6808EB0B0343F001036B60F4E68A
:10C650001546F2E60123536092E7B3F5AA7F21D88D
:10C66000D30B03F17801C900773319E740F2545234
:10C67000934221D8B30C03F17D0003F17C0CC3007D
:10C68000C2E5083B9B44ABEB020B4FF0000AB0E65F
:10C6900005F108012046FFF7AFF9BD68D9F804108D
:10C6A0006B68CAE640F254518B420BD8930C03F1ED
:10C6B0007D01C9007C33F3E64FF47E737F204FF099
:10C6C0007E0CA1E54FF47E717E23E9E67B6870E77E
:10C6D00010B4034CD4F8E440A4465DF8044B604722
:10C6E0006804002082B049B15AB16BB113780B6075
:10C6F0001278101E18BF012002B0704701A9002A4D
:10C70000F3D1104602B070476FF00100F4E700BFAC
:10C7100001F0FF01102A2BDB10F0070F08D010F8F2
:10C72000013B013A8B422DD010F0070F42B3F6D1F6
:10C73000F0B441EA012141EA014122F007047FF00F
:10C7400000070023F0E80256083C85EA010586EA66
:10C75000010685FA47F5A3FA87F586FA47F6A5FAA2
:10C7600087F68EB9EED1F0BC01F0FF0102F00702AE
:10C7700032B110F8013B013A83EA010313B1F8D159
:10C780000020704701387047002D06BF354603383A
:10C79000073815F0010F07D1013015F4807F02BF73
:10C7A000013015F4C03F0130F0BC0138704700BFC4
:10C7B000704700BF704700BFC36C70B505460C469C
:10C7C0004BB153F8240080B1026843F824200023C1
:10C7D000C0E9033370BD2122042101F025FB03468B
:10C7E000E8640028EDD1002070BD012101FA04F6B3
:10C7F000721D9200284601F017FB0028F3D0C0E913
:10C800000146E4E731B1C36C4A6853F8220008607E
:10C8100043F82210704700BFF0B50C69064683B09C
:10C820000D4601F1140E0020DEF800101FFA81FC05
:10C8300002FB0C334FEA134C090C02FB01CC013014
:10C840009BB203EB0C4384424EF8043B4FEA1C437B
:10C85000EADC3BB1AA68A24207DD05EB84020134A1
:10C8600053612C61284603B0F0BD69680193013122
:10C870003046FFF7A1FF019B0746B8B12A69019333
:10C88000023205F10C0192000C30FBF755F8F26C06
:10C890006968019B52F82100286042F821503D460A
:10C8A00005EB8402013453612C61DBE7024B034842
:10C8B0003A46B521FAF776FF107001006870010062
:10C8C0002DE9F8430C4628491F46164603F1080295
:10C8D00081FB0231092F4FEAE2730546C3EB610386
:10C8E00039DD4FF0010C00214FEA4C0C634501F19A
:10C8F0000101F9DC2846FFF75FFF014668B3089B9A
:10C900004361092E4FF00103036112DC0A3409264A
:10C91000B7420BDDBE1B264414F8013B0A22303B14
:10C920002846FFF779FFA6420146F5D10846BDE843
:10C93000F88304F10909C846344418F8013B0A2277
:10C94000303B2846FFF768FFA0450146F5D1A6F128
:10C9500008044C44DCE70021CCE70A46034B0448BA
:10C96000CE21FAF71FFF00BF398EE33810700100A7
:10C9700068700100030C1B04D3B90004102310F0ED
:10C980007F4F04BF0002083310F0704F04BF000156
:10C99000043310F0404F04BF80000233002805DB51
:10C9A00010F0804F03F1010308BF202318467047A1
:10C9B0000023E4E7036813F00702014607D0DA0713
:10C9C0001FD4980721D55B080B600120704798B2EF
:10C9D000A0B11046DAB20AB908301B0A1A0704BF20
:10C9E0001B0904309A0704BF9B080230DA0703D4FE
:10C9F0005B0800F1010006D00B6070471B0C102093
:10CA0000E8E700207047202070479B080B60022059
:10CA1000704700BF38B5C36C04460D464BB158682B
:10CA2000B0B102685A6000220123C0E90435C26037
:10CA300038BD2122042101F0F7F90346E064002803
:10CA4000EDD1094B094800224FF4A071FAF7AAFE74
:10CA50001C220121204601F0E7F90028F1D0012233
:10CA60000223C0E90123DEE71070010068700100B5
:10CA70002DE9F04F0E691569AE4285B0884614461F
:10CA800005DB2A46234635460C4616469846A368DB
:10CA90006168AF19BB42B8BF0131FFF78DFE01904D
:10CAA000002800F08780019B03F1140909EB870A35
:10CAB000D14505D24B46002243F8042B9A45FBD8BA
:10CAC00008F1140808EB860B04F11403D8451A4644
:10CAD00003EB85055FD22B1B153B23F003030433C7
:10CAE0001534A54238BF0423CDE902A7AC461F4642
:10CAF000924605E0000C29D1C34509F1040948D943
:10CB000058F8040B85B2002DF4D056464C4600234D
:10CB100056F8040B216882B21FFA81FE05FB02EE73
:10CB2000000C0A0C734405FB002202EB13429BB27B
:10CB300043EA0243B44544F8043B4FEA1243E7D8C2
:10CB400049F8073058F8040C000CD5D0D9F800305B
:10CB5000544619464D4600222688090C00FB061152
:10CB60000A449BB243EA024345F8043B54F8046B81
:10CB70002968360C8BB200FB063303EB1243A44545
:10CB80004FEA1342E8D8C34549F8073009F10409D0
:10CB9000B6D8DDE902A7002F02DC05E0013F03D093
:10CBA0005AF8043D002BF9D0019B18461F6105B0CF
:10CBB000BDE8F08F034B0448019A40F25D11FAF78B
:10CBC000F1FD00BF107001006870010012F0030356
:10CBD0002DE9F0411446064632D10D46A41020D06E
:10CBE000D6F84880B8F1000F33D0E3074FF00007C4
:10CBF00007D4641015D0D8F80000A8B18046E30728
:10CC0000F7D5424629463046FFF732FFB5B169688D
:10CC1000F36C641053F821202A6043F82150054634
:10CC2000E9D12846BDE8F081424641463046FFF74B
:10CC30001FFFC8F8000007608046E0E70546D8E718
:10CC4000013B0F4A52F823200023FFF7E5FD05467C
:10CC5000C4E701213046FFF7AFFD804640B1012314
:10CC600040F27122C0E904320023B0640360BCE7E3
:10CC7000044B054842464FF4A071FAF793FD00BFFC
:10CC8000A070010010700100687001002DE9F047EC
:10CC90000C4690462669A368496806EB6216751C27
:10CCA0009D4207464FEA621904DD5B009D4201F197
:10CCB0000101FADC3846FFF77FFD8446002851D099
:10CCC000B9F1000F00F114000EDD09F105024FEA81
:10CCD000820E03460CEB8202002143F8041B9342B0
:10CCE000FBD1AEF114031844216904F1140318F0C8
:10CCF0001F0803EB81012DD0C8F1200986464FF0B3
:10CD0000000A1A6802FA08F242EA0A024EF8042BF4
:10CD100053F8042B994222FA09FAF2D80B1B153B5F
:10CD200023F00303043304F11502914238BF0423B6
:10CD3000BAF1000F18BF2E4640F803A0FB6C6268E2
:10CD4000CCF8106053F822102160604643F822406E
:10CD5000BDE8F087043853F8042B40F8042F9942BB
:10CD6000F9D8EBE7034B0448624640F2D911FAF7D1
:10CD700019FD00BF10700100687001000B69844646
:10CD80000069C01A16D10CF1140C14310CEB83029B
:10CD900010B401EB830301E0944508D252F8044D2E
:10CDA00053F8041D8C42F7D005D24FF0FF305DF8E8
:10CDB000044B7047704701205DF8044B704700BF7B
:10CDC0002DE9F84F0F691369FF1A002F0E469046A0
:10CDD0007AD101F11405143202EB830205EB8303CF
:10CDE00001E09D4273D253F8041D52F8044DA14254
:10CDF000F7D064D37168FFF7DFFC8146002872D05A
:10CE00003569D8F81020C76008F1140E06F1140037
:10CE100009F1140A06F1100C0EEB820200EB8507F3
:10CE2000564600215EF8044B5CF804BFA3B211FA29
:10CE30008BF1CB1A210CC1EB1B4101EB23419BB2BF
:10CE400043EA0143724546F8043B4FEA2141E9D8E1
:10CE5000A2EB0804153C08F11508424524F003062E
:10CE600006F1040638BF0426304424F0030238BF1C
:10CE7000002287425244B24416D95646044654F81A
:10CE8000043B11FA83F10A1402EB134289B241EA1E
:10CE90000243A74246F8043B4FEA2241EFD87A1EEC
:10CEA000101A20F00302524423B952F8043D013D08
:10CEB000002BFAD0C9F810504846BDE8F88F334629
:10CEC00001274646984695E7F9DB002792E70021BF
:10CED000FFF772FC814668B101220023C9E90423EF
:10CEE0004846BDE8F88F074B07484A464FF4107193
:10CEF000FAF758FC034B04484A4640F23221FAF74D
:10CF000051FC00BF107001006870010082B08DED0F
:10CF1000000B154B019A1340A3F15073002B05DD54
:10CF20000020194641EC100B02B070475B42B3F190
:10CF3000A07F4FEA235208DA4FF40023002043FA7F
:10CF400002F141EC100B02B07047143A1E2ADABF0E
:10CF50004FF0004323FA02F201220021104641EC77
:10CF6000100B02B0704700BF0000F07FF8B50469F5
:10CF700000F1140606EB8404271F54F8045C2846CD
:10CF8000FFF7F8FCC0F120030A280B6031DDBE4238
:10CF90001BD20B3854F8081C23D0C0F1200C85405C
:10CFA00021FA0CF72F43A4F1080547F07F53AE4256
:10CFB00043F4401336D2814054F80C0C20FA0CF0A4
:10CFC0000843024643EC102BF8BD0B3808D005FA95
:10CFD00000F040F07F53002043F440130246F1E795
:10CFE000014645F07F5343F440130A4643EC102BAF
:10CFF000F8BDC0F10B0C25FA0CF1BE4241F07F5395
:10D0000038BF54F8081C00F1150034BF21FA0CF1A8
:10D01000002105FA00F043F4401340EA010243EC1A
:10D02000102BF8BD01FA00F00246CBE72DE9F043E2
:10D03000884683B0012157EC106B1546FFF7BCFB07
:10D04000044600284FD0C7F30A59C7F31303B9F1B8
:10D05000000F01D043F48013002E019324D06846C2
:10D060000096FFF7A7FC002839D0DDE90013C0F1D6
:10D07000200203FA02F20A43C34062610193002BCB
:10D0800014BF02220122A3612261B9F1000F16D060
:10D09000A9F233430344C0F13500C8F800302860DA
:10D0A000204603B0BDE8F08301A8FFF783FC019B95
:10D0B0006361012220302261B9F1000FE8D104EB55
:10D0C0008203A0F23240C8F800001869FFF752FC52
:10D0D000C0EB42102860204603B0BDE8F083009BFF
:10D0E0006361019BCBE7034B0348224640F20A31C0
:10D0F000FAF758FB10700100687001002DE9F04349
:10D1000083B00E4669460746FFF730FF01A9304657
:10D1100055EC104BFFF72AFF3B693169591ADDE9DD
:10D120000023D31A03EB4113002B51EC100B0DDD40
:10D1300005EB03594D4602460B462046294601F0B1
:10D1400069FA41EC100B03B0BDE8F083C3EB033385
:10D1500001EB03573946EEE7172870B506460CDD9C
:10D160000A490B4D0020002422462B4601F028F9E5
:10D17000013EF9D141EC100B70BD064B03EBC0062C
:10D18000D6E9040141EC100B70BD00BF0000F03F78
:10D1900000002440A07001000139491101F1010C87
:10D1A000116902F1140303EB81018B4200EB8C0C3B
:10D1B00016D210B5A0F1040E53F8044B4EF8044FEC
:10D1C0009942F9D88B1A153B23F003030433184412
:10D1D000844504D9002340F8043B8445FBD810BDA6
:10D1E000844505D9002340F8043B8445FBD87047AB
:10D1F000704700BF03694A11934200F1140009DA35
:10D2000000EB830302E053F8042DCAB98342FAD835
:10D210000020704711DD11F01F010ED010B450F83E
:10D22000224000EB820324FA01F202FA01F18C425F
:10D230000CD001205DF8044B704700EB8203E5E75A
:10D240000120704753F8042D002AF2D18342F9D807
:10D2500000205DF8044B70472DE9F84F1746002970
:10D2600000F0988007F10B0580460C46FFF7A0FA06
:10D27000162D5DD810252A46AF425ED854F8041CFE
:10D2800021F003069642A4F1080962DABC4BD3F8F8
:10D2900008C009EB0600844500F09780D0F804C070
:10D2A0002CF0010303445B68DB0768D42CF0030C0B
:10D2B00006EB0C03934247DACB0710D454F8083C32
:10D2C000A9EB030ADAF8043023F003018C44B444D8
:10D2D000944580F211817318934280F2E8803946B8
:10D2E0004046FEF74BFF0746E0B154F8043C23F0FC
:10D2F00001034B44A0F10802934200F0D280321F98
:10D30000242A00F2F580132A00F2AC80034622465C
:10D31000116819605168596092689A6021464046C8
:10D32000FEF76AFB4046FFF745FA3846BDE8F88F3E
:10D3300025F00705002D2A469EDA0C23C8F8003098
:10D3400000273846BDE8F88F1E46D0E90223D36097
:10D350009A60731B0F2B22D8D9F8043003F0010315
:10D3600033434E44C9F80430736843F001037360DB
:10D3700040462746FFF71EFA3846BDE8F88FC90732
:10D38000ADD454F8083CA9EB030ADAF8041021F0F4
:10D390000301A0E7BDE8F84F1146FEF7EFBED9F84C
:10D3A000041001F001012943C9F8041009EB05013B
:10D3B0004E4443F001034B60736843F001030831AE
:10D3C00073604046FEF718FBD2E7DCF8040020F05B
:10D3D000030B06EB0B0C05F1100084454DDAC90771
:10D3E0003FF57DAF54F8081CA9EB010ADAF80410E8
:10D3F00021F003018B44B34458453FF76CAF5746C7
:10D40000DAF80C1057F8080F321F242AC160886020
:10D4100000F2DB80132A40F2D6802168CAF8081097
:10D420006168CAF80C101B2A00F2DF8008340AF188
:10D4300010022168116061685160A16891600AEB77
:10D440000501ABEB050242F0010299604A60DAF88F
:10D45000043003F001031D434046CAF80450FFF7AF
:10D46000A9F96EE723680360636843601B2A68D8E4
:10D4700004F1080200F108034AE709EB05029A608B
:10D48000ACEB050343F00103536054F8043C03F094
:10D4900001031D43404644F8045CFFF78BF927461F
:10D4A0004FE750F8043C23F003031E4451E757466E
:10D4B000DAF80C1057F8080F321F242AC160886070
:10D4C0004CD8132A48D92168CAF808106168CAF8EC
:10D4D0000C101B2A56D808340AF110021E46236885
:10D4E000136063685360A3689360D1463C4630E79D
:10D4F0002146FAF7BBFA11E7D0E902135746CB6091
:10D50000996057F8081FDAF80C30CB60321F242AD4
:10D5100099602DD8132A29D92368CAF8083063687E
:10D52000CAF80C301B2A42D808340AF110032268CA
:10D530001A6062685A60A2689A606646D1463C46A4
:10D5400007E7A3688360E368C360242A26D004F158
:10D55000100200F11003DBE63A46BFE721463846E9
:10D560001E46D146FAF782FA3C46F2E63B46DEE733
:10D57000214638466646D146FAF778FA3C46E8E650
:10D58000D4050020A168CAF81010E168CAF8141088
:10D59000242A20D010340AF118029FE7236903617E
:10D5A0006169416104F1180200F11803B0E6A36853
:10D5B000CAF81030E368CAF81430242A21D0103495
:10D5C0000AF11803B3E73A4633E721463846FAF73B
:10D5D0004DFA164B33E72269CAF818206269CAF877
:10D5E0001C2018340AF1200278E7A168CAF810104C
:10D5F000E168CAF81410242A0DD010340AF1180278
:10D6000017E72369CAF818306369CAF81C30183460
:10D610000AF120038BE72269CAF818206269CAF868
:10D620001C2018340AF1200203E700BFD4050020B3
:10D6300038B5074D0022044608462A6000F0F4FC85
:10D64000431C00D038BD2B68002BFBD0236038BDB5
:10D650009476002038B5D0F8DC420CB1002038BDFB
:10D6600080210546FEF78AFD0246C5F8DC0230B18E
:10D67000031F7C3243F8044F9342FBD1EEE74FF097
:10D68000FF3038BD1F29F8B5054609D8D0F8DC624F
:10D690000C4617464EB156F8240046F82470F8BDE3
:10D6A000162303604FF0FF30F8BD8021FEF766FDC2
:10D6B0000646C5F8DC0240B1031F00F17C050021DD
:10D6C00043F8041F9D42FBD1E5E74FF0FF30F8BD62
:10D6D0001F2938B5054621D8D0F8DC220C466AB19E
:10D6E00052F8213053B1012B16D0591C10D000250F
:10D6F000204642F824509847284638BD284600F076
:10D7000003F9224601462846BDE8384000F0E6B855
:10D7100016230360012038BD002038BD16230360A6
:10D720004FF0FF3038BD00BF1F292CD8D0F8DC22C5
:10D7300038B50C46054682B152F8243002EB84021B
:10D740004BB1591C1AD0012B16D00025204615606C
:10D750009847284638BD012038BD8021FEF70EFDD0
:10D760000246C5F8DC0258B1031F00217C3043F8A3
:10D77000041F9842FBD1DFE7032038BD022038BDEB
:10D780004FF0FF3038BD4FF0FF30704738B5154BC4
:10D790001F281D6820D8D5F8DC22044662B152F853
:10D7A00020304BB1012B15D0591C0FD0002542F869
:10D7B00020509847284638BD284600F0A5F8224654
:10D7C00001462846BDE8384000F088B816232B6093
:10D7D000012038BD002038BD16232B604FF0FF30EC
:10D7E00038BD00BF38000020134B1F2870B51E68DD
:10D7F00009D80D46D6F8DC12044649B151F8240088
:10D8000041F8245070BD162333604FF0FF3070BDD7
:10D8100080213046FEF7B2FC0146C6F8DC0240B17A
:10D82000031F00F17C0C002243F8042F6345FBD159
:10D83000E4E74FF0FF3070BD3800002038B50C4BE6
:10D840001D68D5F8DC420CB1002038BD8021284687
:10D85000FEF794FCC5F8DC0238B1031F00F17C022E
:10D8600043F8044F9342FBD1EEE74FF0FF3038BD51
:10D870003800002038B5184B1F281D6828D8D5F867
:10D88000DC22044682B152F8243002EB84024BB110
:10D89000591C1BD0012B17D0002520461560984736
:10D8A000284638BD012038BD80212846FEF766FC99
:10D8B0000246C5F8DC0258B1031F00217C3043F852
:10D8C000041F8342FBD1DEE7032038BD022038BDB0
:10D8D0004FF0FF3038BD00BF3800002070B50C4657
:10D8E000084D03460026204611461C462E60F3F7DD
:10D8F000BBF9431C00D070BD2B68002BFBD023600C
:10D9000070BD00BF94760020F3F7ACB910B50C469B
:10D91000B1F90E1000F072FB002803DB236D034405
:10D92000236510BDA38923F48053A38110BD00BFDC
:10D93000002070472DE9F0410C46B1F90C101F464C
:10D94000CB05054616460BD421F48051A1813B46F8
:10D95000B4F90E1032462846BDE8F04100F04EBA48
:10D96000B4F90E100223002200F032FBB4F90C10BF
:10D97000EAE700BF10B50C46B1F90E1000F028FB25
:10D98000A389421C0EBF23F4805343F480532065C7
:10D99000A38110BDB1F90E1000F076BA00000000AE
:10D9A000A2EB0300704700BF02780B78012A28BF62
:10D9B0009A42F5D16DE9044540EA0104CDE90267D8
:10D9C0006FF0000C4FEA447212B380EA010414F0C5
:10D9D000070F6AD100F0070420F0070004F00305E8
:10D9E00021F007014FEAC505F0E8042314F0040F05
:10D9F000F1E804670CFA05F462EA040266EA040638
:10DA00000AD063EA0403624667EA0407664603E055
:10DA1000F0E80423F1E8046782FA4CF582EA060490
:10DA2000A4FA8CF46CBB83FA4CF583EA0705A5FADB
:10DA30008CF595B950E9022351E9026782FA4CF559
:10DA400082EA0604A4FA8CF483FA4CF583EA07050B
:10DA5000A5FA8CF52543DBD09CB92DBAB5FA85F42F
:10DA600024F0070427FA04F1DDE9026723FA04F33E
:10DA700003F0FF0001F0FF01FDE80445A0EB010009
:10DA8000704724BAB4FA84F424F0070426FA04F1A7
:10DA9000DDE9026722FA04F202F0FF0001F0FF0163
:10DAA000FDE80445A0EB0100704714F0030F3CD1E2
:10DAB00010F0030428D150F8082B51F8083B82FAE3
:10DAC0004CF582EA0305A5FA8CF55DB950F8042CF3
:10DAD00051F8043C82FA4CF582EA0305A5FA8CF56C
:10DAE000002DE8D02DBAB5FA85F424F0070423FA06
:10DAF00004F122FA04F202F0FF0001F0FF01FDE858
:10DB00000445A0EB010070474FEAC40420F0030075
:10DB100050F8082B21F0030151F8083B0CFA04F4EB
:10DB200062EA040263EA0403C9E710F003041AD0AE
:10DB3000A1EB040120F00300E40750F8042B06D009
:10DB40000FD28B785FFAA2F4E41A06D12BB1CB780E
:10DB50005FFAB2F4E41A00D11BB920465DF8104B0D
:10DB6000704701F1040150F8042BCC0721F00301A8
:10DB700051F8043B48D824D222F07F4482FA4CF575
:10DB800094EA1325A5FA8CF50AD165B951F8043B3E
:10DB900084EA0204B4EB036F0ED150F8042BEBE7D8
:10DBA0004FEA132355E035F07F454DD10878FDE865
:10DBB0000445C0F1000070474FEA126203F0FF0312
:10DBC00047E002EA1C4482FA4CF594EA1345A5FAB0
:10DBD0008CF50AD165B951F8043B84EA0204B4EB30
:10DBE000034F0CD150F8042BEBE74FEA134330E01E
:10DBF00015EA1C4528D10B884FEA124229E04FEA6A
:10DC0000124203EA1C4324E002F0FF0482FA4CF5BE
:10DC100094EA1365A5FA8CF50AD165B951F8043B6D
:10DC200084EA0204B4EB032F09D150F8042BEBE78C
:10DC30004FEA13630DE015F0FF0F05D10B684FEAB3
:10DC4000122223F07F4304E04FF00000FDE804457A
:10DC5000704712BA1BBA82FA4CF482EA0304A4FA9F
:10DC60008CF5B5FA85F402FA04F203FA04F34FEAEC
:10DC70001260FDE80445A0EB13607047F8B50D464F
:10DC80001446064610B1836B002B43D0B4F90C2028
:10DC9000A369A360170790B21BD52369CBB1EDB27E
:10DCA00081042F4622D522686169D31A994229DD61
:10DCB0000133A1680139A160511C216015706269AE
:10DCC0009A422AD0A389DB0701D50A2D25D03846F0
:10DCD000F8BD21463046FCF791FA20BBB4F90C2080
:10DCE000236990B2EDB281042F46DCD442F4005295
:10DCF000A281626E616922F4005262662268D31AC0
:10DD00009942D5DC21463046FDF750FC58B92268CF
:10DD10000123CEE7FDF774FDB8E721463046FDF755
:10DD200045FC0028D3D04FF0FF37D0E710B4044CA7
:10DD300003460A4620685DF8044B1946FFF79EBF6C
:10DD40003800002070B5054684B01C4639B10B4E32
:10DD5000D6F8E060B047431C09D004B070BD0A4655
:10DD60000649D1F8E06001A9B047431CF5D1002273
:10DD70008A2322602B6004B070BD00BF68040020BD
:10DD800070B5104B84B01D68144658B10E4B0A464E
:10DD9000D3F8E060014623462846B047431C0BD029
:10DDA00004B070BD084A2346D2F8E06001A90246DB
:10DDB0002846B047431CF3D100228A2322602B60FF
:10DDC00004B070BD380000206804002010B4034C7B
:10DDD000D4F8E040A4465DF8044B60476804002096
:10DDE00049B1FF2A02D80A70012070478A230360D4
:10DDF0004FF0FF3070470846704700BF38B50C46FB
:10DE0000084D8446114620461A4600232B6064467E
:10DE1000F2F7CAFF431C00D038BD2B68002BFBD0A3
:10DE2000236038BD9476002010B502FB01F1FEF7A7
:10DE3000A5F9044668B150F8042C22F00302043A14
:10DE4000242A18D8132A06D802460023C2E9003330
:10DE50009360204610BD00231B2AC0E900330FD970
:10DE6000242AC0E9023311BF00F11002036100F15E
:10DE700018024361E9E70021F9F774FE204610BD5E
:10DE800000F10802E1E700BF38B5074D0022044663
:10DE900008462A60F2F7E4FE431C00D038BD2B6828
:10DEA000002BFBD0236038BD9476002070B50C4663
:10DEB0000646FDF7E3FAE36A054633B1E169304609
:10DEC00098470028B8BF4FF0FF35A3891B0619D427
:10DED000216B41B104F14003994202D03046FDF775
:10DEE0008BFD00232363616C21B13046FDF784FD77
:10DEF00000236364FDF788FC0023A381FDF786FC03
:10DF0000284670BD21693046FDF776FDE0E700BF89
:10DF1000B1B138B504460D4608B1836B4BB1B5F9C4
:10DF20000C300BB9002038BD29462046BDE83840EA
:10DF3000BCE7FDF765FCB5F90C30002BF2D0F3E738
:10DF400000207047C0B138B50C4B1D6804460DB1B8
:10DF5000AB6B4BB1B4F90C300BB9002038BD214686
:10DF60002846BDE83840A1E72846FDF749FCB4F94A
:10DF70000C30002BF1D0F2E7002070473800002071
:10DF800070B50C46084D03460026204611461C4637
:10DF90002E60F2F766FE431C00D070BD2B68002B8C
:10DFA000FBD0236070BD00BF9476002038B5074DCC
:10DFB0000022044608462A60F2F755FE431C00D0B2
:10DFC00038BD2B68002BFBD0236038BD9476002031
:10DFD00038B50C46084D8446114620461A460023A3
:10DFE0002B606446F2F741FE431C00D038BD2B681D
:10DFF000002BFBD0236038BD9476002038B50C464A
:10E00000084D8446114620461A4600232B6064467C
:10E01000F2F7E0FE431C00D038BD2B68002BFBD08C
:10E02000236038BD94760020044A05491368002B0C
:10E0300008BF0B46184410601846704798760020B9
:10E04000A0760020FEE700BF81F0004102E000BFA3
:10E0500083F0004330B54FEA41044FEA430594EAA8
:10E06000050F08BF90EA020F1FBF54EA000C55EAE3
:10E07000020C7FEA645C7FEA655C00F0E2804FEAB4
:10E080005454D4EB5555B8BF6D420CDD2C4480EA96
:10E09000020281EA030382EA000083EA010180EAC6
:10E0A000020281EA0303362D88BF30BD11F0004F14
:10E0B0004FEA01314FF4801C4CEA113102D040424A
:10E0C00061EB410113F0004F4FEA03334CEA133385
:10E0D00002D0524263EB430394EA050F00F0A7809D
:10E0E000A4F10104D5F1200E0DDB02FA0EFC22FA98
:10E0F00005F2801841F1000103FA0EF2801843FA8C
:10E1000005F359410EE0A5F120050EF1200E012A7C
:10E1100003FA0EFC28BF4CF0020C43FA05F3C018BA
:10E1200051EBE37101F0004507D54FF0000EDCF133
:10E13000000C7EEB00006EEB0101B1F5801F1BD3DC
:10E14000B1F5001F0CD349085FEA30004FEA3C0CE0
:10E1500004F101044FEA445212F5800F80F09A80D6
:10E16000BCF1004F08BF5FEA500C50F1000041EBDA
:10E17000045141EA050130BD5FEA4C0C404141EBDE
:10E180000101013C28BFB1F5801FE9D291F0000FD9
:10E1900004BF01460020B1FA81F308BF2033A3F188
:10E1A0000B03B3F120020CDA0C3208DD02F1140C7F
:10E1B000C2F10C0201FA0CF021FA02F10CE002F1BA
:10E1C0001402D8BFC2F1200C01FA02F120FA0CFCB3
:10E1D000DCBF41EA0C019040E41AA2BF01EB0451FC
:10E1E000294330BD6FEA04041F3C1CDA0C340EDCFA
:10E1F00004F11404C4F1200220FA04F001FA02F33D
:10E2000040EA030021FA04F345EA030130BDC4F1FA
:10E210000C04C4F1200220FA02F001FA04F340EAEF
:10E220000300294630BD21FA04F0294630BD94F0A0
:10E23000000F83F4801306BF81F480110134013D87
:10E240004EE77FEA645C18BF7FEA655C29D094EAF8
:10E25000050F08BF90EA020F05D054EA000C04BF76
:10E260001946104630BD91EA030F1EBF0021002061
:10E2700030BD5FEA545C05D14000494128BF41F000
:10E28000004130BD14F580043CBF01F5801130BD64
:10E2900001F0004545F0FE4141F470014FF00000EF
:10E2A00030BD7FEA645C1ABF194610467FEA655CA0
:10E2B0001CBF0B46024650EA013406BF52EA033542
:10E2C00091EA030F41F4002130BD00BF90F0000F30
:10E2D00004BF0021704730B54FF4806404F132046C
:10E2E0004FF000054FF0000150E700BF90F0000F25
:10E2F00004BF0021704730B54FF4806404F132044C
:10E3000010F0004548BF40424FF000013EE700BF1B
:10E3100042004FEAE2014FEA31014FEA02701FBFAB
:10E3200012F07F4393F07F4F81F06051704732F0DD
:10E330007F4208BF704793F07F4F04BF41F4002134
:10E34000704730B54FF4607401F0004521F0004192
:10E350001CE700BF50EA010208BF704730B54FF01C
:10E3600000050AE050EA010208BF704730B511F01D
:10E37000004502D5404261EB41014FF4806404F155
:10E3800032045FEA915C3FF4D8AE4FF003025FEADB
:10E39000DC0C18BF03325FEADC0C18BF033202EB5F
:10E3A000DC02C2F1200300FA03FC20FA02F001FAB9
:10E3B00003FE40EA0E0021FA02F11444BDE600BF5C
:10E3C00070B54FF0FF0C4CF4E06C1CEA11541DBF0B
:10E3D0001CEA135594EA0C0F95EA0C0F00F0DEF8D6
:10E3E0002C4481EA030621EA4C5123EA4C5350EABB
:10E3F000013518BF52EA033541F4801143F480130C
:10E4000038D0A0FB02CE4FF00005E1FB02E506F09C
:10E410000042E0FB03E54FF00006E1FB03569CF0F1
:10E42000000F18BF4EF0010EA4F1FF04B6F5007FF7
:10E4300064F5407404D25FEA4E0E6D4146EB060669
:10E4400042EAC62141EA55514FEAC52040EA5E50F2
:10E450004FEACE2EB4F1FD0C88BFBCF5E06F1ED89C
:10E46000BEF1004F08BF5FEA500E50F1000041EBD3
:10E47000045170BD06F0004646EA010140EA020080
:10E4800081EA0301B4EB5C04C2BFD4EB0C0541EAA2
:10E49000045170BD41F480114FF0000E013C00F3B7
:10E4A000AB8014F1360FDEBF002001F0004170BDDB
:10E4B000C4F10004203C35DA0C341BDC04F11404F4
:10E4C000C4F1200500FA05F320FA04F001FA05F280
:10E4D00040EA020001F0004221F0004110EBD3704D
:10E4E00021FA04F642EB06015EEA430E08BF20EA79
:10E4F000D37070BDC4F10C04C4F1200500FA04F31C
:10E5000020FA05F001FA04F240EA020001F00041AD
:10E5100010EBD37041F100015EEA430E08BF20EA20
:10E52000D37070BDC4F1200500FA05F24EEA020E68
:10E5300020FA04F301FA05F243EA020321FA04F097
:10E5400001F0004121FA04F220EA020000EBD3704E
:10E550005EEA430E08BF20EAD37070BD94F0000F4E
:10E560000FD101F00046400041EB010111F4801F82
:10E5700008BF013CF7D041EA060195F0000F18BF33
:10E58000704703F00046520043EB030313F4801F6F
:10E5900008BF013DF7D043EA0603704794EA0C0F29
:10E5A0000CEA135518BF95EA0C0F0CD050EA41063F
:10E5B00018BF52EA4306D1D181EA030101F00041BC
:10E5C0004FF0000070BD50EA410606BF10461946E4
:10E5D00052EA430619D094EA0C0F02D150EA0136F0
:10E5E00013D195EA0C0F05D152EA03361CBF104631
:10E5F00019460AD181EA030101F0004141F0FE41D0
:10E6000041F470014FF0000070BD41F0FE4141F453
:10E61000780170BD70B54FF0FF0C4CF4E06C1CEA53
:10E6200011541DBF1CEA135594EA0C0F95EA0C0F08
:10E6300000F0A7F8A4EB050481EA030E52EA0335C3
:10E640004FEA013100F088804FEA03334FF08055E4
:10E6500045EA131343EA12634FEA022245EA111511
:10E6600045EA10654FEA00260EF000419D4208BFC2
:10E67000964244F1FD0404F5407402D25B084FEA6F
:10E680003202B61A65EB03055B084FEA32024FF41B
:10E6900080104FF4002CB6EB020E75EB030E22BF78
:10E6A000B61A754640EA0C005B084FEA3202B6EB38
:10E6B000020E75EB030E22BFB61A754640EA5C00E7
:10E6C0005B084FEA3202B6EB020E75EB030E22BF77
:10E6D000B61A754640EA9C005B084FEA3202B6EB78
:10E6E000020E75EB030E22BFB61A754640EADC0037
:10E6F00055EA060E18D04FEA051545EA16754FEA99
:10E7000006164FEAC30343EA52734FEAC2025FEAB6
:10E710001C1CC0D111F4801F0BD141EA00014FF045
:10E7200000004FF0004CB6E711F4801F04BF014316
:10E730000020B4F1FD0C88BFBCF5E06F3FF6AFAE32
:10E74000B5EB030C04BFB6EB020C5FEA500C50F1C2
:10E75000000041EB045170BD0EF0004E4EEA113145
:10E7600014EB5C04C2BFD4EB0C0541EA045170BD4C
:10E7700041F480114FF0000E013C90E645EA060E90
:10E780008DE60CEA135594EA0C0F08BF95EA0C0FBE
:10E790003FF43BAF94EA0C0F0AD150EA01347FF406
:10E7A00034AF95EA0C0F7FF425AF104619462CE7DD
:10E7B00095EA0C0F06D152EA03353FF4FDAE104640
:10E7C000194622E750EA410618BF52EA43067FF491
:10E7D000C5AE50EA41047FF40DAF52EA43057FF421
:10E7E000EBAE12E74FF0FF3C06E000BF4FF0010C2C
:10E7F00002E000BF4FF0010C4DF804CD4FEA410C90
:10E800007FEA6C5C4FEA430C18BF7FEA6C5C1BD05C
:10E8100001B050EA410C0CBF52EA430C91EA030FDD
:10E8200002BF90EA020F0020704710F1000F91EA3A
:10E83000030F58BF994208BF90422CBFD8176FEA08
:10E84000E37040F0010070474FEA410C7FEA6C5CD6
:10E8500002D150EA013C07D14FEA430C7FEA6C5CDD
:10E86000D6D152EA033CD3D05DF8040B704700BF09
:10E870008446104662468C461946634600E000BF57
:10E8800001B5FFF7B7FF002848BF10F1000F01BD29
:10E890004DF808EDFFF7F4FF0CBF012000205DF8F4
:10E8A00008FB00BF4DF808EDFFF7EAFF34BF012079
:10E8B00000205DF808FB00BF4DF808EDFFF7E0FF12
:10E8C00094BF012000205DF808FB00BF4DF808ED63
:10E8D000FFF7CEFF94BF012000205DF808FB00BFCA
:10E8E0004DF808EDFFF7C4FF34BF012000205DF8AC
:10E8F00008FB00BF4FEA410C7FEA6C5C02D150EA92
:10E90000013C0AD14FEA430C7FEA6C5C02D152EA27
:10E91000033C02D14FF0000070474FF001007047F8
:10E920004FEA410212F5001215D211D56FF4787337
:10E93000B3EB625212D94FEAC12343F0004343EADA
:10E94000505311F0004F23FA02F018BF40427047B5
:10E950004FF00000704750EA013005D111F000403F
:10E9600008BF6FF0004070474FF00000704700BFD5
:10E970007BB972B90029BEBF00204FF0004106E00C
:10E9800008BF00281CBF6FF000414FF0FF3000F0BF
:10E99000BFB9ADF1080C6DE904CE002909DB002BED
:10E9A0001ADB00F04DF8DDF804E0DDE9022304B0E5
:10E9B0007047404261EB4101002B1BDB00F040F847
:10E9C000DDF804E0DDE9022304B0404261EB4101DF
:10E9D000524263EB43037047524263EB430300F040
:10E9E0002FF8DDF804E0DDE9022304B0404261EBDA
:10E9F00041017047524263EB430300F021F8DDF818
:10EA000004E0DDE9022304B0524263EB43037047A4
:10EA100053B94AB9002908BF00281CBF4FF0FF3185
:10EA20004FF0FF3000F074B9ADF1080C6DE904CE81
:10EA300000F006F8DDF804E0DDE9022304B07047D9
:10EA40002DE9F047089D04468E46002B4DD18A42A1
:10EA5000944669D9B2FA82F252B101FA02F3C2F1D4
:10EA6000200120FA01F10CFA02FC41EA030E944065
:10EA70004FEA1C48210CBEFBF8F61FFA8CF708FB86
:10EA800016E341EA034306FB07F199420AD91CEB5E
:10EA9000030306F1FF3080F01F81994240F21C8190
:10EAA000023E63445B1AA4B2B3FBF8F008FB1033D8
:10EAB00044EA034400FB07F7A7420AD91CEB04040D
:10EAC00000F1FF3380F00A81A74240F207816444DD
:10EAD000023840EA0640E41B00261DB1D440002362
:10EAE000C5E900433146BDE8F0878B4209D9002DC6
:10EAF00000F0EF800026C5E9000130463146BDE850
:10EB0000F087B3FA83F6002E4AD18B4202D38242B9
:10EB100000F2F980841A61EB030301209E46002D68
:10EB2000E0D0C5E9004EDDE702B9FFDEB2FA82F2BD
:10EB3000002A40F09280A1EB0C014FEA1C471FFA1B
:10EB40008CFE0126200CB1FBF7F307FB131140EA02
:10EB500001410EFB03F0884208D91CEB010103F1CF
:10EB6000FF3802D2884200F2CB804346091AA4B291
:10EB7000B1FBF7F007FB101144EA01440EFB00FE65
:10EB8000A64508D91CEB040400F1FF3102D2A645CA
:10EB900000F2BB800846A4EB0E0440EA03409CE769
:10EBA000C6F12007B34022FA07FC4CEA030C20FA16
:10EBB00007F401FA06F31C43F9404FEA1C4900FA36
:10EBC00006F3B1FBF9F8200C1FFA8CFE09FB1811B3
:10EBD00040EA014108FB0EF0884202FA06F20BD926
:10EBE0001CEB010108F1FF3A80F08880884240F276
:10EBF0008580A8F102086144091AA4B2B1FBF9F0BA
:10EC000009FB101144EA014100FB0EFE8E4508D9B4
:10EC10001CEB010100F1FF346CD28E456AD9023839
:10EC2000614440EA0840A0FB0294A1EB0E01A1421E
:10EC3000C846A64656D353D05DB1B3EB080261EB8C
:10EC40000E0101FA07F722FA06F3F1401F43C5E966
:10EC5000007100263146BDE8F087C2F12003D8409C
:10EC60000CFA02FC21FA03F3914001434FEA1C47DE
:10EC70001FFA8CFEB3FBF7F007FB10360B0C43EAD0
:10EC8000064300FB0EF69E4204FA02F408D91CEB80
:10EC9000030300F1FF382FD29E422DD9023863447E
:10ECA0009B1B89B2B3FBF7F607FB163341EA03411E
:10ECB00006FB0EF38B4208D91CEB010106F1FF386D
:10ECC00016D28B4214D9023E6144C91A46EA004664
:10ECD00038E72E46284605E70646E3E61846F8E6F6
:10ECE0004B45A9D2B9EB020864EB0C0E0138A3E73F
:10ECF0004646EAE7204694E74046D1E7D0467BE720
:10ED0000023B614432E7304609E76444023842E797
:10ED1000704700BFF8B500BFF8BC08BC9E467047FE
:10ED2000F8B500BFF8BC08BC9E467047FFF3E4642A
:10ED30000020EA00DE003D8F3E1F1BE5E4C81947B6
:10ED4000E5606D276CC863D43D0F276381A15F75B3
:10ED5000EFB6218FF7383CA51B42110BE1E01700FD
:10ED6000303E7F7B3929CFC700A194C2444BC400F9
:10ED7000400E44C223B7E078103534DF38473F16E1
:10ED800010C829F2DE26E4BD78D065210E2FFC35AF
:10ED9000E2E0EA1A2C97AF1D0A06F3AD9D3E7445DA
:10EDA000B44B1C8E9B950F30721384637A1E87C6FA
:10EDB00057C2703FD0B606480F10F55BCA9FE8F304
:10EDC000F0E8891E44312226E71C95C3E2D85C2274
:10EDD000C7607A73973684F96F1EB2E6AB441708A2
:10EDE0002A0D514E85A20E8562B10F55B04DBF78E8
:10EDF0000DA42266C391518391C4B7960A17C2C16C
:10EE00000CFC5951C33414A2E6AE544380F4B78BC2
:10EE100082C9A6E7B607A73A16F546DC86386EA57E
:10EE2000FC97B6A1ECEC71938CA3EC71A111203886
:10EE300031C2ACFA60794EA7662D8B1B2FE42D579B
:10EE4000F1A7E6E12C76F22502913AF10A9A0B7AC3
:10EE50001CC9CE30014CD28BBC4444443488EF10E2
:10EE6000B2E22227108FA06FCDE11A13A244E573FE
:10EE7000FF42773AEEEE71090B20317BBE897A1C96
:10EE80005B9D08A77E84211A424820C77E80187D9A
:10EE9000D4E846F927F63BA1447CB0800000095E27
:10EEA0002534DCB4E10716680041CD0BFEBC4E14DE
:10EEB0004F44F277CBF772777C3819F0004138B4C1
:10EEC0008C0008C23AC157B2BF055DAC1A88426ACD
:10EED000F8F03BEC1DD2813047AC3E06172ACA4DF4
:10EEE000D4A7AA0EB5364D741E0AC23452146F8AC6
:10EEF000FD58ACB1576B58A8D15792BEB52BC7B9C6
:10EF00001051BE2B325014F42AE8566FFFF3E4641C
:10EF1000471D29FCEA003DAF44386415D4007B5FEF
:10EF200084E4A8C159C7B95053EAC566FFB1596B0B
:10EF300006A2C5258A37A50450D5D8ACDD4A7DFB8D
:10EF40001585957FF92A2BAA94053D7FB421358C30
:10EF5000546BE0A8D58ACDE0ABDC11357C566CA8AB
:10EF60007A26C44156475AC3DCA72BF5FE4A8AFFCE
:10EF7000FE0AB1EF6DD8AB7CF87A49991352D4AB45
:10EF8000B0F6135B06AF026B713623BE0AB8D20926
:10EF9000AC6DFB157BC95992A07B887DAC5A1505D9
:10EFA0001DBFE21E519465958ACB1476B15621E2BD
:10EFB0001F5FFD4A010BCD4ACC94E5008656089BA5
:10EFC0001105457E6A57EB8F71367A2115D54A8A2D
:10EFD00088654AF23F0523E2B2D084D48D164218E8
:10EFE0005057FF8B15FAF62B0B2AFB15F5A95FAFCF
:10EFF00088452548F2B2D82AF65456C55F23CAC4BC
:10F00000920FE936A0FE198504BEA0FE951141EBD2
:10F01000443D874AE08A2B2C5195845EBD48810F80
:10F02000845658ABB64A7DFB159BFFE0A8AFB1599B
:10F030006B1465DDE95E3DF253BD29D847AA341152
:10F0400036224A7282BAFF8F623843EC1A8FFFB1C0
:10F05000585957FB14E503D280A08BA10F292A54DD
:10F060001404643565791823B246C7B1576B14652B
:10F07000246B08591426B39515FFFFEA57EBFB15CF
:10F08000FAFC7B111BFFD4AFAFF9AC11357C565A9B
:10F09000C5664AFE5460A430CA4D9518292A57EA1D
:10F0A000C565AC565AC193A0C9D0636E0CDD2BDC8C
:10F0B000F7DCB1B419B823BF08EE8477F833704792
:10F0C00077831B045BC18DC22D818DF03DFBBE118A
:10F0D000DE0C9FFC0E7CFE11DD83377846703278A3
:10F0E00046704677C193FC193B08CF06FFF3E464F2
:10F0F000471BA608CE00533430349415CC12941B11
:10F10000E04E08CEE119D832704678327F064E8440
:10F11000674193F039F3A0C9DC193E0C9DC233C29C
:10F1200033C193A119DC233E119FE0C9DFC19BE0ED
:10F13000CDDFC23BF066EFE0CDDC193B81CF9F8491
:10F140006701CE9C0C9C119F064E8467419380E71B
:10F150004E832784678467E0C9E119F064F064F0A6
:10F160008CF8337F08EE066F8337C19BA0CDDFC2DA
:10F170003BA0CDFC23BFC23B823B819B823BC0E7CF
:10F180004E064EC193E0C9FC193A119DF064E08C23
:10F19000FF8327046704670450879A1E4C3C81E66E
:10F1A000879F87930F307970F2E1E487961E5F0F97
:10F1B000243CF0F27C3CB879C3C98797E1647F0FA7
:10F1C000307961E7879308C4232119832611884683
:10F1D00000E2625626825589A625626B895895F011
:10F1E0003988324191C190118E0C984602321188B3
:10F1F00031E06A11018708A0C308B8300880C40D47
:10F2000061141AB06906906806883441A01AA0D724
:10F2100006BF005E83460D383403441A60D106A051
:10F220006AFC1A81A01AE0D3068E00BC0D60D3C11F
:10F23000A7C01741AB06AC01760D60D7005DC1AF2A
:10F2400006A069802F802E83441A20D506B06AE07C
:10F25000D3069005E069835034600B80D00D20D236
:10F260000D40D7C1A01A60D60D7580123C4C08F431
:10F27000CA6D329A4CA63FE984C756A6C951A3FA73
:10F2800069309A34D346926133FA6D37D33C8F2379
:10F29000935CD14C9A69A4DA6D3299FCD2E69269FA
:10F2A00035CD04CA6D343113499E3DBF4C264D13F4
:10F2B000407B9A09B4D7E99FD36235076C66C46670
:10F2C000231C741D066C66C671191D78FFF3E44497
:10F2D000621E5A0AEEA03DAFD43C4C15DC007B5FA9
:10F2E000A8E919C464348EB88D63AC748E919B19EF
:10F2F000C3544647419E3AC671D131D32984DA615D
:10F3000031D349B18E3DC8EE69F34C61A6FF4DA6DD
:10F3100093469A63F4CA61346926137D37D329B2C0
:10F3200038639A69A4CA6D329B4D264612607B26CB
:10F330004D24DF4D1A29834533CD0347A65309A435
:10F34000D9A5F9A1FA6533CD023930993408E4C260
:10F35000687B9A0681A69B34CD2E9BE6926BF4DAED
:10F3600067A64D33407BA6D37FA6137FF4CA63F410
:10F37000CA693475269329A4C26930981EDC8E4C64
:10F3800026789B349CE6891FD34994D1A29A3413E2
:10F390002981EDD369AE98FFA6B9A299349349B4F7
:10F3A000DA6533F9A1CD14DA6B9A2984DA69309AD7
:10F3B0004CFFFA6532681A5CD21869BFD33FA6C405
:10F3C0006A33C66C462235C741D466C67C6711A134
:10F3D000D70D63A4671188EB0D62338E91D20E981E
:10F3E000CF8CF88D8E83386A1D2330E899E984C06C
:10F3F000C14C267A6D3498FF9A7CD14DA6BF4D261C
:10F4000093669263F4CA653668A6137D35D309BE48
:10F410009834936984D261349A4CA6863F4C1A0979
:10F42000A1EC9A34C629A231B9A269F4CA6461A6D2
:10F43000CD11EDCD0FD3099E68F4CA60D0E984D711
:10F44000344D034D34691A7D35CD21823DC8E4D257
:10F4500067A60D234FA6937FA65363DC8EE9918F99
:10F46000FA61340A9491F558EA33FE237C7488D00B
:10F47000CE23519E338E919E04C434E1A786B0D62C
:10F480001AB86A86B869C35C099C35C3460C422821
:10F490003008BC224228310600C02204408A0C7881
:10F4A00044E114188458310621170621FFF3E4645F
:10F4B00049188604F22E360DB436EC09C01A8D2593
:10F4C00064140C0220300880C3835C1A3E0D40D6C1
:10F4D00000BFFF802EC017FE00BE0D5C1A81A20D7A
:10F4E00030D386B813386AE04CC348690D61A4353F
:10F4F00043570D5026404C0354099C3543406AC382
:10F500004FF8131C09986BE1A786B0D404C21A43C4
:10F51000561AC35C358688680D21A21A83406A8614
:10F52000A86BC3486A86A0D30D30D30D204C3E1A79
:10F53000204C7C35C3586BC3586BC0990508843088
:10F54000D08C065C45E0724234556175F03901900B
:10F5500019211B06508C06503B60CB81DB8328327F
:10F56000FF06408C832832C193C2321135061AC17E
:10F5700086C0CD1B844DC0CD9B08C108C18460836B
:10F5800020FC19041900230308FF81FFF08F033AC0
:10F590000CEC229C18B8453F062045708F83382319
:10F5A000D08F847BC23D06760CE83380FBB067C207
:10F5B0002A115062C0D541880C4E11508AC22B06C8
:10F5C0002031706201A2FF035508A831022BC0D17F
:10F5D000418A115C22A115E0688114C0D50189849B
:10F5E000500D56115F81A2C18B8457845022A0C454
:10F5F000062F84540D54229C18B06260C5831418E1
:10F60000A11508AC2280C5F06201AA045708A845DC
:10F6100001881158457C0D1203D6F066C23B08EAFA
:10F620000CD833611D419A81EB508EE11DC23A0620
:10F630006823A066E07AD04758475E0CDC19B08E8C
:10F64000C0F5B08E819A08EB08E823A08EBE11DCCD
:10F650000F7A847508EE11DC23B066B08E819B08AA
:10F66000E80F5B8475FFC19A066C0F7B066FE07A2A
:10F67000DC23BC19BF03D6A11D0337847781EB5F60
:10F6800084740CD7066BC19A03D6B066FFF3E464AA
:10F69000741DDA08D8000273003C7415B000C0264F
:10F6A00020B833508E823A08EA07BDC0F7A066C280
:10F6B0003B066823B847508EE11D8335C19A8335D8
:10F6C000F066F066B847411DC23A066823B847584D
:10F6D0004758335833508EF06680F7A066A0CD04AB
:10F6E00075C23A8335066C23B08EB03DEB81EF587E
:10F6F00033407AD033411D0337066C23A066823B2A
:10F7000003DEB066819A066E11D81EB7C23A81EF49
:10F71000708E823A066FE0CD423A08E8B1B2BD7908
:10F720005ECB1B3D6819A066819A845C0C783360BF
:10F73000CD847407AD419BF03DE819AE07BD7F0352
:10F74000D6A0CDE0CDE11DF08EF066823BE0CD701D
:10F7500066C23AE0CD033411D833607BD847703DA0
:10F76000EA0CD708EFFF8475066823A8337066B8E3
:10F7700047781EB60CD60CD81EF708EB03D6A0CDE2
:10F780007C19AE11D833411D419BC19A8335C19A72
:10F79000E11DC19A833508EE0CDC23B847508EC1B9
:10F7A0009B8337066FE11D423A066C0F7A8475849D
:10F7B0007411D0337066C19B03D6A0CDC0F5B08E56
:10F7C000F03DEF066C23A066C23A03DEC23A066F34
:10F7D00008E819A08EB03D6F8477066819B066C13D
:10F7E0009A08EC19B833411D833611DC19B066C094
:10F7F000F5A066819B08E819A8475F066B03D6C190
:10F800009BC23BC23A81EB708EF03DEC23BA296576
:10F810008308112C22511711511681949C184C0CFD
:10F82000850893C1848309032142240616112F03FE
:10F8300029018506178190B83098449844908960D2
:10F840006424224833708E819B833611DC23B0669A
:10F85000C23BC0F5A8335C23B8475833819D067C72
:10F8600019D847A0CF08F01F7419F847FFF3E464D4
:10F870005E1F6200E0094E54D835DC15B0009E26AC
:10F8800064F08F7C23E0CE08F833E07DFC19F84764
:10F89000B0677067C19E0CE08F7833823F08A42266
:10F8A000908A04520C4831211581AA708A03120CE7
:10F8B0004831211508A60C481A284540D1418A0C28
:10F8C0004C189062845418811506240D520C406225
:10F8D000845022A1148316115845606EC783070413
:10F8E00047818E1D060F088E060F818E1FC183E192
:10F8F00011F088F8447818E1DF088F088E088E032D
:10F900001E3C223C0C78E060F088F0605C1813C06C
:10F91000C285030A13C18101813F0885060483352E
:10F9200008E823B84778477963457A2BD161E56EBB
:10F930002B78335F83360CD831E0C7783340CDC2A3
:10F940003A066F08EFC19A06680F5B08EC23A08E99
:10F95000819AC23A066A11D423BC19BC19AE11DCD3
:10F9600023B066FE07ADFFC23BC19B833508EA1199
:10F97000D7066F8477C19A08EB08EBFF08EFF066B3
:10F98000FC23B066C23B03DE823AF066C23B08EC61
:10F9900019A03D6E11DC19B066F08EC19B066F0692
:10F9A0006E11D423A81EB708EE11D423B8475066B1
:10F9B000F066819B8335833411DE0CD01EB607BD03
:10F9C000423B066C23B8475C23BE11D03360CDC2E6
:10F9D0003A066F08E823A066A0CD60CD847611D6E4
:10F9E00007BDF8335066FF066A0CD7847607ADC2B0
:10F9F0003BF08EF847551085E8BB17C5E15A2B8BB5
:10FA0000A2E8BC2B827117C07A85AC5E0B40BE2E7B
:10FA10000BA2E8BE2F8AC2AC541522B0A904EC5741
:10FA2000158558A82B82751585615304EC5615C5AC
:10FA30005C56C5704E22A8AE2A0AF8AA2B4139821C
:10FA4000722A0AD15B82722B45500208FFF3E464EC
:10FA50005622CE04EA0535B99E2D63AD3802BFAEFD
:10FA600000AC09C0AF15454158138827009C0AA077
:10FA70009D0A82B71562A0277827715315B1705E71
:10FA80001722EF8BE2E8B82F717A2E0BA2F45515EE
:10FA900005415315E2A457C04009C62B0AA2BC5623
:10FAA0008AE09D0AE56088016AC560FB57F6ACD51F
:10FAB000952FB5554EA9DABAA46AFED5D53B566A3C
:10FAC000AD59AA95801C18742708068222180C14B8
:10FAD0000CB7C214085828F960A085CADE2B7C2117
:10FAE0006455539085D469158285854A4550A16A2D
:10FAF00034152D1514E0214454539539FF454F51C9
:10FB0000B51A457539F6AED59AB7B54F6A9FED511E
:10FB1000523566A8A99ABAA5F6AFED5FFDABFB55C5
:10FB200054C8830C4895E246CAF1220C3122115286
:10FB3000F3B030FF6C227FB34187FB74E0C3121433
:10FB40000C3FDFE113FDB66AFF061FEF089892BF76
:10FB50007AFF5C28FF7AA11312022624F0898930EB
:10FB6000A3120C113127F089893A818624830C492C
:10FB7000844C49706189165EE133126A061891EA75
:10FB8000C22624C28C48FFD5FC227FBD5BA4A5F011
:10FB90006297BD05422A5EED08A978B4022A5E3755
:10FBA0008314BC033FDCFF7D7BF089FEC0C3FDB541
:10FBB000030FF67C187FBD97B044FF7061FEF0899B
:10FBC000FED6D9B06297BB60C52F3AB7BF52B7F81F
:10FBD00030FF6FF163AF1E12717C5D17C5C15B8A88
:10FBE000C2B8B8168C5604E4568A9C5515F158567E
:10FBF0008ABC5C1762F85AC54E2B62B8AD04E78226
:10FC00007315C5604EC57150561505704E8561540B
:10FC100013A1505682702A0AFC548A9072039C6C7D
:10FC20000DB1B03681CC3606C0DAE364FFF3E4648C
:10FC3000551AA208EC0835EDD03BD4095000B5ACFC
:10FC4000DC6C0DA1B636BC13A04E857C568AE2BC96
:10FC50005715C57C54E2A0AF04EA2A4568275157DE
:10FC60008A9157F04E62A0A82B8AE2B0AF15B1522C
:10FC70002AF82702A0ADC5615813A15B04E0578A9A
:10FC8000F15F15704E209C0A82A8AC2A0A91585444
:10FC900004E813804E8561585415A09D0AE2BE2ADF
:10FCA000C56FC55E09DC558AA2B8AC09C8AA2AE2AC
:10FCB000AF8AE09D71585615E2AC1398A9C56158FA
:10FCC00055C2364C19D0F833A1C0EC9D93E0CB253A
:10FCD000C2364C19648236482364C2364B08F43865
:10FCE00033A1847A1833A1FC191138322260CB2554
:10FCF000C1964E11B25FC23D0E11B25C1964B81DBF
:10FD000093B2411B240CB260CE8706743F847A17ED
:10FD1000FFC191102311423116118880711222C146
:10FD2000964F06592C2364BE0CB27846C942364E13
:10FD30000CB2411B25F81D92B27F08D92E11B25882
:10FD400032C981D92B27F847A1C23D0FFF847A170A
:10FD5000E118898462203222846228322260C889B4
:10FD600083222C1911308C44846228462204622894
:10FD7000462283222846228322204622E0C8880C7D
:10FD800088B847A1C19D0E11E85C23D0FF08F43F5D
:10FD9000FF06743FE11B25C1964C1964BF06592824
:10FDA00046C9846C9C0EC9D9308D9308D93C19641E
:10FDB000AA262A457C5415E09C0A9158558AB15EC2
:10FDC0002A45415C5604E22B0A9827115E09C45665
:10FDD00015F154561562A8AE2AC541522AC54E2ABD
:10FDE0008AE09DE2B8AA2B0AA2A804416E01180479
:10FDF0003C022FF8047C020F15C1388AA2B0A9C5B5
:10FE0000515C1388AA2BC57158578272FFF3E464C2
:10FE10005B1D1E02EA0435EDC1352C15DC1253576B
:10FE2000542B827515013A04EC13AC5504EA2B628D
:10FE3000A8A82A02762A0AD8AC2B4568A98AC2AC9F
:10FE4000551585482762A0AE2B02758ABC027156F3
:10FE500009C0AE2BE2A45404E31562A8AE09C02782
:10FE600062B78A82B8ABC56150551545415813AC8D
:10FE70001398A82AE01345782742A8A82A8AC2B86E
:10FE8000AA2A8AE2B413B8AC2A0AC09D8AE2A02743
:10FE900002B8AC2B8AA2B413904E22A82742A455D4
:10FEA0001545504E22A0AB04E38AF8A91578ACC8DA
:10FEB000C018064198310E831C18064188321C0672
:10FEC000300B43A0C4390E783100B832016872019A
:10FED0006C38015E09C8A982742B8A984708980675
:10FEE000E04484708C11C23C2238AA2A8AE09DF832
:10FEF000AE2B0BFFE2F8B917A2FF15A2B45582761C
:10FF00002AC57C5515C5415E2B45515013BF8A91BA
:10FF1000522AE2BC561505615439E2A1562B1562EE
:10FF2000AC39F870558088703A1C013013C5587789
:10FF30000120E62A158703A1DC540258098AC5422C
:10FF4000BC3802187004B157E2A0E0AF0EE2B0E88E
:10FF500077010C55E1D0E8080080080AFF150088F9
:10FF600077158AC398090A83802180978A80430184
:10FF700021561D0E8743A2B157E1C0E073010C3B2F
:10FF80008A83A1CA3E2B02702BC578A82A4568A88F
:10FF90002BC578AB15715C54C13815C13A8ABC5475
:10FFA00082702B4541522B8AC2A4139C578AF1566A
:10FFB00009CC5782771522A8AF85185B85180401F4
:10FFC00046144147F85185BFE001D02C016E001C5A
:10FFD000816BC0B405802CC0B102CC0B1000F016B0
:10FFE000F02C702C016E05A816FC5415FFF3E46488
:10FFF000681E3A0CEA0435EDC13D73FD3C00BDEED0
:020000021000EC
:10000000DCE2AE2B0AF04E85715315A2A8AA2B8A0A
:10001000B154561545415013A8AE09C8A82A8AC242
:10002000BC558AE2BF04EC57F8AC2B02722B8A91C4
:100030005715C13804E209D455827504E413B15A46
:1000400009C02762BC5415C578AA09C827609D0A53
:1000500082A027009C45404EC138150551545415C7
:100060008578AE2BC13915E2B0AF04EB154551547C
:10007000541545715A2B0AB15A2A8AC09D8A809D0F
:10008000F8AE2A0AE2B8AB15C56150225627844A59
:10009000C5830E0084CE00C185623C189187C1855E
:1000A00063560C3804227005822563044AC4061581
:1000B0008DD4B08958B6BC22563C22563F7F061CD0
:1000C00001C225636AC24562F830AC608958D089A4
:1000D00058FFFF830AC6C185626112B11E065639F8
:1000E00058DC1856370895880C2B1D7F08958E1301
:1000F0002B17830AC4830AC7E112B1FE112B120C1D
:100100002B13830AC4BE0C2B120C2B12AB030AC791
:10011000C18563844AC5E112B1C2256275830AC7ED
:1001200081958E5627C18562030AC606158A112B52
:100130001306158D5428AC6C0CAC42B17C0CAC622F
:10014000B1155030AC708958D08958FF091C038410
:100150004E01EBFA96A089C03089C00837061C0210
:100160000C3807FE112B1A0C2B120C2B1C185624C2
:1001700022562418562F844AC506158DE112B19ACD
:10018000AAE9A6B5F36FBDED05890F5F2D27695E5E
:10019000685F1D5D7FF691D7D7CB0AFFE8670E87B2
:1001A0006218340700387402F8708438383E1E0331
:1001B0004E75F395A1A7A3578E85F399A1A17D7FD5
:1001C000B4161FD7BAF75E684CB434B4FFF3E444F6
:1001D0004B1DA20CF0003CEF84395419E800625921
:1001E00088AFF3A5A1790F3A17979A3B4B4342F298
:1001F0001A58D0D5F695E5E68433A1CD1FF5F684DF
:10020000397CB5435A7F5F439A1A1A5A1A10E5FE91
:10021000D1D0D4CA64EB694C21E9B433B4F433F4DB
:10022000397FB4B4F3457930BE874EBDFA666ED1DE
:10023000F9D65A2657930D2BCBDFA1A742990C4C28
:100240002FB49CCBE985F68FD0DED2BC473475F550
:10025000F433A1EBDDA57DA1A7B4892FFFA1A8727E
:100260001CBCD0BEBE861615E684CAFFEBFD36BDAB
:100270003B4A6931C921D6872F34F460FCFDA0D0F8
:100280005F685E941850A64B728C7433438C6C8DEF
:100290000D10EE61287328CC650C77439930945289
:1002A000384CA14A0191291493664A28D0D1A2451D
:1002B000288CC948648448E42642272192CF1E3AFC
:1002C000779E02FF39CE738783C78F9F3BC3678EAC
:1002D0000AC3470E1EE7CF9E3A293829387CE1C36E
:1002E000C28E293DFCA12330421B99A3994232447E
:1002F000891A346623A09C8C4F33291489A8CA66B6
:100300006806128E4C264C90E51A3912908A68665F
:100310004364299290DE514C9363292114D1A12189
:100320004C989383C3029A1A325A194D0D14C8334C
:10033000946848D14A1A198499A1486C86891C8608
:10034000C3B4CCC9882E6484890D0CC07742445252
:10035000439943940421B234129C8784D324247299
:100360001395E65109686890AA7E2F8B91745E8B75
:1003700090B50BE2EC5F17F0B5E2F85AC5F1745E88
:1003800085A05C1762EF17216B17F0B58BE2E8BC14
:100390002F45C1722E70B542D42B82742B02702A65
:1003A0000A915056C5404E413B15209CFFF3E46432
:1003B000431BAE08EE04354BF23B14157400ADAA96
:1003C00080F8ADC5604E609C8AE09D8AF15304E8D8
:1003D00013B8AB04EF15813A15C568A98AE2BC547D
:1003E000F8300C43B0E70E43A1D064390E43B0E8B7
:1003F00031E1D00B87700B438014C190643A0CF04C
:100400006002BE1DC040562A0E074540241D010152
:1004100050AC57E2A150A804C55E0258703A0238A9
:10042000AC541C013C044541C150A857E2A0120144
:100430003FC57E0262A15074398088740470E00860
:100440000098AC3A025E1DC578AC542A0E074040B5
:10045000048382BC044562AC39FE02411F2708F9BF
:10046000703B7DBC236E832DE11B7E11B70313FE11
:100470000CF2FF06793833C9FC23E581F93C9F83F0
:100480003CB832DF08DBC196E08DBF065BC236F0B8
:100490008DBB065BFC196F065BC236F81DBEDE1114
:1004A000B7C196FE0CB74196F81C522A0C8AC2318D
:1004B000408C56118A83229064542315038A454246
:1004C00031408C540E2915FF81F97C9C19E508F9FF
:1004D000611F2611B7FC236E832DFC196F832DC07D
:1004E00076EB74236F832DE11B77847C811F260CB0
:1004F000F2C19E4833C9F833C9C19E5833C9E11FC0
:100500002847CBF067920CF27847CB847C908F978A
:10051000FC23E508F920CF2C19E4F847CB833C985D
:100520001F97CB833C811F260CF2C19E481F97CB9F
:10053000833CB06797F08F9023E5FC23E508F941F1
:100540009E5E11F27FE0CF2515E021EA7214515A28
:1005500082AB4570AACAFE14529C22BA9CC037A135
:100560001100DC844E01BE113088C23704E055040E
:10057000E856806FF08E111088C23C22211300DCF7
:10058000806FC037823423006FC22611FFF3E4640A
:10059000441C0608E8002F0D063153DD4008BFAEAD
:1005A00000211C224037E11F844F84700DFE11B0E2
:1005B0008908908C111847E11E01BA11C22384608A
:1005C0008E111847844413BC5504E813A154548A6F
:1005D000E2A8A809C8AFE2AF089C23C222111C23DD
:1005E00084608808D08FC23F08908808DC23C03719
:1005F000F08900DF088E11E11A11E11001B90880BD
:100600008D08FC22423806E4220234224220224293
:100610002023846089847806EC222110113846C298
:100620003044847C037023844F08F844423C2242C7
:100630003044844C037C0378224227FC23C20C2BD9
:10064000165709058849C160C48CE112B13C1842B3
:10065000460C212018563C18562044AC7F089C02BA
:100660000C2123830849830846E0C212306108F553
:1006700060C2122F061588B844AC6F091C03FC2217
:100680007003E112B1C185632C18563FC225637F08
:10069000FC22562F844AC5E0C2B160C2B17C22560A
:1006A00025F08958E112B1FFFFAB06158E112B1E04
:1006B0000C2B15822563EA5EC0C2B1C18563F83098
:1006C000AC5E132B1C22562830AC7F844AC5844E66
:1006D00000F848E01BFF830E0075FDBAD77B030AC4
:1006E000C6844AC5C28AC5E122B15A0C2B19FED76D
:1006F0005BE0C2B180CAC72B17FE0C2B1BF84CACB9
:100700005D9D4A78D32A24DB02DAAAA2822A092430
:1007100071903274BB90307900288B899303818467
:1007200092E9B9345DCF0F3DC9033D3490703D0F60
:100730004D2E83F725FA6890BD240E43C593722091
:10074000FA4811214C4424442416E264D1A60A201C
:10075000E9A14D37A48BB9E8DE845D10BF1077089E
:100760001DF88D1242EF4FA623177F73FFF3E44469
:100770006919AA0AF8003F091433AC15F0007E127B
:1007800028DE97783497409027D174BF4DDF895386
:1007900077701E1CEE12FE1EE8D37A42100E9F41A7
:1007A000D30E83608FE0774DE9A10391A4E17449F2
:1007B000262543C48EEEFC3E926234093B8BBC3A44
:1007C0008924FA3E81CE03FA30683FD24D089D025B
:1007D00017A7C3DC5B8B21493E9F44F4840F47D3AA
:1007E00004137B927BDE344AF2719EB6D8222A1320
:1007F0002474D03274BBB0307D02145C489A60C25D
:100800004974C3A9A2EE787DEE491F4D2057A487F5
:10081000A697057F725FA6881B7A481C878BA6E483
:1008200041F4902205131189017120B713268D34EC
:10083000283A6853039E9031DCF46F06C5D10BF162
:10084000077085DF888184859E9F4C442CFEE7BD20
:100850002EF4097409021D174BF039DF89D3777024
:100860001E1CEE13FE1FE8D37A4201227D074DC8FD
:10087000412FC0EE9BD3429A303DC2C8924C4E8766
:100880008983BDDF87924C440D24EE2CF72203D3DD
:10089000E8FA07392E0B200F749342254085E9F0C2
:1008A000FF17E2E8524FA7D13D21087019E982698C
:1008B000BDC07BDFFF2C014C4E272B1395898C4C40
:1008C000463451A0B08B3A6330B14D3E7D9CDFE69B
:1008D000530B128CC864323098C0A2731389CAC0FB
:1008E0008580279600A5A702058C9464332058C6FE
:1008F00027F3B2B237E16029898B8B1A5321B218E2
:100900001850F9ADB79B79999905999999858519E9
:100910009191930216014C1414B009E5804FF40B29
:10092000F2D21693FCB4FE9B2815E816817FE9B03D
:100930005A44D840BF2C021582798282FFF9828204
:100940009609CC9C9CC9DA4DA62CEB62FFF3E464BB
:1009500098294206E60073717E1E4C05E008681A6D
:10096000A0CD1810C9C9CC1414AC14C1010C1010BE
:10097000B00860808580532626326042C139A39337
:1009800099382193131930226C18B8B9980B018B40
:1009900000A2E05174D9F2D226C7FFFA6C7FA6CF2D
:1009A00085C308A445C2E1445C45445045C4504554
:1009B0004452170A22F88A7114C30C18606C1F067F
:1009C000C1B0BAF0BAD06C1FFF0BAF85D68327FC3D
:1009D0002320727E0CBC1978460327861C1B064216
:1009E000EB42EB706C181860BAC0D83C30E1870B52
:1009F000AFFFC30D0BAC0D83030E175B0BAD861859
:100A000030D0BAE175FF0C3061E175C2EB6175B0B1
:100A1000C385D64457C5715A2B413815315813B187
:100A20005C5615B15782702AE2BC558A98ABC57ED8
:100A30002AFC568273089844423611011B15A2BF46
:100A400015F8A98ABF8ADF15715A2A715E2A7FE2DA
:100A5000BFFC13BE2A7157FF1522BC54FF15B827DF
:100A60001C55E2B78AF15FE2AC568ABC571538AD27
:100A7000F15855E2AE2A4548AFC55F153E2B8A9125
:100A800050541545404E3FF153C54E2A2AF2B1B994
:100A90008DC6E6A93B99DCEE6478699188C6766DCF
:100AA0001DBA7C6DDC19CC7065783367B3CD2677C1
:100AB000300874C0200300070C380030E804C02060
:100AC0001F300000C381C30E0E8C02583008E8B0FE
:100AD0001C300003001C31C1C2C00960ECCEC04C08
:100AE000EC74C0474C70ECC0404AC00AC00AC05306
:100AF0001CC1C1D31C2E2E562E60E0C181A185C61B
:100B00002C2CA7698E17070C0F4C7F4C7FFFFFFF23
:100B1000FFFFFFFFFFFF2B15314142C239A3BB96F8
:100B20001DCC55DCFA818CE930CA018CFFF3E464FA
:100B30009F35CDBCF400AE6C0018939DC80154984D
:100B400000A41CC5C58D30A14F9942E1D1401E3D86
:100B5000A9D1C99A6839C040183491EC631A603938
:100B6000861B9A5A09901515AA1818B9862519B224
:100B7000019B1522AA8D040204038403A2BA2B98B8
:100B800018698B90990909909098B83A6298383A08
:100B90006318B0B1940305C5CCA4A42E0C62C2C1E5
:100BA00081C60C0C98A181EA7D3114F29D85C1CCDF
:100BB0005858CA0E8CE8E8CE8E8CE8E8D3130D3076
:100BC000E8CE8E8CA0A0CA4A4CA4A4CA4ECD35341F
:100BD000CECA43038C58A0D3130D7170E05BCDBD1A
:100BE000BCD7534CEC5C3038C1858CA0A0CA0A0C31
:100BF0005858303D4E8C1858EA2A0D1918D1918D4D
:100C00001918C5050C5050B02858152C0A7FFFFF45
:100C1000FFFFFFFFFFFFFFFFFFF980001800E18EDD
:100C20000E18E0E18E0E18E0E180001800E19D9DB5
:100C300098E8096070C7070C0004B038638746382D
:100C400038674746763A63A0260203E60000600054
:100C50001FF84560316708ADFFFFFFFFFFFFF84554
:100C6000F845FF845D063FFC22E0373B845F089334
:100C70008309C224C1850897F0614185032960C2B8
:100C8000830BF0614224844BFFC18F08BF063BE019
:100C9000C7FF08BBFFFFFFFF08EBF08BF08B80DC8A
:100CA000F06380DEE063818F08BBF08BF845F8319C
:100CB000FE117D000C2811020480000002494580CD
:100CC0000150418C86C62D239D8EA2580396AC0000
:100CD0000737A1F8C5B1B0C620C040B9E02283658E
:100CE00034321CC0C231234D300218C70200020E3C
:100CF00008A9CCF9800A57E4BD2A993D912C1A4CD9
:100D00001C4C423D2B8AC3004D03A8D3FFF3E4647F
:100D1000592ABE0120DDCE6800218BE610019A68B9
:100D200000C69A13346AEBAE2D24440714AD1BFAA7
:100D300061CA16ADA4B4EFFFFF2C9B94B51C883597
:100D40006B97E9B225597E54640433E4AF2C569571
:100D5000C1BCB480433C0431C88396A00511995AA4
:100D60007883210AD22E7A63B3988BFD128BDFA58C
:100D70006734AD95B3BF8D95A7A57FBFF2583D6889
:100D8000060E2B30021C00205CF83D31FFFFD6938D
:100D900093EA76E52D272968A63C1EB5CB988406F4
:100DA00040800862D433060306390B510842E196AD
:100DB00080D0F3301CC80730C1C2C640244F6193B5
:100DC0000E64C3237E5F54F67EE8BFFFFFFFFE3450
:100DD000FB397E988B520D5A8E47FFFFC190741DD0
:100DE000E6188191321838001CAC3394E4C1DFFE60
:100DF000B4BD69AD32E63E74EFEDEA5A5FFFFFFF26
:100E0000FFFFFFFFFA48BD25E71EFFDFFFFFFFFFE3
:100E1000FFFFFF070760CC05C86ACE5BE947ECED32
:100E2000C95AE0A1C701B3E1FE0A4E2879447FDF29
:100E30003F30E19F091216BC5C0B48B923C8917280
:100E40002E45F1745F1705E1785F8B82F71D223222
:100E5000330CDFFFC5F1782D79616CAB11BF8BA12D
:100E600068045FE5A5796FFF8BC2F8BC16B8BC2F8C
:100E7000647F91BFC5F0B5C5D17F8BB1785F17C5D1
:100E8000C17203D05A02D44791A46FE47FFFE2E815
:100E9000BFE2FC5FF8BA2EC2D1177FFFFF22F91B19
:100EA000F917FC5E40302B111AD56AC2D164226258
:100EB00055B2D198B0B0E0999999995959E21599DC
:100EC000591828D848BCC844CCEDACDCCE8C8C0872
:100ED00042066A6166362669436A95BD6508E40B79
:100EE00000C5259505090A080A48B96AFFF3E464B4
:100EF000482941FF3F2FCDE4012433FA20499B6864
:100F000000910C87521E987133EE338832DC9902BF
:100F10008C088012E5820B0E1814326482A730828E
:100F20003CCB644C920E0AA42449AEB13170FB1242
:100F30005DCC71B8B0E34C364EA9D908E046504BB1
:100F4000BAFFDC5DC9DF7594C01067B934865143C0
:100F5000C221BBFAA9D93AA4401095A802BF72ECED
:100F600003277F990BF8FF32093C964F49022B1B50
:100F7000772DF95905CB81997522735C5DCCBDB392
:100F8000B7AE57FDCFBB72EDE81605A6806913A278
:100F900003725BF7220683977A7816ECB7ECA64AC1
:100FA000C9A4B267F5FCF93B2230C26AEFF2A66A27
:100FB000F26F7F9FDFFFFFFF7F5FD93008B4734779
:100FC00006EECBE96FFFFFD33914ADE53B2B5B8A0F
:100FD000AACB54E196FFFFFDFFB94D724AC85AB43F
:100FE0009248FFBFBFFFFFFFFFFFFFFFE86F2493A3
:100FF00032364F27FFFFFFFFFFFFFFFA7FA581601B
:10100000272A060108201E58012C0018E0E1800E56
:101010001C98E2627958E18E0018E2C1AC0ED0D083
:1010200029EF33B1CF3C7CBC1AC3540990690D47FA
:10103000CBC5FE04C21A03586B0D6542F9695C66A4
:101040001D474F8000B18E70E17CF71D075C34C3F3
:101050004F1D475F81330D7F8087F2D95CAFE1AAD6
:1010600004C035F8131813186A0D7958F72D2A2C77
:101070002BE57FF86B0D01ABFF808257F2BF8F5ECF
:101080001ABFFFF0D7FFE592D95CB7FFFFFFFFE281
:10109000303AF19D8C56241B4DB5D77B6CB5C8B644
:1010A0007FE3031A343423023A37A4A76921CCAC76
:1010B00008C68CCC1444CE901B5180126096FCE084
:1010C0008A8140EA4699FD6AAC98F512FFF3E46420
:1010D000382715F95F2FCDE80125DBFA48A998508C
:1010E00000314090C802213CDCA4F24B45D85BC3E0
:1010F0002E384448D205112F4ED2DED232A646D524
:10110000D445FC7F57688D01D12464D280025D6E86
:101110008140A8012CEFDEBF4F01C0660C59932619
:1011200099C60850F150547654E532ABD06B29A4DF
:101130005565BF03DCBD782A38105C20522D2DA5E3
:101140003805086EB48CA696E32ABBF7293EEC1B43
:101150004972F18410A70CB9081CA2CE4048E0B730
:101160007DFE92C99FD7FBE48FEDFBD7AEDF81EE0A
:101170005E83AEDFBEDD195C00DEC049D0DD976A5C
:101180008DAEC83C985FD35CBF73EE5D809CABF4C2
:10119000D074074FF065CBDF76FFDCBDF77CBEE691
:1011A00010439081065AB7E0DB900B6472D3C93BC1
:1011B00060272577C05037D35FFFFFFFFFFFF9247B
:1011C0009E4DFFFFFFFFFFFFFFFFFFE1C1D9121997
:1011D000AA4642FF49BFFFFFFFFFFFFFFDFD7F64FF
:1011E000EFE81240FEA2A8A84EA55CA60252C49742
:1011F0002184AAF84348D464597482CABA54A940D5
:10120000565CB0811E155573CB152E52572854B11C
:1012100072C5C7A214783F2E3D2850A121AC61377A
:101220001FCB9695F72D43D5C7A50A962B1F9497EC
:10123000CB4B17978F8BE3F291FCB962E5CB959777
:101240002E57CB97F972DF2F1F958F0A951E17C760
:10125000A5654A0F4505B7EC93092B635A54B4BEF4
:10126000541B84796F2C547E5BCA962DFF97FFFF29
:10127000F2A5CB7FFF2F28523D28A51A5E820014CD
:101280000A000E4219681675F5598CC1465A198024
:10129000948671389AFC8E6D237160DE66F5518CF0
:1012A0004171036D86CC2A0D3378C94EFFF3E46497
:1012B0003326EDF93C39CE6400A1F39240519938C0
:1012C000004D009018FC1C668F683AA96A4042AA3B
:1012D00014022BC77DE82EB0E926628880C8DE5153
:1012E000080BA0B208F8678664869F65DB0E00C80D
:1012F0002421A4044462D1670624E8391452B4BFFF
:101300004C347854E8909EA1C2905FACF1A97DE185
:1013100005185C8490676F9FFAE654C8874EF2D335
:10132000C4A351A8CC67FE34FFBFEBBDFF7FD762DB
:1013300054256201D27C5005B571C7674984BA99BA
:10134000EDDFBF12A5A4F895D676CED2419C3382AC
:10135000E5B3B6765C82E42483E25C94906725CAA8
:101360007C59D288BE6CE012982472E5C9A4926FB1
:10137000695259349249274A97F5FF93A563F8FEBD
:1013800034F93FFFC9FFFDFC7F178228F24EE13D93
:10139000CFEE1FBCA2B5A0C7F5A4B8B15FBAFEFFDF
:1013A000FFFD2DCFBF7E9A592CFC3FFFFFFFFFFFB3
:1013B000FFFFFFD9CC2A25BFFFFFFFFFFFFFFFFF85
:1013C000FAD669723F40038E2001264CF4CE3E8A45
:1013D0006AC1C3267984102A436C32C046126C93CA
:1013E000C3B46481C2F80FC383E038074BCA15C089
:1013F0007C64644E0F8158280A7100744D07A32342
:1014000020D064180C06087C41F00201E1E1E1DF24
:10141000107E362A565BE03C3E1D10887C3A2087C1
:10142000E218870E0F10C3A2001E1FC3E21C3B016F
:10143000820019FFC3FFC40033F883F10877E26E1E
:101440003226134620FC6626E27FFFFF872A00082B
:10145000200D16041880001818F1B9BE8F821C4F99
:1014600043A0CDC48D35601C6C0107337C5336A17D
:1014700049230712301080E203233E5AE95ED3105D
:101480000A3539B0F004C6920E6A35EFFFF3E46412
:101490003E2729FF3CDACDE40022737650019838CC
:1014A00000A9AE318449EF09A03964802321780472
:1014B00067C6F7D38550399033260EA1E07E9AABEC
:1014C00096342C6E4B4F77EF8B06CE1E38A880C318
:1014D00050472BFFE0C0BA14745FFF1A19783BC461
:1014E0007F7E000407085A857916645118AB851170
:1014F000694D3BDFE92FFBF9E60003809AA48F4298
:10150000101C58C011F06765CA676632691C5CAF71
:10151000671FFFFFFEF87A243070708FAA3FA10288
:10152000A783D8033472E8924C146248B39F48E50D
:10153000114DB48E2C0E0849245F17C3FFFFFFFD29
:10154000F0F93DE2EC38AA5EE2B2788459FD54EA43
:1015500036906A915F340008CB4E0E83DC883A0CDB
:10156000FF72A0D8320D727E0CF927FBFD27FFFF1A
:10157000FF93FFF99228742064D722E652C7FE2B0E
:101580007FFFFFEE5EFFFFFF7FA2527A5A5BCFF52F
:10159000FFFFFFFFFFFFFFFA4BDFFFF79A52F45305
:1015A000A309E2ABB64D70500885F11A5A7706F7D9
:1015B000FE3708612972D2D1A171A8D6547AC40A23
:1015C00097109796CBED541A17CA8DCD6B1822AA97
:1015D00019B152FF3D95131A9595C6C5E372812145
:1015E00072D1B8D728114AFAA67DCBC6E50685C6C2
:1015F000997291A171B654A942A3408CBD995934F6
:101600004B6372A5B2A35CA46E58B84250B9594F4F
:10161000CA74AE87D1DF74631D97BFCC138BFA50A9
:10162000C7F113F42589000811E04C0000042006DE
:10163000988E83198A29CD69094519F8D1BB2218DA
:10164000D831D7941B1549A98A9BF38197A598484F
:10165000418A032920728365334864868188349FD8
:101660004C1448C69285C789824C0006FFF3E46497
:10167000462A05FB36CACDE4001E83CA48CB8F2814
:101680000006985914AD50C402B8ABAEFAEB51380D
:1016900030DF0D51B00604C099899019645CA549EA
:1016A00007B30608013018689568135D8662925981
:1016B0002493D772EE799FC8A5CBCFF90845913610
:1016C000434F566EA90BD4383A56286B4A69C95411
:1016D000D2548AED7FDA6497DFC31866CC5F86CA7E
:1016E000BB0B5C660CD352BD00AFE3FAFEC90BEA3C
:1016F000023500AA26D21FC69EFE7C9FFE4CFF2EFE
:10170000F2D63FB24409A905DE023CB505F7011A3D
:1017100095B24F4AA2FB2ED9234A2FA83070132D21
:1017200099FF7FE4D25F924964FED2DB3BF844919B
:101730007A004803436A8806518A3664A953EC1C30
:1017400038002662A2ECC12A80233F8D9D4364F2BB
:101750006FFF692D9576BFBFF2593BF8FE499FF7A1
:10176000FFFFFE4FFFFE210C1CE95869F09F1F1977
:10177000669FFFFFFF18FFFFFF7DBFDF68CC67E8B4
:10178000FFFFFFFE83FFFFFE9FFFEFCD45040061DB
:10179000B87DA2001DA691A12B56811403E2581C0E
:1017A000E6E2B5FCC71AB83A343F8D1A30706616B7
:1017B00030678C18323A3F8F1FC68FC763FE347470
:1017C0003C347468C1DC68C8C1F8CE3787E3636114
:1017D000FC678C0F0FFC67C78C8EC39183C60CC34C
:1017E000A321D18303C30663FFC6C78E0EC7873804
:1017F000E1FE37FF8CE386632378D8EC2837FFE0DF
:101800001FFF8FFF0ED54042111800CC343169897B
:101810000A721FAA13060CC213332C11E831902050
:10182000213177E14D94D8BBCD31812BA875F6726B
:10183000B36A12172213328A910E988A63988546EA
:101840007A94A2A50D6143C5D4B0A5CDFFF3E4649D
:10185000462105F73405ED3C009F83FA2809D83866
:101860000213F5953CF55D55CA854C873F8167B4F9
:10187000F5B7923457A3990A18A3200D23FCFC3A1C
:10188000A563779755910A5392E32A1BA3492ECA61
:1018900094522B5C09F12E4F96D58804A938E51592
:1018A0005CD73334EAD865F4FA7668A705B8F25DF8
:1018B000ABA3316A22E9893AE0DAC292512B54098A
:1018C000490C67CAB2525B4970B68560552ECAF39F
:1018D000F8DE3A7665BC6632CA5374FE3A9427F352
:1018E0004A1A84CEB84F3946B6A14B695F528C571D
:1018F0007B32FBA57474EB42B99E2E9C613F8366DC
:101900009344F64AA8AEC2E09E5B74DCAD71C3940A
:101910007C2B1E417D9819FFFFFFFFFFF3AFE146CF
:1019200083A392A1A0AA78DB276100253BCFE374B3
:10193000479725D577DA8C2DC99AA1BFCEFD797F3F
:101940007554490F2CA201094F6F3AC2A00E16839D
:10195000A07CED6F657FFF9C29072C7FF2821141EF
:1019600002FE65FFFE865EC2A0744DB46FFFF453A5
:101970004540F8130E3C1F8BCCAFD47834182FDBC6
:10198000B29FFFFFEC3C0F86ADFFA2A02E1299D9AB
:10199000BFFFFF42411094544501A1288C0282E50B
:1019A000C8AA4004401D084BE4614905E618526688
:1019B0001439B2100F3E35E4CD4A1C0462470F20A3
:1019C00005034C24EB403CB5BD5D77189BBD164824
:1019D00064040E70E86843C8292EA89FF2990C266B
:1019E00087EA810A37092A10B44CCEE2E21A02963D
:1019F000629E21D6AC4298981BE9BAC2D7FBFFDAA7
:101A0000C84C8901763C09F1272B4D15532AED6D01
:101A100066362093990E5208C87A982ADBB92BDCD7
:101A200028B75D5A3B1C78DB82A57D11FFF3E46487
:101A30008A2089F72806AD3C001D33F6380F493857
:101A40000186B163B51EAE96A8D2BDA7A6EC582EEE
:101A50002C4F5E12D7EA72C2A14F389BC712E32700
:101A60006A1A26A26284BB6E27A6FD4F43A9F2F331
:101A70003467D467704AA851E7E22186A8533673C9
:101A80008FFDEED6D8AED26581853EC6C0B2D49E5B
:101A900064675023DB246F5CB8EE1C04DAC21CA31D
:101AA000522E116902DA7616A5B558D09DB3169A52
:101AB000A2E3FFFFFFFFFFFFFF97B158001124567D
:101AC000981E920273C686E6CB69433DD42A577F9F
:101AD00067D199B77731EA491E6A3CE431563E38FE
:101AE00055BFFD9E70E9854EDD73DCE635CF43A61C
:101AF000A36B657E8872B350D545EB39153447A981
:101B0000D528B368A712AABBD9DA7ADF8F1BCD35E7
:101B1000ADE8CCEA6323B24CADCD39E7688EA87E40
:101B2000ED248D79D4FFFFEA600A2478D8E1AB4731
:101B3000C002454695620809C65E178A848D121355
:101B40003E785CDFE983591FCDFF9A332858CFE1F7
:101B50007332250C800633725C211E66C271605C94
:101B60006A839AA5467B81EE641514A361C88390AD
:101B700016009871A0C1A0C4665589BF7E644095C7
:101B8000800EFE0E563ADC008C181C4200C8A130B4
:101B90002B8D0A132283C08C408C0AD881581600E2
:101BA0008722322043CF87032D6505151D03EE8064
:101BB00065431BFA37E112633FFF46052C052E6C87
:101BC0004B01977814B8118A051B02C5A5FF02972F
:101BD00002316AA601019140A915218003E628512E
:101BE0009F168ACA721054282CAC522BA9C843F3F2
:101BF0001428C58A3142828282A2BD46D15D441238
:101C000030543A4982877BE4F8B3940AFFF3E464E2
:101C1000DC311DFF1404CE68001AB9E1B80195A8A3
:101C2000002D3A6C7814B169BCB4E5A640AF2C160F
:101C30004D92D326C7A050197FFA05A6C20501B15F
:101C4000A9C7A8DFA9C0545A2BA2BA2A18A14A349E
:101C5000148E06C406585A42B2E5A44D84D9F40A3B
:101C60002C172C1632EC1364B4A582E06C26598133
:101C7000B060065FE065E06C09B3E815E5A4F40A1E
:101C800040B32C5CACB997629B072D8969902936CB
:101C90001367FFCB4C06589B1E565FCB4DE81405CF
:101CA0002E65D8160B81967FFFFFFFFFFFFFF969B6
:101CB0004B05CB4C65CB95962C174D9FFFFFFFFF37
:101CC000FFFFFF45551A539082E8A8A34A3703B790
:101CD0005BE076FB7C19E40679019E481F93CB817B
:101CE000B3D9F08DB8196E065BE0C67C0D9ECF06A9
:101CF000797F8462908B3818CEFC18CE0633818CA5
:101D0000E0633A0C678459C06CE67C22CFC0D309EB
:101D10008034C267F845320C4CFFFFFFFF84531834
:101D20003132114C031320C4C81A6533FFC18990A6
:101D30008A660C4C4229908A663000BCC428D2C006
:101D400004C5C8D0C0798D044562C3A82F8CCA31A0
:101D500034C8C0AD7C7E2F11D302E64B0B98F85CE3
:101D600021101929CA63025004B46834C64FCC60EC
:101D700040AC44C60D4C1CB40058186656421CBA00
:101D80006DABC58100110AD6310221A320118A63EF
:101D9000188A318311A7D1870CBE86CA88210E010B
:101DA0000E1587987071871791191840498704108C
:101DB0008900490887900B4D7BE52FA818B28EE566
:101DC000CB97888128A83E86365816317313174B57
:101DD0002B172D20145CC5C5BCCBC44380842006C2
:101DE0002002A9CC0404B00E60C47072FFF3E46456
:101DF000B332F9FD1000CE6C001B0A99F00194A0DB
:101E00000011A9D1648041A01062E696454E8B2551
:101E100006AD5F41A0107B945D35AEE5808816A4C9
:101E20001CE5008199BB027ECB545A966B41425807
:101E30000FFF30F0E2C07958796038C3C3BCB07688
:101E40006C8766C877FFFFFFFFE61E1E561E6761A0
:101E5000FE9B1FE5A62D37FF98B0B98B0B98B0B944
:101E60009DDE1F4879C8C816038C38ECC38ECB01A1
:101E7000DFE61C1E61C1E61E1C580F2C07160E8AD9
:101E8000C3CAC3CAC38D9594AC3CB01C5677FFE55A
:101E900080E30E0E30F0F2C071870719D8795879B7
:101EA000871D9871D960ECAC38B01C580F2B0EFF11
:101EB000F2C071603CAC3BCB01E61C1ED5553988A5
:101EC0000088400C0480B0421C01FFFFFFFFFFFFB1
:101ED000FFFFFFE5A4FFFFFFFFFFFFFFFFF2D2F9C7
:101EE0008B0B9697D02F845160C460C47061481AE0
:101EF0003460C2A0C2984517830484440304844418
:101F00000189120C1106090608FFC2220222422290
:101F10006064488590079C3CE1E7FFFFFFE0C2BF9B
:101F2000819529FFF088908880609C180606040E31
:101F300006740FC222206204FC18520650AFE0C2A1
:101F4000A0C2BFFFE0C28112BF845183110451FEC1
:101F50000C47022A0333002262181CDC62301990FD
:101F6000D4686465A1D9B3CB06933B19656077FA51
:101F700021AC0EE7084998ECDC628039BB03A56010
:101F800000C4C0580C11006010CA14C81C0662813D
:101F9000B92320CC1962FA089318A145F83340E41C
:101FA00083C1944420D22A8C0C1A5C593F2FB98BE0
:101FB000165665903FE38484268C98B5398382A3B6
:101FC00002218D06557FFFF72538A8FFFFF3E46453
:101FD0007A2C15FB1478CE680025BBE5AC019DA8D2
:101FE00000E8689917FFC964A810000A122A813F07
:101FF000F3169DC8083611554E1C90A03FF34C2D8A
:102000007697D1B32040045039BC9DFE6488682087
:10201000043C124F25492A27C5F031E39F38D51BD0
:10202000AE5816D9FFFFD77B646C880740399020E3
:10203000804403FFA89190200D4E0E467AF5A8C269
:1020400001544900DFFEA24806F3209C1C8500C60F
:1020500098819021EA31FFEA248072C110722063D6
:10206000C34CF0ADE95913204144BFFFD46544D4BB
:102070004D4481840189CC827320441C8FFFFFFF73
:10208000D00BFFEA2480637844C8900690519512E3
:102090002B22804FFFF403A01144D00A80634E2C02
:1020A00048B808A2EF408FAEFFFFFFFFFFFFFFFF22
:1020B0000B0753B53A4C653DFFFFFFFFFFFFFFFFE6
:1020C000E6583262263FA9DF9613F34FA9A3FE3FDD
:1020D000834FD3F3FE53E34F93F2B4F8E9A4FCFF2C
:1020E0008A6CE9B4F8E9BA68D3E4FFCAE9BF2B4FB8
:1020F000CD3F4FA0C9FF064FF845DDC18EF063BF4D
:10210000E0C7701CFA7DE0C77E0C77C193EF062014
:10211000C1882E114183105FFF063BFE0C776117CB
:102120007FC22EF063BFF062CC0D66B3062CFFF8C1
:1021300031678456583165F81CFA7C0C9FE0C9FE63
:102140000C9F7F039F4FF08CFBFFF08CFFFFFFFF86
:10215000FFFE119F7C193EFFFFFFFFFFC193F52C8F
:1021600004C6DCAA862308E645C3A58194C7E1948A
:10217000FA24D4FDA944F33230C53148DDF940C119
:10218000B3F4D730C8AC8234D53532341B377CC475
:102190002B14C501CC48ACD616553190809B6A7083
:1021A0008004C80FCD38043975521971FFF3E46407
:1021B0004D2CF5CD0200CEEC001E93EDE8019B887E
:1021C00000799097880F8C0084CB880CBC04AC29D4
:1021D0004E0C28CCC2C2952F88400CFC843904C90F
:1021E000C10C9898B0D060A0A68C8DE60240580033
:1021F000300013211030001FFFF54E9B1FFFFFFF23
:10220000FFFE2A24657A0712C86545460C3C6263C6
:10221000C2880582632746305693272632627304AC
:10222000053044740A40A2C0B205A6C1697CCCC284
:10223000820FFFD4694691594694E02A3C10CC8A1B
:10224000DE8AAA71FE150A0E036AFFED53FFDABBA0
:102250005432F3E301203210054FFFED51529880C4
:1022600008700958D158DF98D0D7FFFF98D8D160AF
:102270006CC6C68AC5C0C5E8168169B3FFFE9B1E41
:102280005A4327042B47305052B2632627346053F9
:102290000405FFFF2C029582795821820299D329E7
:1022A0009DB2187B219DB29B21D19D3295877FFFE6
:1022B000FFF960ECAC3BCAC3FFCB01DFFFFFFFFFC0
:1022C000E580F31B1A2B1B2B1BFFFFFFFFFFFFFFFC
:1022D000FFFFF31B1A31B1A2C0D958D9930299322A
:1022E00039938219356193139A3029B4821A39319E
:1022F000B40279A313982821582798202795827F24
:10230000C193065E11811908DFFC0E506508D06587
:1023100008D0650397FFFFF08D064E11B8467C2369
:1023200060CBC237FC233846032FFF832C193F06AE
:102330004C2320CA0CBFFFFE0CB832832FC233FFE0
:10234000FFC2340ED08D8324237FFF846FFFFF06EE
:102350004FFFFC1960C80305A9B260B06267F1FEC7
:1023600060B89665970C6596707D053E672D726620
:1023700060FE6654386722666328FE65996667F8D2
:102380002C050C4C4A058B4A60300EF8FFF3E464D0
:10239000362021BCFC00EED0002183E1E02BDA984E
:1023A00000A47A47969CB4E560B8182F2D2830F821
:1023B000091622BC6E87081B881B843048A0721443
:1023C00085214851F87E1734558AC80F020340C151
:1023D00080435686ADFFFFC1B060029608B000652D
:1023E000E0D8301B078360E0C30360C0C37C30E0EB
:1023F000D83A18706C1A0D83722D968B2450B52222
:1024000085A22858F22F2C71408DD1BC37050428A5
:1024100021B8281140837086091B82821BFFFFF0C0
:10242000B850B85C450040B85C205C3C4584522202
:102430008170A1860C38360D06C1A175830FFFFF90
:10244000FF861830E0085C1B0685D60C3C2EB002D7
:1024500096005600D8340CB17032C5C1B068360D44
:1024600006C1A0D8341B0685D6F8360D3C51E63C93
:10247000718F1C6EC718E1C63F298E766EC7161D78
:10248000798F7663C779607158E2C04FFF6A9FFF0A
:10249000E5610C2042C04066BF0C37F85D7FFE1737
:1024A0005FE2B3FFE175F06C19FFE2B315886AE1F2
:1024B00055E229E22D115F0B85FE2B01AB856435BA
:1024C00068AA0D5A2AF1562B1F1581562AF861BCAD
:1024D0002EB7F0BAD0C37C30C18688A6229117FFF0
:1024E000FFFF117E0C2FFFFF0894184FFFFFF0BA7B
:1024F000E1872B036CC1A00817CC4570434C35F124
:10250000CFCC836153CCB1F0E40C647454CC6790AD
:102510002A0C3902334C804264CC96020D8C32E096
:10252000368C237036CC4BB0D78C01502A0C1A1045
:10253000054C0DB0368C8E15F2C11CC2815354056A
:102540004CEEDB39F918E7DD233B4F8DB47630A92B
:102550001CAC2A6140A7F98542BFFFFFE601009845
:102560000403E5800180400580098040FFF3E464B6
:102570007A1F85E2E8007F945E213B8DC008DEA8CB
:1025800064261C1D1A88F467A2A960AA562F2B2A5C
:102590001824A862E1795820AC11E58007FFFFFFFD
:1025A000F96003FFFFE580A185428647231608C630
:1025B00076B799DADE580A9C3028071A381F68E087
:1025C000650AFFFFFFF84400300FFC18078440FF46
:1025D000FFFFF830A044A030A844A81942A0650A23
:1025E000FFFFFFFFFE0650A81942A1128071FB01F8
:1025F000F7EC0C8E071A38195280C2A0C2BFFFFF39
:10260000FF830407CB045E56C4645446C644744436
:1026100066C5C856445862363A23A3A334488D127F
:1026200023C48FCD1233448FE11440C44068F1813C
:10263000E2C60C4708A3FFFF84518311C188E0C4A0
:102640005FFFE1145F845181A244068917FF0608E9
:102650000608C222211120650A844A030AC22521E4
:102660001280C2B032A570895844A60C2BFFFFFC23
:102670002253845161147FF08A2FFFFFFFFFFFFE7A
:1026800011460C45FFFF08A2808C0CE0118C133022
:10269000658C0260118C2610A0CC47A07F4C32A222
:1026A0005DCC36C1594CE501378C2C424CCC08B27C
:1026B000658CB2A409CC04606E4C174065CC458093
:1026C000118C1FD022CC21C05D4C0AC0440C0AD012
:1026D0001A4AC03B300EC00F2C001E600700740C5D
:1026E00002819188E0C02018108E06684501C4154B
:1026F000A068B23018104E0C0241805C2205F060D8
:10270000120C0242205818100A0626028191C8C0F5
:102710006474501A2C8C0604020189C08110204474
:102720000BF0881706013E0C0270302013088980D8
:10273000CD26803021A40D148B060980C4E2608868
:102740001018058440A0C02C22058300FFF3E46428
:10275000C42201FCE6147EB16E20B3DDC000DD268C
:102760008C80C028440B0601022050881385D78630
:102770001B861A17582EB061FFFC193C2302361134
:102780009F08D8467FC194233F8468464190197FB3
:10279000C233F0397C237C197FFFC0EC08C08DC2A6
:1027A00033F08DE0C9FFFF832FFC197064F2C0D9AC
:1027B00058D98D0D15A998D6218D8D1FEA998DA90F
:1027C0001A9469C6FE798D8D1A98D958D030D830B0
:1027D000D030DFF81D334074CD019A37F08BA0C79D
:1027E000FE0C77E07BD7FFFFFE07AD84740CDF069D
:1027F0003C22EE117FC22E063F830A064281949C42
:1028000022406120C241848194A0652830BFFC230E
:10281000AFF066FFFFE0CDFFFF066BC23BFFC23AA1
:10282000FFFC19BFFE0CDF8475F8475FFFFF066EE3
:102830004C414D45332E313030AAAA2C01D1584895
:102840001874832185E0E19889048189F0899C735B
:1028500044798E101C19BA98F190C3991C9FB42129
:1028600080797999630F6984801D183201D18320A2
:102870005E983201D9807007163A2B3FCACE338E4C
:102880002B3FCACE2C1C67F4679E567159E56778BA
:1028900033C23C0CE067847A11E08F847819C0CF92
:1028A000F067C23FC23C11F067033823C0CF08F87D
:1028B00033C23D08F7833C23E0CEE0CF08F84780E1
:1028C000FF823C07DE11F067706781F7033C23E16C
:1028D0001E08F833C0FB80FBE0CE08F7C19E11EF65
:1028E00003EFE07DDC23F067C19C0CEE0CE08FC0B1
:1028F000FB819C0CFC19F847F067E0CE03FF833E98
:1029000007FF08F60CE81FFE11E847B06770674242
:102910003C11EE11F833C23F067833A0CFC23C1110
:10292000FC0FBC19C11E067C23DF833EFFF3E46469
:10293000F125360ADC007B325424DBDD880AAF6ADD
:10294000200CF067423E0CFE0CFC19D08F0338239C
:10295000E07FD067419E0CE067E07DFC0FF819E155
:102960001E067033F08F033A0CF067047C23E07F7F
:10297000E0CEF08F833E11EF08FA0811B77846DCFD
:1029800077EDF86B7ADDE11B781DBADF065BF83274
:102990002B0367B3FF832DFC0D9ECE08B3818CEF14
:1029A00084629E0C8A41914C229808A641899FFF1F
:1029B00008F93847CB83229C1915FC18CFFF84599E
:1029C000E1167E11678319DF08B3E0C677E116765A
:1029D0001167F06456118AFFC231506457FFE11845
:1029E000A6118AFC1914F038A4520C8A03229FFF06
:1029F00008F93F847CA0CF27FFE0C8A84629FFFC48
:102A00000E2915FFE0C8AFF83229FC23144C414DC4
:102A100045AAAA39C4310431453042630547369A84
:102A2000C3AC693CF47346AC3460438B26368043B8
:102A30002747326272B0403B2072832832046032F2
:102A4000046832C0E508C08D81CA0C80CA11B85D27
:102A500060BAE0D83708D08D065039023423019689
:102A600011807281C9C0EC81CB03B607640ED832E5
:102A7000C2341902340EC03B40EC08C08DE11B0388
:102A8000B02301B0605D70C3861C2EB8360C06C141
:102A9000C17581B068360D0C385D685D60C3036038
:102AA000FE0C908C065C19419303940EC8320320EF
:102AB00032C0E508CC19207660C80CB08D03900EAA
:102AC000D832611A11A0CA0CB83284661180CA07C4
:102AD000640EC039019419308DF064846846E11B9E
:102AE00008D846832C1901901960C811A0C9C0E507
:102AF00006408D08D03900EC065C19708C06403910
:102B0000611A076419211811906508C0FFF3E46485
:102B1000F9247E0AE0006771062843FD7C00AF2A95
:102B2000208D03B423423211B08CC19383281DB091
:102B30006508C06503B211A11B81C9064C19423654
:102B400011BE11B03B2119C1920C80CA0CF2033C9A
:102B5000B847CB3F2790AFCBF832DF06793833CA7E
:102B60000CB7FF08DBFC196F08DBFE11B77C19E41A
:102B7000FFC19E4C196E08DBA11B7F08DBA0CB7048
:102B8000322A118AC231508C578462A118A41915B7
:102B9000038A453E11B7046DE11B7FF832DDC23672
:102BA000F846DE0CB7C196EC196FFFFFFC196FFFFA
:102BB000E0CF2E0CF2833CBF833CB833CA11F27FC6
:102BC000FE11F2FC23E4FFE11F27FFFFE11F27FFB7
:102BD000F832DC076EB7046DFE11B7032DC11B7C04
:102BE000196E846DE0CB7FE0CB781DBEDF4C414D8C
:102BF00045332E313030555555555555555555554C
:102C000055555555555503EFCB0719C795F47DF428
:102C1000583CCE3FCB1D959C0CF847E07FC07DC053
:102C20007DF067E0CF08F833C23C07DC11EC23F0FD
:102C30003EF847A0CE06760CEC23D847B08F708FB5
:102C4000C0FFE11F847B847F833819C11F08F847C8
:102C5000C19E11EC19D03EEE07FF03EF067047B896
:102C600047A11E847F067047B03EF067F81FF83317
:102C7000C0FFF03EFF847E0CE06781F77067C23CC6
:102C80000CEE0CF833C23FC23D81F77067C0FBA168
:102C90001F847B067611EC0FFC23F08FE11E833A34
:102CA0000CEC19C07DF08F423D08F833A0CE847E35
:102CB00011F08F81FF423F847C19C0CF847C23E1D7
:102CC0001F81FF833C19D847FE0CF067033FE11FCB
:102CD000847819C11F08FC19E0CFFC0FFF0677C2EA
:102CE0003FFC23DC19E50CA00D00D706FFF3E464DC
:102CF000E61BEE0ADC004B320434A409CC146CA1B0
:102D000070B06906A05A848C1A60D40D20D7C1A473
:102D10001AE0D60D5E0D706BC1AF069005D005E0D0
:102D20006AC1A60D20D5005FFF83503404602320C4
:102D3000733C19108C419381CC046419308CC230DF
:102D40000C80398FF87978793879FF83060C0C225A
:102D50003E060306478467064FC2320C808C8460AF
:102D60001900C908C83220C38310881160C21142FB
:102D70002F83008B0880680C3C2201A83008B088A3
:102D80000600C211018C18031062113C1884508A8D
:102D90000C70630638300F387921E40F243C81E74A
:102DA0000B21C3CC1E587903CF0F2E1E4C2C8C3C0C
:102DB000DC3C81E487943CE1E4F0F3879E1E687973
:102DC000C3C98793879787930F387903CA4C414DBE
:102DD00045332E313030AAAAAAAAAAAAAAAAAAAA18
:102DE000AAAAAAAAAAAAAAAAAAAAAAAAAAAAAAAA43
:102DF000AAAAAAAAAAAAAAAAAAAAAAAAAAAAAA19C4
:102E000061E4E110044384420C08302110844183C2
:102E1000010882110E0C0E1104221C220F0B220B32
:102E200020E11003000C0830184418443C220E0C1A
:102E3000483110620229C18908A611A032811A8185
:102E4000D6908D38469E0C4606940311FC18881ABD
:102E50001108A20C4C2280624188C188E0C4C1895B
:102E6000FE0C20C211422F060113F063844F034071
:102E70008B03408A0C022031E0C211418708BF0653
:102E80002113E117062110220440308188450601F4
:102E9000140C61161141884481A61120C422044FEC
:102EA000062061C18F08A1120C60C42260618440B9
:102EB0008860C0C180E11EE0C0C18103004181067D
:102EC0000784410600220E0C00CBE069FFF3E464A6
:102ED000CD193608E2084E13F633BC19CC126CA19A
:102EE0006406B0690D10D40D200BB068835834838C
:102EF000441A41AC1A01AE0D60D1E0D40D20D00DC2
:102F000000D7834035C1A7C1AB068F06AF068069E5
:102F1000E06020C1060706003002200C881C442314
:102F20001064C0E6419184620C4226063FE0C783EC
:102F30001E063C22C18708A0C422F831F844E06193
:102F400008A11708B0600601120C0187062113F0D2
:102F50008A0C018830063E1140C422844831830027
:102F60008908B845F08A0C022F030C0C70880C7C81
:102F70001841884506006108A0C422845845844051
:102F8000890600C781AE0C40C0188450348448794B
:102F900070F3F0F3079616421E70F3C3CB87921EB0
:102FA00070F2879C3CE1E78591C3CA1E7A4C414D83
:102FB00045332E313030AAAAAAAAAAAAAAAAAAAA36
:102FC000AAAAAAAAAAAAAAAAAAAAAAAAAAAAAAAA61
:102FD000AAAAAAAAAAAAAAA0024E49541148A47849
:102FE000E91872247419A3AC758CE330CFC678CD80
:102FF0001987419F19F8CC330EB82702AF1522A0CC
:10300000ADC55E09C422423044E11C22308802C8AA
:1030100016E059816BE05B02D605A02DE059C0B7E0
:1030200002D01600B0058C23423C037423C2304604
:1030300008C01BC11823044C037A111E2A02731501
:10304000F8273153C57154568ABC56154558AD15ED
:1030500022AE2BC568AC2AF8AC2BE2B45415C13BA8
:103060008ADC558273150568AB04EE09C4558A9C49
:103070005515F8AF1538AE2A0A82A45615C5615AFF
:103080002A0ABE09D0AA2BE2A0A82BC1405706836A
:1030900070538280D0602906C180DF8341811DE1A9
:1030A0001DF066E07BDF833658D95ECBFFF3E46426
:1030B000D518CE08F47E35A7BE36840DB0009E2606
:1030C000801BC18EC23B066823BC23B03D6B08EA5F
:1030D00007AD423A8335833411D03378477F847407
:1030E00011D0477E11D0337066BE11D833611D8474
:1030F0007708EC23B08EB03D6FFF08EF08EA11D7D8
:1031000008EF84740CD7066C23A84758475066B85C
:10311000335066A0CDFFC0F5AC19B8335847611DD8
:10312000423A08EB08E819A8477E0CD40F5BC19A15
:103130008477066F08EC23B81EF411D033611D04A8
:1031400077F8475C23B08E80F5BE0CDC23BC0F5BA8
:1031500003DEE0CD033611DC0F5B847407BD419BB9
:1031600008EF81EB411D847508E823A066C19B84AC
:10317000740CD847508EFC0F7A8475833611D8476B
:10318000708EFE0CDC23BE11D60CD033754C414D35
:1031900045332E31303055555555555555555555A6
:1031A000555508B608B781CE9FE0CDC119E073A789
:1031B000832703274193E0CDF03DDBB96373DB62E6
:1031C000C6C57B9EFB423BB08EEF8337F833784712
:1031D0007FE119DC193A073E7423BA11DF08EFC109
:1031E0009BBE07BF7423BF8477F08CE064F064F863
:1031F000467032781CF9E0C9FE119C119F064FE021
:10320000C9D064F8467E0C9D832783278467E0C974
:10321000DE119C0C9DFF08CFC0E7CFE0C9E119C0CB
:10322000C9F8467C233C193E119E073A78467C2318
:103230003A0C9E0C9FF064F81CF9D08EFF8477FF47
:1032400008EE066EC23B819BC19BC19BA11DFC1970
:10325000BE11DDC0F76F81EFDF833704770477415C
:103260009BE0CDE0CDE11DFFFC23BE0CDF8477C1E8
:103270009BA11DFC19BB8477F03DDBB066EE0CDC36
:103280000C20308112419A08EE07BD42FFF3E4643E
:10329000EA1BBDF8CE0053346035FC0DB4009CA78A
:1032A000A03B833508EA07BD423AC19B833584774A
:1032B00008EC0F5B833508EF83360CD611D423AFAF
:1032C00008E823B08EF08EB08EA0CDFC23B847580E
:1032D000475066C23B08EC23B066FF847C19C07D72
:1032E000C0CFE0CE847823E11F833823DE11D60CD3
:1032F000D419A8475C0F5A066E0CD0335FF08EE1EC
:103300001DC19AC19B08E823A08EBC23B08EF08E0D
:10331000819AC19B8337833411DFC23B08EE0CDCFA
:1033200023B08EF03D6F833508EC23A847611DC2A2
:103330003A08EC19AF066819BE0CDC19A08EC23B26
:10334000C23B066F833708EE11D0335E07ADFC1920
:10335000A03D6B08EA11D0335847611DF08EF0662E
:10336000C23B81EF5F08EF833508EB06694C414DA6
:1033700023061090112B1F061589B831232E0C2B14
:103380001E145632D089C01C22563844AC6089586D
:10339000C112B160C2B16112B16B844AC6B70A38BA
:1033A00004B57089C03F848E00844E007560C38070
:1033B00060C380422700AF830E00AA0C3807DF2CC1
:1033C00056295D62962B13CAEB14A563B7FFFE75F1
:1033D0008B58858AC6F2C562EFE067001C03FC22A9
:1033E00070060C3803F089C01830E00F844E00F6E8
:1033F000EDC1870040CE013802F061C01089C030B5
:1034000089C000C3803FE113801BF089C01FC267E1
:1034100000AF7061C03089C03844E00061C01091D5
:10342000C01089C00DEE0C380555030E01830E0047
:10343000830E006F089C03061C03D75422700F08EC
:103440009C020C3802112B1A112B1422563C1856D0
:103450003E14562F032B1CAC509958D5F5ED08950A
:103460008DA81856312114847C23F08FFFF3E46477
:10347000FC1E96089E505FD7D034C409B80894E566
:1034800080E11E067047B08F8316115067033C23FE
:10349000D08F047B08F708F847B847FC1898313CF0
:1034A00019E11E833E07DD03FE833BC19C0CE067F0
:1034B00001FF40FFC19A03D6823A847503D6A11D4D
:1034C000419AFF847B847C19F08FE11EF08F423F8C
:1034D000E0CEF847A07FD08F423E11EF08F833C20C
:1034E0003DC19C0CE833F833C23F067833A07DDE43
:1034F00011F0677067423D833E0CEC0FBC23E0CEB9
:10350000067847B067F067033823E0CFE07DFFC15E
:103510009E0CE08F833B06760CE833A0CEC19E0C58
:10352000F81F7C19E0CFC19C07FF847C19C07DC0C7
:103530007FDC19C07DD08F033823F08F83380FFED6
:1035400011FE0CEC19F833F833A0CF067A4C414D3C
:1035500045332E313030AAAAAAAA0AB10E11B832C8
:103560006118072706581CB06484603241902370AC
:1035700039023708C846F08CE076832032708D031C
:10358000B611BC2360C80C34113503346B061B83A1
:103590000DF81DEBC077EF40EFDEE11BD832F418D9
:1035A000B018B2115B0358B38456031604560316C1
:1035B000C0D62DE0C0B0605844260C09F0604830F9
:1035C000203077088EC183F060EE0C1E111D83073A
:1035D0008447C2238183F08DC0EDE11903B4194201
:1035E0003419308CFC190193F0393E0C9039419418
:1035F0002360C80CB06508C832E0CB08D064C23084
:1036000019423607203284603240E4C1940ECC194E
:10361000308C06481DA076046846FC2301960CA158
:103620001BFE0CA076046032846032846423019611
:103630000CB065C23023E0CF067423E07FD067046E
:103640007B067833823F067423FE07FCFFF3E464B5
:10365000F21B5A06E00D4691B838A415B800902424
:103660006007FF847C19C11EC19F833C23F067F86B
:1036700047A0CFFE0CF833C19E11F847C19C11E062
:103680003EE833823C0CE833823E0CF847F847E0D2
:10369000CFFFC19FF067419DC19F08FC19D0678390
:1036A0003C0FFA11EC23E11FF06740FFFF0678336F
:1036B000B847C23DC19DC0FBC19D03FFC23DE11F94
:1036C00008F033C23D08F033F08F833E07FF08FC5B
:1036D00019C0CF08FC23C0CF067E07FD833C0FBC7A
:1036E0000FF823E11F067C0FFC23F08F833C23D8C7
:1036F0001F7423F08FC23FC19E0CF08F047E07FF22
:10370000C23E11E03FE03EF08F01F7E11FC23D06EF
:103710007033A11EC0FFE07DD08FC23F81FF01F753
:10372000E0CF067033E0CEE11F067847AA4C414D4A
:1037300045332E313030AAAAC571562A0AB1544DEC
:1037400004DFC55C5715F15715A2B8A9158568ABFC
:10375000C5415856C5615056154571562B02751511
:1037600038AD15609DC541585415C541585515854E
:10377000515C5415455F1562AC57158578AE2B62C8
:10378000A4548A82A8A82AC558AE2B0273C578AC67
:103790002B02751538A82A62A0AF15315B8AE2A00A
:1037A000ADE2A0AA2A4558A82B413A8AA2B8AC2B70
:1037B000E2B8A915C57C13B8AA09C8AE2B45715447
:1037C00055827515315C5404EF15456808013A823D
:1037D0007209D413915C55C5615304EA09C02702EC
:1037E000B8AA2BE013C571585604E813815855C583
:1037F000715856150568AC2A02758A9827715609C2
:10380000D8AB1585415813B04EA2B8AC09DFC541FD
:103810005056122D0399992B98F2B8A1622A571588
:1038200008DBB03B75BF832DC0CB7032FFF3E4647F
:10383000F41B4204EA0035ED20394C117C32DF2ABA
:1038400000DC11B7046DE0CB77F08F90196E065B4A
:10385000B832DE076EB7E11B7032DE0CB7FF846250
:10386000811B7C236FE11B7C196EF08DBF846DFF83
:10387000833CBC23E4F832DDF065BF065BC236E072
:1038800065BF833CB847C807E4F2C23E4E11F27CE4
:103890000FCBE5E11B7846DFC236E065BFF832DECC
:1038A00011B7F08DBB065BBC236EFE0CB7F08DB874
:1038B000236F81DBADDE11B7032DF846DF08DBA0F7
:1038C000CB7C196F065BF065BB065BB846DC11B7B5
:1038D000046DDE11B7F832DF03B7DBBFF065BC194A
:1038E0006FF08DB8236FC236F81DBADD065BB06588
:1038F000BC236E832DFC196FF846DE11B77C236E56
:10390000F065BC236F065BF08DBE11B7554C414D81
:10391000455AB1087F3F863413E1E11AC3E4685188
:103920008E1107A7276B44442F2411890813792788
:1039300048590F427B8983C46912889089085E992F
:10394000E2040E421B46908856489FE038B20FC1F1
:10395000422442571307D240FF499C74476484CAEB
:1039600015C54C112E351C50AC5C23A38571C98C38
:10397000109E2E3A259C1C4C10A238333A40448E9F
:1039800005F25329AD8CA266B04C291D166295EB49
:1039900049900FA6273319D15C9F1C47D0A12F4512
:1039A0001C451864AC80B0AA763DAE1F16C2752BBC
:1039B000A56AD8CC44846BE15C8522494512D1F9D3
:1039C000122278F309D89E780D8A0BC9F12C2D9814
:1039D0009207F3D393A1CE13C2C1F9656AC418212B
:1039E0001C8EC6C7482513A9330AA027890B6081FE
:1039F00010B511691C5042573C5CB0FA08171E40C4
:103A00003562137334D2C7A974E349FCFFF3E4446D
:103A1000FB1DDE0CF400312C6E35E409F0124B1363
:103A20008D4B7E0DC0A629450C8D5294F689A4823B
:103A30003F9922D6A8A44D6AAD7C9AD23E81311816
:103A400075248F9C0205D1890523A152C1F4AD08CC
:103A500080595D1A0430E44572C094B4B43C16C475
:103A600092A3C5B2D95E22DAD5A390D8B2BA292CD6
:103A700016A059181E15C48A1850A328C480853072
:103A8000AF9259297C6884E5C2694A313911D4481A
:103A90008022648073CE103C462E44E4C980743D7D
:103AA000EF15929F2A4D22B8BC5A958DA28A1849CB
:103AB0007E284E4D480CA628789E6C89458FAEDE38
:103AC00023B428627D7998160DB639B89B166874B0
:103AD000CCA27EDA4B0586899C308C5830D1E15CD3
:103AE000E994AB991365B45AA32B620D0A25613B87
:103AF000E46235FA24D2788B4344DB9A08B46AB87E
:103B0000E0571205F5F43DE3D7C68A6038330F90CD
:103B10008CCCD30F114683E95F1212CCB5430B5402
:103B20003D0D2448734121695EE4879686D83DCDDA
:103B3000902B9B4054E0F536CD907B21C1D84809AD
:103B40000A1C86965F92068135430DC23C9CAB43AE
:103B500058E1272D47C1BA709393E058C9C8F05F68
:103B600043DA492AF09AA1886AF21E494B5439A4D3
:103B7000B42CCB5E879B870AB55C6F0F33E0FB6A82
:103B800056AB5DABCE13889C9C46E1F7D5C7C1BA56
:103B9000D087B41225F5F6824CBC8721A4890F4347
:103BA000093F43C91A1EBDD0F6968685FFD0E6822E
:103BB0004FD0E43DA5A10D43C9234964BCBC49973E
:103BC0009A10F248D249C9116687121240491A5A0E
:103BD0004B42CD0E5F5E43CB5240D2592F7FC9235B
:103BE0004A1A861252CDA178B2EBE498FFF3E4644E
:103BF000FF25520CEC093D8F7042441DDC00631E12
:103C0000209021887968861234357C900EF37DA946
:103C1000ACE3EAD6B276ACFDA8E1370783A6B27270
:103C2000AD370E03E55A7DB59B8AD56BB59142033E
:103C3000160F00241C1F8D97C984CA313661A2CC8F
:103C4000399F9B5226E644BD4512825661BDF2A2C1
:103C500091D2A31E4C8A46225133A6CD27F2A3113E
:103C60006FA57E69BF25B3A2E545BE4CBC91132963
:103C7000A4F51C9831654477E8E78F934F8D07C80A
:103C8000FF33E7D2F9CD045BE4D488D7933E4426D2
:103C9000DE4A884DBD9DF23912FD1A8B4C3D341120
:103CA000D3CD2A6FCEF27911B3BE441A09A453C9F9
:103CB000A67D3A30963E7F39A48B364C1194F4D0D1
:103CC0007CFDF4A8C4C3D3491A4BD18887E8E362CA
:103CD000730CD0461A68A7A68A351EF269D14F9395
:103CE00009B4418E8F788F788C25730F53D788C491
:103CF00043F46221133A60962611333F44F303CC18
:103D0000F27344D047C93BC349106971B469BC36EA
:103D1000D1A63A691C88459A28A473F45A25E1A4CF
:103D200060A65F238959B28B7B292E7B3BF7CFCCD2
:103D300044CA6114F66AB30ABD7D1F29C856AA1A7F
:103D40001DCEF5F4876126320A19FA98EEE4B53EE5
:103D5000A73F5AFAF23114F4F868643290EE7C32DC
:103D6000C87DAA64ED452A911121DCD488464CAA6D
:103D70009A6380B5462189F5273E112769DDCEF685
:103D80006646A9674C1CEA495F9A6D12AAD1334E68
:103D9000F54875BE3B95CBE55F5DC350BDF118B2EC
:103DA000249644B2F1B95858544110A779E7441603
:103DB000A8943950FCF8647E7CBF9931296A894502
:103DC0008F853752BE94EF2FA59B5776FFF3E444BF
:103DD0009621720EEE003D8FE043EC1DDC007B1F50
:103DE000C0981C0F188CA3B4F0F374676955A690A3
:103DF000A4FF55BF3455C8A347A6950D05DA674CF7
:103E0000B39F4D068AA0ED67E9B3CD387C1F47C24A
:103E1000ACF04D0F8FD365C277A5A2F262446AF26F
:103E20002910BE751F479B59BAD05FE79656463298
:103E3000FC502239E4743E1C887A99168E5831154C
:103E40006BE6421EF948A63430F29156221D8A4391
:103E5000917E126116FE656C672E8E9126651E4B53
:103E6000E65299F3F2958FBB9E7432762438979F71
:103E7000731713E50CE8C44BD6BE78BBED0A13C22A
:103E800047522A10E3E249D10AB603E5108F52CA1D
:103E9000A798DD5F47F3EA76950A2D8988B2603CE2
:103EA0008F23E550A74CA66755BE34FAAA444CCAE6
:103EB0005793A6DEB1938EE20036411245C060AC46
:103EC000D1A082259A971D2D9146CC295E2F29914C
:103ED00066522FC8F946783F51BC5326553D12888B
:103EE0004DCCD333C55301667C17C6832CE56A7C61
:103EF000773A6364EA45E472FAFC87496F3ED0F989
:103F00005E9A64E110692F26E4E4194C659E0A6408
:103F1000F2F1A72B19E648D36C87DB5279AA5644F5
:103F2000D16C4310D4D9FD3BE3E9A4E4951ED08BBA
:103F30004434A693CCC5FCE25F6A5394EAA3C8ED6F
:103F40002CE644218CC9B3490548AFDFAEDF971C8E
:103F50002D9E88A524744AFA310F3A10D53A9D480F
:103F600093C1C923D7D3550AE8650A13B8971CAE85
:103F70003D12CACB164712E8A338897A32CC0BCB54
:103F80000568A1850618A00F4FE282158222E3F38F
:103F9000F8E38561FAD2A219FC064595CB208C780E
:103FA0002A8F52627B11D9D126572E8AFFF3E4441F
:103FB000451C9E0CF60431899E396C11E80062594B
:103FC0001C25B02F9313588FCF0D8CF1524495C3FD
:103FD00073E3729A12D251486C592D464F5C7DC6DC
:103FE0002A5A0F17C05A863590A0C2B205B1AC5FED
:103FF0000225D0450C10CA23988E0CA50A25F04A3C
:104000000CAD58603F14CAF04C48718D8FA2839D4F
:104010007A680EA14D172301098190452E0B2016B9
:10402000177059C852707123DCE9F11036E233C4BD
:1040300008C464AE48891A279E23404E2E9B907375
:10404000C7F875C7C548111089D3203E9A47858E99
:1040500012113C911249B919011F72629388909C08
:104060003CB2012E4FE32AAC7452C890B17AD0A46E
:10407000A8B4A91BD1AC2796E1583C2C393C3F4051
:104080004DE96A6E4D34008A05967B934292110980
:10409000E4D3171322402478884020F15088010887
:1040A00004A7112073D1A687F24214D227E4E4AF0B
:1040B0007A227264898E240D34745945DC4A0CA32B
:1040C0003C84849C4881312A4204098752429A27C1
:1040D000A2409E224DE2612241E198A22B148C66FF
:1040E00035A7A851992D5A807B0AF3D98E630FCB3F
:1040F00051C326B116979AAC816149D2E367E25465
:104100000241CAF4111A321056B218D1968BA83A4D
:104110005E2A9E955D1B38281E598A1797AC8B9F87
:104120005CD890598D74F78928256FB2D5A575E2B2
:104130007C4827C7F2733044710AC84F8ED6140AE0
:10414000B2747E80896AD51983A2D306D9B1B31916
:10415000E0EF06A9465615E6AEC0512237416E86FD
:104160006115E551DA5D4AB2C8CDA0B8BC3CB45A7D
:1041700009A95866E4C216D2CCC53544D4D52ACC98
:104180005308AB2C8AF368AC1EB200ACFFF3E464B6
:104190004529520EE4043F0FDA9A63F1303408CB1C
:1041A000CC2771405E424CF314AE786B0F415E55E4
:1041B0000F59406C95866958608B7645B4B261485A
:1041C0009A89AC2914B351E62C90E98EB8C1D15329
:1041D000CB8946D3116DAE1455C15408A4AB184D0C
:1041E0008FA80945F507962B428DB0A452EE6DDAE3
:1041F0009D5B5F64392A7C1AA354739A82EF628DA7
:10420000D78D59A93C4BEDBB3466D9E66C8D1F3375
:10421000089B0AC66F54DA9D6337AD18383A6CF5BF
:10422000D86347C1B0B516EA21069CE68AE6F56276
:10423000C60BA2D5DAA2A66C382B97457735F96361
:10424000566A8502C57653B17A45877899C3636FFC
:10425000962B546AAD55AB361688D87999802B0CBD
:10426000D85A2361B0D91AB88021C56C4AE658BB28
:10427000A9E9DAA3ACF362E7351A7A76EC200B44AD
:1042800080769E25A8B8D0CE8E579ABE8668F40B4D
:1042900010994238876024601071C4038A04CD16D7
:1042A000E3399E271F0330AAD7FF3F3B696FF3D640
:1042B00091F548CE44657942738BC4E5CD29797F69
:1042C0005EFCDB5D0EF61656A45EEA7F1AFB1D2E21
:1042D0005FCCC8B33C518CAB6238C882DE0220127E
:1042E0001AD87030A2C6B9E10D20541644A24B165C
:1042F0009847578B22B380D5B2AF2B30F2A48AB542
:104300005222A3D5C943A2A4558A8E612BDC4A1C34
:104310006D3A5810A5CB42B9FAA53AC8CD76174ADE
:10432000E8EADBBD8B0199B5A10E44B1BA8CF5A9C1
:10433000C985C4FE749E551FAB0692ED529E88AE91
:104340007EAD919A565624522CE12FC8E374E12792
:10435000C791FCAA950D6C55427E68A451BD74AA04
:10436000395D3E628A9E5A56C5D2292CFFF3E46419
:104370005C226610D8003D8FE89EB36900021847A2
:10438000E12BA8F16D501A4D272B819476E322E999
:10439000E138E51159484C4B03A421F8E5DC5B11E9
:1043A000591882540F87158ED4E8ED12A312F232F9
:1043B00052B104A83F1CB8A8E61A32847CC89254B3
:1043C00000C420A8A60D4B8235CE4452087A1D1198
:1043D0008C4F68745A098CC754CF9E8F45B0012109
:1043E0008052E0122B8052A01E2B8362B8051A0067
:1043F000D154D5A5DCB9B88C8BA580A80A8F6503EC
:10440000E396151CC4BA08EB66561F219E955616F6
:104410008AA706C24AE1549E8F561604294AB2FB67
:104420001060333DE9D52162244798F4B01A4E66F6
:104430008B221D4574E0B092BBDB5F6366A025183C
:10444000D4EAEC75568090615404832906154044E3
:10445000860220C6AA4185563D499AAD5F66AB17D4
:10446000DBABB6C7AEC7B6BF35F58DEA4C4CD578D9
:10447000CE2864261735F94250EA9A80A332808C00
:1044800014050085030118311B0AA5D20AA4C2AA8B
:10449000A9052666A0300A010AA24A37EA5F562A11
:1044A000C6D49854024A282B24A482BB8B8E37B9D9
:1044B0007E3C144C414D45332E313030AAAAAAAA75
:1044C000AAAAAAAAAAAAAAAAAAAAAAAAAAAAAAAA4C
:1044D000AAAAAAAAAAAAAAAAAAAAAAAAAAAAAAAA3C
:1044E000AAAAAAAAAAAAAAAAAAAAAAAAAAAAAAAA2C
:1044F000AAAAAAAAAAAAAAAAAAAAAAAAAAAAAAAA1C
:10450000AAAAAAAAAAAAAAAAAAAAAAAAAAAAAAAA0B
:10451000AAAAAAAAAAAAAAAAAAAAAAAAAAAAAAAAFB
:10452000AAAAAAAAAAAAAAAAAAAAAAAAAAAAAAAAEB
:10453000AAAAAAAAAAAAAAAAAAAAAAAAAAAAAAAADB
:10454000AAAAAAAAAAAAAAAAAAAAAAAA20580000FB
:10455000426F6172642073746172746564210A0031
:1045600041626F757420746F20696E697420726186
:1045700064696F0A00446F6E65207769746820690A
:104580006E69740A00526164696F20636F6E6669B8
:104590006775726564210A00456E746572656420F2
:1045A00072656365697665206D6F64650A00436FA7
:1045B000756C64206E6F7420656E74657220726510
:1045C0006365697665206D6F64650A0050BECAC375
:1045D0003C36CEF4000000000000000000000000A7
:1045E0000338FDD870472F726F6F742F6E752D6D65
:1045F0006963726F6269742D626173652F736F6690
:1046000074776172652F6E72663532782D626173D0
:10461000652F2F73646B2F6E7266355F73646B5FEB
:1046200031362E302E302F6D6F64756C65732F6EA2
:104630007266782F68616C2F6E72665F6770696F43
:104640002E68000000C0014000000000496E69743F
:1046500069616C697A6174696F6E20256C640A0007
:104660005374617274696E6720736F756E64207025
:10467000726F64756374696F6E0A00536F756E6450
:1046800020706C617920256C640A002F726F6F7442
:104690002F6E752D6D6963726F6269742D6261731F
:1046A000652F736F6674776172652F6E726635322F
:1046B000782D626173652F2F73646B2F6E72663570
:1046C0005F73646B5F31362E302E302F6D6F6475E3
:1046D0006C65732F6E7266782F647269766572737B
:1046E0002F7372632F6E7266785F6932732E630068
:1046F0002F726F6F742F6E752D6D6963726F6269A3
:10470000742D626173652F736F6674776172652FA4
:104710006E72663532782D626173652F2F73646B0C
:104720002F6E7266355F73646B5F31362E302E30BC
:104730002F696E746567726174696F6E2F6E726631
:10474000782F6E7266785F676C75652E68004932E7
:1047500053000A0A2A2A2A2A2A2041707020457208
:10476000726F72202A2A2A2A2A0A0041535345527C
:1047700054494F4E204641494C4544206174202500
:10478000733A25750A004552524F5220256C752008
:104790005B25735D2061742025733A256C750909CA
:1047A00050432061743A2030782530386C580A0024
:1047B000554E4B4E4F574E204641554C5420617438
:1047C0002030782530386C580A0048415244204641
:1047D00041554C54206174203078253038580020E1
:1047E0002052303A2020307825303858202052315D
:1047F0003A2020307825303858202052323A202074
:10480000307825303858202052333A20203078250F
:104810003038580020205231323A20307825303854
:104820005820204C523A202030782530385820200B
:104830005053523A20307825303858005374616311
:104840006B2076696F6C6174696F6E3A2073746166
:10485000636B20706F696E746572206F7574736915
:10486000646520737461636B20617265612E00431F
:10487000617573653A204275734661756C74206F7B
:104880006E206120766563746F72207461626C655E
:10489000207265616420647572696E672065786353
:1048A000657074696F6E2070726F63657373696E83
:1048B000672E0043617573653A2025732E004D65A0
:1048C0006D4D616E616765204661756C7420416451
:1048D00064726573733A2030782530385800427519
:1048E00073204661756C7420416464726573733A19
:1048F00020307825303858005468652070726F6316
:104900006573736F722068617320617474656D7074
:1049100074656420746F20657865637574652061C3
:104920006E20756E646566696E656420696E737469
:1049300072756374696F6E005468652070726F637E
:104940006573736F7220617474656D707465642033
:1049500061206C6F6164206F722073746F726520C8
:1049600061742061206C6F636174696F6E2074687C
:10497000617420646F6573206E6F74207065726D52
:10498000697420746865206F7065726174696F6EF8
:1049900000556E737461636B20666F7220616E20C8
:1049A000657863657074696F6E2072657475726E78
:1049B0002068617320636175736564206F6E652084
:1049C0006F72206D6F72652061636365737320760B
:1049D000696F6C6174696F6E7300537461636B69A6
:1049E0006E6720666F7220616E20657863657074F3
:1049F000696F6E20656E74727920686173206361DF
:104A000075736564206F6E65206F72206D6F7265BF
:104A1000206163636573732076696F6C6174696F7D
:104A20006E730041204D656D4D616E616765206656
:104A300061756C74206F6363757272656420647550
:104A400072696E6720666C6F6174696E672D706F36
:104A5000696E74206C617A7920737461746520705A
:104A60007265736572766174696F6E00496E7374F6
:104A700072756374696F6E20627573206572726FF0
:104A800072004461746120627573206572726F7286
:104A9000202850432076616C756520737461636BC8
:104AA000656420666F722074686520657863657040
:104AB00074696F6E2072657475726E20706F696EA6
:104AC000747320746F2074686520696E73747275D6
:104AD0006374696F6E2074686174206361757365B7
:104AE0006420746865206661756C74290044617483
:104AF0006120627573206572726F7220287265740E
:104B000075726E206164647265737320696E2074BF
:104B1000686520737461636B206672616D652069DE
:104B200073206E6F742072656C6174656420746F9D
:104B30002074686520696E737472756374696F6E32
:104B4000207468617420636175736564207468659E
:104B5000206572726F722900556E737461636B20E9
:104B6000666F7220616E20657863657074696F6E20
:104B70002072657475726E2068617320636175734D
:104B80006564206F6E65206F72206D6F72652042C4
:104B900075734661756C747300537461636B696EF1
:104BA0006720666F7220616E206578636570746936
:104BB0006F6E20656E747279206861732063617511
:104BC000736564206F6E65206F72206D6F72652053
:104BD0004275734661756C74730041206275732071
:104BE0006661756C74206F636375727265642064AE
:104BF0007572696E6720666C6F6174696E672D707F
:104C00006F696E74206C617A7920737461746520A9
:104C1000707265736572766174696F6E0054686551
:104C20002070726F636573736F72206861732061A7
:104C30007474656D7074656420746F206578656345
:104C400075746520616E20696E7374727563746922
:104C50006F6E2074686174206D616B657320696C80
:104C60006C6567616C20757365206F66207468657C
:104C70002045505352005468652070726F6365730D
:104C8000736F722068617320617474656D707465F0
:104C90006420616E20696C6C6567616C206C6F616B
:104CA00064206F66204558435F52455455524E204C
:104CB000746F207468652050432C2061732061203C
:104CC000726573756C74206F6620616E20696E76F4
:104CD000616C696420636F6E746578742C206F72E8
:104CE00020616E20696E76616C6964204558435F6F
:104CF00052455455524E2076616C75650054686576
:104D00002070726F636573736F72206861732061C6
:104D10007474656D7074656420746F20616363657D
:104D20007373206120636F70726F636573736F724A
:104D3000005468652070726F636573736F722068CA
:104D40006173206D61646520616E20756E616C69B0
:104D5000676E6564206D656D6F7279206163636550
:104D60007373005468652070726F636573736F723C
:104D70002068617320657865637574656420616E71
:104D80002053444956206F72205544495620696E7D
:104D9000737472756374696F6E20776974682061CB
:104DA0002064697669736F72206F662030001C0B77
:104DB0001F251E15160F1813F84801003849010069
:104DC0000000000091490100DA490100234A010076
:104DD00000000000000000006C4A0100824A01004F
:104DE000ED4A0100584B0100994B0100DA4B0100DC
:104DF0000000000000000000F84801001D4C010008
:104E0000764C0100FD4C0100000000000000000095
:104E10000000000000000000314D0100634D010062
:104E20000338FDD870472F726F6F742F6E752D6D1C
:104E30006963726F6269742D626173652F736F6647
:104E400074776172652F626F617264732F6D69632D
:104E5000726F6269745F76322F2E2F6D6963726F85
:104E60006269745F6265666F72655F7374617274A4
:104E700075702E63000000000000000000000000BC
:104E80000338FDD870472F726F6F742F6E752D6DBC
:104E90006963726F6269742D626173652F736F66E7
:104EA00074776172652F626F617264732F6D6963CD
:104EB000726F6269745F76322F2E2F6D6963726F25
:104EC0006269745F6E72665F6C6F675F6261636B6D
:104ED000656E645F756172742E630000FFFFFFFFF3
:104EE000FFFFFFFFFFFFFFFFFFFFFFFF00000000CE
:104EF000000000000000D60107010000B90C00000E
:104F0000790D0000B50C000000000000000000005A
:104F10000338FDD870472E2E2F2E2E2F6E72663539
:104F200032782D626173652F2F73646B2F6E7266FA
:104F3000355F73646B5F31362E302E302F636F6DAB
:104F4000706F6E656E74732F6C69627261726965E1
:104F5000732F7574696C2F6170705F7574696C5F05
:104F6000706C6174666F726D2E63002F726F6F7458
:104F70002F6E752D6D6963726F6269742D62617336
:104F8000652F736F6674776172652F6E7266353246
:104F9000782D626173652F2F73646B2F6E72663587
:104FA0005F73646B5F31362E302E302F636F6D7000
:104FB0006F6E656E74732F6C69627261726965736E
:104FC0002F62616C6C6F632F6E72665F62616C6CD6
:104FD0006F632E6300636C6F636B002F726F6F746F
:104FE0002F6E752D6D6963726F6269742D626173C6
:104FF000652F736F6674776172652F6E72663532D6
:10500000782D626173652F2F73646B2F6E72663516
:105010005F73646B5F31362E302E302F6578746588
:10502000726E616C2F667072696E74662F6E726636
:105030005F667072696E74662E63002F726F6F7494
:105040002F6E752D6D6963726F6269742D62617365
:10505000652F736F6674776172652F6E7266353275
:10506000782D626173652F2F73646B2F6E726635B6
:105070005F73646B5F31362E302E302F6578746528
:10508000726E616C2F667072696E74662F6E7266D6
:105090005F667072696E74665F666F726D61742EA2
:1050A0006300303132333435363738394142434486
:1050B00045462F726F6F742F6E752D6D6963726F19
:1050C0006269742D626173652F736F6674776172A4
:1050D000652F6E72663532782D626173652F2F737E
:1050E000646B2F6E7266355F73646B5F31362E3082
:1050F0002E302F636F6D706F6E656E74732F6C69D9
:10510000627261726965732F6C6F672F7372632FA0
:105110006E72665F6C6F675F64656661756C745F05
:105120006261636B656E64732E6300756172745F98
:105130006C6F675F6261636B656E64002F726F6F87
:10514000742F6E752D6D6963726F6269742D626163
:1051500073652F736F6674776172652F6E72663533
:1051600032782D626173652F2F73646B2F6E7266B8
:10517000355F73646B5F31362E302E302F636F6D69
:10518000706F6E656E74732F6C696272617269659F
:10519000732F6C6F672F7372632F6E72665F6C6F05
:1051A000675F66726F6E74656E642E630042616342
:1051B0006B656E647320666C7573686564006170FE
:1051C00070000000D06800207F00000050690020BF
:1051D0001B5B313B33316D0025734C6F677320646B
:1051E000726F70706564202825642925730D0A008C
:1051F0001B5B306D002573003C25733E2025733A00
:105200002000202530327800202020007C002563FB
:10521000001B5B313B33306D001B5B313B33326D28
:10522000001B5B313B33336D001B5B313B33346D13
:10523000001B5B313B33356D001B5B313B33366DFF
:10524000001B5B313B33376D007761726E696E67AF
:1052500000696E666F00646562756700F051010059
:1052600011520100D05101001952010021520100D8
:10527000295201003152010039520100415201000E
:10528000000000007C4A0100495201005152010017
:10529000565201002F726F6F742F6E752D6D6963FA
:1052A000726F6269742D626173652F736F667477B4
:1052B0006172652F6E72663532782D626173652F6B
:1052C0002F73646B2F6E7266355F73646B5F31365C
:1052D0002E302E302F636F6D706F6E656E74732F6E
:1052E0006C69627261726965732F6D656D6F626A58
:1052F0002F6E72665F6D656D6F626A2E63007077E8
:10530000725F6D676D74004E52465F53554343455F
:105310005353004E52465F4552524F525F535643CD
:105320005F48414E444C45525F4D495353494E47A7
:10533000004E52465F4552524F525F534F465444BF
:1053400045564943455F4E4F545F454E41424C459B
:1053500044004E52465F4552524F525F494E5445AB
:10536000524E414C004E52465F4552524F525F4E94
:105370004F5F4D454D004E52465F4552524F525F72
:105380004E4F545F464F554E44004E52465F455275
:10539000524F525F4E4F545F535550504F525445E9
:1053A00044004E52465F4552524F525F494E56415D
:1053B0004C49445F504152414D004E52465F455268
:1053C000524F525F494E56414C49445F53544154E9
:1053D00045004E52465F4552524F525F494E56412C
:1053E0004C49445F4C454E475448004E52465F4539
:1053F00052524F525F494E56414C49445F464C41D0
:105400004753004E52465F4552524F525F494E56E7
:10541000414C49445F44415441004E52465F45521D
:10542000524F525F444154415F53495A45004E52D6
:10543000465F4552524F525F54494D454F555400B7
:105440004E52465F4552524F525F4E554C4C004EA5
:1054500052465F4552524F525F464F524249444472
:10546000454E004E52465F4552524F525F494E568E
:10547000414C49445F41444452004E52465F4552BC
:10548000524F525F42555359004E52465F45525259
:105490004F525F4D4F44554C455F4E4F545F494E00
:1054A000495449414C495A4544004E52465F455281
:1054B000524F525F4D555445585F494E49545F46CF
:1054C00041494C4544004E52465F4552524F525F4F
:1054D0004D555445585F4C4F434B5F4641494C45F1
:1054E00044004E52465F4552524F525F4D5554450F
:1054F000585F554E4C4F434B5F4641494C45440025
:105500004E52465F4552524F525F4D555445585F7B
:10551000434F4E445F494E49545F4641494C4544D0
:10552000004E52465F4552524F525F4D4F44554CCC
:10553000455F414C52454144595F494E49544941A8
:105540004C495A4544004E52465F4552524F525FB5
:1055500053544F524147455F46554C4C004E5246BE
:105560005F4552524F525F4150495F4E4F545F4921
:105570004D504C454D454E544544004E52465F45B6
:1055800052524F525F464541545552455F4E4F541B
:105590005F454E41424C4544004E52465F45525293
:1055A0004F525F494F5F50454E44494E47004E525F
:1055B000465F4552524F525F4452565F5457495FBF
:1055C0004552525F4F56455252554E004E52465F1D
:1055D0004552524F525F4452565F5457495F4552AD
:1055E000525F414E41434B004E52465F4552524F2F
:1055F000525F4452565F5457495F4552525F444E82
:1056000041434B004E52465F4552524F525F424C0F
:10561000455F495053505F52585F504B545F54524E
:10562000554E4341544544004E52465F4552524FF9
:10563000525F424C455F495053505F4348414E4E84
:10564000454C5F414C52454144595F45584953547C
:1056500053004E52465F4552524F525F424C455F97
:10566000495053505F4C494E4B5F444953434F4E52
:105670004E4543544544004E52465F4552524F52A8
:105680005F424C455F495053505F504545525F5211
:10569000454A454354454400556E6B6E6F776E2006
:1056A0006572726F7220636F646500000000000015
:1056B0000753010001000000135301000200000025
:1056C00031530100030000005253010004000000A8
:1056D000655301000500000076530100060000003C
:1056E0008A53010007000000A253010008000000D7
:1056F000BA53010009000000D25301000A00000063
:10570000EB5301000B000000035401000C000000EB
:105710001A5401000D0000002E5401000E0000007C
:10572000405401000F0000004F5401001000000021
:1057300063540100110000007A5401008000000051
:105740008954010081000000AA5401008200000079
:10575000C654010083000000E254010084000000F0
:105760000055010085000000215501008600000061
:1057700046550100900000005D55010091000000B9
:105780007B55010092000000995501000082000045
:10579000AE55010001820000CC55010002820000DC
:1057A000E855010000840000045601000184000057
:1057B00028560100028400005256010003840000B4
:1057C000775601004750494F544500505049002F2B
:1057D000726F6F742F6E752D6D6963726F6269746D
:1057E0002D626173652F736F6674776172652F6EBA
:1057F00072663532782D626173652F2F73646B2F5B
:105800006E7266355F73646B5F31362E302E302FCB
:105810006D6F64756C65732F6E7266782F64726934
:10582000766572732F7372632F7072732F6E726648
:10583000785F7072732E6300505253002F726F6F37
:10584000742F6E752D6D6963726F6269742D62615C
:1058500073652F736F6674776172652F6E7266352C
:1058600032782D626173652F2F73646B2F6E7266B1
:10587000355F73646B5F31362E302E302F6D6F6461
:10588000756C65732F6E7266782F68616C2F6E72FF
:10589000665F70776D2E68002F726F6F742F6E7554
:1058A0002D6D6963726F6269742D626173652F7308
:1058B0006F6674776172652F6E72663532782D620D
:1058C0006173652F2F73646B2F6E7266355F73641F
:1058D0006B5F31362E302E302F6D6F64756C6573B3
:1058E0002F6E7266782F647269766572732F737289
:1058F000632F6E7266785F70776D2E630050574D20
:10590000005341414443002F726F6F742F6E752D09
:105910006D6963726F6269742D626173652F736F55
:105920006674776172652F6E72663532782D6261AA
:1059300073652F2F73646B2F6E7266355F73646BA4
:105940005F31362E302E302F6D6F64756C65732F7E
:105950006E7266782F647269766572732F737263E4
:105960002F6E7266785F7370696D2E6300535049B5
:105970004D0054494D4552002F726F6F742F6E7554
:105980002D6D6963726F6269742D626173652F7327
:105990006F6674776172652F6E72663532782D622C
:1059A0006173652F2F73646B2F6E7266355F73643E
:1059B0006B5F31362E302E302F6D6F64756C6573D2
:1059C0002F6E7266782F647269766572732F7372A8
:1059D000632F6E7266785F7477696D2E630054571B
:1059E000494D002F726F6F742F6E752D6D69637244
:1059F0006F6269742D626173652F736F667477616E
:105A000072652F6E72663532782D626173652F2F45
:105A100073646B2F6E7266355F73646B5F31362E05
:105A2000302E302F6D6F64756C65732F6E726678D3
:105A30002F647269766572732F7372632F6E72664C
:105A4000785F756172742E630055415254002F7255
:105A50006F6F742F6E752D6D6963726F6269742D2F
:105A6000626173652F736F6674776172652F6E72F2
:105A7000663532782D626173652F2F73646B2F6EDC
:105A80007266355F73646B5F31362E302E302F6D4A
:105A90006F64756C65732F6E7266782F64726976A9
:105AA0006572732F7372632F6E7266785F756172A1
:105AB00074652E6300554152544500007136000054
:105AC00081360000705F6275666665722D3E667293
:105AD0006565203D3D2066616C7365002F726F6FB8
:105AE000742F6E752D6D6963726F6269742D6261BA
:105AF00073652F736F6674776172652F6E7266358A
:105B000032782D626173652F2F73646B2F6E72660E
:105B1000355F73646B5F31362E302E305F74687280
:105B20006561642F65787465726E616C2F6E524684
:105B30002D494545452D3830322E31352E342D72C4
:105B40006164696F2D6472697665722F7372632F59
:105B50006E72665F3830323135342E63006E726695
:105B60005F3830323135345F6275666665725F6604
:105B70007265655F726177002F726F6F742F6E753B
:105B80002D6D6963726F6269742D626173652F7325
:105B90006F6674776172652F6E72663532782D622A
:105BA0006173652F2F73646B2F6E7266355F73643C
:105BB0006B5F31362E302E305F7468726561642FF2
:105BC00065787465726E616C2F6E52462D4945453D
:105BD000452D3830322E31352E342D726164696F87
:105BE0002D6472697665722F7372632F6E72665FB1
:105BF0003830323135345F636F72652E630063680D
:105C0000616E6E656C203E3D20313120262620637A
:105C100068616E6E656C203C3D203236006E7266A7
:105C20005F726164696F5F73686F7274735F6765D9
:105C3000742829203D3D2053484F5254535F494416
:105C40004C45006E72665F726164696F5F73686F66
:105C50007274735F6765742829203D3D2053484F57
:105C60005254535F5258006E72665F726164696F7E
:105C70005F73686F7274735F6765742829203D3D98
:105C80002053484F5254535F52585F41434B006E6C
:105C9000756D5F646174615F6279746573203E3D08
:105CA000205048525F53495A45202B204643465FB7
:105CB00053495A450070617273655F726573756C04
:105CC00074006972715F656E645F73746174655F9F
:105CD00072785F61636B006972715F62636D61749A
:105CE00063685F73746174655F7278006972715F75
:105CF00068616E646C6572006E72665F3830323156
:105D000035345F636F72655F6E6F746966795F6269
:105D100075666665725F667265650066656D5F666D
:105D20006F725F74785F7265736574006375727209
:105D3000656E745F6F7065726174696F6E5F7465B4
:105D4000726D696E61746500636F6E745F70726509
:105D5000635F64656E696564006368616E6E656C3F
:105D60005F73657400636F6E745F707265635F610B
:105D70007070726F76656400355C000049620000E7
:105D8000F95C000000000000615C0000D5620000CA
:105D900000000000815C0000F961000000000000CC
:105DA000636E74203C2055494E54385F4D41580075
:105DB0002F726F6F742F6E752D6D6963726F6269CC
:105DC000742D626173652F736F6674776172652FCE
:105DD0006E72663532782D626173652F2F73646B36
:105DE0002F6E7266355F73646B5F31362E302E30E6
:105DF0005F7468726561642F65787465726E616C3A
:105E00002F6E52462D494545452D3830322E3135BD
:105E10002E342D726164696F2D6472697665722FFC
:105E20007372632F6E72665F3830323135345F6360
:105E30007269746963616C5F73656374696F6E2EF8
:105E40006300637269746963616C5F73656374692D
:105E50006F6E5F656E7465726564006D5F6E65730D
:105E60007465645F637269746963616C5F736563B1
:105E700074696F6E5F616C6C6F7765645F70726977
:105E80006F72697479203E3D2030006D5F6E6573DE
:105E90007465645F637269746963616C5F73656381
:105EA00074696F6E5F636F756E746572203E3D201E
:105EB00031006163746976655F766563746F725FE4
:105EC0006964203E3D20434D5349535F4952515F21
:105ED0004E554D5F564543544143544956455F44E2
:105EE00049464600636E74203E2030002165786983
:105EF00074696E675F637269745F73656374006170
:105F0000746F6D69635F636E74203D3D20636E74D2
:105F1000006D5F6E65737465645F63726974696355
:105F2000616C5F73656374696F6E5F616C6C6F77D2
:105F300065645F7072696F72697479203D3D204EAF
:105F400045535445445F435249544943414C5F5380
:105F5000454354494F4E5F414C4C4F5745445F5069
:105F600052494F524954595F4E4F4E45006E72662A
:105F70005F3830323135345F637269746963616CE4
:105F80005F73656374696F6E5F6163746976655F83
:105F9000766563746F725F7072696F726974795F2E
:105FA000676574006E72665F3830323135345F6316
:105FB0007269746963616C5F73656374696F6E5F46
:105FC0006E657374696E675F64656E79006E726684
:105FD0005F3830323135345F637269746963616C84
:105FE0005F73656374696F6E5F6E657374696E6706
:105FF0005F616C6C6F7700637269746963616C5F79
:1060000073656374696F6E5F65786974006E72663C
:106010005F3830323135345F637269746963616C43
:106020005F73656374696F6E5F666F7263656675D3
:106030006C6C795F656E7465720063726974696314
:10604000616C5F73656374696F6E5F656E746572B2
:1060500000D8ECF0F4F8FC00020304050607087011
:106060005F74696D657374616D7020213D204E55BC
:106070004C4C002F726F6F742F6E752D6D696372AB
:106080006F6269742D626173652F736F66747761D7
:1060900072652F6E72663532782D626173652F2FAF
:1060A00073646B2F6E7266355F73646B5F31362E6F
:1060B000302E305F7468726561642F657874657224
:1060C0006E616C2F6E52462D494545452D38303254
:1060D0002E31352E342D726164696F2D64726976AC
:1060E00065722F7372632F6E72665F38303231358E
:1060F000345F74696D65725F636F6F72642E6300E5
:106100006E72665F3830323135345F74696D657236
:106110005F636F6F72645F74696D657374616D70D6
:106120005F676574002170726F6365647572655F87
:1061300069735F72756E6E696E672829002F726FC2
:106140006F742F6E752D6D6963726F6269742D6245
:106150006173652F736F6674776172652F6E7266F7
:106160003532782D626173652F2F73646B2F6E72D9
:1061700066355F73646B5F31362E302E305F746826
:10618000726561642F65787465726E616C2F6E52F2
:10619000462D494545452D3830322E31352E342D8A
:1061A000726164696F2D6472697665722F737263B0
:1061B0002F6D61635F66656174757265732F6E72B2
:1061C000665F3830323135345F63736D615F6361B0
:1061D0002E6300216E72665F3830323135345F7461
:1061E000696D65725F73636865645F69735F72751B
:1061F0006E6E696E6728266D5F74696D6572290021
:106200006E72665F3830323135345F63736D615F53
:1062100063615F74785F737461727465645F686FE3
:106220006F6B006D5F646C795F6F705F7374617426
:10623000655B525343485F444C595F54585D203D61
:106240003D2065787065637465645F73746174651F
:10625000002F726F6F742F6E752D6D6963726F6290
:1062600069742D626173652F736F667477617265EF
:106270002F6E72663532782D626173652F2F7364CD
:106280006B2F6E7266355F73646B5F31362E302E06
:10629000305F7468726561642F65787465726E61D1
:1062A0006C2F6E52462D494545452D3830322E31E2
:1062B000352E342D726164696F2D64726976657252
:1062C0002F7372632F6D61635F66656174757265AC
:1062D000732F6E72665F3830323135345F64656CAF
:1062E000617965645F7472782E6300646C795F6FA6
:1062F000705F73746174655F6765742852534348B7
:106300005F444C595F52582920213D2044454C415F
:106310005945445F5452585F4F505F535441544560
:106320005F50454E44494E4700646C795F6F705F23
:1063300073746174655F67657428525343485F44A2
:106340004C595F525829203D3D2044454C41594508
:10635000445F5452585F4F505F53544154455F530C
:10636000544F50504544006E72665F3830323135BC
:10637000345F64656C617965645F7472785F6162D3
:106380006F7274002F726F6F742F6E752D6D69634D
:10639000726F6269742D626173652F736F667477B3
:1063A0006172652F6E72663532782D626173652F6A
:1063B0002F73646B2F6E7266355F73646B5F31365B
:1063C0002E302E305F7468726561642F6578746555
:1063D000726E616C2F6E52462D494545452D383001
:1063E000322E31352E342D726164696F2D647269DD
:1063F0007665722F7372632F6D61635F666561747A
:10640000757265732F6E72665F3830323135345F66
:1064100066696C7465722E6300FFFF6473745F615C
:106420006464725F636865636B0000FFFFFFFFFFDA
:10643000FFFF02FFFFFF086D5F74696D65722E64D8
:1064400074203C3D204D41585F52455452595F44A1
:10645000454C4159002F726F6F742F6E752D6D6909
:1064600063726F6269742D626173652F736F6674F6
:10647000776172652F6E72663532782D6261736551
:106480002F2F73646B2F6E7266355F73646B5F3191
:10649000362E302E305F7468726561642F657874B3
:1064A00065726E616C2F6E52462D494545452D38FB
:1064B00030322E31352E342D726164696F2D647245
:1064C000697665722F7372632F6D61635F666561B4
:1064D00074757265732F6E72665F38303231353481
:1064E0005F707265636973655F61636B5F74696D2B
:1064F000656F75742E630028705F6672616D65202C
:106500003D3D206D705F6672616D6529207C7C2049
:1065100028216D5F70726F6365647572655F697362
:106520005F61637469766529006D5F70726F636582
:10653000647572655F69735F616374697665006E27
:1065400072665F3830323135345F61636B5F746916
:106550006D656F75745F74785F6661696C65645FA3
:10656000686F6F6B006E72665F3830323135345F42
:1065700061636B5F74696D656F75745F72785F617D
:10658000636B5F737461727465645F686F6F6B00D7
:106590006E72665F3830323135345F61636B5F74C1
:1065A000696D656F75745F7472616E736D69747413
:1065B00065645F686F6F6B0074696D656F75745F9C
:1065C00074696D65725F7265747279002F726F6F96
:1065D000742F6E752D6D6963726F6269742D6261BF
:1065E00073652F736F6674776172652F6E7266358F
:1065F00032782D626173652F2F73646B2F6E726614
:10660000355F73646B5F31362E302E305F74687285
:106610006561642F65787465726E616C2F6E524689
:106620002D494545452D3830322E31352E342D72C9
:106630006164696F2D6472697665722F7372632F5E
:106640006D61635F66656174757265732F61636BFD
:106650005F67656E657261746F722F6E72665F3808
:1066600030323135345F61636B5F646174612E6316
:10667000006E72665F3830323135345F61636B5F54
:10668000646174615F70656E64696E675F6269748E
:106690005F73686F756C645F62655F7365740061DA
:1066A0006464725F696E6465785F66696E640070C9
:1066B0005F6672616D655B41434B5F524551554565
:1066C00053545F4F46465345545D20262041434B6B
:1066D0005F524551554553545F424954002E2E2F69
:1066E0002E2E2F6E72663532782D626173652F2FD4
:1066F00073646B2F6E7266355F73646B5F31362E19
:10670000302E305F7468726561642F6578746572CD
:106710006E616C2F6E52462D494545452D383032FD
:106720002E31352E342D726164696F2D6472697655
:1067300065722F7372632F6D61635F666561747537
:106740007265732F61636B5F67656E657261746FED
:10675000722F6E72665F3830323135345F61636B31
:106760005F67656E657261746F722E63006E72662C
:106770005F3830323135345F61636B5F67656E65FA
:106780007261746F725F63726561746500706172CB
:1067900073655F726573756C7473002F726F6F74BD
:1067A0002F6E752D6D6963726F6269742D626173EE
:1067B000652F736F6674776172652F6E72663532FE
:1067C000782D626173652F2F73646B2F6E7266353F
:1067D0005F73646B5F31362E302E305F7468726584
:1067E00061642F65787465726E616C2F6E52462DF0
:1067F000494545452D3830322E31352E342D7261C4
:1068000064696F2D6472697665722F7372632F6D80
:1068100061635F66656174757265732F61636B5F39
:1068200067656E657261746F722F6E72665F383065
:10683000323135345F656E685F61636B5F67656ECB
:10684000657261746F722E6300705F61636B2D3EC1
:10685000705F6473745F6164647220213D204E55E3
:106860004C4C00705F61636B2D3E6473745F6164B8
:1068700064725F73697A65203D3D20705F66726166
:106880006D652D3E7372635F616464725F73697AD4
:106890006500705F6672616D652D3E705F73656344
:1068A0005F6374726C20213D204E554C4C00736523
:1068B0006375726974795F636F6E74726F6C5F7306
:1068C00065740064657374696E6174696F6E5F737B
:1068D0006574006672616D655F636F6E74726F6C74
:1068E0005F73657400051200000000286D5F617021
:1068F00070726F7665645F7072696F735B707265DA
:10690000635D20213D207072696F29207C7C2028E6
:106910007072696F203D3D20525343485F50524989
:106920004F5F49444C4529002E2E2F2E2E2F6E727C
:10693000663532782D626173652F2F73646B2F6E0D
:106940007266355F73646B5F31362E302E305F7444
:1069500068726561642F65787465726E616C2F6E04
:1069600052462D494545452D3830322E31352E348D
:106970002D726164696F2D6472697665722F73720E
:10698000632F727363682F6E72665F3830323135F1
:10699000345F727363682E630070726563203C20FD
:1069A000525343485F505245435F434E54006E720A
:1069B000665F3830323135345F727363685F70728E
:1069C00065635F69735F617070726F766564007094
:1069D0007265635F617070726F7665645F70726913
:1069E0006F5F73657400705F74696D657220213D1F
:1069F000204E554C4C002E2E2F2E2E2F6E726635AB
:106A000032782D626173652F2F73646B2F6E7266FF
:106A1000355F73646B5F31362E302E305F74687271
:106A20006561642F65787465726E616C2F6E524675
:106A30002D494545452D3830322E31352E342D72B5
:106A40006164696F2D6472697665722F7372632F4A
:106A500074696D65725F7363686564756C65722FC8
:106A60006E72665F3830323135345F74696D6572CD
:106A70005F73636865642E630028766F6964202AFB
:106A80002974656D7020213D20705F637572007000
:106A90005F74696D65722D3E63616C6C6261636BDE
:106AA00020213D204E554C4C00705F6375722021B3
:106AB0003D20705F74696D657200705F6E657874FB
:106AC00020213D20705F74696D65720074696D6589
:106AD000725F72656D6F7665006E72665F38303218
:106AE0003135345F74696D65725F73636865645FC7
:106AF00061646400216D5F636F6E74696E756F759C
:106B000073002E2E2F2E2E2F6E72663532782D6248
:106B10006173652F2F73646B2F6E7266355F7364BC
:106B20006B5F31362E302E305F7468726561642F72
:106B300065787465726E616C2F6E52462D494545BD
:106B4000452D3830322E31352E342D726164696F07
:106B50002D6472697665722F7372632F7273636826
:106B60002F7261616C2F73696E676C655F706879F5
:106B70002F73696E676C655F7068792E63006E7243
:106B8000665F7261616C5F74696D65736C6F745F71
:106B900072657175657374006E72665F7261616CA7
:106BA0005F636F6E74696E756F75735F6D6F64652B
:106BB0005F65786974006E72665F7261616C5F63B5
:106BC0006F6E74696E756F75735F6D6F64655F6509
:106BD0006E746572002F726F6F742F6E752D6D69F4
:106BE00063726F6269742D626173652F736F66746F
:106BF000776172652F6E72663532782D62617365CA
:106C00002F2F73646B2F6E7266355F73646B5F3109
:106C1000362E302E305F7468726561642F6578742B
:106C200065726E616C2F6E52462D494545452D3873
:106C300030322E31352E342D726164696F2D6472BD
:106C4000697665722F7372632F706C6174666F72F0
:106C50006D2F68705F74696D65722F6E72665F3834
:106C600030323135345F68705F74696D65722E63E0
:106C7000006E72665F3830323135345F68705F7431
:106C8000696D65725F73796E635F74696D655F6767
:106C90006574007431203C3D203134353331323558
:106CA000002F726F6F742F6E752D6D6963726F6236
:106CB00069742D626173652F736F66747761726595
:106CC0002F6E72663532782D626173652F2F736473
:106CD0006B2F6E7266355F73646B5F31362E302EAC
:106CE000305F7468726561642F65787465726E6177
:106CF0006C2F6E52462D494545452D3830322E3188
:106D0000352E342D726164696F2D647269766572F7
:106D10002F7372632F6E72665F3830323135345F95
:106D20007574696C732E68006D5F6F666673657449
:106D30005F636F756E746572202620307830310085
:106D40002F726F6F742F6E752D6D6963726F62692C
:106D5000742D626173652F736F6674776172652F2E
:106D60006E72663532782D626173652F2F73646B96
:106D70002F6E7266355F73646B5F31362E302E3046
:106D80005F7468726561642F65787465726E616C9A
:106D90002F6E52462D494545452D3830322E31351E
:106DA0002E342D726164696F2D6472697665722F5D
:106DB0007372632F706C6174666F726D2F6C705F8D
:106DC00074696D65722F6E72665F3830323135349A
:106DD0005F6C705F74696D65725F6E6F6472762E42
:106DE00063004E52465F3830323135345F55535F61
:106DF000544F5F5254435F5449434B53006F766581
:106E000072666C6F775F636F756E7465725F6765CE
:106E100074000000000000000000010040010000BC
:106E20000000010001000000000002004401000019
:106E3000000002002C2066756E6374696F6E3A2044
:106E400000000000617373657274696F6E20222503
:106E50007322206661696C65643A2066696C6520FE
:106E6000222573222C206C696E65202564257325EC
:106E7000730A000000202020202020202020282825
:106E800028282820202020202020202020202020EA
:106E9000202020202088101010101010101010102A
:106EA000101010101004040404040404040404105A
:106EB00010101010101041414141414101010101E8
:106EC00001010101010101010101010101010101B2
:106ED00010101010101042424242424202020202BE
:106EE0000202020202020202020202020202020282
:106EF0001010101020000000000000000000000032
:106F00000000000000000000000000000000000081
:106F10000000000000000000000000000000000071
:106F20000000000000000000000000000000000061
:106F30000000000000000000000000000000000051
:106F40000000000000000000000000000000000041
:106F50000000000000000000000000000000000031
:106F60000000000000000000000000000000000021
:106F700000000000000000004000002030313233EB
:106F80003435363738394142434445460000000025
:106F9000303132333435363738396162636465668F
:106FA00000000000286E756C6C2900002020202055
:106FB0002020202020202020202020203030303091
:106FC000303030303030303030303030494E4600A4
:106FD000696E66004E414E006E616E00300000002A
:106FE00020202020202020202020202020202020A1
:106FF0003030303030303030303030303030303091
:107000004E614E00496E66696E6974790000000039
:1070100042616C6C6F63207375636365656465645E
:10702000000000002E2E2F2E2E2F2E2E2F2E2E2F34
:107030002E2E2F2E2E2F2E2E2F2E2E2F6E65776C6E
:1070400069622F6C6962632F7374646C69622F6468
:10705000746F612E6300000043000000504F5349DD
:10706000580000002E0000002E2E2F2E2E2F2E2E28
:107070002F2E2E2F2E2E2F2E2E2F2E2E2F2E2E2F2A
:107080006E65776C69622F6C6962632F7374646CD0
:1070900069622F6D707265632E630000000000004E
:1070A00005000000190000007D0000000000000045
:1070B000000000000000F03F00000000000024403D
:1070C00000000000000059400000000000408F4018
:1070D000000000000088C34000000000006AF84083
:1070E0000000000080842E4100000000D0126341A7
:1070F0000000000084D797410000000065CDCD411D
:10710000000000205FA00242000000E876483742FD
:10711000000000A2941A6D42000040E59C30A2429B
:107120000000901EC4BCD64200003426F56B0C4310
:107130000080E03779C3414300A0D88557347643B7
:1071400000C84E676DC1AB43003D9160E458E14318
:10715000408CB5781DAF154450EFE2D6E41A4B448D
:1071600092D54D06CFF08044F64AE1C7022DB544D2
:10717000B49DD9794378EA44BC89D897B2D29C3C73
:1071800033A7A8D523F649393DA7F444FD0FA5320E
:107190009D978CCF08BA5B25436FAC642806C80A5C
:1071A0000080E03779C34143176E05B5B5B8934603
:1071B000F5F93FE9034F384D321D30F94877825ACF
:0C71C0003CBF737FDD4F15750000000020
:1071CC00C4570100000000004E4701000000000001
:1071DC00CB570100000000003858010000000000EF
:1071EC00FD580100000000000159010000000000E2
:1071FC006D590100000000007259010000000000F0
:10720C00DE59010000000000495A01000000000096
:10721C00B55A010000000000BE510100000003033C
:10722C00D54F010000000000FE52010000000000DC
:10723C00DC630020A4640020AC640020E463002024
:04724C001800000026
:10725000FC4E0100000000002B510100280000201E
:087260002890FE7F01000000F0
:107268001101FF17FF060000000101000000000CDB
:1072780003000000000000000020004000000000A3
:10728800002000400000000000000000FF00000097
:10729800D20000000090D003400000200000000051
:1072A800000000002C03002094030020FC030020B1
:1072B80000000000000000000000000000000000C6
:1072C80000000000000000000000000000000000B6
:1072D80000000000000000000000000000000000A6
:1072E8000000000000000000000000000000000096
:1072F8000000000000000000000000000000000086
:107308000000000000000000000000000000000075
:107318000000000000000000000000000000000065
:107328000000000000000000000000000000000055
:107338000000000000000000000000000000000045
:107348000000000000000000010000000000000034
:107358000E33CDAB34126DE6ECDE05000B000000F9
:107368000000000000000000000000000000000015
:107378000000000000000000000000000000000005
:1073880000000000000000000000000000000000F5
:1073980000000000000000000000000000000000E5
:1073A80000000000000000000000000000000000D5
:1073B80000000000000000000000000000000000C5
:1073C80000000000000000000000000000000000B5
:1073D80000000000000000000000000000000000A5
:1073E8000000000000000000000000000000000095
:1073F8000000000000000000000000000000000085
:107408000000000000000000000000000000000074
:107418000000000000000000000000000000000064
:107428000000000000000000000000000000000054
:107438000000000000000000000000000000000044
:107448000000000000000000000000000000000034
:107458000000000000000000000000000000000024
:107468000000000000000000000000000000000014
:107478000000000000000000000000000000000004
:1074880000000000000000000000000000000000F4
:1074980000000000000000000000000000000000E4
:1074A80000000000000000000000000000000000D4
:1074B80000000000000000000000000000000000C4
:1074C80000000000000000000000000000000000B4
:1074D80000000000000000000000000000000000A4
:1074E8000000000000000000000000000000000094
:1074F8000000000000000000000000000000000084
:107508000000000000000000000000000000000073
:107518000000000000000000000000000000000063
:107528000000000000000000000000000000000053
:107538000000000000000000000000000000000043
:107548000000000000000000000000000000000033
:107558000000000000000000000000000000000023
:107568000000000000000000000000000000000013
:107578000000000000000000000000000000000003
:1075880000000000000000000000000000000000F3
:1075980000000000000000000000000000000000E3
:1075A80000000000000000000000000000000000D3
:1075B80000000000000000000000000000000000C3
:1075C80000000000000000000000000000000000B3
:1075D80000000000000000000000000000000000A3
:1075E8000000000000000000000000000000000093
:1075F8000000000000000000000000000000000083
:107608000000000000000000000000000000000072
:107618000000000000000000000000000000000062
:107628000000000000000000000000000000000052
:107638000000000000000000000000000000000042
:107648000000000000000000000000000000000032
:107658000000000000000000000000000000000022
:107668000000000000000000000000000000000012
:107678000000000000000000000000000000000002
:1076880000000000000000000000000000000000F2
:1076980000000000000000000000000000000000E2
:1076A80000000000000000000000000000000000D2
:1076B80000000000000000000000000000000000C2
:1076C800000000000000000043000000000000006F
:1076D80000000000000000000000000000000000A2
:1076E800000000000000000043000000000000004F
:1076F8000000000000000000000000000000000082
:10770800000000000000000043000000000000002E
:107718000000000000000000000000000000000061
:10772800000000000000000043000000000000000E
:107738000000000000000000000000000000000041
:1077480000000000000000004300000000000000EE
:107758000000000000000000000000000000000021
:1077680000000000000000004300000000000000CE
:107778000000000000000000000000000000000001
:1077880000000000000000004300000000000000AE
:1077980000000000000000000000000000000000E1
:1077A8000000000000000000E1DD0000E5C6000068
:1077B80000000000746E010064700100406E01005A
:1077C800406E0100406E0100406E0100406E0100F5
:1077D800406E0100406E0100406E0100406E0100E5
:1077E800FFFFFFFFFFFFFFFFFFFFFFFFFFFF00009F
:1077F8000100415343494900000000000000000017
:107808000000000000000000000000000000000070
:1078180000004153434949000000000000000000F7
:107828000000000000000000000000000000000050
:10783800000000000000000000000000D405002047
:10784800D4050020DC050020DC050020E40500202C
:10785800E4050020EC050020EC050020F4050020DC
:10786800F4050020FC050020FC050020040600208B
:10787800040600200C0600200C0600201406002038
:10788800140600201C0600201C06002024060020E8
:10789800240600202C0600202C0600203406002098
:1078A800340600203C0600203C0600204406002048
:1078B800440600204C0600204C06002054060020F8
:1078C800540600205C0600205C06002064060020A8
:1078D800640600206C0600206C0600207406002058
:1078E800740600207C0600207C0600208406002008
:1078F800840600208C0600208C06002094060020B8
:10790800940600209C0600209C060020A406002067
:10791800A4060020AC060020AC060020B406002017
:10792800B4060020BC060020BC060020C4060020C7
:10793800C4060020CC060020CC060020D406002077
:10794800D4060020DC060020DC060020E406002027
:10795800E4060020EC060020EC060020F4060020D7
:10796800F4060020FC060020FC0600200407002086
:10797800040700200C0700200C0700201407002033
:10798800140700201C0700201C07002024070020E3
:10799800240700202C0700202C0700203407002093
:1079A800340700203C0700203C0700204407002043
:1079B800440700204C0700204C07002054070020F3
:1079C800540700205C0700205C07002064070020A3
:1079D800640700206C0700206C0700207407002053
:1079E800740700207C0700207C0700208407002003
:1079F800840700208C0700208C07002094070020B3
:107A0800940700209C0700209C070020A407002062
:107A1800A4070020AC070020AC070020B407002012
:107A2800B4070020BC070020BC070020C4070020C2
:107A3800C4070020CC070020CC070020D407002072
:107A4800D4070020DC070020DC070020E407002022
:107A5800E4070020EC070020EC070020F4070020D2
:107A6800F4070020FC070020FC0700200408002081
:107A7800040800200C0800200C080020140800202E
:107A8800140800201C0800201C08002024080020DE
:107A9800240800202C0800202C080020340800208E
:107AA800340800203C0800203C080020440800203E
:107AB800440800204C0800204C08002054080020EE
:107AC800540800205C0800205C080020640800209E
:107AD800640800206C0800206C080020740800204E
:107AE800740800207C0800207C08002084080020FE
:107AF800840800208C0800208C08002094080020AE
:107B0800940800209C0800209C080020A40800205D
:107B1800A4080020AC080020AC080020B40800200D
:107B2800B4080020BC080020BC080020C4080020BD
:107B3800C4080020CC080020CC080020D40800206D
:107B4800D4080020DC080020DC080020E40800201D
:107B5800E4080020EC080020EC080020F4080020CD
:107B6800F4080020FC080020FC080020040900207C
:107B7800040900200C0900200C0900201409002029
:107B8800140900201C0900201C09002024090020D9
:107B9800240900202C0900202C0900203409002089
:107BA800340900203C0900203C0900204409002039
:107BB800440900204C0900204C09002054090020E9
:107BC800540900205C0900205C0900206409002099
:107BD800640900206C0900206C0900207409002049
:107BE800740900207C0900207C09002084090020F9
:107BF800840900208C0900208C09002094090020A9
:107C0800940900209C0900209C090020A409002058
:107C1800A4090020AC090020AC090020B409002008
:107C2800B4090020BC090020BC090020C4090020B8
:107C3800C4090020CC090020CC090020FFFFFFFF69
:107C480000000200F1A30000690200006D0C0000B2
:047C580041020000E5
:040000030000776919
:00000001FF
