ISO-10303-21;
HEADER;
FILE_DESCRIPTION (( 'STEP AP203' ),
    '1' );
FILE_NAME ('base1.STEP',
    '2026-06-01T06:31:28',
    ( '' ),
    ( '' ),
    'SwSTEP 2.0',
    'SolidWorks 2025',
    '' );
FILE_SCHEMA (( 'CONFIG_CONTROL_DESIGN' ));
ENDSEC;

DATA;
#1 = DIRECTION ( 'NONE',  ( 0.6123724356957943593, 0.6123724356957965798, -0.4999999999999980016 ) ) ;
#2 = CARTESIAN_POINT ( 'NONE',  ( 33.48215732097713726, 29.89227221903647091, 1.200145422975063658 ) ) ;
#3 = ORIENTED_EDGE ( 'NONE', *, *, #2813, .T. ) ;
#4 = CARTESIAN_POINT ( 'NONE',  ( 30.51229894781823049, 30.51229894781813101, -1.495190528383337547 ) ) ;
#5 = CARTESIAN_POINT ( 'NONE',  ( 29.59609172145503564, 29.17339076244346430, -4.196742921873737764 ) ) ;
#6 = CARTESIAN_POINT ( 'NONE',  ( -29.58039891549807621, 5.000000000000003553, 2.999999999999999112 ) ) ;
#7 = CARTESIAN_POINT ( 'NONE',  ( 23.01848880486338800, 19.47394741154898057, 5.568889499187352321 ) ) ;
#8 = CARTESIAN_POINT ( 'NONE',  ( -28.74045774387835550, -2.000000000000000444, 15.00000000000000000 ) ) ;
#9 = CARTESIAN_POINT ( 'NONE',  ( 27.69997402489731186, 31.13517325359298482, -4.176708942898133436 ) ) ;
#10 = EDGE_CURVE ( 'NONE', #4975, #8035, #4123, .T. ) ;
#11 = CARTESIAN_POINT ( 'NONE',  ( 24.56981053858055475, 22.16827936226864182, 7.434982074906164584 ) ) ;
#12 = DIRECTION ( 'NONE',  ( 0.6123724356957943593, 0.6123724356957965798, -0.4999999999999980016 ) ) ;
#13 = CARTESIAN_POINT ( 'NONE',  ( 23.49613442730946034, 19.11528245397460424, 6.825860458283696808 ) ) ;
#14 = VERTEX_POINT ( 'NONE', #6438 ) ;
#15 = CARTESIAN_POINT ( 'NONE',  ( 24.01374592081162973, 23.17472624728893393, 8.105647946887993172 ) ) ;
#16 = CARTESIAN_POINT ( 'NONE',  ( 20.22286612790699678, 24.05786571428386367, 7.322532895391593577 ) ) ;
#17 = CARTESIAN_POINT ( 'NONE',  ( 33.11295274361933849, 30.60339750413617921, 1.618911056204560106 ) ) ;
#18 = CARTESIAN_POINT ( 'NONE',  ( 17.30678812588847393, 23.62779302725962083, 1.102467465203607278 ) ) ;
#19 = EDGE_CURVE ( 'NONE', #5416, #4690, #4438, .T. ) ;
#20 = CARTESIAN_POINT ( 'NONE',  ( 3.952837579269848245, -3.847162420730697363, 64.25000000000000000 ) ) ;
#21 = CARTESIAN_POINT ( 'NONE',  ( -3.421422732174253412, -13.71329771863138447, 55.00000000000000711 ) ) ;
#22 = CARTESIAN_POINT ( 'NONE',  ( -3.847162497313595608, 3.952837579269299795, 57.89375000429726015 ) ) ;
#23 = FACE_OUTER_BOUND ( 'NONE', #135, .T. ) ;
#24 = EDGE_LOOP ( 'NONE', ( #6467, #4839, #7920, #6356, #1317 ) ) ;
#25 = CARTESIAN_POINT ( 'NONE',  ( 23.30791110082499173, 26.11614850595155346, 4.692109696953862930 ) ) ;
#26 = ADVANCED_FACE ( 'NONE', ( #2325 ), #7729, .F. ) ;
#27 = CARTESIAN_POINT ( 'NONE',  ( 25.71292170110698549, 29.68594976496721216, -1.484020120841550217 ) ) ;
#28 = CALENDAR_DATE ( 2026, 1, 6 ) ;
#29 = CARTESIAN_POINT ( 'NONE',  ( 20.43553192082059411, 21.15602782628634060, 3.044365189229060853 ) ) ;
#30 = CARTESIAN_POINT ( 'NONE',  ( 32.38264212739606052, 27.39767873904878570, -3.019276326221337570 ) ) ;
#31 = ORIENTED_EDGE ( 'NONE', *, *, #6437, .T. ) ;
#32 = CARTESIAN_POINT ( 'NONE',  ( -9.226491100508962262, -12.29028694589653625, 54.99999999999999289 ) ) ;
#33 = CARTESIAN_POINT ( 'NONE',  ( 32.81495685156005493, 28.82739484597009394, -0.4503895760667126491 ) ) ;
#34 = EDGE_CURVE ( 'NONE', #1608, #72, #6540, .T. ) ;
#35 = ORIENTED_EDGE ( 'NONE', *, *, #7931, .F. ) ;
#36 = ORIENTED_EDGE ( 'NONE', *, *, #7104, .T. ) ;
#37 = EDGE_CURVE ( 'NONE', #6443, #8231, #1014, .T. ) ;
#38 = CARTESIAN_POINT ( 'NONE',  ( 30.32084882051189467, 26.42327624261396579, -0.6702529065424926991 ) ) ;
#39 = CARTESIAN_POINT ( 'NONE',  ( 32.48729339688558326, 29.24462015328894893, -1.188909308032733092 ) ) ;
#40 = CARTESIAN_POINT ( 'NONE',  ( -12.35367044356962651, -10.02750239174977054, 54.60625000429725162 ) ) ;
#41 = DIRECTION ( 'NONE',  ( -0.7071067811865487940, 0.7071067811865462405, 0.000000000000000000 ) ) ;
#42 = DIRECTION ( 'NONE',  ( 0.6123724356957942483, 0.6123724356957963577, -0.4999999999999978906 ) ) ;
#43 = CARTESIAN_POINT ( 'NONE',  ( -2.259302811839189129, 3.789655067566263913, 62.57972537858480422 ) ) ;
#44 = ORIENTED_EDGE ( 'NONE', *, *, #6198, .F. ) ;
#45 = EDGE_CURVE ( 'NONE', #4761, #574, #6214, .T. ) ;
#46 = CARTESIAN_POINT ( 'NONE',  ( -0.5979653602172937399, -13.84716238882884909, 60.65625000429726299 ) ) ;
#47 = LINE ( 'NONE', #5404, #2503 ) ;
#48 = CARTESIAN_POINT ( 'NONE',  ( 18.84548875785753808, 19.45987381260239246, 4.885792525168205280 ) ) ;
#49 =( BOUNDED_CURVE ( )  B_SPLINE_CURVE ( 2, ( #618, #8727, #1993, #1244, #3406, #5261, #7392, #4683, #4771, #38, #1323 ),
 .UNSPECIFIED., .F., .T. ) 
 B_SPLINE_CURVE_WITH_KNOTS ( ( 3, 2, 2, 2, 2, 3 ),
 ( 0.1829579140862688247, 0.1853225935385330869, 0.1936559268718665017, 0.2019892602051998054, 0.2103225935385331091, 0.2162912474196021784 ),
 .UNSPECIFIED. ) 
 CURVE ( )  GEOMETRIC_REPRESENTATION_ITEM ( )  RATIONAL_B_SPLINE_CURVE ( ( 0.9690584114092961610, 0.9783999393559227320, 1.000000000000000000, 0.9238795325112867385, 1.000000000000000000, 0.9238795325112867385, 1.000000000000000000, 0.9238795325112867385, 1.000000000000000000, 0.9454795931553637844, 0.9690584114092963830 ) ) 
 REPRESENTATION_ITEM ( '' )  );
#50 = CARTESIAN_POINT ( 'NONE',  ( 31.11522493448554272, 32.09979894781812249, 1.187522464950324652 ) ) ;
#51 = VECTOR ( 'NONE', #1679, 1000.000000000000000 ) ;
#52 = B_SPLINE_CURVE_WITH_KNOTS ( 'NONE', 3,
 ( #6762, #7465, #3348, #5334, #2772, #5995, #7417, #8086, #8709, #2822, #8045, #5417, #4012, #1973, #1305, #6042, #776, #17, #2729 ),
 .UNSPECIFIED., .F., .F.,
 ( 4, 3, 3, 3, 3, 3, 4 ),
 ( -2.834466948083458675E-06, 0.000000000000000000, 8.160856536619771429E-06, 5.415930209277207007E-05, 9.767513283977469164E-05, 0.0001397573423121537851, 0.0001819338080862549284 ),
 .UNSPECIFIED. ) ;
#53 = CARTESIAN_POINT ( 'NONE',  ( 27.69433967069963742, 31.13830234638734851, -4.180204151146671876 ) ) ;
#54 = CLOSED_SHELL ( 'NONE', ( #6096, #2743, #5230, #4679, #1035, #8599, #8404, #4202, #7823, #8503, #461, #685, #4897, #5255, #4106, #8546, #1814, #75, #6741, #7085, #6324, #2522, #1668, #5930, #7487, #411, #8591, #6395, #3445, #6415, #5393, #5640, #6625, #6322, #1816, #2420, #2000, #1884, #1860, #8764, #744, #4786, #6847, #3141, #1612, #682, #6568, #3952, #8414, #1492, #2236, #4399, #342, #2362, #3995, #4753, #310, #8673, #26, #6822, #2538, #923, #3287, #5277, #8002, #2118, #8050, #5282, #8060, #194, #6357, #3944, #3533, #5622, #2268, #196, #6254, #5985, #6554, #4332, #7769, #7895, #898, #3449, #6371, #5391, #8104, #4414, #3181, #7991, #7453, #5431, #7021, #765, #2315, #3716, #8534, #5673, #2806, #4604, #4411, #8214, #2395, #5943, #4977, #1231, #1654, #3391, #580, #8416, #6373, #4369, #3906, #4460, #2698, #568, #5770, #8699, #8704, #1490, #3234, #3713, #2588, #2207, #7784, #976, #833, #5275, #3110, #3874, #2633, #3837, #4525, #1060, #387, #1327, #5555, #8040, #8121, #8684, #7475, #8151, #4614, #646, #4564, #4725, #8011, #3314, #5663, #5171, #7856, #253, #1235, #4371, #3409, #5496, #3122, #2765, #3553, #6710, #8477, #3596, #7628, #4153, #966, #968, #2929, #851, #2132, #1474, #6215, #6981, #2672, #7397, #2044, #5608, #8659, #4095, #297, #858, #2308, #1015, #842, #7386, #8640, #4901, #4259 ) ) ;
#55 = CARTESIAN_POINT ( 'NONE',  ( 33.12751282804637043, 30.61731698805447621, 1.611784893253923601 ) ) ;
#56 = CARTESIAN_POINT ( 'NONE',  ( -28.92014487765375108, -4.999999999999996447, 0.000000000000000000 ) ) ;
#57 = AXIS2_PLACEMENT_3D ( 'NONE', #8145, #5388, #2739 ) ;
#58 = ORIENTED_EDGE ( 'NONE', *, *, #6473, .F. ) ;
#59 = CARTESIAN_POINT ( 'NONE',  ( 26.93836757470655030, 24.51083906081130692, 5.545210634218686430 ) ) ;
#60 = CARTESIAN_POINT ( 'NONE',  ( 24.08423571876443603, 19.24372089888454340, 5.044376325544933870 ) ) ;
#61 =( BOUNDED_CURVE ( )  B_SPLINE_CURVE ( 3, ( #3933, #5871, #1799, #5960 ),
 .UNSPECIFIED., .F., .F. ) 
 B_SPLINE_CURVE_WITH_KNOTS ( ( 4, 4 ),
 ( 3.141592653589792672, 3.910713945421783411 ),
 .UNSPECIFIED. ) 
 CURVE ( )  GEOMETRIC_REPRESENTATION_ITEM ( )  RATIONAL_B_SPLINE_CURVE ( ( 1.000000000000000000, 0.9513088977716734895, 0.9513088977716734895, 1.000000000000000000 ) ) 
 REPRESENTATION_ITEM ( '' )  );
#62 = CARTESIAN_POINT ( 'NONE',  ( -29.58039891549807976, -5.000000000000000000, 3.000000000000000000 ) ) ;
#63 = DIRECTION ( 'NONE',  ( -0.6123724356957930270, -0.6123724356957953585, 0.5000000000000008882 ) ) ;
#64 = AXIS2_PLACEMENT_3D ( 'NONE', #1061, #1556, #4986 ) ;
#65 = ORIENTED_EDGE ( 'NONE', *, *, #3770, .F. ) ;
#66 = AXIS2_PLACEMENT_3D ( 'NONE', #1007, #8324, #7115 ) ;
#67 = ORIENTED_EDGE ( 'NONE', *, *, #359, .F. ) ;
#68 = CARTESIAN_POINT ( 'NONE',  ( 4.913577227322020846, -29.56949537789303406, 2.261542115575840395 ) ) ;
#69 = DIRECTION ( 'NONE',  ( 0.000000000000000000, -0.5000000000000045519, 0.8660254037844360431 ) ) ;
#70 = DIRECTION ( 'NONE',  ( 0.7674234614174770819, -0.6123724356957943593, 0.1898979485566345826 ) ) ;
#71 = CARTESIAN_POINT ( 'NONE',  ( 20.05242661094193579, 20.05242661094179368, 7.045259471616625468 ) ) ;
#72 = VERTEX_POINT ( 'NONE', #8565 ) ;
#73 = CARTESIAN_POINT ( 'NONE',  ( 24.70002572357210369, 27.94269896716852486, 1.331653251266044835 ) ) ;
#74 = CARTESIAN_POINT ( 'NONE',  ( 49.44752746360097007, 53.82837943693556326, -19.54811651505058379 ) ) ;
#75 = ADVANCED_FACE ( 'NONE', ( #8742 ), #5944, .F. ) ;
#76 = CARTESIAN_POINT ( 'NONE',  ( 28.02410456157705809, 30.51191018825071666, -4.543069973243961002 ) ) ;
#77 = LINE ( 'NONE', #2998, #6563 ) ;
#78 = VERTEX_POINT ( 'NONE', #7232 ) ;
#79 = CARTESIAN_POINT ( 'NONE',  ( 21.02676679599065324, 24.82069589511753094, 6.661690967454103607 ) ) ;
#80 = AXIS2_PLACEMENT_3D ( 'NONE', #4942, #130, #2130 ) ;
#81 = CYLINDRICAL_SURFACE ( 'NONE', #5835, 2.756000000000000227 ) ;
#82 = ORIENTED_EDGE ( 'NONE', *, *, #2258, .F. ) ;
#83 = AXIS2_PLACEMENT_3D ( 'NONE', #861, #236, #4226 ) ;
#84 = CARTESIAN_POINT ( 'NONE',  ( 17.84699503419169631, 21.74456761209179589, 7.254809471616630034 ) ) ;
#85 = CARTESIAN_POINT ( 'NONE',  ( 31.57333173153363504, 28.02879033821926313, -1.416110500812619577 ) ) ;
#86 = CARTESIAN_POINT ( 'NONE',  ( 2.030690022762220881, 4.243007580729762473, 61.61875000429725446 ) ) ;
#87 = PLANE ( 'NONE',  #3877 ) ;
#88 = EDGE_CURVE ( 'NONE', #1109, #255, #3736, .T. ) ;
#89 = LINE ( 'NONE', #2803, #1900 ) ;
#90 = EDGE_CURVE ( 'NONE', #4494, #5755, #8613, .T. ) ;
#91 = AXIS2_PLACEMENT_3D ( 'NONE', #7052, #984, #3680 ) ;
#92 = CARTESIAN_POINT ( 'NONE',  ( -29.58039891549807621, 5.000000000000003553, 12.19886284516752895 ) ) ;
#93 = ORIENTED_EDGE ( 'NONE', *, *, #2494, .F. ) ;
#94 = CARTESIAN_POINT ( 'NONE',  ( 22.70405198180370832, 23.53408627057505598, 0.6314188574982034785 ) ) ;
#95 = CARTESIAN_POINT ( 'NONE',  ( 27.82844072630738808, 28.54893663177317364, -2.991919573561371504 ) ) ;
#96 = CARTESIAN_POINT ( 'NONE',  ( 21.38967065791482014, 23.81944907093688713, 7.777314172661289327 ) ) ;
#97 = CIRCLE ( 'NONE', #2502, 2.756000000000000227 ) ;
#98 = CARTESIAN_POINT ( 'NONE',  ( 33.04675179506113381, 29.03071444079334640, 0.3852420715493934944 ) ) ;
#99 = CARTESIAN_POINT ( 'NONE',  ( -1.757669868906925892, -60.20863374002504997, -1.806747598319797365 ) ) ;
#100 = CARTESIAN_POINT ( 'NONE',  ( -0.6252227700643743225, 3.502259767460278894, 63.16234009906748526 ) ) ;
#101 = CARTESIAN_POINT ( 'NONE',  ( 19.08804937948399782, 22.89076687192803305, 5.582405606789771824 ) ) ;
#102 = CARTESIAN_POINT ( 'NONE',  ( 26.47075774932628178, 30.26468684845314527, 2.216690967454099770 ) ) ;
#103 = CARTESIAN_POINT ( 'NONE',  ( 20.41019548513685677, 23.20937780057355937, 8.854344844165522588 ) ) ;
#104 =( BOUNDED_CURVE ( )  B_SPLINE_CURVE ( 2, ( #5256, #5785, #5828, #1099, #7795, #7307, #8631, #3757, #6461, #393, #4504, #5118, #3090, #526, #477, #7883, #4547, #3804, #7968, #1238, #435, #8540, #2479, #1805, #3848, #7214, #1140, #8592, #1896, #3183, #2525, #5210, #6637, #7928, #7257, #1183, #3891, #3229, #4591, #4401, #8353, #3569, #6314, #4968, #871, #6360, #1577, #4238, #4275, #246, #156 ),
 .UNSPECIFIED., .F., .T. ) 
 B_SPLINE_CURVE_WITH_KNOTS ( ( 3, 2, 2, 2, 2, 2, 2, 2, 2, 2, 2, 2, 2, 2, 2, 2, 2, 2, 2, 2, 2, 2, 2, 2, 2, 3 ),
 ( 0.1977687524357614191, 0.2000396397703659013, 0.2320380541795512841, 0.2640364685887365837, 0.2960348829979220220, 0.3280332974071072938, 0.3600317118162926766, 0.3920301262254780594, 0.4240285406346634423, 0.4560269550438487141, 0.4880253694530340969, 0.5200237838622194797, 0.5520221982714048625, 0.5840206126805902453, 0.6160190270897756282, 0.6480174414989610110, 0.6800158559081463938, 0.7120142703173317766, 0.7440126847265171595, 0.7760110991357023202, 0.8080095135448877031, 0.8400079279540730859, 0.8720063423632585797, 0.9040047567724439626, 0.9360031711816291233, 0.9665553175769446836 ),
 .UNSPECIFIED. ) 
 CURVE ( )  GEOMETRIC_REPRESENTATION_ITEM ( )  RATIONAL_B_SPLINE_CURVE ( ( 0.9935460985687620816, 0.9965265423518969712, 1.000000000000000000, 0.9510565162951535312, 1.000000000000000000, 0.9510565162951535312, 1.000000000000000000, 0.9510565162951535312, 1.000000000000000000, 0.9510565162951535312, 1.000000000000000000, 0.9510565162951535312, 1.000000000000000000, 0.9510565162951535312, 1.000000000000000000, 0.9510565162951535312, 1.000000000000000000, 0.9510565162951535312, 1.000000000000000000, 0.9510565162951535312, 1.000000000000000000, 0.9510565162951535312, 1.000000000000000000, 0.9510565162951535312, 1.000000000000000000, 0.9510565162951535312, 1.000000000000000000, 0.9510565162951535312, 1.000000000000000000, 0.9510565162951535312, 1.000000000000000000, 0.9510565162951535312, 1.000000000000000000, 0.9510565162951535312, 1.000000000000000000, 0.9510565162951535312, 1.000000000000000000, 0.9510565162951535312, 1.000000000000000000, 0.9510565162951535312, 1.000000000000000000, 0.9510565162951535312, 1.000000000000000000, 0.9510565162951535312, 1.000000000000000000, 0.9510565162951535312, 1.000000000000000000, 0.9510565162951535312, 1.000000000000000000, 0.9532686694995123888, 0.9957756639010815203 ) ) 
 REPRESENTATION_ITEM ( '' )  );
#105 = B_SPLINE_CURVE_WITH_KNOTS ( 'NONE', 1,
 ( #7374, #1306 ),
 .UNSPECIFIED., .F., .F.,
 ( 2, 2 ),
 ( 0.000000000000000000, 0.9815871086165353088 ),
 .UNSPECIFIED. ) ;
#106 = CARTESIAN_POINT ( 'NONE',  ( 27.52985024860050345, 23.51381289433268762, 4.889773321549372831 ) ) ;
#107 = CARTESIAN_POINT ( 'NONE',  ( 21.77829211457431313, 25.61329170095118712, 6.052532895391600221 ) ) ;
#108 = ORIENTED_EDGE ( 'NONE', *, *, #5152, .F. ) ;
#109 = CARTESIAN_POINT ( 'NONE',  ( -4.999999999999849898, -51.00379267415675599, -7.850000000000080469 ) ) ;
#110 = CARTESIAN_POINT ( 'NONE',  ( -3.847162344146708435, -11.64716242073069630, 56.51875000429725304 ) ) ;
#111 = CARTESIAN_POINT ( 'NONE',  ( 17.10006842081815392, 24.00793194702899314, 1.816729199851578214 ) ) ;
#112 = ORIENTED_EDGE ( 'NONE', *, *, #1158, .T. ) ;
#113 = CARTESIAN_POINT ( 'NONE',  ( -3.782767440107886792, 4.016682517335575575, 62.25156063234780390 ) ) ;
#114 = CARTESIAN_POINT ( 'NONE',  ( 5.000000000000138556, -29.58039891549805489, 2.999999999999999112 ) ) ;
#115 = DIRECTION ( 'NONE',  ( -0.7674234614174771929, 0.6123724356957942483, -0.1898979485566349434 ) ) ;
#116 = FACE_OUTER_BOUND ( 'NONE', #6533, .T. ) ;
#117 = VERTEX_POINT ( 'NONE', #5369 ) ;
#118 = CARTESIAN_POINT ( 'NONE',  ( 23.68884993405345440, 26.62965502793212735, 1.183827058486151440 ) ) ;
#119 = DIRECTION ( 'NONE',  ( 0.1898979485566465730, 0.5000000000000027756, 0.8449489742783137247 ) ) ;
#120 = EDGE_CURVE ( 'NONE', #3329, #5954, #3336, .T. ) ;
#121 = FACE_OUTER_BOUND ( 'NONE', #293, .T. ) ;
#122 = CARTESIAN_POINT ( 'NONE',  ( -37.09286487779497321, 4.086512407959548732, 14.15556627627901243 ) ) ;
#123 = ORIENTED_EDGE ( 'NONE', *, *, #4470, .F. ) ;
#124 = CARTESIAN_POINT ( 'NONE',  ( 21.92633898847004659, 22.75637327724139425, 1.266418857498202266 ) ) ;
#125 = ORIENTED_EDGE ( 'NONE', *, *, #5907, .F. ) ;
#126 = CARTESIAN_POINT ( 'NONE',  ( 31.19299623381890996, 32.17757024715148617, 1.124022464950323652 ) ) ;
#127 = ORIENTED_EDGE ( 'NONE', *, *, #1182, .F. ) ;
#128 = ORIENTED_EDGE ( 'NONE', *, *, #2159, .T. ) ;
#129 = CARTESIAN_POINT ( 'NONE',  ( -1.757669868906925892, -35.95992243406082878, 12.19325240168031677 ) ) ;
#130 = DIRECTION ( 'NONE',  ( 0.000000000000000000, -0.8660254037844363761, -0.5000000000000039968 ) ) ;
#131 = CARTESIAN_POINT ( 'NONE',  ( -3.847162497313595608, 3.952837579269299795, 58.64375000429726015 ) ) ;
#132 = CARTESIAN_POINT ( 'NONE',  ( 24.57891464897755185, 25.56348866231010675, 6.524397464950298264 ) ) ;
#133 = CARTESIAN_POINT ( 'NONE',  ( -61.82911022146240754, 1.999999999999999112, 1.000000000000028644 ) ) ;
#134 = CARTESIAN_POINT ( 'NONE',  ( 27.05832650789113458, 30.95589908579126259, -0.2662111824508655578 ) ) ;
#135 = EDGE_LOOP ( 'NONE', ( #1876, #3970, #2012, #3235, #6596, #6365 ) ) ;
#136 = CARTESIAN_POINT ( 'NONE',  ( 5.000000000000150102, -51.00379267415675599, 2.349999999999916600 ) ) ;
#137 = PLANE ( 'NONE',  #5718 ) ;
#138 = CARTESIAN_POINT ( 'NONE',  ( 30.51229894781822694, 30.51229894781813101, -1.495190528383337547 ) ) ;
#139 = CARTESIAN_POINT ( 'NONE',  ( 25.35162778486436608, 21.80708639154996575, 3.663889499187356069 ) ) ;
#140 = CARTESIAN_POINT ( 'NONE',  ( -29.55236883778320944, -4.900914404843013550, 12.79008786300251543 ) ) ;
#141 = CARTESIAN_POINT ( 'NONE',  ( -1.312788866696924517, 3.952837604152769746, 55.00625000429725731 ) ) ;
#142 = DIRECTION ( 'NONE',  ( 0.6123724356957943593, 0.6123724356957964687, -0.4999999999999978351 ) ) ;
#143 = DIRECTION ( 'NONE',  ( 0.6123724356957943593, 0.6123724356957965798, -0.4999999999999980016 ) ) ;
#144 = CARTESIAN_POINT ( 'NONE',  ( -13.35772755334122408, -6.937332457858510715, 55.46875000429726299 ) ) ;
#145 = CARTESIAN_POINT ( 'NONE',  ( 28.67760308564136196, 23.83708826576148709, 1.293907575544942512 ) ) ;
#146 = CARTESIAN_POINT ( 'NONE',  ( 19.94425438408014628, 22.37178289797515163, 3.011283309014588294 ) ) ;
#147 = EDGE_LOOP ( 'NONE', ( #8319, #1150, #996, #35 ) ) ;
#148 = CARTESIAN_POINT ( 'NONE',  ( 20.37766494662180250, 24.27523752451950401, 6.111084235070331161 ) ) ;
#149 = EDGE_CURVE ( 'NONE', #6651, #6546, #5877, .T. ) ;
#150 = CARTESIAN_POINT ( 'NONE',  ( 2.254834270192872303, 4.075314236474702589, 61.60685110393507102 ) ) ;
#151 = ORIENTED_EDGE ( 'NONE', *, *, #4435, .T. ) ;
#152 = VERTEX_POINT ( 'NONE', #6614 ) ;
#153 = CARTESIAN_POINT ( 'NONE',  ( -3.493952871649066871, 2.955040218396478569, 63.59632788267473558 ) ) ;
#154 =( BOUNDED_CURVE ( )  B_SPLINE_CURVE ( 2, ( #806, #2804, #717, #6786, #756, #8204, #4086, #3509, #4777, #7444, #7490 ),
 .UNSPECIFIED., .F., .F. ) 
 B_SPLINE_CURVE_WITH_KNOTS ( ( 3, 2, 2, 2, 2, 3 ),
 ( 0.2829579140862689135, 0.2853225935385331757, 0.2936559268718664795, 0.3019892602051997832, 0.3103225935385330869, 0.3162912474196022394 ),
 .UNSPECIFIED. ) 
 CURVE ( )  GEOMETRIC_REPRESENTATION_ITEM ( )  RATIONAL_B_SPLINE_CURVE ( ( 0.9690584114092966050, 0.9783999393559230651, 1.000000000000000000, 0.9238795325112867385, 1.000000000000000000, 0.9238795325112867385, 1.000000000000000000, 0.9238795325112867385, 1.000000000000000000, 0.9454795931553637844, 0.9690584114092966050 ) ) 
 REPRESENTATION_ITEM ( '' )  );
#155 = CARTESIAN_POINT ( 'NONE',  ( -11.64716242073015096, -3.847162420730698695, 59.33124999992847393 ) ) ;
#156 = CARTESIAN_POINT ( 'NONE',  ( 2.254834270192872303, 4.075314236474702589, 61.60685110393507102 ) ) ;
#157 = DIRECTION ( 'NONE',  ( 0.6123724356957943593, 0.6123724356957964687, -0.4999999999999978351 ) ) ;
#158 = VERTEX_POINT ( 'NONE', #8078 ) ;
#159 = EDGE_CURVE ( 'NONE', #4494, #7700, #1258, .T. ) ;
#160 = CARTESIAN_POINT ( 'NONE',  ( 27.16220608342880283, 26.54782102868369620, 4.385076418065085413 ) ) ;
#161 = CARTESIAN_POINT ( 'NONE',  ( 33.02022493448554741, 29.09028776381736137, -0.1652219430492221641 ) ) ;
#162 = CARTESIAN_POINT ( 'NONE',  ( 19.79578132314182426, 19.79578132314167505, 7.254809471616630034 ) ) ;
#163 = CARTESIAN_POINT ( 'NONE',  ( 32.40928951643269329, 27.37429829951661731, -3.025549661023901216 ) ) ;
#164 = EDGE_LOOP ( 'NONE', ( #6505, #6247, #3608, #6912, #7653 ) ) ;
#165 = CARTESIAN_POINT ( 'NONE',  ( 18.91463781980865733, 23.29548979314315105, 5.381883484949320895 ) ) ;
#166 = DIRECTION ( 'NONE',  ( -1.000000000000000000, -1.700709290173340163E-16, 0.000000000000000000 ) ) ;
#167 = EDGE_LOOP ( 'NONE', ( #185, #1947, #6780, #7604 ) ) ;
#168 = CARTESIAN_POINT ( 'NONE',  ( -28.92014487765375108, -4.999999999999996447, 0.000000000000000000 ) ) ;
#169 = CARTESIAN_POINT ( 'NONE',  ( -2.775367281111229989, -28.95572732150280260, 14.92363117576602960 ) ) ;
#170 = CARTESIAN_POINT ( 'NONE',  ( -8.431887326654132764, -10.15749502186990405, 56.99375000429726157 ) ) ;
#171 = EDGE_CURVE ( 'NONE', #6651, #7135, #6617, .T. ) ;
#172 = CARTESIAN_POINT ( 'NONE',  ( 26.80811945934549101, 22.83509139549345690, 5.436764064077365788 ) ) ;
#173 = CARTESIAN_POINT ( 'NONE',  ( -28.74045774387836261, -2.000000000000000444, 0.000000000000000000 ) ) ;
#174 = CARTESIAN_POINT ( 'NONE',  ( 25.56421279029591531, 21.77028369116865747, 2.132927975779174368 ) ) ;
#175 = CARTESIAN_POINT ( 'NONE',  ( 33.41670986139028088, 29.87296698613089063, 1.211191507380061871 ) ) ;
#176 = ORIENTED_EDGE ( 'NONE', *, *, #1379, .F. ) ;
#177 = CARTESIAN_POINT ( 'NONE',  ( 17.70060878356917300, 20.94328202716556930, 7.046653251266015161 ) ) ;
#178 = DIRECTION ( 'NONE',  ( 0.3535533905932736753, 0.3535533905932750631, 0.8660254037844382635 ) ) ;
#179 = CARTESIAN_POINT ( 'NONE',  ( 23.75381751501068450, 21.66921281519428177, 7.563050084604972412 ) ) ;
#180 = CARTESIAN_POINT ( 'NONE',  ( 22.03620982321942989, 24.97701491709810284, 2.533202058486143660 ) ) ;
#181 = CARTESIAN_POINT ( 'NONE',  ( 19.78956493730902721, 24.17041691064352094, 4.667508484949317804 ) ) ;
#182 = EDGE_CURVE ( 'NONE', #4632, #5852, #6308, .T. ) ;
#183 = EDGE_CURVE ( 'NONE', #4644, #8578, #1920, .T. ) ;
#184 = DIRECTION ( 'NONE',  ( -0.7674234614174773039, 0.6123724356957941373, -0.1898979485566346381 ) ) ;
#185 = ORIENTED_EDGE ( 'NONE', *, *, #4733, .F. ) ;
#186 = CARTESIAN_POINT ( 'NONE',  ( -4.999999999999849898, -51.00379267415675599, 2.349999999999916600 ) ) ;
#187 = CARTESIAN_POINT ( 'NONE',  ( 19.79578132314182426, 19.79578132314167505, 7.254809471616630034 ) ) ;
#188 = CARTESIAN_POINT ( 'NONE',  ( -9.725015023087241417, 4.243007465307788273, 57.66875000429725873 ) ) ;
#189 = CARTESIAN_POINT ( 'NONE',  ( 24.44804294173435366, 23.45281060205840618, 0.2468833832418651508 ) ) ;
#190 = AXIS2_PLACEMENT_3D ( 'NONE', #3233, #3187, #7312 ) ;
#191 = CARTESIAN_POINT ( 'NONE',  ( 23.54937490714202397, 24.38839458066447463, -0.1047790036547091436 ) ) ;
#192 = ORIENTED_EDGE ( 'NONE', *, *, #6970, .F. ) ;
#193 = DIRECTION ( 'NONE',  ( 1.000000000000000000, 0.000000000000000000, 0.000000000000000000 ) ) ;
#194 = ADVANCED_FACE ( 'NONE', ( #2235 ), #1187, .F. ) ;
#195 = ORIENTED_EDGE ( 'NONE', *, *, #2951, .F. ) ;
#196 = ADVANCED_FACE ( 'NONE', ( #4177 ), #6884, .F. ) ;
#197 = CARTESIAN_POINT ( 'NONE',  ( -2.798301625486481647, 4.228342677591756527, 62.11403560595888962 ) ) ;
#198 = EDGE_CURVE ( 'NONE', #2748, #7416, #8171, .T. ) ;
#199 = CARTESIAN_POINT ( 'NONE',  ( 2.787913837084587954, 0.9735027566642469044, 58.23125000429725873 ) ) ;
#200 = CARTESIAN_POINT ( 'NONE',  ( 36.20382837437111334, 31.96118768725171577, 4.249999999999994671 ) ) ;
#201 = CARTESIAN_POINT ( 'NONE',  ( -29.02123764450595900, -3.009914653950976238, 0.1750978084657400791 ) ) ;
#202 = VERTEX_POINT ( 'NONE', #7456 ) ;
#203 = CARTESIAN_POINT ( 'NONE',  ( 30.11511986903302684, 26.57057847571864073, -0.2254855008126236959 ) ) ;
#204 = DIRECTION ( 'NONE',  ( 0.8660254037844397068, 1.255248039901264634E-16, 0.4999999999999979461 ) ) ;
#205 = ORIENTED_EDGE ( 'NONE', *, *, #8328, .T. ) ;
#206 = VECTOR ( 'NONE', #7813, 1000.000000000000000 ) ;
#207 = CARTESIAN_POINT ( 'NONE',  ( 22.00782742003941550, 25.90539999793953285, 3.857504054758720269 ) ) ;
#208 = CIRCLE ( 'NONE', #2473, 7.049999999999999822 ) ;
#209 = B_SPLINE_CURVE_WITH_KNOTS ( 'NONE', 3,
 ( #8064, #6195, #7437, #1413 ),
 .UNSPECIFIED., .F., .F.,
 ( 4, 4 ),
 ( 0.000000000000000000, 2.246401337167158859E-05 ),
 .UNSPECIFIED. ) ;
#210 = CARTESIAN_POINT ( 'NONE',  ( 20.76841098934412955, 25.55708687216111841, 5.183412090742666400 ) ) ;
#211 =( BOUNDED_CURVE ( )  B_SPLINE_CURVE ( 3, ( #318, #8215, #8344, #3557 ),
 .UNSPECIFIED., .F., .T. ) 
 B_SPLINE_CURVE_WITH_KNOTS ( ( 4, 4 ),
 ( 5.519482510964018651, 6.283185307179586232 ),
 .UNSPECIFIED. ) 
 CURVE ( )  GEOMETRIC_REPRESENTATION_ITEM ( )  RATIONAL_B_SPLINE_CURVE ( ( 1.000000000000000000, 0.9519842152892060705, 0.9519842152892060705, 1.000000000000000000 ) ) 
 REPRESENTATION_ITEM ( '' )  );
#212 = ORIENTED_EDGE ( 'NONE', *, *, #7699, .T. ) ;
#213 = CARTESIAN_POINT ( 'NONE',  ( 19.50228710097883678, 23.74492778809796434, 1.732050807568876527 ) ) ;
#214 = AXIS2_PLACEMENT_3D ( 'NONE', #7832, #6592, #528 ) ;
#215 = CARTESIAN_POINT ( 'NONE',  ( 26.01126888397829262, 30.39212085731281121, -0.4124915150506560657 ) ) ;
#216 = AXIS2_PLACEMENT_3D ( 'NONE', #71, #4670, #4148 ) ;
#217 = VERTEX_POINT ( 'NONE', #7498 ) ;
#218 = CARTESIAN_POINT ( 'NONE',  ( -3.732036104548345001, 2.894908802166394235, 61.14628323776828012 ) ) ;
#219 = FACE_OUTER_BOUND ( 'NONE', #3427, .T. ) ;
#220 = CARTESIAN_POINT ( 'NONE',  ( -10.48223877320723396, 0.9735026263727116769, 59.05625000429724736 ) ) ;
#221 = DIRECTION ( 'NONE',  ( 0.1898979485566282821, 0.5000000000000027756, 0.8449489742783178325 ) ) ;
#222 = CIRCLE ( 'NONE', #3618, 3.240370349203909317 ) ;
#223 = FACE_OUTER_BOUND ( 'NONE', #7082, .T. ) ;
#224 = CARTESIAN_POINT ( 'NONE',  ( 25.91405475981158801, 30.29490673314610660, -0.3331165150506562589 ) ) ;
#225 = DIRECTION ( 'NONE',  ( -0.000000000000000000, 0.8660254037844363761, 0.5000000000000039968 ) ) ;
#226 = ORIENTED_EDGE ( 'NONE', *, *, #6860, .T. ) ;
#227 = CARTESIAN_POINT ( 'NONE',  ( 27.41086127592836519, 29.49546597574411066, -2.502840904161553137 ) ) ;
#228 = CARTESIAN_POINT ( 'NONE',  ( 30.51229894781823049, 30.51229894781813101, -1.495190528383337547 ) ) ;
#229 = CARTESIAN_POINT ( 'NONE',  ( 22.57550692439271245, 20.50357350745350260, 3.429878993371488161 ) ) ;
#230 = DIRECTION ( 'NONE',  ( -0.1898979485566345549, -0.4999999999999979461, -0.8449489742783193869 ) ) ;
#231 = CIRCLE ( 'NONE', #5027, 11.99999999999999645 ) ;
#232 = CARTESIAN_POINT ( 'NONE',  ( -3.847162344146708435, -11.64716242073069630, 56.51875000429725304 ) ) ;
#233 = ORIENTED_EDGE ( 'NONE', *, *, #4472, .T. ) ;
#234 = CIRCLE ( 'NONE', #5609, 5.099999999999998757 ) ;
#235 = CARTESIAN_POINT ( 'NONE',  ( 22.26325393498200356, 19.56974739172183320, 0.000000000000000000 ) ) ;
#236 = DIRECTION ( 'NONE',  ( 0.000000000000000000, 0.000000000000000000, 1.000000000000000000 ) ) ;
#237 = CARTESIAN_POINT ( 'NONE',  ( -3.847162518913948226, 6.152837579269300861, 54.64375000429726015 ) ) ;
#238 = AXIS2_PLACEMENT_3D ( 'NONE', #6781, #1953, #575 ) ;
#239 = CARTESIAN_POINT ( 'NONE',  ( 27.90231088747992416, 27.06329121395724258, 4.930647946888006672 ) ) ;
#240 = CARTESIAN_POINT ( 'NONE',  ( 29.34441714783254795, 26.91688863393731523, 3.580679384218701689 ) ) ;
#241 = DIRECTION ( 'NONE',  ( 0.000000000000000000, 1.000000000000000000, -0.000000000000000000 ) ) ;
#242 = VECTOR ( 'NONE', #1297, 1000.000000000000000 ) ;
#243 = CARTESIAN_POINT ( 'NONE',  ( 19.69235081314231550, 24.07320278647681633, 4.746883484949323773 ) ) ;
#244 = CARTESIAN_POINT ( 'NONE',  ( -3.390857664180844999, 2.974736026203230299, 63.58410329642198633 ) ) ;
#245 = DIRECTION ( 'NONE',  ( -0.7674234614174771929, 0.6123724356957942483, -0.1898979485566349434 ) ) ;
#246 = CARTESIAN_POINT ( 'NONE',  ( 4.706951791374788030, 2.186660770213251226, 61.47473060319921245 ) ) ;
#247 = CARTESIAN_POINT ( 'NONE',  ( 27.59255249814548350, 28.57712651147804905, 4.063772464950300645 ) ) ;
#248 = ORIENTED_EDGE ( 'NONE', *, *, #6945, .F. ) ;
#249 = CARTESIAN_POINT ( 'NONE',  ( 27.41827240862793147, 26.68949822753077683, -1.319039240730145224 ) ) ;
#250 = LINE ( 'NONE', #2958, #1208 ) ;
#251 = EDGE_CURVE ( 'NONE', #6279, #2602, #2185, .T. ) ;
#252 = CARTESIAN_POINT ( 'NONE',  ( -3.847162420730148913, -3.847162420730696919, 54.25000000000004263 ) ) ;
#253 = ADVANCED_FACE ( 'NONE', ( #2719 ), #437, .T. ) ;
#254 = CARTESIAN_POINT ( 'NONE',  ( 30.54697412487872654, 37.61804193674408481, 4.249999999999994671 ) ) ;
#255 = VERTEX_POINT ( 'NONE', #1290 ) ;
#256 = CARTESIAN_POINT ( 'NONE',  ( 29.20019788911154635, 33.65519573969429246, 0.6610533534461034977 ) ) ;
#257 = EDGE_LOOP ( 'NONE', ( #5342, #3508, #1429, #5214 ) ) ;
#258 = CARTESIAN_POINT ( 'NONE',  ( 26.30961606684996212, 31.09829194966355814, 0.6590370907472722362 ) ) ;
#259 = ORIENTED_EDGE ( 'NONE', *, *, #2964, .F. ) ;
#260 = ORIENTED_EDGE ( 'NONE', *, *, #3050, .F. ) ;
#261 = CARTESIAN_POINT ( 'NONE',  ( 51.88409695360144980, 51.88409695360142138, -18.94519052838326800 ) ) ;
#262 = LINE ( 'NONE', #2300, #933 ) ;
#263 = CARTESIAN_POINT ( 'NONE',  ( 4.354242928328329931, -3.847162340206101039, 57.95625000429726015 ) ) ;
#264 = CARTESIAN_POINT ( 'NONE',  ( -11.64716242073014918, -3.847162420730699584, 58.58124999992846682 ) ) ;
#265 = CARTESIAN_POINT ( 'NONE',  ( 0.2258221398566801763, 3.703656916918827591, 61.35334734223787478 ) ) ;
#266 = LINE ( 'NONE', #7048, #3745 ) ;
#267 = EDGE_CURVE ( 'NONE', #1600, #2624, #1753, .T. ) ;
#268 = CARTESIAN_POINT ( 'NONE',  ( 22.50485560360882076, 26.47788366746083355, 1.135354879156008190 ) ) ;
#269 = ORIENTED_EDGE ( 'NONE', *, *, #3703, .F. ) ;
#270 = ORIENTED_EDGE ( 'NONE', *, *, #7837, .F. ) ;
#271 = CARTESIAN_POINT ( 'NONE',  ( 27.32978204105500453, 31.22735461895515030, -0.8410574819534093471 ) ) ;
#272 = EDGE_CURVE ( 'NONE', #7484, #5690, #7409, .T. ) ;
#273 = CARTESIAN_POINT ( 'NONE',  ( 29.01161660245721308, 25.11404402455686835, 1.321288817549116201 ) ) ;
#274 = CARTESIAN_POINT ( 'NONE',  ( 24.57391479153070435, 21.02937339821631113, 4.298889499187354524 ) ) ;
#275 = CARTESIAN_POINT ( 'NONE',  ( 24.27384742064316114, 19.89299544730840807, 6.190860458283946599 ) ) ;
#276 = CARTESIAN_POINT ( 'NONE',  ( -3.847162344146708435, -11.64716242073069630, 59.26875000429726015 ) ) ;
#277 = CARTESIAN_POINT ( 'NONE',  ( 29.46139144378232544, 29.31926735160956810, -4.243443433122822128 ) ) ;
#278 = CARTESIAN_POINT ( 'NONE',  ( 17.36505062498193297, 24.43611843684724860, 2.793642669629453845 ) ) ;
#279 = CARTESIAN_POINT ( 'NONE',  ( -12.35367056493147331, 2.333177383248123071, 55.05625000429724736 ) ) ;
#280 = CARTESIAN_POINT ( 'NONE',  ( 25.59394648811758088, 29.42894607449446909, 2.937064145391604875 ) ) ;
#281 = CARTESIAN_POINT ( 'NONE',  ( 24.71836519231472806, 29.55888001219438976, 1.944461367688365749 ) ) ;
#282 = LINE ( 'NONE', #2949, #7320 ) ;
#283 = EDGE_CURVE ( 'NONE', #937, #5425, #2833, .T. ) ;
#284 =( BOUNDED_CURVE ( )  B_SPLINE_CURVE ( 2, ( #7904, #1825, #4524, #7231, #1155, #3864, #6560, #500, #8612 ),
 .UNSPECIFIED., .F., .T. ) 
 B_SPLINE_CURVE_WITH_KNOTS ( ( 3, 2, 2, 2, 3 ),
 ( 0.1351965051219756464, 0.1376837593531728132, 0.1401710135843700078, 0.1426582678155671469, 0.1451455220467643137 ),
 .UNSPECIFIED. ) 
 CURVE ( )  GEOMETRIC_REPRESENTATION_ITEM ( )  RATIONAL_B_SPLINE_CURVE ( ( 0.9999999999997910560, 0.9238795325114955714, 1.000000000000000000, 0.9238795325112866275, 1.000000000000000000, 0.9238795325112866275, 1.000000000000000000, 0.9238795325112755252, 1.000000000000011102 ) ) 
 REPRESENTATION_ITEM ( '' )  );
#285 = CARTESIAN_POINT ( 'NONE',  ( 31.73824744794252695, 27.84067487004216090, -0.9049959452399937154 ) ) ;
#286 = CARTESIAN_POINT ( 'NONE',  ( 2.546624290344253083, 4.128448269941485727, 62.54805562297488564 ) ) ;
#287 = PLANE ( 'NONE',  #4996 ) ;
#288 = CARTESIAN_POINT ( 'NONE',  ( 28.62234001181034060, 33.78577646310755256, -0.01062660680588300988 ) ) ;
#289 = CARTESIAN_POINT ( 'NONE',  ( 24.35862877314427166, 28.73948074647878315, 0.9368834849493370420 ) ) ;
#290 = ORIENTED_EDGE ( 'NONE', *, *, #5010, .F. ) ;
#291 = CARTESIAN_POINT ( 'NONE',  ( 30.28248542546451461, 27.47424802033773261, -1.612490753720566161 ) ) ;
#292 = CYLINDRICAL_SURFACE ( 'NONE', #7150, 7.799999999999999822 ) ;
#293 = EDGE_LOOP ( 'NONE', ( #343, #8443, #3289 ) ) ;
#294 = DIRECTION ( 'NONE',  ( -0.4999999999999977240, -5.007715329123870669E-16, 0.8660254037844399289 ) ) ;
#295 = LINE ( 'NONE', #5774, #635 ) ;
#296 = EDGE_CURVE ( 'NONE', #8669, #798, #8124, .T. ) ;
#297 = ADVANCED_FACE ( 'NONE', ( #1997 ), #5490, .T. ) ;
#298 = ORIENTED_EDGE ( 'NONE', *, *, #1723, .F. ) ;
#299 = CARTESIAN_POINT ( 'NONE',  ( 24.37776635517787938, 20.40473829132563921, 7.421139064077274305 ) ) ;
#300 = CARTESIAN_POINT ( 'NONE',  ( 26.69176775314524619, 31.07261972647976833, -0.9681165150506529926 ) ) ;
#301 = ORIENTED_EDGE ( 'NONE', *, *, #7134, .F. ) ;
#302 = CARTESIAN_POINT ( 'NONE',  ( -3.579795422152117101, 2.927914421238492881, 61.14513705810316679 ) ) ;
#303 = CARTESIAN_POINT ( 'NONE',  ( 25.04436397339815201, 28.49307746756385029, -0.4224774719712762194 ) ) ;
#304 = CARTESIAN_POINT ( 'NONE',  ( 24.10703076576586312, 26.53680917878742207, 5.558598935451144918 ) ) ;
#305 = FACE_OUTER_BOUND ( 'NONE', #1054, .T. ) ;
#306 = CARTESIAN_POINT ( 'NONE',  ( 29.71260204289199436, 26.26388854872569567, 2.549596415204833821 ) ) ;
#307 = EDGE_CURVE ( 'NONE', #5451, #3857, #6714, .T. ) ;
#308 = CARTESIAN_POINT ( 'NONE',  ( 26.24471165946285467, 22.45078256033577446, 1.577302975779203198 ) ) ;
#309 = ORIENTED_EDGE ( 'NONE', *, *, #4744, .T. ) ;
#310 = ADVANCED_FACE ( 'NONE', ( #6785 ), #8110, .F. ) ;
#311 = VERTEX_POINT ( 'NONE', #133 ) ;
#312 = DIRECTION ( 'NONE',  ( 0.000000000000000000, 0.000000000000000000, 1.000000000000000000 ) ) ;
#313 = CARTESIAN_POINT ( 'NONE',  ( 24.13093291106003235, 22.05899949412082606, 2.159878993371490807 ) ) ;
#314 = CARTESIAN_POINT ( 'NONE',  ( 22.91955449267733158, 18.94652642882500970, 8.611764064078737846 ) ) ;
#315 = CARTESIAN_POINT ( 'NONE',  ( 24.95434628981011471, 20.57349431647536520, 5.635235458283947452 ) ) ;
#316 = CARTESIAN_POINT ( 'NONE',  ( -11.26540327149793264, -1.436829937441292504, 58.44375000429725731 ) ) ;
#317 = EDGE_CURVE ( 'NONE', #5994, #8241, #4688, .T. ) ;
#318 = CARTESIAN_POINT ( 'NONE',  ( 4.074801908668524320, -37.09937395895250489, 14.16684033555450739 ) ) ;
#319 = CARTESIAN_POINT ( 'NONE',  ( 19.94511520277200844, 22.12302379563191934, 9.449783657485818722 ) ) ;
#320 = CARTESIAN_POINT ( 'NONE',  ( 4.659345602109323359, 2.333177550288373148, 59.73125000429725162 ) ) ;
#321 = CARTESIAN_POINT ( 'NONE',  ( 27.04861232754653955, 23.21361274116943108, 0.9164610478416823636 ) ) ;
#322 = CARTESIAN_POINT ( 'NONE',  ( 25.49253216257672960, 22.66304780970238753, 0.4794832701384508233 ) ) ;
#323 = CARTESIAN_POINT ( 'NONE',  ( -30.51992903302806681, -0.9208129464052162705, 14.99999999999999822 ) ) ;
#324 = CARTESIAN_POINT ( 'NONE',  ( 51.88409695360144980, 51.88409695360142138, -18.94519052838326800 ) ) ;
#325 = CARTESIAN_POINT ( 'NONE',  ( 51.88409695360144980, 51.88409695360142138, -18.94519052838326800 ) ) ;
#326 = DIRECTION ( 'NONE',  ( -0.000000000000000000, 0.8660254037844363761, 0.5000000000000039968 ) ) ;
#327 = LINE ( 'NONE', #3028, #2057 ) ;
#328 = ORIENTED_EDGE ( 'NONE', *, *, #6866, .F. ) ;
#329 = ORIENTED_EDGE ( 'NONE', *, *, #3679, .T. ) ;
#330 = CARTESIAN_POINT ( 'NONE',  ( 25.71120151309074942, 29.25574290640491881, 1.479479444045941561 ) ) ;
#331 = CARTESIAN_POINT ( 'NONE',  ( 30.18282146127475940, 26.28524888337438981, 0.3650040547586626549 ) ) ;
#332 = CARTESIAN_POINT ( 'NONE',  ( -1.999999999999853451, -28.74045774387837326, 0.000000000000000000 ) ) ;
#333 =( BOUNDED_CURVE ( )  B_SPLINE_CURVE ( 2, ( #8639, #2534, #3947, #357, #7840, #1771, #1105, #4425, #4466 ),
 .UNSPECIFIED., .F., .T. ) 
 B_SPLINE_CURVE_WITH_KNOTS ( ( 3, 2, 2, 2, 3 ),
 ( 0.5666666666666664298, 0.5749999999999997335, 0.5833333333333332593, 0.5916666666666665630, 0.5999999999999998668 ),
 .UNSPECIFIED. ) 
 CURVE ( )  GEOMETRIC_REPRESENTATION_ITEM ( )  RATIONAL_B_SPLINE_CURVE ( ( 1.000000000000001998, 0.9238795325112847401, 1.000000000000000000, 0.9238795325112867385, 1.000000000000000000, 0.9238795325112867385, 1.000000000000000000, 0.9238795325112877377, 0.9999999999999990008 ) ) 
 REPRESENTATION_ITEM ( '' )  );
#334 = CARTESIAN_POINT ( 'NONE',  ( 28.34201151368460003, 32.82331013181890000, -1.322839837450559664 ) ) ;
#335 = AXIS2_PLACEMENT_3D ( 'NONE', #6864, #1370, #4076 ) ;
#336 = EDGE_LOOP ( 'NONE', ( #1135, #7754, #67 ) ) ;
#337 = DIRECTION ( 'NONE',  ( 0.6123724356957932491, 0.6123724356957952475, -0.5000000000000008882 ) ) ;
#338 = CARTESIAN_POINT ( 'NONE',  ( 21.74980215621474144, 20.51331071906142967, 9.688576913240424915 ) ) ;
#339 = AXIS2_PLACEMENT_3D ( 'NONE', #2590, #3867, #5279 ) ;
#340 = ORIENTED_EDGE ( 'NONE', *, *, #159, .F. ) ;
#341 = CARTESIAN_POINT ( 'NONE',  ( 21.56027694236277625, 18.01573554904837238, 6.759514499187340597 ) ) ;
#342 = ADVANCED_FACE ( 'NONE', ( #4817 ), #2846, .F. ) ;
#343 = ORIENTED_EDGE ( 'NONE', *, *, #816, .F. ) ;
#344 = VECTOR ( 'NONE', #7293, 1000.000000000000000 ) ;
#345 = CARTESIAN_POINT ( 'NONE',  ( -4.128711409198562166, 3.942304560427406734, 62.54717858030263500 ) ) ;
#346 = CYLINDRICAL_SURFACE ( 'NONE', #358, 0.1270000000000038876 ) ;
#347 =( BOUNDED_CURVE ( )  B_SPLINE_CURVE ( 2, ( #7501, #770, #2637, #8127, #6661, #2768, #593, #6078, #1432, #4051, #2148 ),
 .UNSPECIFIED., .F., .T. ) 
 B_SPLINE_CURVE_WITH_KNOTS ( ( 3, 2, 2, 2, 2, 3 ),
 ( 0.09246104202538002470, 0.09400837943013085063, 0.09616874567515192040, 0.09832911192017297630, 0.1004894781651940461, 0.1011025070054678565 ),
 .UNSPECIFIED. ) 
 CURVE ( )  GEOMETRIC_REPRESENTATION_ITEM ( )  RATIONAL_B_SPLINE_CURVE ( ( 0.9690584114094717982, 0.9454795931551611687, 1.000000000000000000, 0.9238795325112867385, 1.000000000000000000, 0.9238795325112867385, 1.000000000000000000, 0.9238795325112867385, 1.000000000000000000, 0.9783999393559997815, 0.9690584114093629964 ) ) 
 REPRESENTATION_ITEM ( '' )  );
#348 = DIRECTION ( 'NONE',  ( 0.000000000000000000, 0.000000000000000000, 1.000000000000000000 ) ) ;
#349 = CARTESIAN_POINT ( 'NONE',  ( 28.67865544448504878, 34.04408143115227148, 0.5845964782830102013 ) ) ;
#350 = CIRCLE ( 'NONE', #7427, 2.756000000000000227 ) ;
#351 = CARTESIAN_POINT ( 'NONE',  ( 3.535533905932856324, -3.535533905932844778, 13.00000000000000000 ) ) ;
#352 = CIRCLE ( 'NONE', #3609, 0.7500000000000006661 ) ;
#353 = CARTESIAN_POINT ( 'NONE',  ( 24.44241804147670649, 23.45784402814391711, 0.2858464782829889250 ) ) ;
#354 = ORIENTED_EDGE ( 'NONE', *, *, #7944, .T. ) ;
#355 = CARTESIAN_POINT ( 'NONE',  ( 16.89604817361668410, 23.96711598548199973, 13.00000000000003730 ) ) ;
#356 = CARTESIAN_POINT ( 'NONE',  ( 28.28884102741566053, 26.51124595310366061, 3.338871651406109642 ) ) ;
#357 = CARTESIAN_POINT ( 'NONE',  ( 26.95849709448336995, 24.15931477904645064, -0.6947259009322249712 ) ) ;
#358 = AXIS2_PLACEMENT_3D ( 'NONE', #5115, #5783, #5875 ) ;
#359 = EDGE_CURVE ( 'NONE', #4845, #6132, #7275, .T. ) ;
#360 = FACE_OUTER_BOUND ( 'NONE', #1518, .T. ) ;
#361 = EDGE_CURVE ( 'NONE', #2610, #8488, #1515, .T. ) ;
#362 = CARTESIAN_POINT ( 'NONE',  ( -1.312788866696924517, 3.952837604152769746, 63.25625000429725731 ) ) ;
#363 = ORIENTED_EDGE ( 'NONE', *, *, #3111, .F. ) ;
#364 = CARTESIAN_POINT ( 'NONE',  ( 23.42383333430479553, 26.22301564974148391, 6.393719844165511645 ) ) ;
#365 = CARTESIAN_POINT ( 'NONE',  ( -2.343669639345375089, 3.589866901491660212, 62.93510687336700471 ) ) ;
#366 = CARTESIAN_POINT ( 'NONE',  ( -3.847162518913948226, 6.152837579269300861, 56.39375000429725304 ) ) ;
#367 = CARTESIAN_POINT ( 'NONE',  ( 27.75630657252434119, 32.59682139240401000, -0.5360073823116336955 ) ) ;
#368 = CARTESIAN_POINT ( 'NONE',  ( 28.21565286714397303, 29.05467254066644500, -3.914779003654695000 ) ) ;
#369 = CARTESIAN_POINT ( 'NONE',  ( 29.31376423919286012, 30.16840549297066332, 2.239408963332480074 ) ) ;
#370 = CARTESIAN_POINT ( 'NONE',  ( 21.33156606814207024, 20.34699205480927020, 2.825846478282975749 ) ) ;
#371 = CIRCLE ( 'NONE', #804, 3.174999999999997602 ) ;
#372 = AXIS2_PLACEMENT_3D ( 'NONE', #2097, #2050, #678 ) ;
#373 = CARTESIAN_POINT ( 'NONE',  ( 28.34201151368460003, 32.82331013181890000, -1.322839837450559664 ) ) ;
#374 = DIRECTION ( 'NONE',  ( 0.6123724356957944703, 0.6123724356957964687, -0.4999999999999980016 ) ) ;
#375 = CARTESIAN_POINT ( 'NONE',  ( 29.24393238502272752, 33.72490935880683338, 0.6464240044279400133 ) ) ;
#376 = ORIENTED_EDGE ( 'NONE', *, *, #7672, .F. ) ;
#377 = VERTEX_POINT ( 'NONE', #7399 ) ;
#378 = CARTESIAN_POINT ( 'NONE',  ( 29.50477243213085643, 26.69653502700407444, -0.9774907537205695940 ) ) ;
#379 = CARTESIAN_POINT ( 'NONE',  ( -68.87945218822306970, -68.87945218822343918, 12.00000000000000000 ) ) ;
#380 = AXIS2_PLACEMENT_3D ( 'NONE', #4995, #4954, #6422 ) ;
#381 = CARTESIAN_POINT ( 'NONE',  ( -53.16885618361808241, -2.000000000000003553, -13.99999999999995914 ) ) ;
#382 = AXIS2_PLACEMENT_3D ( 'NONE', #261, #8242, #2262 ) ;
#383 = CARTESIAN_POINT ( 'NONE',  ( 33.13920976227773707, 30.62457170237792070, 1.605610499573161043 ) ) ;
#384 = ORIENTED_EDGE ( 'NONE', *, *, #6917, .F. ) ;
#385 = CYLINDRICAL_SURFACE ( 'NONE', #2335, 5.100000000000000533 ) ;
#386 = CARTESIAN_POINT ( 'NONE',  ( -14.36178466311282165, -3.847162523967250891, 55.33125000429724594 ) ) ;
#387 = ADVANCED_FACE ( 'NONE', ( #8070 ), #8407, .T. ) ;
#388 = LINE ( 'NONE', #4453, #7313 ) ;
#389 = ORIENTED_EDGE ( 'NONE', *, *, #1182, .T. ) ;
#390 =( BOUNDED_CURVE ( )  B_SPLINE_CURVE ( 2, ( #315, #1070, #7056, #7719, #2399, #3683, #8466, #3057, #6385 ),
 .UNSPECIFIED., .F., .F. ) 
 B_SPLINE_CURVE_WITH_KNOTS ( ( 3, 2, 2, 2, 3 ),
 ( 0.2333333333333333648, 0.2416666666666667240, 0.2500000000000001110, 0.2583333333333334703, 0.2666666666666668295 ),
 .UNSPECIFIED. ) 
 CURVE ( )  GEOMETRIC_REPRESENTATION_ITEM ( )  RATIONAL_B_SPLINE_CURVE ( ( 0.9999999999999997780, 0.9238795325112869605, 1.000000000000000000, 0.9238795325112867385, 1.000000000000000000, 0.9238795325112867385, 1.000000000000000000, 0.9238795325112851842, 1.000000000000001554 ) ) 
 REPRESENTATION_ITEM ( '' )  );
#391 = CARTESIAN_POINT ( 'NONE',  ( -0.5120553295273664318, 4.719885654708503075, 62.71215302199405528 ) ) ;
#392 = CARTESIAN_POINT ( 'NONE',  ( 25.03170740704069175, 25.88634866081848074, 5.735693726122907954 ) ) ;
#393 = CARTESIAN_POINT ( 'NONE',  ( 4.659345602109324247, 2.333177550288373592, 55.98125000429729425 ) ) ;
#394 = ORIENTED_EDGE ( 'NONE', *, *, #2854, .T. ) ;
#395 = FACE_OUTER_BOUND ( 'NONE', #2212, .T. ) ;
#396 = DIRECTION ( 'NONE',  ( 0.000000000000000000, -0.5000000000000043299, 0.8660254037844360431 ) ) ;
#397 = ORIENTED_EDGE ( 'NONE', *, *, #3997, .F. ) ;
#398 = DIRECTION ( 'NONE',  ( 0.000000000000000000, 0.000000000000000000, 1.000000000000000000 ) ) ;
#399 = CARTESIAN_POINT ( 'NONE',  ( 29.06655402074931871, 27.28895894643731879, 2.703871651406112964 ) ) ;
#400 = LINE ( 'NONE', #5175, #4474 ) ;
#401 = CARTESIAN_POINT ( 'NONE',  ( -4.999999999999849898, -28.92014487765356989, 4.226589661244805131E-15 ) ) ;
#402 = CARTESIAN_POINT ( 'NONE',  ( 0.7375626091084444003, -10.15749493184066843, 59.54375000429725873 ) ) ;
#403 = EDGE_CURVE ( 'NONE', #708, #3840, #4085, .T. ) ;
#404 = CARTESIAN_POINT ( 'NONE',  ( 4.074801908668524320, -37.09937395895250489, 14.16684033555450739 ) ) ;
#405 = CARTESIAN_POINT ( 'NONE',  ( 30.30298074583808443, 32.07550595055906228, 0.8745843435972194824 ) ) ;
#406 = CARTESIAN_POINT ( 'NONE',  ( -3.847162518913948226, 6.152837579269300861, 59.14375000429726015 ) ) ;
#407 = CARTESIAN_POINT ( 'NONE',  ( 28.23296886687806762, 32.66124495395170158, -2.254565255313853545 ) ) ;
#408 = CARTESIAN_POINT ( 'NONE',  ( 30.01728070205552257, 31.01251304173124979, 2.118360559991448788 ) ) ;
#409 = CARTESIAN_POINT ( 'NONE',  ( 3.202837579269848245, -3.847162420730698251, 65.00000000000000000 ) ) ;
#410 = CARTESIAN_POINT ( 'NONE',  ( 19.88245831603845915, 22.28398949235012338, 3.105886868327099926 ) ) ;
#411 = ADVANCED_FACE ( 'NONE', ( #2176 ), #2753, .F. ) ;
#412 = CARTESIAN_POINT ( 'NONE',  ( 32.68690325916970352, 27.85485877192959592, -4.169000283148034391 ) ) ;
#413 = CARTESIAN_POINT ( 'NONE',  ( 28.70668260516055170, 32.50061170428742230, 0.3910659674540989394 ) ) ;
#414 = CARTESIAN_POINT ( 'NONE',  ( 22.58261265619297120, 20.49800795637699835, 8.519334847394834043 ) ) ;
#415 = CARTESIAN_POINT ( 'NONE',  ( 22.45589913897209655, 17.61538431909219682, 6.373907575544918380 ) ) ;
#416 = CARTESIAN_POINT ( 'NONE',  ( 21.56728721449596620, 19.13975870060070150, 9.930679384218676020 ) ) ;
#417 = ORIENTED_EDGE ( 'NONE', *, *, #4224, .T. ) ;
#418 = CARTESIAN_POINT ( 'NONE',  ( 31.84984429527813177, 27.06116841246112514, -1.310043147509575512 ) ) ;
#419 = CARTESIAN_POINT ( 'NONE',  ( 31.91729099570053663, 27.43936826151641029, -3.747883184456006322 ) ) ;
#420 = VERTEX_POINT ( 'NONE', #4128 ) ;
#421 = DIRECTION ( 'NONE',  ( -1.000000000000000000, -1.700709290173340163E-16, 0.000000000000000000 ) ) ;
#422 = EDGE_CURVE ( 'NONE', #6120, #7268, #2091, .T. ) ;
#423 = CARTESIAN_POINT ( 'NONE',  ( -12.35367044356962651, -10.02750239174977054, 55.60625000429725873 ) ) ;
#424 = CARTESIAN_POINT ( 'NONE',  ( 20.59711259706062236, 15.86241913472948362, 14.97072352949585827 ) ) ;
#425 = ORIENTED_EDGE ( 'NONE', *, *, #7674, .F. ) ;
#426 = CARTESIAN_POINT ( 'NONE',  ( 20.81146075690380570, 24.05413400050021622, 4.506653251266028448 ) ) ;
#427 = DIRECTION ( 'NONE',  ( -1.000000000000000000, 0.000000000000000000, 0.000000000000000000 ) ) ;
#428 = EDGE_LOOP ( 'NONE', ( #5408, #2560, #1005, #961, #5434, #3753, #7667, #2766, #8408, #4170 ) ) ;
#429 = B_SPLINE_CURVE_WITH_KNOTS ( 'NONE', 3,
 ( #3647, #8345, #4958, #278, #2983, #1697 ),
 .UNSPECIFIED., .F., .F.,
 ( 4, 2, 4 ),
 ( 0.002312707898042749323, 0.002618381156794515226, 0.002924054415546281562 ),
 .UNSPECIFIED. ) ;
#430 = CARTESIAN_POINT ( 'NONE',  ( -2.428112441334020932, 3.171534864256308595, 61.16156152645410771 ) ) ;
#431 = CARTESIAN_POINT ( 'NONE',  ( 33.02522495655488655, 28.99029752761978429, -0.2815607206351566361 ) ) ;
#432 = CARTESIAN_POINT ( 'NONE',  ( 54.32066644360193663, 49.93981447026727949, -18.34226454171595222 ) ) ;
#433 = B_SPLINE_CURVE_WITH_KNOTS ( 'NONE', 3,
 ( #6823, #1512, #6916, #6152 ),
 .UNSPECIFIED., .F., .F.,
 ( 4, 4 ),
 ( 0.002890303474463918557, 0.004312030882796657506 ),
 .UNSPECIFIED. ) ;
#434 = CARTESIAN_POINT ( 'NONE',  ( 30.92545658904317563, 32.31837449389241357, 1.088376127777726410 ) ) ;
#435 = CARTESIAN_POINT ( 'NONE',  ( -9.725014864222524480, -11.93733242219115631, 57.49375000429730420 ) ) ;
#436 = CARTESIAN_POINT ( 'NONE',  ( 3.571078430037629481, -6.257494904020105331, 55.06875000429725731 ) ) ;
#437 =( BOUNDED_SURFACE ( )  B_SPLINE_SURFACE ( 1, 2, ( 
 ( #5407, #1473, #2055, #141, #4094, #6793, #2853, #5543, #8255, #2186, #4872, #7591, #1524, #4223, #232, #4917, #988, #7057, #7720, #7803, #3725, #5090, #897, #1656, #7012, #2276, #2981, #4427, #316, #6349, #4391, #8506, #3644, #2316, #276, #6299, #402, #5672, #5795, #3772, #3685, #2943, #1027, #3016, #6966, #944, #1728, #5712, #1564, #4351, #5632, #8468, #8423, #7096, #1607, #3100, #4266, #8382, #3597, #8343, #5000, #6386, #6427, #362, #7140 ),
 ( #1071, #4956, #2361, #6472, #7633, #4303, #5051, #7675, #7762, #1695, #3061, #5753, #2400, #7267, #1774, #1197, #2622, #5220, #3902, #6690, #1910, #1817, #1108, #6510, #8554, #2491, #7223, #3240, #3949, #6649, #4471, #6603, #2443, #1249, #490, #7186, #1148, #3856, #536, #7894, #4514, #5934, #2537, #581, #6550, #443, #8685, #4601, #3195, #5313, #3145, #5890, #3996, #1957, #7939, #5267, #8605, #5178, #1861, #4555, #5836, #8643, #2579, #3814, #7358 ) ),
 .UNSPECIFIED., .F., .F., .F. ) 
 B_SPLINE_SURFACE_WITH_KNOTS ( ( 2, 2 ),
 ( 3, 2, 2, 2, 2, 2, 2, 2, 2, 2, 2, 2, 2, 2, 2, 2, 2, 2, 2, 2, 2, 2, 2, 2, 2, 2, 2, 2, 2, 2, 2, 2, 3 ),
 ( 0.000000000000000000, 1.000000000000000000 ),
 ( 0.2187110543565759513, 0.2250000000000000056, 0.2500000000000000000, 0.2750000000000000222, 0.2999999999999999889, 0.3250000000000000111, 0.3499999999999999778, 0.3750000000000000000, 0.4000000000000000222, 0.4249999999999999889, 0.4500000000000000111, 0.4749999999999999778, 0.5000000000000000000, 0.5250000000000000222, 0.5500000000000000444, 0.5749999999999999556, 0.5999999999999999778, 0.6250000000000000000, 0.6500000000000000222, 0.6750000000000000444, 0.6999999999999999556, 0.7249999999999999778, 0.7500000000000000000, 0.7750000000000000222, 0.8000000000000000444, 0.8249999999999999556, 0.8499999999999999778, 0.8750000000000000000, 0.9000000000000000222, 0.9250000000000000444, 0.9499999999999999556, 0.9749999999999999778, 1.000000000000000000 ),
 .UNSPECIFIED. ) 
 GEOMETRIC_REPRESENTATION_ITEM ( )  RATIONAL_B_SPLINE_SURFACE ( (
 ( 0.9815701857462613145, 0.9876878836552163143, 1.000000000000000000, 0.9510565162951535312, 1.000000000000000000, 0.9510565162951535312, 1.000000000000000000, 0.9510565162951535312, 1.000000000000000000, 0.9510565162951535312, 1.000000000000000000, 0.9510565162951535312, 1.000000000000000000, 0.9510565162951535312, 1.000000000000000000, 0.9510565162951535312, 1.000000000000000000, 0.9510565162951535312, 1.000000000000000000, 0.9510565162951535312, 1.000000000000000000, 0.9510565162951535312, 1.000000000000000000, 0.9510565162951535312, 1.000000000000000000, 0.9510565162951535312, 1.000000000000000000, 0.9510565162951535312, 1.000000000000000000, 0.9510565162951535312, 1.000000000000000000, 0.9510565162951535312, 1.000000000000000000, 0.9510565162951535312, 1.000000000000000000, 0.9510565162951535312, 1.000000000000000000, 0.9510565162951535312, 1.000000000000000000, 0.9510565162951535312, 1.000000000000000000, 0.9510565162951535312, 1.000000000000000000, 0.9510565162951535312, 1.000000000000000000, 0.9510565162951535312, 1.000000000000000000, 0.9510565162951535312, 1.000000000000000000, 0.9510565162951535312, 1.000000000000000000, 0.9510565162951535312, 1.000000000000000000, 0.9510565162951535312, 1.000000000000000000, 0.9510565162951535312, 1.000000000000000000, 0.9510565162951535312, 1.000000000000000000, 0.9510565162951535312, 1.000000000000000000, 0.9510565162951535312, 1.000000000000000000, 0.9510565162951535312, 1.000000000000000000),
 ( 0.9815701857462613145, 0.9876878836552163143, 1.000000000000000000, 0.9510565162951535312, 1.000000000000000000, 0.9510565162951535312, 1.000000000000000000, 0.9510565162951535312, 1.000000000000000000, 0.9510565162951535312, 1.000000000000000000, 0.9510565162951535312, 1.000000000000000000, 0.9510565162951535312, 1.000000000000000000, 0.9510565162951535312, 1.000000000000000000, 0.9510565162951535312, 1.000000000000000000, 0.9510565162951535312, 1.000000000000000000, 0.9510565162951535312, 1.000000000000000000, 0.9510565162951535312, 1.000000000000000000, 0.9510565162951535312, 1.000000000000000000, 0.9510565162951535312, 1.000000000000000000, 0.9510565162951535312, 1.000000000000000000, 0.9510565162951535312, 1.000000000000000000, 0.9510565162951535312, 1.000000000000000000, 0.9510565162951535312, 1.000000000000000000, 0.9510565162951535312, 1.000000000000000000, 0.9510565162951535312, 1.000000000000000000, 0.9510565162951535312, 1.000000000000000000, 0.9510565162951535312, 1.000000000000000000, 0.9510565162951535312, 1.000000000000000000, 0.9510565162951535312, 1.000000000000000000, 0.9510565162951535312, 1.000000000000000000, 0.9510565162951535312, 1.000000000000000000, 0.9510565162951535312, 1.000000000000000000, 0.9510565162951535312, 1.000000000000000000, 0.9510565162951535312, 1.000000000000000000, 0.9510565162951535312, 1.000000000000000000, 0.9510565162951535312, 1.000000000000000000, 0.9510565162951535312, 1.000000000000000000) ) ) 
 REPRESENTATION_ITEM ( '' )  SURFACE ( )  );
#438 = ORIENTED_EDGE ( 'NONE', *, *, #3062, .T. ) ;
#439 = DIRECTION ( 'NONE',  ( -0.7071067811865487940, 0.7071067811865462405, 0.000000000000000000 ) ) ;
#440 = CARTESIAN_POINT ( 'NONE',  ( 25.61398738892404481, 29.15852878223821421, 1.558854444045935983 ) ) ;
#441 = CARTESIAN_POINT ( 'NONE',  ( 28.23390360912356201, 24.33633103122321373, 1.956288817549107106 ) ) ;
#442 = CARTESIAN_POINT ( 'NONE',  ( -28.92014487765375108, -4.999999999999996447, 0.000000000000000000 ) ) ;
#443 = CARTESIAN_POINT ( 'NONE',  ( -7.096359481243011302, 6.152837547367449922, 60.28125000429726299 ) ) ;
#444 = ORIENTED_EDGE ( 'NONE', *, *, #3133, .T. ) ;
#445 = DIRECTION ( 'NONE',  ( -0.6123724356957944703, -0.6123724356957964687, 0.4999999999999980016 ) ) ;
#446 = ORIENTED_EDGE ( 'NONE', *, *, #3433, .F. ) ;
#447 = CARTESIAN_POINT ( 'NONE',  ( 26.34987591379940497, 25.62938000833339913, 5.591503754004296667 ) ) ;
#448 = CYLINDRICAL_SURFACE ( 'NONE', #2354, 2.756000000000000227 ) ;
#449 = CARTESIAN_POINT ( 'NONE',  ( 6.667459821652518492, -3.847162317494146500, 55.70625000429726015 ) ) ;
#450 = CARTESIAN_POINT ( 'NONE',  ( 30.86361252278732081, 28.03412816991299650, -3.905985479861538323 ) ) ;
#451 = CARTESIAN_POINT ( 'NONE',  ( 24.89397678768852273, 28.91001414195610053, -0.8576543783160777146 ) ) ;
#452 = EDGE_CURVE ( 'NONE', #7157, #2944, #1465, .T. ) ;
#453 = CARTESIAN_POINT ( 'NONE',  ( 33.81209353301272102, 30.25764398826252588, 1.067852112770639961 ) ) ;
#454 = CARTESIAN_POINT ( 'NONE',  ( 27.67151158923685728, 31.15485069975708754, -4.197906715927591570 ) ) ;
#455 = LINE ( 'NONE', #7860, #916 ) ;
#456 = CARTESIAN_POINT ( 'NONE',  ( 28.62739547460742173, 24.72982289670706280, 1.635004054758613101 ) ) ;
#457 = CARTESIAN_POINT ( 'NONE',  ( 31.22756397522966765, 29.15563055829048267, -3.634496006628485265 ) ) ;
#458 = CARTESIAN_POINT ( 'NONE',  ( 20.56727793064268894, 24.94812990397718622, 4.032508484949319794 ) ) ;
#459 = VERTEX_POINT ( 'NONE', #3455 ) ;
#460 = CARTESIAN_POINT ( 'NONE',  ( 27.36839441953339502, 31.61103510665255101, -7.000000000000020428 ) ) ;
#461 = ADVANCED_FACE ( 'NONE', ( #6067 ), #4167, .T. ) ;
#462 = CARTESIAN_POINT ( 'NONE',  ( 24.00878680362858830, 20.21485770450145836, 3.402927975779187264 ) ) ;
#463 = EDGE_CURVE ( 'NONE', #2689, #5382, #89, .T. ) ;
#464 = DIRECTION ( 'NONE',  ( -0.7071067811865487940, 0.7071067811865463515, 0.000000000000000000 ) ) ;
#465 = CARTESIAN_POINT ( 'NONE',  ( -9.725015023087241417, 4.243007465307788273, 60.41875000429725873 ) ) ;
#466 = CARTESIAN_POINT ( 'NONE',  ( 29.85441384740138204, 29.07564073035625540, -4.254812625451975805 ) ) ;
#467 = ORIENTED_EDGE ( 'NONE', *, *, #6860, .F. ) ;
#468 = ORIENTED_EDGE ( 'NONE', *, *, #4056, .T. ) ;
#469 = CARTESIAN_POINT ( 'NONE',  ( 22.75199444862597531, 22.02322026752880646, 2.490960759269841951 ) ) ;
#470 = DIRECTION ( 'NONE',  ( -0.000000000000000000, -0.000000000000000000, -1.000000000000000000 ) ) ;
#471 = ORIENTED_EDGE ( 'NONE', *, *, #5447, .T. ) ;
#472 = CARTESIAN_POINT ( 'NONE',  ( -3.612488704512494042, 4.053292447237677010, 62.54348305135371078 ) ) ;
#473 = AXIS2_PLACEMENT_3D ( 'NONE', #7002, #3717, #2437 ) ;
#474 = APPLICATION_PROTOCOL_DEFINITION ( 'international standard', 'config_control_design', 1994, #4222 ) ;
#475 = DIRECTION ( 'NONE',  ( 1.000000000000000000, 1.449435587473489784E-16, -0.000000000000000000 ) ) ;
#476 = CARTESIAN_POINT ( 'NONE',  ( -8.431887450568748221, 2.463170090379271038, 56.16875000429725873 ) ) ;
#477 = CARTESIAN_POINT ( 'NONE',  ( -9.725015023087241417, 4.243007465307788273, 56.66875000429730846 ) ) ;
#478 = ORIENTED_EDGE ( 'NONE', *, *, #6428, .T. ) ;
#479 = CARTESIAN_POINT ( 'NONE',  ( -13.63556525048677770, -1.787042593963542148, 55.00000000000000000 ) ) ;
#480 = EDGE_LOOP ( 'NONE', ( #7380, #363, #6526, #2480 ) ) ;
#481 = AXIS2_PLACEMENT_3D ( 'NONE', #2988, #6396, #5679 ) ;
#482 = LINE ( 'NONE', #1809, #4159 ) ;
#483 = VERTEX_POINT ( 'NONE', #805 ) ;
#484 = CARTESIAN_POINT ( 'NONE',  ( 33.50822777177577194, 29.91380576581165229, 1.187056478585107877 ) ) ;
#485 = CARTESIAN_POINT ( 'NONE',  ( 24.71827075387360395, 26.49586582818538005, 0.2169972918271839690 ) ) ;
#486 = LINE ( 'NONE', #3811, #5616 ) ;
#487 = DIRECTION ( 'NONE',  ( 1.449435587473489784E-16, -1.000000000000000000, 0.000000000000000000 ) ) ;
#488 = AXIS2_PLACEMENT_3D ( 'NONE', #7120, #1129, #7821 ) ;
#489 =( BOUNDED_CURVE ( )  B_SPLINE_CURVE ( 2, ( #6717, #8090, #4709, #1976, #2021, #7422, #1356, #8185, #8755 ),
 .UNSPECIFIED., .F., .T. ) 
 B_SPLINE_CURVE_WITH_KNOTS ( ( 3, 2, 2, 2, 3 ),
 ( 0.1550934789812316861, 0.1575799728747987738, 0.1600664667683658893, 0.1625529606619329770, 0.1650394545555000647 ),
 .UNSPECIFIED. ) 
 CURVE ( )  GEOMETRIC_REPRESENTATION_ITEM ( )  RATIONAL_B_SPLINE_CURVE ( ( 1.000000000000357936, 0.9238795325109288026, 1.000000000000000000, 0.9238795325112867385, 1.000000000000000000, 0.9238795325112867385, 1.000000000000000000, 0.9238795325119703028, 0.9999999999993164357 ) ) 
 REPRESENTATION_ITEM ( '' )  );
#490 = CARTESIAN_POINT ( 'NONE',  ( -3.847162322546356261, -13.84716242073069736, 58.76875000429726015 ) ) ;
#491 = VERTEX_POINT ( 'NONE', #3506 ) ;
#492 = CARTESIAN_POINT ( 'NONE',  ( -4.128152055033437406, 3.942424821578649485, 62.29310663784778512 ) ) ;
#493 = VERTEX_POINT ( 'NONE', #8733 ) ;
#494 = EDGE_CURVE ( 'NONE', #6135, #7702, #2669, .T. ) ;
#495 = CARTESIAN_POINT ( 'NONE',  ( 29.24370898492466253, 32.40653581349997125, 0.1090673071086648571 ) ) ;
#496 = CARTESIAN_POINT ( 'NONE',  ( -9.725014864222524480, -11.93733242219115631, 61.24375000429725446 ) ) ;
#497 = VECTOR ( 'NONE', #1739, 1000.000000000000227 ) ;
#498 = CARTESIAN_POINT ( 'NONE',  ( 31.49979609559781935, 32.49502843527354656, 0.9078918099914499162 ) ) ;
#499 = CARTESIAN_POINT ( 'NONE',  ( 30.23237489400619538, 26.39737530762909756, -1.683070202158298834 ) ) ;
#500 = CARTESIAN_POINT ( 'NONE',  ( 28.36354544601305605, 24.39051738216038245, 4.166764064077305818 ) ) ;
#501 = CARTESIAN_POINT ( 'NONE',  ( 27.67191272252897249, 31.26633472849289674, -4.304437535353041078 ) ) ;
#502 = AXIS2_PLACEMENT_3D ( 'NONE', #4325, #7736, #915 ) ;
#503 = CARTESIAN_POINT ( 'NONE',  ( 30.49031503622554240, 27.04160154205953148, 1.914596415204643742 ) ) ;
#504 = CARTESIAN_POINT ( 'NONE',  ( 28.64442729969316304, 33.62424641522159874, 0.02846623787373126976 ) ) ;
#505 = CARTESIAN_POINT ( 'NONE',  ( 26.32276426341437769, 25.46812300963626896, -0.8304497828897863254 ) ) ;
#506 = CARTESIAN_POINT ( 'NONE',  ( 18.31591780428781036, 20.74344631818280504, 4.340814559014575913 ) ) ;
#507 = CARTESIAN_POINT ( 'NONE',  ( -60.21308481767799492, -1.767949192431147232, -1.799038105676616039 ) ) ;
#508 = ORIENTED_EDGE ( 'NONE', *, *, #5736, .T. ) ;
#509 = CARTESIAN_POINT ( 'NONE',  ( -11.26540322416676254, -6.257495049690469990, 56.71875000429725588 ) ) ;
#510 = CARTESIAN_POINT ( 'NONE',  ( 26.43228385384360379, 22.53471127594565715, 2.504747093457502682 ) ) ;
#511 = VECTOR ( 'NONE', #4558, 1000.000000000000227 ) ;
#512 = DIRECTION ( 'NONE',  ( -1.449435587473489291E-16, 1.000000000000000000, 0.000000000000000000 ) ) ;
#513 = CARTESIAN_POINT ( 'NONE',  ( -7.096359284875417117, -13.84716245263254386, 61.38125000429725020 ) ) ;
#514 = CARTESIAN_POINT ( 'NONE',  ( 3.571078382706458942, -1.436829791770927400, 60.84375000429725588 ) ) ;
#515 = ORIENTED_EDGE ( 'NONE', *, *, #5553, .T. ) ;
#516 = EDGE_CURVE ( 'NONE', #3171, #7515, #8598, .T. ) ;
#517 = AXIS2_PLACEMENT_3D ( 'NONE', #4893, #7781, #1543 ) ;
#518 = CARTESIAN_POINT ( 'NONE',  ( 23.38820027306666915, 20.44739517918774396, 7.213916884747134439 ) ) ;
#519 = CARTESIAN_POINT ( 'NONE',  ( 24.45203456928472363, 17.38096675741900299, 12.00000000000000000 ) ) ;
#520 = ORIENTED_EDGE ( 'NONE', *, *, #7183, .F. ) ;
#521 = AXIS2_PLACEMENT_3D ( 'NONE', #2003, #4654, #4692 ) ;
#522 = CARTESIAN_POINT ( 'NONE',  ( 20.05890956788819679, 23.95648214578830704, 5.448788817549098162 ) ) ;
#523 = APPROVAL_DATE_TIME ( #8058, #2191 ) ;
#524 = CARTESIAN_POINT ( 'NONE',  ( 21.74456761209195221, 17.84699503419155420, 7.254809471616630034 ) ) ;
#525 = FACE_OUTER_BOUND ( 'NONE', #4078, .T. ) ;
#526 = CARTESIAN_POINT ( 'NONE',  ( -7.096359481243010414, 6.152837547367450810, 56.53125000429729852 ) ) ;
#527 = ORIENTED_EDGE ( 'NONE', *, *, #816, .T. ) ;
#528 = DIRECTION ( 'NONE',  ( -1.000000000000000000, 0.000000000000000000, 0.000000000000000000 ) ) ;
#529 = CARTESIAN_POINT ( 'NONE',  ( -6.381536127930263369, 3.952837554385830288, 60.78125000429724878 ) ) ;
#530 = ORIENTED_EDGE ( 'NONE', *, *, #2795, .T. ) ;
#531 = EDGE_CURVE ( 'NONE', #3329, #7898, #3780, .T. ) ;
#532 = CARTESIAN_POINT ( 'NONE',  ( -35.95909305024391500, 1.755754489027105292, 12.19181586677030005 ) ) ;
#533 = CARTESIAN_POINT ( 'NONE',  ( 28.60247722182926466, 29.33125140292620614, 2.414283183963444657 ) ) ;
#534 = CARTESIAN_POINT ( 'NONE',  ( -3.847162518913948226, 6.152837579269300861, 53.64375000429726015 ) ) ;
#535 = CARTESIAN_POINT ( 'NONE',  ( -60.09705941389355388, -5.000000000000004441, -1.999999999999961808 ) ) ;
#536 = CARTESIAN_POINT ( 'NONE',  ( 5.663402772561845211, -6.937332271101833925, 59.31875000429725731 ) ) ;
#537 = CARTESIAN_POINT ( 'NONE',  ( 34.41968792740776451, 30.94067412289585306, 0.8150143836092687000 ) ) ;
#538 = ORIENTED_EDGE ( 'NONE', *, *, #5933, .T. ) ;
#539 = EDGE_CURVE ( 'NONE', #3258, #3498, #5843, .T. ) ;
#540 = CARTESIAN_POINT ( 'NONE',  ( -0.7862620287154712395, 3.758186267582385831, 62.84924597681951042 ) ) ;
#541 = CARTESIAN_POINT ( 'NONE',  ( 5.663402772561845211, -6.937332271101833925, 62.06875000429725731 ) ) ;
#542 = CARTESIAN_POINT ( 'NONE',  ( 30.72208310226415762, 31.71731544193988483, 1.542891809991446594 ) ) ;
#543 = CARTESIAN_POINT ( 'NONE',  ( 31.86136565210102134, 27.02085083222116069, -1.305623674455041128 ) ) ;
#544 = CYLINDRICAL_SURFACE ( 'NONE', #8022, 7.799999999999999822 ) ;
#545 = DIRECTION ( 'NONE',  ( 0.8660254037844397068, 1.255248039901264634E-16, 0.4999999999999979461 ) ) ;
#546 = EDGE_LOOP ( 'NONE', ( #2835, #3589, #1277, #5167, #4803 ) ) ;
#547 = CARTESIAN_POINT ( 'NONE',  ( 31.17605023647938012, 26.79519826314465547, 0.5552354582839674757 ) ) ;
#548 = DIRECTION ( 'NONE',  ( 0.6123724356957942483, 0.6123724356957965798, -0.4999999999999977796 ) ) ;
#549 = CARTESIAN_POINT ( 'NONE',  ( 19.39709576900150978, 22.69034572087348423, 7.937943810500988739 ) ) ;
#550 = ORIENTED_EDGE ( 'NONE', *, *, #8383, .F. ) ;
#551 = CARTESIAN_POINT ( 'NONE',  ( 20.32073443037618432, 23.15021878325028126, 8.950135673094827382 ) ) ;
#552 = CARTESIAN_POINT ( 'NONE',  ( 27.09499370198421175, 26.26495941321264027, 5.543825085735080371 ) ) ;
#553 = VERTEX_POINT ( 'NONE', #5577 ) ;
#554 = EDGE_CURVE ( 'NONE', #7846, #4618, #266, .T. ) ;
#555 = LINE ( 'NONE', #6572, #5737 ) ;
#556 = FACE_OUTER_BOUND ( 'NONE', #164, .T. ) ;
#557 = VERTEX_POINT ( 'NONE', #888 ) ;
#558 = DIRECTION ( 'NONE',  ( -0.6123724356957932491, -0.6123724356957952475, 0.5000000000000008882 ) ) ;
#559 = CARTESIAN_POINT ( 'NONE',  ( -13.35772761402214925, -0.7569925703595637989, 60.69375000429726441 ) ) ;
#560 = DIRECTION ( 'NONE',  ( 0.000000000000000000, 0.000000000000000000, 1.000000000000000000 ) ) ;
#561 = ORIENTED_EDGE ( 'NONE', *, *, #4617, .T. ) ;
#562 = CARTESIAN_POINT ( 'NONE',  ( 25.58509058104935718, 22.34241733745270508, 4.446715691967244588 ) ) ;
#563 = CARTESIAN_POINT ( 'NONE',  ( 22.42871574198225915, 21.59868145321066990, 9.353825085735063993 ) ) ;
#564 = ORIENTED_EDGE ( 'NONE', *, *, #5528, .F. ) ;
#565 = CARTESIAN_POINT ( 'NONE',  ( 30.59007024715159417, 30.59007024715149470, -1.558690528383338547 ) ) ;
#566 = EDGE_CURVE ( 'NONE', #1832, #7641, #4909, .T. ) ;
#567 = CARTESIAN_POINT ( 'NONE',  ( -3.589903856133779492, -29.18338599386769161, 0.4559469879240018453 ) ) ;
#568 = ADVANCED_FACE ( 'NONE', ( #4341 ), #5437, .F. ) ;
#569 = CARTESIAN_POINT ( 'NONE',  ( 30.53010621651369760, 32.51195539359016351, 0.9756878091294179933 ) ) ;
#570 = CARTESIAN_POINT ( 'NONE',  ( 16.07544085851229809, 22.64785714623116419, 14.16454753798133481 ) ) ;
#571 = VERTEX_POINT ( 'NONE', #224 ) ;
#572 = CARTESIAN_POINT ( 'NONE',  ( -13.66546486109250580, -5.802902817636814703, 54.99999999999999289 ) ) ;
#573 = DIRECTION ( 'NONE',  ( -0.000000000000000000, -0.000000000000000000, -1.000000000000000000 ) ) ;
#574 = VERTEX_POINT ( 'NONE', #3048 ) ;
#575 = DIRECTION ( 'NONE',  ( -1.000000000000000000, 0.000000000000000000, 0.000000000000000000 ) ) ;
#576 = CARTESIAN_POINT ( 'NONE',  ( 19.79578132314182426, 19.79578132314167505, 7.254809471616630034 ) ) ;
#577 = EDGE_CURVE ( 'NONE', #3840, #8241, #7624, .T. ) ;
#578 = CARTESIAN_POINT ( 'NONE',  ( 5.663402772561845211, -6.937332271101833925, 55.56875000429725731 ) ) ;
#579 = CARTESIAN_POINT ( 'NONE',  ( 28.07550120071994115, 32.31814188783909714, -5.267949192431138350 ) ) ;
#580 = ADVANCED_FACE ( 'NONE', ( #1685 ), #6562, .F. ) ;
#581 = CARTESIAN_POINT ( 'NONE',  ( -0.5979655565848825960, 6.152837611171149135, 60.00625000429724309 ) ) ;
#582 = EDGE_CURVE ( 'NONE', #7436, #7695, #3499, .T. ) ;
#583 = CARTESIAN_POINT ( 'NONE',  ( -4.202225045191685382, 3.926499127933728683, 62.30151244912573105 ) ) ;
#584 = EDGE_LOOP ( 'NONE', ( #5937, #7962, #4383 ) ) ;
#585 = CARTESIAN_POINT ( 'NONE',  ( 23.56325340670671054, 27.46082598460683499, 2.587504054758665184 ) ) ;
#586 = CARTESIAN_POINT ( 'NONE',  ( 26.20825820407333850, 22.75954470990741640, 5.410881177995022107 ) ) ;
#587 = LINE ( 'NONE', #6747, #3491 ) ;
#588 = CARTESIAN_POINT ( 'NONE',  ( 18.54441901665633097, 21.35265642178287848, 8.581484696953848967 ) ) ;
#589 = CARTESIAN_POINT ( 'NONE',  ( 28.64566720867806637, 33.62283350029515816, 0.02827306276057678369 ) ) ;
#590 = CARTESIAN_POINT ( 'NONE',  ( 27.66061317092346528, 31.25355626747956705, -4.289820320691334565 ) ) ;
#591 = CARTESIAN_POINT ( 'NONE',  ( 33.13920976227773707, 30.62457170237792070, 1.605610499573161043 ) ) ;
#592 = CARTESIAN_POINT ( 'NONE',  ( 29.54654894740678017, 34.82923908956415460, -0.3908375897253654196 ) ) ;
#593 = CARTESIAN_POINT ( 'NONE',  ( 26.08695649501161284, 24.00235179519533091, 5.658050084604832719 ) ) ;
#594 = ORIENTED_EDGE ( 'NONE', *, *, #283, .T. ) ;
#595 = CARTESIAN_POINT ( 'NONE',  ( 17.82164925456057247, 21.83768660882812540, 4.916876871683892425 ) ) ;
#596 = CARTESIAN_POINT ( 'NONE',  ( 19.44515313457333505, 23.28015272095020194, 7.957532895391590699 ) ) ;
#597 = EDGE_LOOP ( 'NONE', ( #4280, #1270, #8364, #3626, #3003, #6907, #5769, #515 ) ) ;
#598 = B_SPLINE_SURFACE_WITH_KNOTS ( 'NONE', 1, 3, ( 
 ( #286, #4273, #5512, #2909, #1491, #3654, #6976, #4966, #5554, #4361, #8227, #7606, #2158, #4835, #1535, #6938, #7683, #1619, #8392, #908, #244, #153, #828, #1667, #4318, #3568, #5642, #2866, #2328, #6358, #4187, #2825, #7066, #7025, #2245, #2952, #3526, #957, #8351, #869 ),
 ( #7553, #3611, #4235, #5013, #6898, #4928, #6227, #6312, #1110, #8270, #2199, #4883, #6264, #197, #5601, #8313, #7644, #1575, #2989, #3816, #113, #5680, #7730, #8556, #8606, #2492, #2670, #4515, #492, #6650, #5179, #5976, #583, #3241, #7940, #1998, #6025, #1149, #4556, #7401 ) ),
 .UNSPECIFIED., .F., .F., .F.,
 ( 2, 2 ),
 ( 4, 2, 2, 2, 2, 2, 2, 2, 2, 2, 2, 2, 2, 2, 2, 2, 2, 2, 2, 4 ),
 ( 0.000000000000000000, 1.000000000000000000 ),
 ( 0.02053507579622731311, 0.02094144025319891189, 0.02134780471017051068, 0.02216053362411370825, 0.02378599145200010340, 0.02459872036594330097, 0.02541144927988649854, 0.02581781373685809733, 0.02622417819382969612, 0.02642736042231549551, 0.02663054265080129490, 0.02673213376504419286, 0.02683372487928709429, 0.02688452043640854328, 0.02693531599352999573, 0.02698611155065144471, 0.02699881043993180435, 0.02701150932921216746, 0.02702420821849253058, 0.02703690710777289369 ),
 .UNSPECIFIED. ) ;
#599 = DIRECTION ( 'NONE',  ( 0.6123724356957942483, 0.6123724356957965798, -0.4999999999999977796 ) ) ;
#600 = CARTESIAN_POINT ( 'NONE',  ( 22.71122499339717393, 26.15993848756286155, 1.482522528028720199 ) ) ;
#601 = EDGE_LOOP ( 'NONE', ( #7609, #2485, #7643, #3196 ) ) ;
#602 = CARTESIAN_POINT ( 'NONE',  ( 1.757371788126080858, -54.79151974380567935, -11.18946427016412670 ) ) ;
#603 = CARTESIAN_POINT ( 'NONE',  ( -4.999999999999853451, -29.58039891549810108, 2.999999999999999112 ) ) ;
#604 = CARTESIAN_POINT ( 'NONE',  ( -3.847162420730151577, -3.847162420730698251, 15.00000000000000000 ) ) ;
#605 = ORIENTED_EDGE ( 'NONE', *, *, #8330, .F. ) ;
#606 = CARTESIAN_POINT ( 'NONE',  ( 24.94362625973397840, 22.00282116585506742, 5.943916884747136642 ) ) ;
#607 = DIRECTION ( 'NONE',  ( 0.6123724356957943593, 0.6123724356957965798, -0.4999999999999980016 ) ) ;
#608 = ORIENTED_EDGE ( 'NONE', *, *, #4790, .T. ) ;
#609 = DIRECTION ( 'NONE',  ( 0.1898979485566345271, 0.4999999999999979461, 0.8449489742783193869 ) ) ;
#610 = FACE_BOUND ( 'NONE', #2203, .T. ) ;
#611 = CARTESIAN_POINT ( 'NONE',  ( 22.84553207498088767, 22.12503616951488894, 8.452788516794667473 ) ) ;
#612 = ORIENTED_EDGE ( 'NONE', *, *, #3572, .F. ) ;
#613 = CARTESIAN_POINT ( 'NONE',  ( 25.05156041397964373, 20.67070844065056079, 5.555860458300018401 ) ) ;
#614 = ORIENTED_EDGE ( 'NONE', *, *, #3326, .T. ) ;
#615 = CARTESIAN_POINT ( 'NONE',  ( -10.48223877320723396, 0.9735026263727116769, 61.05625000429724736 ) ) ;
#616 = ORIENTED_EDGE ( 'NONE', *, *, #4697, .T. ) ;
#617 = ORIENTED_EDGE ( 'NONE', *, *, #6542, .F. ) ;
#618 = CARTESIAN_POINT ( 'NONE',  ( 27.05832650789113458, 30.95589908579125904, -0.2662111824508655578 ) ) ;
#619 = CARTESIAN_POINT ( 'NONE',  ( 27.05140973387458203, 28.82900480818636169, -1.688002708172813060 ) ) ;
#620 = CARTESIAN_POINT ( 'NONE',  ( 5.663402711880920926, -0.7569923836028872310, 58.59375000429725588 ) ) ;
#621 = CARTESIAN_POINT ( 'NONE',  ( -5.870281633839158353, 4.802835544405868795, 55.00000000000000000 ) ) ;
#622 =( BOUNDED_CURVE ( )  B_SPLINE_CURVE ( 2, ( #7338, #4796, #3476, #7505, #4142, #6175, #110, #5509, #1266, #8223, #3968, #6666, #5126 ),
 .UNSPECIFIED., .F., .T. ) 
 B_SPLINE_CURVE_WITH_KNOTS ( ( 3, 2, 2, 2, 2, 2, 3 ),
 ( 0.3124999996125570334, 0.3250000000000000111, 0.3499999999999999778, 0.3750000000000000000, 0.4000000000000000222, 0.4249999999999999889, 0.4374999996125570334 ),
 .UNSPECIFIED. ) 
 CURVE ( )  GEOMETRIC_REPRESENTATION_ITEM ( )  RATIONAL_B_SPLINE_CURVE ( ( 0.9755282581475768211, 0.9755282573890644571, 1.000000000000000000, 0.9510565162951535312, 1.000000000000000000, 0.9510565162951535312, 1.000000000000000000, 0.9510565162951535312, 1.000000000000000000, 0.9510565162951535312, 1.000000000000000000, 0.9755282589060891851, 0.9755282581475768211 ) ) 
 REPRESENTATION_ITEM ( '' )  );
#623 = VECTOR ( 'NONE', #5524, 1000.000000000000114 ) ;
#624 = CARTESIAN_POINT ( 'NONE',  ( -4.999999999999850786, -30.65219568522246263, 2.999999999999999112 ) ) ;
#625 = CARTESIAN_POINT ( 'NONE',  ( -29.56825534793062005, 4.903747484486283170, 12.77890214480981257 ) ) ;
#626 = ORIENTED_EDGE ( 'NONE', *, *, #4844, .T. ) ;
#627 = CARTESIAN_POINT ( 'NONE',  ( 23.88200878543801764, 27.77958136333814920, 3.249799472277681733 ) ) ;
#628 = CARTESIAN_POINT ( 'NONE',  ( 5.663402772561845211, -6.937332271101833925, 61.06875000429725731 ) ) ;
#629 = EDGE_CURVE ( 'NONE', #311, #5684, #6999, .T. ) ;
#630 = AXIS2_PLACEMENT_3D ( 'NONE', #1621, #8272, #6229 ) ;
#631 = CARTESIAN_POINT ( 'NONE',  ( 19.67468844003816741, 23.57226101793827766, 5.762504054758132988 ) ) ;
#632 = AXIS2_PLACEMENT_3D ( 'NONE', #3248, #3913, #4005 ) ;
#633 = CARTESIAN_POINT ( 'NONE',  ( 20.87755799665730905, 23.68579540178386367, 6.676484696953859377 ) ) ;
#634 = CARTESIAN_POINT ( 'NONE',  ( 3.952837579269848245, -3.847162420730697363, 65.00000000000000000 ) ) ;
#635 = VECTOR ( 'NONE', #2338, 1000.000000000000000 ) ;
#636 = EDGE_CURVE ( 'NONE', #6190, #1422, #7367, .T. ) ;
#637 = CARTESIAN_POINT ( 'NONE',  ( 23.86977328585724578, 24.72441453963503122, 6.684408963332462150 ) ) ;
#638 = AXIS2_PLACEMENT_3D ( 'NONE', #8326, #1546, #4939 ) ;
#639 = ORIENTED_EDGE ( 'NONE', *, *, #2297, .T. ) ;
#640 = CARTESIAN_POINT ( 'NONE',  ( 19.70756845126140178, 18.85292719748336054, 4.570834979900819661 ) ) ;
#641 = CARTESIAN_POINT ( 'NONE',  ( 29.52534680615189444, 28.69531251738032296, 3.559450085735096359 ) ) ;
#642 = DIRECTION ( 'NONE',  ( 0.8660254037844400399, 1.255248039901265866E-16, 0.4999999999999976685 ) ) ;
#643 = ORIENTED_EDGE ( 'NONE', *, *, #5868, .T. ) ;
#644 = CARTESIAN_POINT ( 'NONE',  ( 22.01126492020879510, 26.43954100728240064, 2.825434744686126987 ) ) ;
#645 = CARTESIAN_POINT ( 'NONE',  ( 21.21623592714104234, 22.05525560066348945, 1.800220996345287316 ) ) ;
#646 = ADVANCED_FACE ( 'NONE', ( #5258, #8542 ), #8633, .T. ) ;
#647 = CARTESIAN_POINT ( 'NONE',  ( 19.79578132314182426, 19.79578132314167505, 7.254809471616630034 ) ) ;
#648 = AXIS2_PLACEMENT_3D ( 'NONE', #1314, #1982, #5296 ) ;
#649 = CARTESIAN_POINT ( 'NONE',  ( 2.787913837084587954, 0.9735027566642469044, 62.98125000429725873 ) ) ;
#650 = CARTESIAN_POINT ( 'NONE',  ( 18.89697544670488583, 22.79454802460498541, 6.397504054758913483 ) ) ;
#651 = CARTESIAN_POINT ( 'NONE',  ( -11.64716242073014918, -2.611763825451610455, 58.51077536504074317 ) ) ;
#652 = CARTESIAN_POINT ( 'NONE',  ( 27.98770984051091659, 24.09013726261298771, 1.234747093457496891 ) ) ;
#653 = ORIENTED_EDGE ( 'NONE', *, *, #796, .F. ) ;
#654 = EDGE_CURVE ( 'NONE', #2697, #4277, #7118, .T. ) ;
#655 = CARTESIAN_POINT ( 'NONE',  ( 25.44884190903107424, 21.90430051571668102, 3.584514499187354097 ) ) ;
#656 = CARTESIAN_POINT ( 'NONE',  ( 22.01219966245429660, 18.11462708455392701, 7.036288817549094965 ) ) ;
#657 = EDGE_LOOP ( 'NONE', ( #127, #2036, #6231, #6103 ) ) ;
#658 = PERSON_AND_ORGANIZATION ( #3255, #2214 ) ;
#659 = DIRECTION ( 'NONE',  ( 1.000000000000000000, 0.000000000000000000, 0.000000000000000000 ) ) ;
#660 = CARTESIAN_POINT ( 'NONE',  ( 32.38643179405190153, 27.39384302027785267, -3.020013598382415232 ) ) ;
#661 = ORIENTED_EDGE ( 'NONE', *, *, #3679, .F. ) ;
#662 = EDGE_CURVE ( 'NONE', #8175, #1041, #2935, .T. ) ;
#663 = CARTESIAN_POINT ( 'NONE',  ( 24.43541363184033699, 17.36434581997470161, 12.21073825815496683 ) ) ;
#664 = EDGE_LOOP ( 'NONE', ( #2632, #1636, #5349, #2993, #3 ) ) ;
#665 = CYLINDRICAL_SURFACE ( 'NONE', #5700, 2.756000000000000227 ) ;
#666 = VECTOR ( 'NONE', #4645, 1000.000000000000000 ) ;
#667 = ORIENTED_EDGE ( 'NONE', *, *, #4987, .F. ) ;
#668 = CARTESIAN_POINT ( 'NONE',  ( 5.000000000000150102, -35.84834810792915505, 12.00000000000000178 ) ) ;
#669 = CARTESIAN_POINT ( 'NONE',  ( 32.62354206890386621, 29.68273697502497654, -0.3267081152528424903 ) ) ;
#670 = CARTESIAN_POINT ( 'NONE',  ( -3.847162497313595608, 3.952837579269299795, 53.14375000429726015 ) ) ;
#671 = DIRECTION ( 'NONE',  ( -0.7071067811865501263, 0.7071067811865450192, -2.203023282263724180E-15 ) ) ;
#672 = VECTOR ( 'NONE', #8167, 1000.000000000000114 ) ;
#673 = CARTESIAN_POINT ( 'NONE',  ( 5.869071106571673783E-14, 2.000000000000008438, 15.00000000000000000 ) ) ;
#674 = CARTESIAN_POINT ( 'NONE',  ( 33.34536958727756684, 29.88010721970009698, 1.197154051322260937 ) ) ;
#675 = EDGE_LOOP ( 'NONE', ( #8213, #5368, #8498, #4778, #5409, #5065 ) ) ;
#676 = CARTESIAN_POINT ( 'NONE',  ( 21.74456761209195221, 17.84699503419155420, 7.254809471616630034 ) ) ;
#677 = CARTESIAN_POINT ( 'NONE',  ( 4.659345723471169265, -10.02750222470952046, 60.93125000429724736 ) ) ;
#678 = DIRECTION ( 'NONE',  ( 0.1898979485566346104, 0.4999999999999977796, 0.8449489742783193869 ) ) ;
#679 = CARTESIAN_POINT ( 'NONE',  ( 20.80740656439252589, 22.87933998133147995, 7.984114949861795374 ) ) ;
#680 =( BOUNDED_CURVE ( )  B_SPLINE_CURVE ( 2, ( #6893, #2861, #7965, #5465, #8179, #4880, #824, #3523, #7601, #148, #522 ),
 .UNSPECIFIED., .F., .T. ) 
 B_SPLINE_CURVE_WITH_KNOTS ( ( 3, 2, 2, 2, 2, 3 ),
 ( 0.7496245807529355876, 0.7519892602051998498, 0.7603225935385331535, 0.7686559268718664573, 0.7769892602051997610, 0.7829579140862689135 ),
 .UNSPECIFIED. ) 
 CURVE ( )  GEOMETRIC_REPRESENTATION_ITEM ( )  RATIONAL_B_SPLINE_CURVE ( ( 0.9690584114092966050, 0.9783999393559230651, 1.000000000000000000, 0.9238795325112867385, 1.000000000000000000, 0.9238795325112867385, 1.000000000000000000, 0.9238795325112867385, 1.000000000000000000, 0.9454795931553630073, 0.9690584114092970491 ) ) 
 REPRESENTATION_ITEM ( '' )  );
#681 = CARTESIAN_POINT ( 'NONE',  ( 30.57656540274756907, 30.57656540274746604, -1.547663869101489897 ) ) ;
#682 = ADVANCED_FACE ( 'NONE', ( #395 ), #1185, .F. ) ;
#683 = CARTESIAN_POINT ( 'NONE',  ( 27.73621008781702812, 24.93702777238010171, -1.329725900932223759 ) ) ;
#684 = ORIENTED_EDGE ( 'NONE', *, *, #3049, .T. ) ;
#685 = ADVANCED_FACE ( 'NONE', ( #2570 ), #2613, .T. ) ;
#686 = CARTESIAN_POINT ( 'NONE',  ( 22.78991265578795833, 18.89234007788758873, 6.401288817549099619 ) ) ;
#687 = CARTESIAN_POINT ( 'NONE',  ( -29.58039891549807621, -5.000000000000000000, 15.00000000000000000 ) ) ;
#688 = CARTESIAN_POINT ( 'NONE',  ( 33.31516625531683218, 28.03247611315926591, -4.099543467041118383 ) ) ;
#689 = ORIENTED_EDGE ( 'NONE', *, *, #7497, .F. ) ;
#690 = CARTESIAN_POINT ( 'NONE',  ( 25.38294158803923395, 22.95541307414398347, 6.815210634218686891 ) ) ;
#691 = CARTESIAN_POINT ( 'NONE',  ( 25.64208250060396921, 24.80306282708128762, 6.776116696888007773 ) ) ;
#692 = ORIENTED_EDGE ( 'NONE', *, *, #5058, .T. ) ;
#693 = CARTESIAN_POINT ( 'NONE',  ( 17.84699503419169631, 21.74456761209179589, 7.254809471616630034 ) ) ;
#694 = ORIENTED_EDGE ( 'NONE', *, *, #5654, .F. ) ;
#695 = EDGE_CURVE ( 'NONE', #1359, #5129, #7254, .T. ) ;
#696 = CARTESIAN_POINT ( 'NONE',  ( 54.32066644360193663, 49.93981447026727949, -18.34226454171595222 ) ) ;
#697 = EDGE_CURVE ( 'NONE', #7641, #8105, #8515, .T. ) ;
#698 = CARTESIAN_POINT ( 'NONE',  ( -11.26540322416676254, -6.257495049690469990, 61.46875000429726299 ) ) ;
#699 = CARTESIAN_POINT ( 'NONE',  ( 22.49994745761334869, 18.60237487971298265, 6.991248195247122155 ) ) ;
#700 = DIRECTION ( 'NONE',  ( 0.6123724356957944703, 0.6123724356957964687, -0.4999999999999980016 ) ) ;
#701 = ORIENTED_EDGE ( 'NONE', *, *, #7674, .T. ) ;
#702 = CARTESIAN_POINT ( 'NONE',  ( 26.83062916491504879, 25.05303409060304531, 4.529496651406110352 ) ) ;
#703 = CARTESIAN_POINT ( 'NONE',  ( 22.39204854788917132, 26.28962112578928867, 3.543788817549104131 ) ) ;
#704 = COORDINATED_UNIVERSAL_TIME_OFFSET ( 6, 0, .BEHIND. ) ;
#705 = DIRECTION ( 'NONE',  ( 0.000000000000000000, 0.5000000000000039968, -0.8660254037844363761 ) ) ;
#706 = DIRECTION ( 'NONE',  ( 0.8660254037844398178, 1.255248039901264880E-16, 0.4999999999999980016 ) ) ;
#707 = EDGE_CURVE ( 'NONE', #1684, #2146, #8766, .T. ) ;
#708 = VERTEX_POINT ( 'NONE', #2836 ) ;
#709 = CARTESIAN_POINT ( 'NONE',  ( -4.287089039430273196, -13.83748096270717909, 55.00000000000001421 ) ) ;
#710 = DIRECTION ( 'NONE',  ( -0.7071067811865487940, 0.7071067811865462405, 0.000000000000000000 ) ) ;
#711 = ORIENTED_EDGE ( 'NONE', *, *, #2108, .F. ) ;
#712 = CARTESIAN_POINT ( 'NONE',  ( 24.83308643761430901, 20.93551385971390033, 5.086248195247054404 ) ) ;
#713 = CARTESIAN_POINT ( 'NONE',  ( 31.70958040355191443, 28.46690715995528365, -0.5539093080327364138 ) ) ;
#714 = CARTESIAN_POINT ( 'NONE',  ( -9.725015023087241417, 4.243007465307788273, 56.66875000429725873 ) ) ;
#715 = CARTESIAN_POINT ( 'NONE',  ( 21.34499092396950459, 25.72584289729468310, 3.397508484924792516 ) ) ;
#716 = DIRECTION ( 'NONE',  ( 0.8660254037844397068, 1.255248039901264634E-16, 0.4999999999999979461 ) ) ;
#717 = CARTESIAN_POINT ( 'NONE',  ( 29.92864794215321922, 26.12593044970894951, 1.231623099233963403 ) ) ;
#718 = VERTEX_POINT ( 'NONE', #3365 ) ;
#719 = LINE ( 'NONE', #3460, #2360 ) ;
#720 = CARTESIAN_POINT ( 'NONE',  ( -7.096359284875418005, -13.84716245263254208, 60.38125000429725731 ) ) ;
#721 = CYLINDRICAL_SURFACE ( 'NONE', #8016, 75.00000000000000000 ) ;
#722 = CARTESIAN_POINT ( 'NONE',  ( 20.05199279387165490, 21.82958786818341324, 4.026997291827171033 ) ) ;
#723 = DIRECTION ( 'NONE',  ( 0.6123724356957943593, 0.6123724356957965798, -0.4999999999999980016 ) ) ;
#724 = CARTESIAN_POINT ( 'NONE',  ( 1.375151086242050180, 3.895056363181952808, 62.78386410178429600 ) ) ;
#725 = DIRECTION ( 'NONE',  ( 0.6123724356957943593, 0.6123724356957963577, -0.4999999999999978351 ) ) ;
#726 = EDGE_CURVE ( 'NONE', #6593, #6867, #5921, .T. ) ;
#727 = CARTESIAN_POINT ( 'NONE',  ( 19.10474532270480097, 21.50627649901646521, 3.740886868327096604 ) ) ;
#728 = CARTESIAN_POINT ( 'NONE',  ( 23.52229630926001036, 25.60690100907578426, 0.6721590958384078274 ) ) ;
#729 =( BOUNDED_CURVE ( )  B_SPLINE_CURVE ( 2, ( #215, #258, #7698, #2216, #1633, #3040, #5655, #4333, #7121 ),
 .UNSPECIFIED., .F., .T. ) 
 B_SPLINE_CURVE_WITH_KNOTS ( ( 3, 2, 2, 2, 3 ),
 ( 0.2147796134480281505, 0.2172664657209215644, 0.2197533179938149783, 0.2222401702667083923, 0.2247270225396018339 ),
 .UNSPECIFIED. ) 
 CURVE ( )  GEOMETRIC_REPRESENTATION_ITEM ( )  RATIONAL_B_SPLINE_CURVE ( ( 0.9999999999996754818, 0.9238795325116112567, 1.000000000000000000, 0.9238795325112867385, 1.000000000000000000, 0.9238795325112867385, 1.000000000000000000, 0.9238795325112401091, 1.000000000000046629 ) ) 
 REPRESENTATION_ITEM ( '' )  );
#730 = ORIENTED_EDGE ( 'NONE', *, *, #4116, .F. ) ;
#731 = CARTESIAN_POINT ( 'NONE',  ( 25.56917190747894253, 24.73015223395625739, 6.835647946888004256 ) ) ;
#732 = CARTESIAN_POINT ( 'NONE',  ( 19.44998583435291195, 23.46602318862047554, 3.587345621683899033 ) ) ;
#733 = ORIENTED_EDGE ( 'NONE', *, *, #3335, .T. ) ;
#734 = CARTESIAN_POINT ( 'NONE',  ( 27.56669487064555923, 31.94754684397999611, -1.682491515050866804 ) ) ;
#735 = CARTESIAN_POINT ( 'NONE',  ( 17.22807610562860248, 24.29914391749391811, 2.434235771201338494 ) ) ;
#736 = ORIENTED_EDGE ( 'NONE', *, *, #8371, .F. ) ;
#737 = LINE ( 'NONE', #4799, #6286 ) ;
#738 = CARTESIAN_POINT ( 'NONE',  ( 2.995898660103532674, -7.828176344323154012, 55.00000000000001421 ) ) ;
#739 = CARTESIAN_POINT ( 'NONE',  ( 20.75892131252260953, 21.61356256630038430, 9.224408963332461298 ) ) ;
#740 =( BOUNDED_CURVE ( )  B_SPLINE_CURVE ( 2, ( #2583, #4653, #7326, #8074, #7404, #6828, #3331, #4606, #6160 ),
 .UNSPECIFIED., .F., .T. ) 
 B_SPLINE_CURVE_WITH_KNOTS ( ( 3, 2, 2, 2, 3 ),
 ( 0.7999999999999997113, 0.8083333333333330151, 0.8166666666666663188, 0.8249999999999996225, 0.8333333333333330373 ),
 .UNSPECIFIED. ) 
 CURVE ( )  GEOMETRIC_REPRESENTATION_ITEM ( )  RATIONAL_B_SPLINE_CURVE ( ( 1.000000000000003109, 0.9238795325112837409, 1.000000000000000000, 0.9238795325112867385, 1.000000000000000000, 0.9238795325112867385, 1.000000000000000000, 0.9238795325112897361, 0.9999999999999970024 ) ) 
 REPRESENTATION_ITEM ( '' )  );
#741 = ORIENTED_EDGE ( 'NONE', *, *, #307, .T. ) ;
#742 = CARTESIAN_POINT ( 'NONE',  ( 27.17163345212987835, 24.36339604700308570, 0.9275092462794274351 ) ) ;
#743 = EDGE_CURVE ( 'NONE', #5038, #2018, #5300, .T. ) ;
#744 = ADVANCED_FACE ( 'NONE', ( #1411 ), #795, .F. ) ;
#745 = DIRECTION ( 'NONE',  ( -0.7071067811865487940, 0.7071067811865462405, 0.000000000000000000 ) ) ;
#746 = VERTEX_POINT ( 'NONE', #5350 ) ;
#747 = CARTESIAN_POINT ( 'NONE',  ( -6.632689617412330207, -13.46304340128390109, 55.00000000000001421 ) ) ;
#748 = CARTESIAN_POINT ( 'NONE',  ( 32.65817691575896475, 29.57190902944355670, 0.3668030283240573119 ) ) ;
#749 = ORIENTED_EDGE ( 'NONE', *, *, #3177, .F. ) ;
#750 = VERTEX_POINT ( 'NONE', #8194 ) ;
#751 = CARTESIAN_POINT ( 'NONE',  ( 21.80447978932432918, 25.59840888845118201, 6.026690967454086945 ) ) ;
#752 = FACE_OUTER_BOUND ( 'NONE', #657, .T. ) ;
#753 = CARTESIAN_POINT ( 'NONE',  ( -3.847162322546356261, -13.84716242073069736, 60.51875000429725304 ) ) ;
#754 = CARTESIAN_POINT ( 'NONE',  ( 24.35862877314427166, 28.73948074647878315, 0.9368834849493370420 ) ) ;
#755 = CARTESIAN_POINT ( 'NONE',  ( 49.44752746360097007, 53.82837943693556326, -19.54811651505058379 ) ) ;
#756 = CARTESIAN_POINT ( 'NONE',  ( 29.58202959619589478, 27.49742489637995035, 2.804334847394861274 ) ) ;
#757 = ORIENTED_EDGE ( 'NONE', *, *, #8371, .T. ) ;
#758 = CARTESIAN_POINT ( 'NONE',  ( 27.90530190046671422, 27.18480599500072969, 4.321503754004239362 ) ) ;
#759 = CARTESIAN_POINT ( 'NONE',  ( -12.35367044356962651, -10.02750239174977054, 60.10625000429725162 ) ) ;
#760 = CARTESIAN_POINT ( 'NONE',  ( 20.56830062781860846, 23.86155057969126858, 6.981659047710971677 ) ) ;
#761 = CARTESIAN_POINT ( 'NONE',  ( 20.32164134445828907, 19.59286716336111667, 4.475335759269831293 ) ) ;
#762 = CARTESIAN_POINT ( 'NONE',  ( -29.49177877139949544, -4.686492420018018024, 13.34991605212887400 ) ) ;
#763 = VECTOR ( 'NONE', #6061, 1000.000000000000114 ) ;
#764 = CARTESIAN_POINT ( 'NONE',  ( -0.2116071874607368952, 3.582463450942177108, 63.08753975268785297 ) ) ;
#765 = ADVANCED_FACE ( 'NONE', ( #4808 ), #7569, .F. ) ;
#766 = TOROIDAL_SURFACE ( 'NONE', #5707, 183.0000000000000000, 3.000000000000000000 ) ;
#767 = VECTOR ( 'NONE', #6742, 1000.000000000000227 ) ;
#768 = CARTESIAN_POINT ( 'NONE',  ( 31.07213130194412543, 26.28345541912750249, -0.6750431475099939460 ) ) ;
#769 = CARTESIAN_POINT ( 'NONE',  ( 25.91211807930502431, 26.74215236807638973, -1.987956142501801970 ) ) ;
#770 = CARTESIAN_POINT ( 'NONE',  ( 22.32658279877033181, 26.22415537667102114, 4.519799472277936658 ) ) ;
#771 = AXIS2_PLACEMENT_3D ( 'NONE', #7819, #3969, #2597 ) ;
#772 = CARTESIAN_POINT ( 'NONE',  ( 27.12217709897404916, 22.28166227909416719, 2.563907575544932538 ) ) ;
#773 = CARTESIAN_POINT ( 'NONE',  ( 19.27437423897912083, 24.11488905885875411, 6.389461367688341831 ) ) ;
#774 = VERTEX_POINT ( 'NONE', #6194 ) ;
#775 = DIRECTION ( 'NONE',  ( -0.7674234614174770819, 0.6123724356957943593, -0.1898979485566345826 ) ) ;
#776 = CARTESIAN_POINT ( 'NONE',  ( 33.10259289688342932, 30.59385627951827047, 1.621286069150752462 ) ) ;
#777 = CARTESIAN_POINT ( 'NONE',  ( 28.77611822408507436, 33.96631013181890069, 0.6087135177497010607 ) ) ;
#778 = AXIS2_PLACEMENT_3D ( 'NONE', #5154, #7869, #1794 ) ;
#779 = ORIENTED_EDGE ( 'NONE', *, *, #1210, .T. ) ;
#780 = CC_DESIGN_PERSON_AND_ORGANIZATION_ASSIGNMENT ( #3267, #2027, ( #7441 ) ) ;
#781 = AXIS2_PLACEMENT_3D ( 'NONE', #4580, #4538, #6002 ) ;
#782 = ORIENTED_EDGE ( 'NONE', *, *, #7448, .T. ) ;
#783 = CARTESIAN_POINT ( 'NONE',  ( 51.88409695360144980, 51.88409695360142138, -18.94519052838326800 ) ) ;
#784 =( BOUNDED_CURVE ( )  B_SPLINE_CURVE ( 3, ( #1063, #7753, #1686, #980 ),
 .UNSPECIFIED., .F., .T. ) 
 B_SPLINE_CURVE_WITH_KNOTS ( ( 4, 4 ),
 ( 2.377889857374367200, 2.583029880306058068 ),
 .UNSPECIFIED. ) 
 CURVE ( )  GEOMETRIC_REPRESENTATION_ITEM ( )  RATIONAL_B_SPLINE_CURVE ( ( 1.000000000000000000, 0.9964962043706627748, 0.9964962043706627748, 1.000000000000000000 ) ) 
 REPRESENTATION_ITEM ( '' )  );
#785 = DIRECTION ( 'NONE',  ( 0.000000000000000000, -0.8660254037844363761, -0.5000000000000039968 ) ) ;
#786 = DIRECTION ( 'NONE',  ( 0.000000000000000000, 0.000000000000000000, -1.000000000000000000 ) ) ;
#787 = CARTESIAN_POINT ( 'NONE',  ( 26.75673491503880186, 24.32695650201700133, -0.2526952294273890898 ) ) ;
#788 = ORIENTED_EDGE ( 'NONE', *, *, #6665, .T. ) ;
#789 = CARTESIAN_POINT ( 'NONE',  ( 26.38449309009514465, 25.77010803535003447, 5.020076418065084312 ) ) ;
#790 = CARTESIAN_POINT ( 'NONE',  ( 24.35669209263772927, 25.18672638140908404, -0.7179561425017850773 ) ) ;
#791 = VECTOR ( 'NONE', #8276, 1000.000000000000227 ) ;
#792 = CARTESIAN_POINT ( 'NONE',  ( 22.09045695503684925, 19.66067854201503806, 3.557304770572592645 ) ) ;
#793 = FACE_OUTER_BOUND ( 'NONE', #4206, .T. ) ;
#794 = ORIENTED_EDGE ( 'NONE', *, *, #697, .T. ) ;
#795 = CYLINDRICAL_SURFACE ( 'NONE', #2470, 2.756000000000000227 ) ;
#796 = EDGE_CURVE ( 'NONE', #4495, #5330, #1456, .T. ) ;
#797 = CARTESIAN_POINT ( 'NONE',  ( 24.07309718732166104, 17.00202937545602566, 13.00000000000000000 ) ) ;
#798 = VERTEX_POINT ( 'NONE', #6861 ) ;
#799 = FACE_OUTER_BOUND ( 'NONE', #3437, .T. ) ;
#800 = DIRECTION ( 'NONE',  ( -0.7071067811865463515, -0.7071067811865487940, 0.000000000000000000 ) ) ;
#801 = B_SPLINE_CURVE_WITH_KNOTS ( 'NONE', 3,
 ( #3754, #3087, #5077, #7792, #4415, #3800, #5825, #7125, #6458, #1891, #6634, #2107, #2195, #2152 ),
 .UNSPECIFIED., .F., .F.,
 ( 4, 2, 2, 2, 2, 2, 4 ),
 ( 8.370855287992772026E-18, 0.0008341125844748746663, 0.001668225168949741093, 0.002085281461187174414, 0.002502337753424607302, 0.002919394045662040190, 0.003336450337899474379 ),
 .UNSPECIFIED. ) ;
#802 = CARTESIAN_POINT ( 'NONE',  ( -12.04856776978863131, -3.847162501255296352, 56.58125000429726015 ) ) ;
#803 = CARTESIAN_POINT ( 'NONE',  ( -1.999999999999851674, -61.82911022146227253, 0.9999999999998880895 ) ) ;
#804 = AXIS2_PLACEMENT_3D ( 'NONE', #2873, #4328, #918 ) ;
#805 = CARTESIAN_POINT ( 'NONE',  ( -1.999999999999853895, -28.92014487765356634, -8.673617379884035472E-16 ) ) ;
#806 = CARTESIAN_POINT ( 'NONE',  ( 29.78932959579087125, 25.89175701789053718, 0.6862888175491184128 ) ) ;
#807 = ORIENTED_EDGE ( 'NONE', *, *, #6158, .T. ) ;
#808 = CARTESIAN_POINT ( 'NONE',  ( 18.47832177690283117, 21.72099502049923103, 6.411653251266018039 ) ) ;
#809 = CARTESIAN_POINT ( 'NONE',  ( 30.20752166645299042, 26.91427171458078149, -1.603949867267703278 ) ) ;
#810 = CARTESIAN_POINT ( 'NONE',  ( 25.61879971567078584, 28.91204966754277805, 2.857943810501008208 ) ) ;
#811 = AXIS2_PLACEMENT_3D ( 'NONE', #5009, #7728, #193 ) ;
#812 = CARTESIAN_POINT ( 'NONE',  ( 24.71391225516096668, 25.44268643625789750, 5.589283183963435597 ) ) ;
#813 = CARTESIAN_POINT ( 'NONE',  ( 0.3168511119992396541, -15.10153896051496147, 15.00000000000000000 ) ) ;
#814 = AXIS2_PLACEMENT_3D ( 'NONE', #6174, #7347, #775 ) ;
#815 = CARTESIAN_POINT ( 'NONE',  ( 17.84699503419169631, 21.74456761209179589, 7.254809471616630034 ) ) ;
#816 = EDGE_CURVE ( 'NONE', #2889, #483, #8024, .T. ) ;
#817 = ORIENTED_EDGE ( 'NONE', *, *, #7292, .T. ) ;
#818 = CARTESIAN_POINT ( 'NONE',  ( 29.66610371236157206, 29.09767139319512097, -4.225527570767825480 ) ) ;
#819 = CARTESIAN_POINT ( 'NONE',  ( 17.67186542936671145, 21.88556127502520710, 6.691541878798124010 ) ) ;
#820 = CARTESIAN_POINT ( 'NONE',  ( -29.57111659285886418, -4.967208097538405198, 2.489416802180828281 ) ) ;
#821 = CARTESIAN_POINT ( 'NONE',  ( 19.37707524122788882, 23.39311259549544886, 3.646876871683894628 ) ) ;
#822 = CARTESIAN_POINT ( 'NONE',  ( 25.84349828024497597, 21.41522219317112885, 4.937309198547152000 ) ) ;
#823 = ORIENTED_EDGE ( 'NONE', *, *, #4521, .F. ) ;
#824 = CARTESIAN_POINT ( 'NONE',  ( 22.69856842703971012, 23.55320968081749200, 7.640693726122901985 ) ) ;
#825 = CARTESIAN_POINT ( 'NONE',  ( 17.16481332577047070, 23.82398554048424444, 1.444265330416139692 ) ) ;
#826 = VERTEX_POINT ( 'NONE', #8237 ) ;
#827 = ORIENTED_EDGE ( 'NONE', *, *, #7905, .T. ) ;
#828 = CARTESIAN_POINT ( 'NONE',  ( -3.528341072626930863, 2.948465154235047070, 63.60035292546968577 ) ) ;
#829 = CARTESIAN_POINT ( 'NONE',  ( -8.431887450568748221, 2.463170090379271038, 58.91875000429725873 ) ) ;
#830 = PLANE ( 'NONE',  #630 ) ;
#831 = CARTESIAN_POINT ( 'NONE',  ( -54.79072049753064277, -1.754464807094125112, -11.19084860532055004 ) ) ;
#832 = VERTEX_POINT ( 'NONE', #4898 ) ;
#833 = ADVANCED_FACE ( 'NONE', ( #2257 ), #1678, .F. ) ;
#834 = CARTESIAN_POINT ( 'NONE',  ( 22.91113694071979978, 25.85194203459846563, 1.818827058486150339 ) ) ;
#835 = CARTESIAN_POINT ( 'NONE',  ( 28.00498230586978465, 30.50820714727210614, -4.638786932152555664 ) ) ;
#836 = CARTESIAN_POINT ( 'NONE',  ( -37.13369146610119031, -4.010889692352506586, 14.22628000152508321 ) ) ;
#837 = CARTESIAN_POINT ( 'NONE',  ( -3.009914653931758721, -29.02123764450062637, 0.1750978084589188410 ) ) ;
#838 = ORIENTED_EDGE ( 'NONE', *, *, #5218, .T. ) ;
#839 = CARTESIAN_POINT ( 'NONE',  ( -51.00379267415695494, 5.000000000000000000, -2.749999999999965805 ) ) ;
#840 = EDGE_CURVE ( 'NONE', #7218, #8267, #7142, .T. ) ;
#841 = EDGE_LOOP ( 'NONE', ( #3262, #2996, #8700, #1242 ) ) ;
#842 = ADVANCED_FACE ( 'NONE', ( #6236 ), #8281, .T. ) ;
#843 = CARTESIAN_POINT ( 'NONE',  ( 24.34096640004062806, 28.23853897794074186, 1.952504054759195640 ) ) ;
#844 = CARTESIAN_POINT ( 'NONE',  ( 29.01161660245721308, 25.11404402455686835, 1.321288817549116201 ) ) ;
#845 = CARTESIAN_POINT ( 'NONE',  ( -3.847162344146708435, -11.64716242073069630, 60.01875000429725304 ) ) ;
#846 = DIRECTION ( 'NONE',  ( 0.1898979485566346104, 0.4999999999999977796, 0.8449489742783193869 ) ) ;
#847 = CARTESIAN_POINT ( 'NONE',  ( 31.87707248853198649, 27.42207463794904143, -3.694441311680532358 ) ) ;
#848 = DIRECTION ( 'NONE',  ( -1.000000000000000000, -1.449435587473489291E-16, 0.000000000000000000 ) ) ;
#849 = CARTESIAN_POINT ( 'NONE',  ( 33.37406199033313925, 29.87402289467969752, 1.205785352479615824 ) ) ;
#850 = VERTEX_POINT ( 'NONE', #2213 ) ;
#851 = ADVANCED_FACE ( 'NONE', ( #5691 ), #8449, .F. ) ;
#852 = LINE ( 'NONE', #1468, #2084 ) ;
#853 = CYLINDRICAL_SURFACE ( 'NONE', #1916, 3.174999999999992273 ) ;
#854 = CARTESIAN_POINT ( 'NONE',  ( 23.96111751460550465, 20.06354493670511019, 5.445004054758684653 ) ) ;
#855 = CARTESIAN_POINT ( 'NONE',  ( 25.48787645688264902, 22.24520321328599337, 4.526090691967244339 ) ) ;
#856 = CARTESIAN_POINT ( 'NONE',  ( 22.33388568274665431, 19.93235450643388162, 9.260607074907303726 ) ) ;
#857 = EDGE_CURVE ( 'NONE', #3978, #1608, #8642, .T. ) ;
#858 = ADVANCED_FACE ( 'NONE', ( #3000 ), #7615, .T. ) ;
#859 = CARTESIAN_POINT ( 'NONE',  ( 27.69639833532865936, 31.13710901384395413, -4.178881325664728585 ) ) ;
#860 = CARTESIAN_POINT ( 'NONE',  ( 22.70142804734696895, 18.94158678362487080, 0.07756166209376370857 ) ) ;
#861 = CARTESIAN_POINT ( 'NONE',  ( -3.847162420730151577, -3.847162420730698251, 64.25000000000000000 ) ) ;
#862 = CARTESIAN_POINT ( 'NONE',  ( -29.43789084695114511, -4.495529971259871083, 1.315964166058976703 ) ) ;
#863 = CARTESIAN_POINT ( 'NONE',  ( 25.80960329401797537, 26.64862296754042958, -1.950247753654710259 ) ) ;
#864 = CARTESIAN_POINT ( 'NONE',  ( 27.19750848727128556, 26.35848881374860397, 5.506116696888010864 ) ) ;
#865 = ORIENTED_EDGE ( 'NONE', *, *, #3256, .F. ) ;
#866 = CARTESIAN_POINT ( 'NONE',  ( 30.23844088046768874, 29.51794497500171133, 2.416503754004249327 ) ) ;
#867 = CARTESIAN_POINT ( 'NONE',  ( 2.168878961019982121, 4.140854204362366175, 61.75671659536569535 ) ) ;
#868 = ORIENTED_EDGE ( 'NONE', *, *, #7782, .F. ) ;
#869 = CARTESIAN_POINT ( 'NONE',  ( -3.871808732387434837, 2.882274223003955527, 63.63860974025324424 ) ) ;
#870 = CARTESIAN_POINT ( 'NONE',  ( 3.571078382706458942, -1.436829791770927400, 58.09375000429725588 ) ) ;
#871 = CARTESIAN_POINT ( 'NONE',  ( 2.030690181626937374, -11.93733230676918566, 60.79375000429730136 ) ) ;
#872 = CARTESIAN_POINT ( 'NONE',  ( 33.49251763457166220, 29.89957453801537923, 1.194492582488361432 ) ) ;
#873 = ORIENTED_EDGE ( 'NONE', *, *, #6814, .T. ) ;
#874 = CARTESIAN_POINT ( 'NONE',  ( 26.02198891405443248, 28.96279400793311254, -0.7211729415138373733 ) ) ;
#875 = CARTESIAN_POINT ( 'NONE',  ( -2.782868359995522400, -37.58039891549805844, 14.99999999999999645 ) ) ;
#876 = DIRECTION ( 'NONE',  ( 0.000000000000000000, 0.8660254037844362651, 0.5000000000000042188 ) ) ;
#877 = CARTESIAN_POINT ( 'NONE',  ( 32.79996139689776413, 27.59270699497855972, -3.435619445211340217 ) ) ;
#878 = ORIENTED_EDGE ( 'NONE', *, *, #7226, .T. ) ;
#879 = DIRECTION ( 'NONE',  ( 0.1898979485566270886, 0.5000000000000046629, 0.8449489742783169444 ) ) ;
#880 = CARTESIAN_POINT ( 'NONE',  ( 21.58438205406886823, 20.65737194835320878, 9.729433514815239548 ) ) ;
#881 = ORIENTED_EDGE ( 'NONE', *, *, #7847, .F. ) ;
#882 = ORIENTED_EDGE ( 'NONE', *, *, #8113, .T. ) ;
#883 = LINE ( 'NONE', #2881, #1230 ) ;
#884 = CARTESIAN_POINT ( 'NONE',  ( 28.25860381430180368, 24.96535386242959120, -0.01266510447725172073 ) ) ;
#885 = CARTESIAN_POINT ( 'NONE',  ( 2.787913837084587954, 0.9735027566642470154, 60.98125000429725873 ) ) ;
#886 = CARTESIAN_POINT ( 'NONE',  ( 1.479620088429189018, 3.915861806312193938, 62.76318450094998980 ) ) ;
#887 = CARTESIAN_POINT ( 'NONE',  ( -29.02123764450595900, -3.009914653950976238, 0.1750978084657400791 ) ) ;
#888 = CARTESIAN_POINT ( 'NONE',  ( 32.82869034731328384, 28.44783837397828918, -0.7941395417167583792 ) ) ;
#889 = B_SPLINE_CURVE_WITH_KNOTS ( 'NONE', 3,
 ( #6384, #4349, #4221, #4263 ),
 .UNSPECIFIED., .F., .F.,
 ( 4, 4 ),
 ( 0.002890303474465406516, 0.004312030882796496177 ),
 .UNSPECIFIED. ) ;
#890 = CARTESIAN_POINT ( 'NONE',  ( 27.24889061619491670, 25.16428591637896517, 4.709334847394851309 ) ) ;
#891 = ORIENTED_EDGE ( 'NONE', *, *, #4697, .F. ) ;
#892 = CARTESIAN_POINT ( 'NONE',  ( 21.83277428639934215, 18.89196919252041695, 8.483916884747124243 ) ) ;
#893 = CARTESIAN_POINT ( 'NONE',  ( 30.54697412487872654, 37.61804193674408481, 4.249999999999994671 ) ) ;
#894 = DIRECTION ( 'NONE',  ( 0.6123724356957943593, 0.6123724356957965798, -0.4999999999999980016 ) ) ;
#895 = CARTESIAN_POINT ( 'NONE',  ( 25.49162524849462841, 26.22039942959155923, 4.954283183963438475 ) ) ;
#896 = CARTESIAN_POINT ( 'NONE',  ( 19.28119657455453506, 23.17876915245464531, 6.083788817549096173 ) ) ;
#897 = CARTESIAN_POINT ( 'NONE',  ( 0.7375624851938314963, 2.463170180408507992, 57.61875000429726157 ) ) ;
#898 = ADVANCED_FACE ( 'NONE', ( #4200, #3037 ), #4331, .T. ) ;
#899 = CARTESIAN_POINT ( 'NONE',  ( 18.90846861846354088, 22.45971172049902975, 8.702252948226472995 ) ) ;
#900 = CARTESIAN_POINT ( 'NONE',  ( 2.030690022762220881, 4.243007580729762473, 59.86875000429725446 ) ) ;
#901 = EDGE_CURVE ( 'NONE', #3892, #8541, #4092, .T. ) ;
#902 = CARTESIAN_POINT ( 'NONE',  ( 29.27150655470752483, 26.84397804081229211, 3.640210634218696395 ) ) ;
#903 = CARTESIAN_POINT ( 'NONE',  ( 28.75293447393860902, 27.91391480041593098, 4.236116696888013067 ) ) ;
#904 = CARTESIAN_POINT ( 'NONE',  ( 25.70324519163705901, 29.50596268408121858, 0.1811208439993488850 ) ) ;
#905 =( BOUNDED_CURVE ( )  B_SPLINE_CURVE ( 3, ( #5048, #5670, #1605, #5539 ),
 .UNSPECIFIED., .F., .T. ) 
 B_SPLINE_CURVE_WITH_KNOTS ( ( 4, 4 ),
 ( -1.776356839400250465E-15, 1.570796326794896336 ),
 .UNSPECIFIED. ) 
 CURVE ( )  GEOMETRIC_REPRESENTATION_ITEM ( )  RATIONAL_B_SPLINE_CURVE ( ( 1.000000000000000000, 0.8047378541243646044, 0.8047378541243646044, 1.000000000000000000 ) ) 
 REPRESENTATION_ITEM ( '' )  );
#906 = ORIENTED_EDGE ( 'NONE', *, *, #2612, .F. ) ;
#907 = AXIS2_PLACEMENT_3D ( 'NONE', #5128, #5975, #8025 ) ;
#908 = CARTESIAN_POINT ( 'NONE',  ( -3.322220092040398587, 2.987827402775280916, 63.57575430933381000 ) ) ;
#909 = CYLINDRICAL_SURFACE ( 'NONE', #3024, 3.174999999999992273 ) ;
#910 = CARTESIAN_POINT ( 'NONE',  ( 3.075898035501762884, -29.01405539138781364, 0.1626577811526061512 ) ) ;
#911 = CYLINDRICAL_SURFACE ( 'NONE', #1634, 2.756000000000000227 ) ;
#912 = ORIENTED_EDGE ( 'NONE', *, *, #3983, .F. ) ;
#913 = EDGE_CURVE ( 'NONE', #945, #4334, #8411, .T. ) ;
#914 = CARTESIAN_POINT ( 'NONE',  ( 26.64055941529427329, 25.91178523419711155, -0.6840392407301415512 ) ) ;
#915 = DIRECTION ( 'NONE',  ( 0.4999999999999976685, 0.000000000000000000, -0.8660254037844399289 ) ) ;
#916 = VECTOR ( 'NONE', #8568, 1000.000000000000000 ) ;
#917 = AXIS2_PLACEMENT_3D ( 'NONE', #213, #5615, #5565 ) ;
#918 = DIRECTION ( 'NONE',  ( 0.1898979485566346104, 0.4999999999999977796, 0.8449489742783193869 ) ) ;
#919 = CIRCLE ( 'NONE', #66, 3.240370349203909317 ) ;
#920 = DIRECTION ( 'NONE',  ( -0.7674234614174771929, 0.6123724356957941373, -0.1898979485566344994 ) ) ;
#921 = EDGE_LOOP ( 'NONE', ( #2427, #6126, #6569, #5627 ) ) ;
#922 = CARTESIAN_POINT ( 'NONE',  ( 22.14856154480987271, 23.13313555814242051, 8.508772464950284942 ) ) ;
#923 = ADVANCED_FACE ( 'NONE', ( #5776 ), #1091, .F. ) ;
#924 = ORIENTED_EDGE ( 'NONE', *, *, #149, .T. ) ;
#925 = VECTOR ( 'NONE', #6068, 1000.000000000000114 ) ;
#926 = CARTESIAN_POINT ( 'NONE',  ( 21.04537860720224529, 21.04658290829191714, 9.751673750077021197 ) ) ;
#927 = AXIS2_PLACEMENT_3D ( 'NONE', #8230, #4838, #6049 ) ;
#928 = VERTEX_POINT ( 'NONE', #1049 ) ;
#929 = CARTESIAN_POINT ( 'NONE',  ( -3.898812546139485136, 2.858121134431093946, 61.14820997186757268 ) ) ;
#930 = DIRECTION ( 'NONE',  ( 0.000000000000000000, 0.000000000000000000, -1.000000000000000000 ) ) ;
#931 = CARTESIAN_POINT ( 'NONE',  ( 2.787913931746929475, -8.667827467834110067, 57.68125000429726157 ) ) ;
#932 = CARTESIAN_POINT ( 'NONE',  ( 19.69041413263577311, 20.52044842140711367, 3.092043857498196768 ) ) ;
#933 = VECTOR ( 'NONE', #3501, 1000.000000000000000 ) ;
#934 = CARTESIAN_POINT ( 'NONE',  ( -28.83555156926847118, -2.342928353852125500, 0.01474172556374585275 ) ) ;
#935 = CARTESIAN_POINT ( 'NONE',  ( 26.60698640064414278, 22.22613442730938971, 4.285860458283955232 ) ) ;
#936 = FACE_OUTER_BOUND ( 'NONE', #2384, .T. ) ;
#937 = VERTEX_POINT ( 'NONE', #1883 ) ;
#938 = DIRECTION ( 'NONE',  ( 0.6123724356957944703, 0.6123724356957964687, -0.4999999999999980016 ) ) ;
#939 = EDGE_CURVE ( 'NONE', #7438, #3892, #5955, .T. ) ;
#940 = CARTESIAN_POINT ( 'NONE',  ( 24.05537344428086755, 20.15780086637969148, 5.721248195247259360 ) ) ;
#941 = CARTESIAN_POINT ( 'NONE',  ( 25.51899334129585739, 22.71075593616905763, 2.276884246279420321 ) ) ;
#942 = CARTESIAN_POINT ( 'NONE',  ( 30.47569836037630253, 31.33033961415410928, 1.290693726122927654 ) ) ;
#943 = AXIS2_PLACEMENT_3D ( 'NONE', #687, #1345, #6837 ) ;
#944 = CARTESIAN_POINT ( 'NONE',  ( -6.381536127930263369, 3.952837554385830288, 60.78125000429725588 ) ) ;
#945 = VERTEX_POINT ( 'NONE', #6576 ) ;
#946 = AXIS2_PLACEMENT_3D ( 'NONE', #252, #7692, #3575 ) ;
#947 = CARTESIAN_POINT ( 'NONE',  ( 25.25941351814450186, 26.24398753147706032, 5.968772464950297341 ) ) ;
#948 = CARTESIAN_POINT ( 'NONE',  ( 18.36779605019972550, 22.43344243025157070, 8.073970345424507755 ) ) ;
#949 = CARTESIAN_POINT ( 'NONE',  ( -9.725015023087241417, 4.243007465307788273, 60.41875000429725873 ) ) ;
#950 = AXIS2_PLACEMENT_3D ( 'NONE', #6962, #894, #6294 ) ;
#951 = CARTESIAN_POINT ( 'NONE',  ( 28.60403831421385590, 24.76903872783675098, -0.3535389521583109929 ) ) ;
#952 = CARTESIAN_POINT ( 'NONE',  ( 23.63960150000113813, 28.06787758707475078, 1.495903494686139146 ) ) ;
#953 = DIRECTION ( 'NONE',  ( 1.449435587473482635E-16, -1.000000000000000000, 0.000000000000000000 ) ) ;
#954 = CIRCLE ( 'NONE', #7324, 0.7500000000000006661 ) ;
#955 = EDGE_CURVE ( 'NONE', #3498, #3258, #1195, .T. ) ;
#956 = ORIENTED_EDGE ( 'NONE', *, *, #7292, .F. ) ;
#957 = CARTESIAN_POINT ( 'NONE',  ( -3.863596045345097707, 2.883947035187724328, 63.63771281088917675 ) ) ;
#958 = DIRECTION ( 'NONE',  ( -0.000000000000000000, -0.000000000000000000, -1.000000000000000000 ) ) ;
#959 = LINE ( 'NONE', #200, #2187 ) ;
#960 = CYLINDRICAL_SURFACE ( 'NONE', #1196, 3.251797457478082354 ) ;
#961 = ORIENTED_EDGE ( 'NONE', *, *, #2144, .T. ) ;
#962 = CARTESIAN_POINT ( 'NONE',  ( 29.47740433932962389, 30.20617852042657248, 1.699908183963448671 ) ) ;
#963 = CARTESIAN_POINT ( 'NONE',  ( -3.509351662045529174, -37.41197001761645424, 14.70827259140623866 ) ) ;
#964 = CARTESIAN_POINT ( 'NONE',  ( 22.38444977297177729, 23.10494567843753444, 1.453080426438609463 ) ) ;
#965 =( BOUNDED_CURVE ( )  B_SPLINE_CURVE ( 2, ( #4393, #4476, #2403, #8428, #495 ),
 .UNSPECIFIED., .F., .T. ) 
 B_SPLINE_CURVE_WITH_KNOTS ( ( 3, 2, 3 ),
 ( 0.2307066537693922281, 0.2322558613609731759, 0.2324238510888781417 ),
 .UNSPECIFIED. ) 
 CURVE ( )  GEOMETRIC_REPRESENTATION_ITEM ( )  RATIONAL_B_SPLINE_CURVE ( ( 0.9690584114094645818, 0.9454795931551692734, 1.000000000000000000, 0.9940880303189166822, 0.9890943783167212011 ) ) 
 REPRESENTATION_ITEM ( '' )  );
#966 = ADVANCED_FACE ( 'NONE', ( #3218 ), #5818, .F. ) ;
#967 = DIRECTION ( 'NONE',  ( -0.7674234614174771929, 0.6123724356957942483, -0.1898979485566349434 ) ) ;
#968 = ADVANCED_FACE ( 'NONE', ( #1710 ), #385, .F. ) ;
#969 = ORIENTED_EDGE ( 'NONE', *, *, #2961, .F. ) ;
#970 = CARTESIAN_POINT ( 'NONE',  ( 29.18064799162019796, 33.57852266330412760, 0.6260479830966045878 ) ) ;
#971 = DIRECTION ( 'NONE',  ( -0.7071067811865487940, 0.7071067811865462405, 0.000000000000000000 ) ) ;
#972 = ORIENTED_EDGE ( 'NONE', *, *, #939, .T. ) ;
#973 = CARTESIAN_POINT ( 'NONE',  ( 24.34533864245526757, 20.44776606455490864, 5.131288817549100933 ) ) ;
#974 = DIRECTION ( 'NONE',  ( 0.6123724356957943593, 0.6123724356957965798, -0.4999999999999980016 ) ) ;
#975 =( BOUNDED_CURVE ( )  B_SPLINE_CURVE ( 2, ( #3962, #8703, #3292, #1346, #5990, #4749, #728, #8039, #1968, #2011, #4700 ),
 .UNSPECIFIED., .F., .T. ) 
 B_SPLINE_CURVE_WITH_KNOTS ( ( 3, 2, 2, 2, 2, 3 ),
 ( 0.1183816111967891244, 0.1199289207755243752, 0.1220892481703131638, 0.1242495755651019385, 0.1264099029598907131, 0.1270229207759593359 ),
 .UNSPECIFIED. ) 
 CURVE ( )  GEOMETRIC_REPRESENTATION_ITEM ( )  RATIONAL_B_SPLINE_CURVE ( ( 0.9690584114099347612, 0.9454795931546257082, 1.000000000000000000, 0.9238795325112867385, 1.000000000000000000, 0.9238795325112867385, 1.000000000000000000, 0.9238795325112867385, 1.000000000000000000, 0.9783999393561285673, 0.9690584114094742407 ) ) 
 REPRESENTATION_ITEM ( '' )  );
#976 = ADVANCED_FACE ( 'NONE', ( #4449 ), #5199, .T. ) ;
#977 = DIRECTION ( 'NONE',  ( -0.7071067811865487940, 0.7071067811865462405, 0.000000000000000000 ) ) ;
#978 = CARTESIAN_POINT ( 'NONE',  ( -0.2906852352490374991, 3.602155321857847259, 61.29929637840223222 ) ) ;
#979 = CARTESIAN_POINT ( 'NONE',  ( -4.074801908668199246, -37.09937395895251910, 14.16684033555453048 ) ) ;
#980 = CARTESIAN_POINT ( 'NONE',  ( -3.589903856133779492, -29.18338599386769161, 0.4559469879240018453 ) ) ;
#981 = ORIENTED_EDGE ( 'NONE', *, *, #1282, .F. ) ;
#982 = ORIENTED_EDGE ( 'NONE', *, *, #3692, .T. ) ;
#983 = CARTESIAN_POINT ( 'NONE',  ( 23.94747453455649477, 27.84504711245662278, 2.273788817549121877 ) ) ;
#984 = DIRECTION ( 'NONE',  ( 0.6123724356957943593, 0.6123724356957965798, -0.4999999999999980016 ) ) ;
#985 = CARTESIAN_POINT ( 'NONE',  ( 21.25849682988577527, 24.19930192376443401, 3.168202058486142558 ) ) ;
#986 = LINE ( 'NONE', #5705, #7175 ) ;
#987 = CARTESIAN_POINT ( 'NONE',  ( 27.83603950122478921, 31.73361207912493143, -0.9012111824508666214 ) ) ;
#988 = CARTESIAN_POINT ( 'NONE',  ( 0.7375626091084444003, -10.15749493184066843, 56.79375000429725873 ) ) ;
#989 = B_SPLINE_CURVE_WITH_KNOTS ( 'NONE', 3,
 ( #887, #6996, #4382, #934, #6244, #173 ),
 .UNSPECIFIED., .F., .F.,
 ( 4, 2, 4 ),
 ( 0.003717980078323304075, 0.004247388871035439467, 0.004776797663747575293 ),
 .UNSPECIFIED. ) ;
#990 = CARTESIAN_POINT ( 'NONE',  ( 22.51571617062125696, 19.27301455408937514, 0.01807339758147810324 ) ) ;
#991 = DIRECTION ( 'NONE',  ( 0.6123724356957943593, 0.6123724356957965798, -0.4999999999999980016 ) ) ;
#992 = CARTESIAN_POINT ( 'NONE',  ( 4.615290477624049537, 1.832520304646159781, 54.21437958137505575 ) ) ;
#993 = CARTESIAN_POINT ( 'NONE',  ( 23.56669090687611501, 27.99496699394972765, 1.555434744686133630 ) ) ;
#994 = CARTESIAN_POINT ( 'NONE',  ( 24.88914408790894583, 28.72414367428583049, 3.512532895391606846 ) ) ;
#995 = FACE_OUTER_BOUND ( 'NONE', #2391, .T. ) ;
#996 = ORIENTED_EDGE ( 'NONE', *, *, #2422, .T. ) ;
#997 = EDGE_CURVE ( 'NONE', #4248, #2270, #4577, .T. ) ;
#998 = APPROVAL ( #7430, 'UNSPECIFIED' ) ;
#999 = DIRECTION ( 'NONE',  ( 0.1898979485566465730, 0.5000000000000027756, 0.8449489742783137247 ) ) ;
#1000 = CARTESIAN_POINT ( 'NONE',  ( 28.61080433959270053, 33.68391998847588553, 0.02700051955223937289 ) ) ;
#1001 = CARTESIAN_POINT ( 'NONE',  ( 23.87926296267873738, 28.66793884549575822, 2.643412090742643716 ) ) ;
#1002 = VERTEX_POINT ( 'NONE', #3167 ) ;
#1003 = CARTESIAN_POINT ( 'NONE',  ( 28.55969388236570694, 25.01515248905132438, 1.044514499187366496 ) ) ;
#1004 = CARTESIAN_POINT ( 'NONE',  ( 25.22013103481036822, 24.23555702147757529, -0.3491535217170077532 ) ) ;
#1005 = ORIENTED_EDGE ( 'NONE', *, *, #2854, .F. ) ;
#1006 = CARTESIAN_POINT ( 'NONE',  ( 28.67865544448504878, 34.04408143115227148, 0.5845964782830102013 ) ) ;
#1007 = CARTESIAN_POINT ( 'NONE',  ( -35.96437351171367425, -1.767949192431143679, 12.20096189432332956 ) ) ;
#1008 = EDGE_LOOP ( 'NONE', ( #269, #612, #4099, #2686 ) ) ;
#1009 = CARTESIAN_POINT ( 'NONE',  ( 24.17663329647645298, 19.79578132314170347, 6.270235458283944574 ) ) ;
#1010 = CARTESIAN_POINT ( 'NONE',  ( 19.79578132314182426, 19.79578132314167505, 7.254809471616630034 ) ) ;
#1011 = EDGE_CURVE ( 'NONE', #6835, #5031, #5863, .T. ) ;
#1012 = VERTEX_POINT ( 'NONE', #8489 ) ;
#1013 = ORIENTED_EDGE ( 'NONE', *, *, #45, .F. ) ;
#1014 =( BOUNDED_CURVE ( )  B_SPLINE_CURVE ( 2, ( #7949, #5187, #2547, #1156, #3155, #6034, #2006, #8652, #7906, #1120, #5846, #7990, #5229 ),
 .UNSPECIFIED., .F., .T. ) 
 B_SPLINE_CURVE_WITH_KNOTS ( ( 3, 2, 2, 2, 2, 2, 3 ),
 ( 0.7600119350341353330, 0.7760111398280350459, 0.8080095484240300552, 0.8400079570200250645, 0.8720063656160200738, 0.9040047742120150831, 0.9200039753243097751 ),
 .UNSPECIFIED. ) 
 CURVE ( )  GEOMETRIC_REPRESENTATION_ITEM ( )  RATIONAL_B_SPLINE_CURVE ( ( 0.9755282581475768211, 0.9755282573890644571, 1.000000000000000000, 0.9510565162951535312, 1.000000000000000000, 0.9510565162951535312, 1.000000000000000000, 0.9510565162951535312, 1.000000000000000000, 0.9510565162951535312, 1.000000000000000000, 0.9755282630203000460, 0.9755282581475777093 ) ) 
 REPRESENTATION_ITEM ( '' )  );
#1015 = ADVANCED_FACE ( 'NONE', ( #4536 ), #8526, .T. ) ;
#1016 = CARTESIAN_POINT ( 'NONE',  ( 0.003505805614716431262, 4.830731304058001996, 62.76915153057186103 ) ) ;
#1017 = CARTESIAN_POINT ( 'NONE',  ( 33.03860166910051532, 28.76477506341920787, -0.6758129503678818040 ) ) ;
#1018 = CARTESIAN_POINT ( 'NONE',  ( 24.95434628981011471, 20.57349431647536520, 5.635235458283947452 ) ) ;
#1019 = CARTESIAN_POINT ( 'NONE',  ( 31.84311557161677442, 27.46278743823921076, -3.600209412616087068 ) ) ;
#1020 = CARTESIAN_POINT ( 'NONE',  ( 4.694395807122171860, -29.54185397015021408, 13.33380662963967112 ) ) ;
#1021 = PLANE ( 'NONE',  #4294 ) ;
#1022 = ORIENTED_EDGE ( 'NONE', *, *, #6196, .T. ) ;
#1023 = DIRECTION ( 'NONE',  ( 0.6123724356957943593, 0.6123724356957964687, -0.4999999999999978351 ) ) ;
#1024 = CARTESIAN_POINT ( 'NONE',  ( 24.36934880322041153, 27.31015389709908092, 0.6282020584861545132 ) ) ;
#1025 = CARTESIAN_POINT ( 'NONE',  ( -54.90090699118695028, -4.999999999999999112, -10.99999999999996092 ) ) ;
#1026 = CARTESIAN_POINT ( 'NONE',  ( -5.357844035529657489, 7.061872316788767812, 54.26348434466141413 ) ) ;
#1027 = CARTESIAN_POINT ( 'NONE',  ( 0.7375624851938314963, 2.463170180408507992, 60.36875000429725446 ) ) ;
#1028 = ORIENTED_EDGE ( 'NONE', *, *, #1351, .F. ) ;
#1029 = CARTESIAN_POINT ( 'NONE',  ( 28.62593773798176144, 33.79130591140386031, -0.01416945576094534066 ) ) ;
#1030 = CARTESIAN_POINT ( 'NONE',  ( -0.8647892048889109784, 4.278397373194572140, 62.22199937022443095 ) ) ;
#1031 = CARTESIAN_POINT ( 'NONE',  ( -0.5979653602172937399, -13.84716238882884909, 61.65625000429724878 ) ) ;
#1032 = CARTESIAN_POINT ( 'NONE',  ( 28.49379356137386665, 26.06626504747863038, 4.275210634218693073 ) ) ;
#1033 = CARTESIAN_POINT ( 'NONE',  ( 28.38047383505917765, 24.36443648079138313, 4.195242071549379226 ) ) ;
#1034 = CARTESIAN_POINT ( 'NONE',  ( 25.89639238670134702, 29.79396496460147503, 0.6825040547454935824 ) ) ;
#1035 = ADVANCED_FACE ( 'NONE', ( #7959 ), #6005, .T. ) ;
#1036 = CARTESIAN_POINT ( 'NONE',  ( 23.97550023777504080, 19.18682435495777128, 5.119331852490629942 ) ) ;
#1037 = CYLINDRICAL_SURFACE ( 'NONE', #1186, 0.1270000000000011953 ) ;
#1038 = CARTESIAN_POINT ( 'NONE',  ( 30.51229894781822694, 30.51229894781813101, -1.495190528383337547 ) ) ;
#1039 = CARTESIAN_POINT ( 'NONE',  ( 29.23608849858250736, 26.83455732227060864, 3.624982074906184071 ) ) ;
#1040 = EDGE_LOOP ( 'NONE', ( #7539, #7165, #7077, #2824 ) ) ;
#1041 = VERTEX_POINT ( 'NONE', #7162 ) ;
#1042 = CARTESIAN_POINT ( 'NONE',  ( 25.47773871690576186, 28.72041196050218659, 0.6966532512660481569 ) ) ;
#1043 = DIRECTION ( 'NONE',  ( -0.7674234614174691993, 0.6123724356958044623, -0.1898979485566340830 ) ) ;
#1044 = VERTEX_POINT ( 'NONE', #3792 ) ;
#1045 = CARTESIAN_POINT ( 'NONE',  ( -1.312788713530040008, -11.64716239584722679, 57.40625000429724878 ) ) ;
#1046 = DIRECTION ( 'NONE',  ( 0.7071067811865489050, -0.7071067811865462405, 0.000000000000000000 ) ) ;
#1047 = VECTOR ( 'NONE', #958, 1000.000000000000000 ) ;
#1048 = ORIENTED_EDGE ( 'NONE', *, *, #3420, .T. ) ;
#1049 = CARTESIAN_POINT ( 'NONE',  ( 33.12241018499477718, 30.61243884614891186, 1.614282287139896743 ) ) ;
#1050 = CYLINDRICAL_SURFACE ( 'NONE', #7694, 2.756000000000000227 ) ;
#1051 = AXIS2_PLACEMENT_3D ( 'NONE', #4919, #142, #2237 ) ;
#1052 = ORIENTED_EDGE ( 'NONE', *, *, #726, .F. ) ;
#1053 = CARTESIAN_POINT ( 'NONE',  ( 20.92256141265937686, 21.65133559375629346, 8.684908183963425898 ) ) ;
#1054 = EDGE_LOOP ( 'NONE', ( #2571, #5361, #4642, #7187, #2878 ) ) ;
#1055 = CIRCLE ( 'NONE', #7710, 3.174999999999994049 ) ;
#1056 = CARTESIAN_POINT ( 'NONE',  ( -0.1338812189225029314, 3.633238867834191588, 61.31276431834557172 ) ) ;
#1057 = DIRECTION ( 'NONE',  ( -0.7674234614174803015, 0.6123724356957915838, -0.1898979485566309189 ) ) ;
#1058 = CARTESIAN_POINT ( 'NONE',  ( 22.71080392662279124, 26.60837650452048919, 4.206084235070351340 ) ) ;
#1059 = CARTESIAN_POINT ( 'NONE',  ( 15.86351403455731379, 20.88610788318189648, 14.92745224330252007 ) ) ;
#1060 = ADVANCED_FACE ( 'NONE', ( #6493 ), #2463, .T. ) ;
#1061 = CARTESIAN_POINT ( 'NONE',  ( 30.51229894781823049, 30.51229894781813101, -1.495190528383337547 ) ) ;
#1062 = AXIS2_PLACEMENT_3D ( 'NONE', #5768, #6567, #8655 ) ;
#1063 = CARTESIAN_POINT ( 'NONE',  ( -4.074801908667914141, -29.40116983419895291, 0.8331596644452037292 ) ) ;
#1064 = B_SPLINE_CURVE_WITH_KNOTS ( 'NONE', 3,
 ( #2265, #3672, #7706, #4289, #1098, #6995 ),
 .UNSPECIFIED., .F., .F.,
 ( 4, 2, 4 ),
 ( 0.000000000000000000, 0.0003066267649626091543, 0.0006132535299252183086 ),
 .UNSPECIFIED. ) ;
#1065 = ORIENTED_EDGE ( 'NONE', *, *, #1666, .F. ) ;
#1066 = CARTESIAN_POINT ( 'NONE',  ( 31.27326436064610604, 26.89241238731139561, 0.4758604582840259001 ) ) ;
#1067 = CARTESIAN_POINT ( 'NONE',  ( 26.73341504074834418, 24.95581996643633715, 4.608871651406110104 ) ) ;
#1068 = CARTESIAN_POINT ( 'NONE',  ( 24.84108672233712767, 28.13433667420911277, 3.492943810501004887 ) ) ;
#1069 = AXIS2_PLACEMENT_3D ( 'NONE', #1716, #7879, #1802 ) ;
#1070 = CARTESIAN_POINT ( 'NONE',  ( 24.75321323110868477, 19.96453734829143301, 4.484331852490619497 ) ) ;
#1071 = CARTESIAN_POINT ( 'NONE',  ( 3.223946887768383895, 3.223863894258190754, 54.30085439827178106 ) ) ;
#1072 = LOCAL_TIME ( 1, 31, 28.00000000000000000, #5346 ) ;
#1073 = DIRECTION ( 'NONE',  ( -0.7674234614174771929, 0.6123724356957942483, -0.1898979485566349434 ) ) ;
#1074 = CYLINDRICAL_SURFACE ( 'NONE', #4052, 0.1270000000000016949 ) ;
#1075 = CARTESIAN_POINT ( 'NONE',  ( 4.659345602109323359, 2.333177550288373148, 62.48125000429726583 ) ) ;
#1076 = CARTESIAN_POINT ( 'NONE',  ( 28.87557735704643491, 31.70506170992056028, 1.965135673094855262 ) ) ;
#1077 = CARTESIAN_POINT ( 'NONE',  ( 32.45526912116719132, 30.02774060727195859, 1.040679384218714976 ) ) ;
#1078 = DIRECTION ( 'NONE',  ( -1.449435587473489291E-16, 1.000000000000000000, -0.000000000000000000 ) ) ;
#1079 = ORIENTED_EDGE ( 'NONE', *, *, #2210, .T. ) ;
#1080 = VECTOR ( 'NONE', #8547, 1000.000000000000000 ) ;
#1081 = CARTESIAN_POINT ( 'NONE',  ( 0.3067949392096698813, 3.861854128343500836, 61.52577821010248726 ) ) ;
#1082 = CARTESIAN_POINT ( 'NONE',  ( 29.64553728097406449, 32.44471959641077774, 1.313719844165528894 ) ) ;
#1083 = CARTESIAN_POINT ( 'NONE',  ( 22.92923100215028853, 19.12651350970599751, 6.946623099233937282 ) ) ;
#1084 = EDGE_LOOP ( 'NONE', ( #1442, #6496, #4205, #7370, #417, #7820, #6735, #5469, #5373, #6991, #782, #2641, #1939, #8366, #5195, #478, #2292, #3625, #6456, #2839, #4454, #233, #5786, #6157, #5351, #2080, #5441, #205, #8065, #4436, #7331, #1899, #2169, #2786, #2938, #1368, #2755, #2531, #4365, #1412, #329, #6492, #4199, #8417, #5294, #3805, #1547, #3748, #4896, #128, #4629, #827, #3697, #7791, #3883, #1754, #3413, #4144, #1165 ) ) ;
#1085 = CARTESIAN_POINT ( 'NONE',  ( 28.35512789405540701, 31.29593298793410128, -2.626172941513833958 ) ) ;
#1086 = DIRECTION ( 'NONE',  ( -1.000000000000000000, 0.000000000000000000, 0.000000000000000000 ) ) ;
#1087 = VECTOR ( 'NONE', #7988, 1000.000000000000000 ) ;
#1088 = CARTESIAN_POINT ( 'NONE',  ( -8.431887326654132764, -10.15749502186990405, 56.99375000429726157 ) ) ;
#1089 = CARTESIAN_POINT ( 'NONE',  ( 31.92738268897936393, 27.44640571519510175, -3.756599135693524882 ) ) ;
#1090 = ORIENTED_EDGE ( 'NONE', *, *, #3671, .T. ) ;
#1091 = CYLINDRICAL_SURFACE ( 'NONE', #488, 3.174999999999992273 ) ;
#1092 = CARTESIAN_POINT ( 'NONE',  ( 2.030690022762220881, 4.243007580729762473, 57.11875000429726157 ) ) ;
#1093 = CARTESIAN_POINT ( 'NONE',  ( -0.1054574384922896679, 3.075659994276028097, 61.17528433408418209 ) ) ;
#1094 = CARTESIAN_POINT ( 'NONE',  ( 21.70027440599303858, 22.42904858708995874, 8.049908183963429664 ) ) ;
#1095 = ORIENTED_EDGE ( 'NONE', *, *, #1176, .T. ) ;
#1096 = CARTESIAN_POINT ( 'NONE',  ( -1.286748890805641699, 4.553326531074873174, 62.64335909953926063 ) ) ;
#1097 = CARTESIAN_POINT ( 'NONE',  ( 20.24905380265654742, 24.04298290178412500, 7.296690967454537713 ) ) ;
#1098 = CARTESIAN_POINT ( 'NONE',  ( 24.34351091003196998, 17.27244309816633461, 2.515765557158499810 ) ) ;
#1099 = CARTESIAN_POINT ( 'NONE',  ( -0.5979653602172937399, -13.84716238882884909, 55.15625000429731273 ) ) ;
#1100 = ORIENTED_EDGE ( 'NONE', *, *, #8169, .F. ) ;
#1101 = CARTESIAN_POINT ( 'NONE',  ( 3.500448789616825263, -29.39158239197321620, 14.60528085479239380 ) ) ;
#1102 = ORIENTED_EDGE ( 'NONE', *, *, #6520, .F. ) ;
#1103 = LINE ( 'NONE', #6468, #3350 ) ;
#1104 = CARTESIAN_POINT ( 'NONE',  ( 25.38052459273905370, 28.62319783633547488, 0.7760282512660408027 ) ) ;
#1105 = CARTESIAN_POINT ( 'NONE',  ( 24.54873627604041175, 26.95026745235209376, -0.7041131316728871381 ) ) ;
#1106 = DIRECTION ( 'NONE',  ( -0.4999999999999980016, 0.000000000000000000, 0.8660254037844399289 ) ) ;
#1107 =( BOUNDED_CURVE ( )  B_SPLINE_CURVE ( 2, ( #4138, #6795, #102, #2816, #3340, #641, #2681, #8702, #6037 ),
 .UNSPECIFIED., .F., .T. ) 
 B_SPLINE_CURVE_WITH_KNOTS ( ( 3, 2, 2, 2, 3 ),
 ( 0.1948829617169374195, 0.1973698624897019249, 0.1998567632624664026, 0.2023436640352308802, 0.2048305648079953856 ),
 .UNSPECIFIED. ) 
 CURVE ( )  GEOMETRIC_REPRESENTATION_ITEM ( )  RATIONAL_B_SPLINE_CURVE ( ( 0.9999999999998722133, 0.9238795325114145252, 1.000000000000000000, 0.9238795325112867385, 1.000000000000000000, 0.9238795325112867385, 1.000000000000000000, 0.9238795325112867385, 1.000000000000000000 ) ) 
 REPRESENTATION_ITEM ( '' )  );
#1108 = CARTESIAN_POINT ( 'NONE',  ( 2.030690022762220881, 4.243007580729762473, 57.11875000429726157 ) ) ;
#1109 = VERTEX_POINT ( 'NONE', #4491 ) ;
#1110 = CARTESIAN_POINT ( 'NONE',  ( -0.5763899000643816217, 4.706053721381478816, 61.73247457585356557 ) ) ;
#1111 = CARTESIAN_POINT ( 'NONE',  ( 21.24777679980963541, 25.62862877314413979, 3.476883484949323755 ) ) ;
#1112 = CARTESIAN_POINT ( 'NONE',  ( 2.282983191323715300, 3.972863345494077159, 61.45243411243935583 ) ) ;
#1113 = CARTESIAN_POINT ( 'NONE',  ( -14.36178466311282165, -3.847162523967251335, 54.33125000429726015 ) ) ;
#1114 = EDGE_CURVE ( 'NONE', #4785, #2146, #5566, .T. ) ;
#1115 = CARTESIAN_POINT ( 'NONE',  ( 33.54771762045653816, 29.11944153338271946, -1.353159551452827403 ) ) ;
#1116 = CARTESIAN_POINT ( 'NONE',  ( 25.88251388714299850, 26.72153356066545982, -2.009779003654705409 ) ) ;
#1117 = CARTESIAN_POINT ( 'NONE',  ( 31.05479038428527971, 27.15721780638852678, 0.006248195257268917766 ) ) ;
#1118 = EDGE_CURVE ( 'NONE', #4104, #7482, #3972, .T. ) ;
#1119 = B_SPLINE_CURVE_WITH_KNOTS ( 'NONE', 1,
 ( #4390, #1026 ),
 .UNSPECIFIED., .F., .F.,
 ( 2, 2 ),
 ( 0.000000000000000000, 0.9815871086165353088 ),
 .UNSPECIFIED. ) ;
#1120 = CARTESIAN_POINT ( 'NONE',  ( 2.787913931746929475, -8.667827467834110067, 60.43125000429724736 ) ) ;
#1121 = DIRECTION ( 'NONE',  ( -0.7674234614174773039, 0.6123724356957941373, -0.1898979485566346381 ) ) ;
#1122 = CARTESIAN_POINT ( 'NONE',  ( -68.87945218822306970, -68.87945218822343918, 15.00000000000000000 ) ) ;
#1123 = CARTESIAN_POINT ( 'NONE',  ( 21.14314244037239376, 21.99778369415017210, 8.910693726122898894 ) ) ;
#1124 = CARTESIAN_POINT ( 'NONE',  ( 23.82751560137191760, 21.39998708747666001, 8.085210634218679360 ) ) ;
#1125 = CARTESIAN_POINT ( 'NONE',  ( 20.68472478205161380, 21.67995712172730904, 9.738360559991415144 ) ) ;
#1126 = CARTESIAN_POINT ( 'NONE',  ( 22.98420617897610185, 21.99963216564329826, 1.476471478282986416 ) ) ;
#1127 = CYLINDRICAL_SURFACE ( 'NONE', #771, 3.250000000000002665 ) ;
#1128 = EDGE_LOOP ( 'NONE', ( #8451, #5516, #468, #3522 ) ) ;
#1129 = DIRECTION ( 'NONE',  ( 0.6123724356957943593, 0.6123724356957965798, -0.4999999999999980016 ) ) ;
#1130 = CARTESIAN_POINT ( 'NONE',  ( -3.847162322546356261, -13.84716242073069736, 58.76875000429726015 ) ) ;
#1131 = CARTESIAN_POINT ( 'NONE',  ( 18.85601834925810749, 20.94062304907382810, 4.482159095838414764 ) ) ;
#1132 = ORIENTED_EDGE ( 'NONE', *, *, #3766, .F. ) ;
#1133 = CARTESIAN_POINT ( 'NONE',  ( 23.28306848546158392, 20.47483108033478061, 4.102509246279410604 ) ) ;
#1134 = CARTESIAN_POINT ( 'NONE',  ( 23.01438455191324195, 20.61285337560132191, 8.704982074906157052 ) ) ;
#1135 = ORIENTED_EDGE ( 'NONE', *, *, #6093, .T. ) ;
#1136 = CARTESIAN_POINT ( 'NONE',  ( -2.708544486114317529, 4.247640463478555617, 62.56026422960749045 ) ) ;
#1137 = CARTESIAN_POINT ( 'NONE',  ( -4.686492420017873251, -29.49177877139949189, 13.34991605212887045 ) ) ;
#1138 = CARTESIAN_POINT ( 'NONE',  ( 19.31019912683775885, 24.09887500966108931, 6.374037090737903810 ) ) ;
#1139 = LINE ( 'NONE', #7348, #3603 ) ;
#1140 = CARTESIAN_POINT ( 'NONE',  ( 5.663402772561845211, -6.937332271101833925, 58.31875000429730704 ) ) ;
#1141 = CARTESIAN_POINT ( 'NONE',  ( 19.56974739172205702, 22.26325393498177263, 0.000000000000000000 ) ) ;
#1142 = DIRECTION ( 'NONE',  ( -0.7071067811865487940, 0.7071067811865462405, 0.000000000000000000 ) ) ;
#1143 = VERTEX_POINT ( 'NONE', #6128 ) ;
#1144 = CARTESIAN_POINT ( 'NONE',  ( 24.32409688748888854, 25.04459279295464924, -0.1306348107709255912 ) ) ;
#1145 = CARTESIAN_POINT ( 'NONE',  ( 27.04330244354996537, 23.80062919995331683, 3.256090691967250539 ) ) ;
#1146 = DIRECTION ( 'NONE',  ( 0.000000000000000000, 0.000000000000000000, 1.000000000000000000 ) ) ;
#1147 = CARTESIAN_POINT ( 'NONE',  ( -9.642892899347105029, 3.903173725404283090, 55.00000000000000711 ) ) ;
#1148 = CARTESIAN_POINT ( 'NONE',  ( 2.030690181626937374, -11.93733230676918566, 59.04375000429725873 ) ) ;
#1149 = CARTESIAN_POINT ( 'NONE',  ( -4.235152977625296522, 3.919419622122255031, 62.30519544221463235 ) ) ;
#1150 = ORIENTED_EDGE ( 'NONE', *, *, #4627, .F. ) ;
#1151 = DIRECTION ( 'NONE',  ( 0.000000000000000000, 0.000000000000000000, 1.000000000000000000 ) ) ;
#1152 = CARTESIAN_POINT ( 'NONE',  ( 3.919597934379546178, 2.528212847890608739, 53.25761827937763115 ) ) ;
#1153 = CARTESIAN_POINT ( 'NONE',  ( 28.42618671762537019, 30.85371523152040396, -3.914185440985387565 ) ) ;
#1154 = CARTESIAN_POINT ( 'NONE',  ( 30.30593966543370499, 25.46542484555383723, -0.03562367445505073421 ) ) ;
#1155 = CARTESIAN_POINT ( 'NONE',  ( 26.13434063564484688, 27.11891464897744797, 5.254397464950474550 ) ) ;
#1156 = CARTESIAN_POINT ( 'NONE',  ( -10.48223867854489022, -8.667827598125645849, 59.60625000429725873 ) ) ;
#1157 = EDGE_CURVE ( 'NONE', #3478, #6279, #8426, .T. ) ;
#1158 = EDGE_CURVE ( 'NONE', #7532, #8541, #5714, .T. ) ;
#1159 = CARTESIAN_POINT ( 'NONE',  ( -0.7287301025339313343, 3.782832165395937807, 61.57581128987352770 ) ) ;
#1160 = DIRECTION ( 'NONE',  ( -0.7071067811865484609, 0.7071067811865467956, 0.000000000000000000 ) ) ;
#1161 = CARTESIAN_POINT ( 'NONE',  ( 23.96711598548266053, 16.89604817361702871, 12.99999999999973177 ) ) ;
#1162 = ORIENTED_EDGE ( 'NONE', *, *, #1114, .F. ) ;
#1163 = CARTESIAN_POINT ( 'NONE',  ( 22.45831993414431693, 21.61930026062161403, 9.375647946887983863 ) ) ;
#1164 = CARTESIAN_POINT ( 'NONE',  ( 22.52880973209711257, 17.68829491221721995, 6.314376325544930779 ) ) ;
#1165 = ORIENTED_EDGE ( 'NONE', *, *, #4470, .T. ) ;
#1166 = CARTESIAN_POINT ( 'NONE',  ( 27.37750295339913009, 30.82621644756483192, -2.327477471971265199 ) ) ;
#1167 = CARTESIAN_POINT ( 'NONE',  ( 31.77334735221897688, 31.49189985248457191, 1.249033221483828004 ) ) ;
#1168 = DIRECTION ( 'NONE',  ( 0.6123724356957943593, 0.6123724356957964687, -0.4999999999999978351 ) ) ;
#1169 = EDGE_CURVE ( 'NONE', #3886, #5326, #4029, .T. ) ;
#1170 = CARTESIAN_POINT ( 'NONE',  ( 4.659345723471169265, -10.02750222470952046, 59.18125000429726157 ) ) ;
#1171 = CARTESIAN_POINT ( 'NONE',  ( 23.96711598548266053, 16.89604817361702871, 12.99999999999973177 ) ) ;
#1172 = VERTEX_POINT ( 'NONE', #8135 ) ;
#1173 = CARTESIAN_POINT ( 'NONE',  ( 25.27520317824773244, 23.49760810393572186, 5.799496651406103709 ) ) ;
#1174 = PLANE ( 'NONE',  #2773 ) ;
#1175 = ORIENTED_EDGE ( 'NONE', *, *, #8774, .F. ) ;
#1176 = EDGE_CURVE ( 'NONE', #5416, #937, #1271, .T. ) ;
#1177 = CARTESIAN_POINT ( 'NONE',  ( -3.173472473787589010, 3.015032709238068431, 61.14602571069509196 ) ) ;
#1178 = AXIS2_PLACEMENT_3D ( 'NONE', #1951, #5170, #1142 ) ;
#1179 = APPROVAL_STATUS ( 'not_yet_approved' ) ;
#1180 = CARTESIAN_POINT ( 'NONE',  ( -11.64716242073014918, -3.847162420730699584, 55.83124999992847393 ) ) ;
#1181 = CARTESIAN_POINT ( 'NONE',  ( 3.571078382706458942, -1.436829791770927400, 55.34375000429725588 ) ) ;
#1182 = EDGE_CURVE ( 'NONE', #8128, #6368, #2544, .T. ) ;
#1183 = CARTESIAN_POINT ( 'NONE',  ( -12.35367056493147331, 2.333177383248123959, 59.55625000429728999 ) ) ;
#1184 = ORIENTED_EDGE ( 'NONE', *, *, #2028, .F. ) ;
#1185 = CYLINDRICAL_SURFACE ( 'NONE', #6429, 3.174999999999992273 ) ;
#1186 = AXIS2_PLACEMENT_3D ( 'NONE', #7283, #6615, #3249 ) ;
#1187 = CONICAL_SURFACE ( 'NONE', #1476, 2.755899999999994687, 0.7853981633974576049 ) ;
#1188 = CARTESIAN_POINT ( 'NONE',  ( 24.73883050793916638, 20.84125793003877192, 4.810004054758688419 ) ) ;
#1189 = VECTOR ( 'NONE', #6448, 999.9999999999998863 ) ;
#1190 = ORIENTED_EDGE ( 'NONE', *, *, #1554, .F. ) ;
#1191 = FACE_OUTER_BOUND ( 'NONE', #2112, .T. ) ;
#1192 = CARTESIAN_POINT ( 'NONE',  ( 26.39170038225770298, 29.93624177557187238, 0.9238544440459444118 ) ) ;
#1193 = DIRECTION ( 'NONE',  ( 1.000000000000000000, 0.000000000000000000, 0.000000000000000000 ) ) ;
#1194 = CARTESIAN_POINT ( 'NONE',  ( -1.757669868906925892, -35.95992243406082878, 12.19325240168031677 ) ) ;
#1195 = CIRCLE ( 'NONE', #2905, 5.100000000000000533 ) ;
#1196 = AXIS2_PLACEMENT_3D ( 'NONE', #2992, #5683, #5145 ) ;
#1197 = CARTESIAN_POINT ( 'NONE',  ( -0.5979653602172937399, -13.84716238882884909, 56.15625000429724878 ) ) ;
#1198 = ORIENTED_EDGE ( 'NONE', *, *, #3256, .T. ) ;
#1199 = CARTESIAN_POINT ( 'NONE',  ( 18.74206945095142274, 18.94130922396938743, 4.743703389318585373 ) ) ;
#1200 = EDGE_CURVE ( 'NONE', #3963, #4104, #6414, .T. ) ;
#1201 = CARTESIAN_POINT ( 'NONE',  ( 2.325275327607589482, 3.960261072118492987, 62.73764192218298064 ) ) ;
#1202 = CARTESIAN_POINT ( 'NONE',  ( 4.659345602109323359, 2.333177550288373148, 58.73125000429725873 ) ) ;
#1203 = VECTOR ( 'NONE', #5495, 1000.000000000000000 ) ;
#1204 = CARTESIAN_POINT ( 'NONE',  ( 28.09786436371277318, 30.92734871658689855, 2.600135673094853939 ) ) ;
#1205 = CARTESIAN_POINT ( 'NONE',  ( 29.53064746727226364, 28.69162779374958561, 3.601116696888021274 ) ) ;
#1206 = CARTESIAN_POINT ( 'NONE',  ( 27.56669487064555923, 31.94754684397999611, -1.682491515050866804 ) ) ;
#1207 = CARTESIAN_POINT ( 'NONE',  ( 24.79444992713207796, 24.07395402166607923, 6.861503754004231403 ) ) ;
#1208 = VECTOR ( 'NONE', #5648, 1000.000000000000000 ) ;
#1209 = CARTESIAN_POINT ( 'NONE',  ( 2.121320343559776944, -2.121320343559735200, 13.00000000000000000 ) ) ;
#1210 = EDGE_CURVE ( 'NONE', #6835, #8128, #1637, .T. ) ;
#1211 = CARTESIAN_POINT ( 'NONE',  ( -1.531217307810449846, 3.604873888695208084, 61.51394534346437126 ) ) ;
#1212 = CARTESIAN_POINT ( 'NONE',  ( -30.54200919156631855, -1.754464807094121559, 2.809151394679396230 ) ) ;
#1213 = EDGE_CURVE ( 'NONE', #6683, #7941, #1355, .T. ) ;
#1214 = ORIENTED_EDGE ( 'NONE', *, *, #8202, .T. ) ;
#1215 = CARTESIAN_POINT ( 'NONE',  ( 28.82205348642538212, 32.36659487973956573, -1.060520555954046484 ) ) ;
#1216 = CARTESIAN_POINT ( 'NONE',  ( 20.82625420257478410, 17.99676984970041715, 4.289483270138429560 ) ) ;
#1217 = VERTEX_POINT ( 'NONE', #20 ) ;
#1218 = CARTESIAN_POINT ( 'NONE',  ( 28.18383171461657710, 31.69998443110985775, -4.974816131912484174 ) ) ;
#1219 = CARTESIAN_POINT ( 'NONE',  ( 21.24584011930306815, 22.07587440807441581, 1.822043857498191199 ) ) ;
#1220 = VECTOR ( 'NONE', #4089, 1000.000000000000000 ) ;
#1221 = EDGE_LOOP ( 'NONE', ( #4032, #3658, #5906 ) ) ;
#1222 = CARTESIAN_POINT ( 'NONE',  ( 4.727341035504160516, -29.54600774945140174, 1.736538555827231489 ) ) ;
#1223 = CARTESIAN_POINT ( 'NONE',  ( -13.35772755334122408, -6.937332457858510715, 55.46875000429726299 ) ) ;
#1224 = EDGE_CURVE ( 'NONE', #2664, #750, #737, .T. ) ;
#1225 = CARTESIAN_POINT ( 'NONE',  ( 22.95381409212579271, 16.18533155234902310, 13.93397299992820670 ) ) ;
#1226 = EDGE_LOOP ( 'NONE', ( #3939, #4448 ) ) ;
#1227 = AXIS2_PLACEMENT_3D ( 'NONE', #2832, #6812, #659 ) ;
#1228 = CARTESIAN_POINT ( 'NONE',  ( 23.89341592236375433, 20.34887452904935401, 4.854514499187351895 ) ) ;
#1229 = CARTESIAN_POINT ( 'NONE',  ( 22.62120730980913308, 18.24035533647437646, 7.540235458283937930 ) ) ;
#1230 = VECTOR ( 'NONE', #5570, 1000.000000000000227 ) ;
#1231 = ADVANCED_FACE ( 'NONE', ( #7510 ), #4145, .F. ) ;
#1232 = LINE ( 'NONE', #6224, #8732 ) ;
#1233 = DATE_TIME_ROLE ( 'creation_date' ) ;
#1234 = DIRECTION ( 'NONE',  ( 1.000000000000000000, 0.000000000000000000, 0.000000000000000000 ) ) ;
#1235 = ADVANCED_FACE ( 'NONE', ( #2285 ), #598, .T. ) ;
#1236 = CARTESIAN_POINT ( 'NONE',  ( 25.91405475981158801, 30.29490673314610660, -0.3331165150506562589 ) ) ;
#1237 = PRODUCT ( 'base1', 'base1', '', ( #2521 ) ) ;
#1238 = CARTESIAN_POINT ( 'NONE',  ( -12.35367044356962651, -10.02750239174977054, 57.35625000429730136 ) ) ;
#1239 = AXIS2_PLACEMENT_3D ( 'NONE', #4915, #4389, #2357 ) ;
#1240 = CARTESIAN_POINT ( 'NONE',  ( -13.89259988599082618, -3.904677768598913357, 54.99999999999997868 ) ) ;
#1241 = DIRECTION ( 'NONE',  ( 0.000000000000000000, -0.8660254037844362651, -0.5000000000000039968 ) ) ;
#1242 = ORIENTED_EDGE ( 'NONE', *, *, #2111, .T. ) ;
#1243 = EDGE_CURVE ( 'NONE', #3115, #8072, #350, .T. ) ;
#1244 = CARTESIAN_POINT ( 'NONE',  ( 26.59978996006546836, 30.04850345423117020, -1.692477471971266523 ) ) ;
#1245 = CARTESIAN_POINT ( 'NONE',  ( 28.65468792999389436, 31.46292533512047740, 0.3264846969538784394 ) ) ;
#1246 = CARTESIAN_POINT ( 'NONE',  ( 26.58713339370800810, 27.44177464748580419, 4.465693726122914597 ) ) ;
#1247 = CARTESIAN_POINT ( 'NONE',  ( -37.13369146610119031, -4.010889692352506586, 14.22628000152508321 ) ) ;
#1248 =( BOUNDED_CURVE ( )  B_SPLINE_CURVE ( 2, ( #4286, #2798, #2173, #8198, #4903, #5486, #6992, #6913, #2129, #4852, #843 ),
 .UNSPECIFIED., .F., .T. ) 
 B_SPLINE_CURVE_WITH_KNOTS ( ( 3, 2, 2, 2, 2, 3 ),
 ( 0.1356639159995408350, 0.1372107774579000017, 0.1393704791946397403, 0.1415301809313794790, 0.1436898826681191899, 0.1443027229465108641 ),
 .UNSPECIFIED. ) 
 CURVE ( )  GEOMETRIC_REPRESENTATION_ITEM ( )  RATIONAL_B_SPLINE_CURVE ( ( 0.9690584114094786816, 0.9454795931551530641, 1.000000000000000000, 0.9238795325112867385, 1.000000000000000000, 0.9238795325112867385, 1.000000000000000000, 0.9238795325112867385, 1.000000000000000000, 0.9783999393557422097, 0.9690584114091400636 ) ) 
 REPRESENTATION_ITEM ( '' )  );
#1249 = CARTESIAN_POINT ( 'NONE',  ( -7.096359284875418005, -13.84716245263254208, 58.63125000429726441 ) ) ;
#1250 = CARTESIAN_POINT ( 'NONE',  ( -29.36976139019106569, 3.326745685835222677, 14.69771561814155980 ) ) ;
#1251 = ORIENTED_EDGE ( 'NONE', *, *, #5508, .T. ) ;
#1252 = CARTESIAN_POINT ( 'NONE',  ( 25.23457858782099450, 28.52782853969299026, 3.171659047710557733 ) ) ;
#1253 = CARTESIAN_POINT ( 'NONE',  ( 25.17867105498186575, 24.45817514951587057, 6.547788516794674329 ) ) ;
#1254 = DIRECTION ( 'NONE',  ( 0.6123724356957942483, 0.6123724356957963577, -0.4999999999999978906 ) ) ;
#1255 = CARTESIAN_POINT ( 'NONE',  ( 30.12213014116620968, 27.69460162727097696, 2.945679384218705010 ) ) ;
#1256 = CARTESIAN_POINT ( 'NONE',  ( 30.75323445501343045, 28.66862975519747891, 1.848050084604418997 ) ) ;
#1257 =( BOUNDED_CURVE ( )  B_SPLINE_CURVE ( 2, ( #4833, #7549, #1485, #4185, #8265, #2863, #3566, #5551, #7602 ),
 .UNSPECIFIED., .F., .T. ) 
 B_SPLINE_CURVE_WITH_KNOTS ( ( 3, 2, 2, 2, 3 ),
 ( 0.03333333333333314552, 0.04166666666666656027, 0.04999999999999998890, 0.05833333333333340365, 0.06666666666666681840 ),
 .UNSPECIFIED. ) 
 CURVE ( )  GEOMETRIC_REPRESENTATION_ITEM ( )  RATIONAL_B_SPLINE_CURVE ( ( 1.000000000000001554, 0.9238795325112849621, 1.000000000000000000, 0.9238795325112867385, 1.000000000000000000, 0.9238795325112867385, 1.000000000000000000, 0.9238795325112852952, 1.000000000000001332 ) ) 
 REPRESENTATION_ITEM ( '' )  );
#1258 = LINE ( 'NONE', #6658, #5576 ) ;
#1259 = CARTESIAN_POINT ( 'NONE',  ( 33.13323466231420156, 30.62140571519545773, 1.608826850973605449 ) ) ;
#1260 = CARTESIAN_POINT ( 'NONE',  ( 29.51670531527744146, 24.72802943246005469, 0.5949568524907486999 ) ) ;
#1261 = CARTESIAN_POINT ( 'NONE',  ( 22.52592986614897086, 21.69589557737737451, 9.274450085735086446 ) ) ;
#1262 = ORIENTED_EDGE ( 'NONE', *, *, #4323, .F. ) ;
#1263 = CARTESIAN_POINT ( 'NONE',  ( 20.75334360944975387, 17.92385925657539403, 4.349014520138424267 ) ) ;
#1264 = CARTESIAN_POINT ( 'NONE',  ( -3.847162420730151577, -3.847162420730698251, 65.00000000000000000 ) ) ;
#1265 = ORIENTED_EDGE ( 'NONE', *, *, #7361, .T. ) ;
#1266 = CARTESIAN_POINT ( 'NONE',  ( 0.7375626091084444003, -10.15749493184066843, 56.79375000429725873 ) ) ;
#1267 = CARTESIAN_POINT ( 'NONE',  ( 20.79566546377523295, 22.88027016359093935, 2.898443858628882985 ) ) ;
#1268 = EDGE_CURVE ( 'NONE', #7135, #4053, #5857, .T. ) ;
#1269 = CC_DESIGN_DATE_AND_TIME_ASSIGNMENT ( #3361, #1893, ( #7843 ) ) ;
#1270 = ORIENTED_EDGE ( 'NONE', *, *, #4241, .T. ) ;
#1271 = LINE ( 'NONE', #8184, #1908 ) ;
#1272 = DIRECTION ( 'NONE',  ( 0.8660254037844397068, 1.255248039901264634E-16, 0.4999999999999979461 ) ) ;
#1273 = DIRECTION ( 'NONE',  ( 1.000000000000000000, 0.000000000000000000, 0.000000000000000000 ) ) ;
#1274 = ORIENTED_EDGE ( 'NONE', *, *, #2680, .T. ) ;
#1275 = CARTESIAN_POINT ( 'NONE',  ( 22.50535549212792574, 19.69711808700111888, 4.737509246279407726 ) ) ;
#1276 = LINE ( 'NONE', #6381, #8290 ) ;
#1277 = ORIENTED_EDGE ( 'NONE', *, *, #8180, .T. ) ;
#1278 = CARTESIAN_POINT ( 'NONE',  ( 20.83400727198080560, 18.03482495654383300, 4.305899099067745261 ) ) ;
#1279 = CARTESIAN_POINT ( 'NONE',  ( -3.412999899093758671, -29.11626422720041063, 0.3396886777624947285 ) ) ;
#1280 = ORIENTED_EDGE ( 'NONE', *, *, #7354, .F. ) ;
#1281 = CARTESIAN_POINT ( 'NONE',  ( 22.88699205480939014, 21.90241804147659366, 1.555846478282982392 ) ) ;
#1282 = EDGE_CURVE ( 'NONE', #5748, #4557, #2481, .T. ) ;
#1283 = CARTESIAN_POINT ( 'NONE',  ( 24.17663329647645298, 19.79578132314170347, 6.270235458283944574 ) ) ;
#1284 = EDGE_CURVE ( 'NONE', #4687, #7741, #6657, .T. ) ;
#1285 = VERTEX_POINT ( 'NONE', #537 ) ;
#1286 = CARTESIAN_POINT ( 'NONE',  ( 4.674151223109870301, -36.76803758660795296, 13.59294890425820768 ) ) ;
#1287 = CARTESIAN_POINT ( 'NONE',  ( 27.87697493666023618, 30.68521234178681567, 0.9614846969538750621 ) ) ;
#1288 = CARTESIAN_POINT ( 'NONE',  ( -9.725014864222524480, -11.93733242219115631, 60.24375000429725446 ) ) ;
#1289 = DIRECTION ( 'NONE',  ( -0.7071067811865492381, 0.7071067811865457964, 0.000000000000000000 ) ) ;
#1290 = CARTESIAN_POINT ( 'NONE',  ( -14.86029993216165046, -3.847162420730696031, 54.26348434466141413 ) ) ;
#1291 = CARTESIAN_POINT ( 'NONE',  ( -29.53019251500152720, 4.601892181104585866, 13.50622072177626087 ) ) ;
#1292 = EDGE_LOOP ( 'NONE', ( #1677, #1566, #1100, #6141, #4322, #5694, #2865, #3252 ) ) ;
#1293 = CARTESIAN_POINT ( 'NONE',  ( 28.93488904955819052, 25.48617555539226487, 3.184596415204585362 ) ) ;
#1294 = DIRECTION ( 'NONE',  ( -1.000000000000000000, 0.000000000000000000, 0.000000000000000000 ) ) ;
#1295 = CARTESIAN_POINT ( 'NONE',  ( 20.16999643558843758, 23.71453782890257855, 6.003854444045919614 ) ) ;
#1296 =( BOUNDED_CURVE ( )  B_SPLINE_CURVE ( 2, ( #1757, #4805, #5347, #2078, #6191, #29, #6905, #792, #7518, #4675, #2029 ),
 .UNSPECIFIED., .F., .T. ) 
 B_SPLINE_CURVE_WITH_KNOTS ( ( 3, 2, 2, 2, 2, 3 ),
 ( 0.7829579140862689135, 0.7853225935385330647, 0.7936559268718664795, 0.8019892602051997832, 0.8103225935385331979, 0.8162912474196022394 ),
 .UNSPECIFIED. ) 
 CURVE ( )  GEOMETRIC_REPRESENTATION_ITEM ( )  RATIONAL_B_SPLINE_CURVE ( ( 0.9690584114092970491, 0.9783999393559237312, 1.000000000000000000, 0.9238795325112867385, 1.000000000000000000, 0.9238795325112867385, 1.000000000000000000, 0.9238795325112867385, 1.000000000000000000, 0.9454795931553640065, 0.9690584114092961610 ) ) 
 REPRESENTATION_ITEM ( '' )  );
#1297 = DIRECTION ( 'NONE',  ( -0.000000000000000000, -0.000000000000000000, -1.000000000000000000 ) ) ;
#1298 = CARTESIAN_POINT ( 'NONE',  ( 21.23011442670564719, 25.12768700460576099, 4.492504054758473586 ) ) ;
#1299 = LINE ( 'NONE', #4747, #1618 ) ;
#1300 = CARTESIAN_POINT ( 'NONE',  ( 22.35614669279456024, 18.56221759366746582, 4.752302975779186589 ) ) ;
#1301 = DIRECTION ( 'NONE',  ( 0.4999999999999976130, 0.000000000000000000, -0.8660254037844399289 ) ) ;
#1302 = EDGE_LOOP ( 'NONE', ( #5112, #1540, #730, #6845 ) ) ;
#1303 = CARTESIAN_POINT ( 'NONE',  ( 21.33719096839971741, 20.34195862872375926, 2.786883383241852030 ) ) ;
#1304 = CARTESIAN_POINT ( 'NONE',  ( 23.01786376205259188, 24.01309610172829778, 7.833360559991425554 ) ) ;
#1305 = CARTESIAN_POINT ( 'NONE',  ( 33.08186812848541081, 30.57541871737495143, 1.621287823969643771 ) ) ;
#1306 = CARTESIAN_POINT ( 'NONE',  ( -2.336480805930638116, -14.75619715825016165, 54.26348434466141413 ) ) ;
#1307 = ORIENTED_EDGE ( 'NONE', *, *, #6012, .F. ) ;
#1308 = B_SPLINE_CURVE_WITH_KNOTS ( 'NONE', 3,
 ( #3765, #7891, #5088, #3056 ),
 .UNSPECIFIED., .F., .F.,
 ( 4, 4 ),
 ( 0.000000000000000000, 0.003223989703285490629 ),
 .UNSPECIFIED. ) ;
#1309 = CARTESIAN_POINT ( 'NONE',  ( 19.21615189221206421, 22.66486538637845882, 4.336237765238108111 ) ) ;
#1310 = CARTESIAN_POINT ( 'NONE',  ( 0.7234449553220972939, -11.46496125420746814, 54.99999999999999289 ) ) ;
#1311 = CARTESIAN_POINT ( 'NONE',  ( 27.48089082096814195, 24.18764086909592947, 0.6223348955227449020 ) ) ;
#1312 = ORIENTED_EDGE ( 'NONE', *, *, #1767, .F. ) ;
#1313 = CARTESIAN_POINT ( 'NONE',  ( 25.16440682869350809, 25.77879188343839090, -0.2735824748317728927 ) ) ;
#1314 = CARTESIAN_POINT ( 'NONE',  ( -68.87945218822306970, -68.87945218822343918, 0.000000000000000000 ) ) ;
#1315 = ORIENTED_EDGE ( 'NONE', *, *, #5335, .F. ) ;
#1316 = CARTESIAN_POINT ( 'NONE',  ( -37.58039891549807976, -2.000000000000000444, 15.00000000000000000 ) ) ;
#1317 = ORIENTED_EDGE ( 'NONE', *, *, #7131, .F. ) ;
#1318 = CARTESIAN_POINT ( 'NONE',  ( -7.304969053582715866, -13.23330409282930376, 55.00000000000000000 ) ) ;
#1319 = EDGE_LOOP ( 'NONE', ( #3708, #4304, #7491, #7995, #5600, #2805, #6622, #2256, #3368, #2472, #1487, #1672 ) ) ;
#1320 = LINE ( 'NONE', #4203, #2747 ) ;
#1321 = CIRCLE ( 'NONE', #3866, 5.100000000000000533 ) ;
#1322 = EDGE_LOOP ( 'NONE', ( #6803, #5192 ) ) ;
#1323 = CARTESIAN_POINT ( 'NONE',  ( 30.56704258912453298, 26.66947001122420247, 0.05128881754911340102 ) ) ;
#1324 = CARTESIAN_POINT ( 'NONE',  ( 28.60683572054189838, 30.38443079485368514, -2.958002708172806194 ) ) ;
#1325 = CARTESIAN_POINT ( 'NONE',  ( -9.725014864222524480, -11.93733242219115631, 54.74375000429725446 ) ) ;
#1326 = DIRECTION ( 'NONE',  ( 0.000000000000000000, 0.5000000000000039968, -0.8660254037844363761 ) ) ;
#1327 = ADVANCED_FACE ( 'NONE', ( #5936 ), #1912, .T. ) ;
#1328 = AXIS2_PLACEMENT_3D ( 'NONE', #4649, #5398, #4776 ) ;
#1329 = CARTESIAN_POINT ( 'NONE',  ( 51.88409695360144980, 51.88409695360142138, -18.94519052838326800 ) ) ;
#1330 = CARTESIAN_POINT ( 'NONE',  ( 17.69371694416865992, 20.65262413805726638, 5.366244313624317641 ) ) ;
#1331 = ORIENTED_EDGE ( 'NONE', *, *, #3232, .T. ) ;
#1332 = CARTESIAN_POINT ( 'NONE',  ( 21.49229922223621969, 25.38987180013726075, 3.925227280839438393 ) ) ;
#1333 = CARTESIAN_POINT ( 'NONE',  ( 2.030690022762220881, 4.243007580729762473, 61.61875000429725446 ) ) ;
#1334 = AXIS2_PLACEMENT_3D ( 'NONE', #2505, #7152, #3868 ) ;
#1335 = CARTESIAN_POINT ( 'NONE',  ( -37.14738621360594095, 5.000000000000000000, 3.750000000000033751 ) ) ;
#1336 = AXIS2_PLACEMENT_3D ( 'NONE', #602, #5338, #2731 ) ;
#1337 = CARTESIAN_POINT ( 'NONE',  ( 21.73556016223263754, 18.79475506835371235, 8.563291884747128435 ) ) ;
#1338 = FACE_OUTER_BOUND ( 'NONE', #24, .T. ) ;
#1339 = CIRCLE ( 'NONE', #7420, 7.799999999999999822 ) ;
#1340 = EDGE_CURVE ( 'NONE', #5994, #7484, #4948, .T. ) ;
#1341 = CARTESIAN_POINT ( 'NONE',  ( -4.999999999999849898, -28.92014487765356989, 4.226589661244805131E-15 ) ) ;
#1342 = ORIENTED_EDGE ( 'NONE', *, *, #4215, .T. ) ;
#1343 = AXIS2_PLACEMENT_3D ( 'NONE', #783, #3479, #5291 ) ;
#1344 = CIRCLE ( 'NONE', #216, 3.174999999999992273 ) ;
#1345 = DIRECTION ( 'NONE',  ( 0.000000000000000000, -1.000000000000000000, 0.000000000000000000 ) ) ;
#1346 = CARTESIAN_POINT ( 'NONE',  ( 25.59480079385534523, 23.16502238083348786, 0.6960200077821198095 ) ) ;
#1347 =( BOUNDED_CURVE ( )  B_SPLINE_CURVE ( 2, ( #5143, #7950, #3112, #7812, #3827, #4483, #4567, #503, #8567, #5806, #8479 ),
 .UNSPECIFIED., .F., .T. ) 
 B_SPLINE_CURVE_WITH_KNOTS ( ( 3, 2, 2, 2, 2, 3 ),
 ( 0.1788638279989925861, 0.1804111441781698633, 0.1825714807883828950, 0.1847318173985959266, 0.1868921540088089861, 0.1875051744398605336 ),
 .UNSPECIFIED. ) 
 CURVE ( )  GEOMETRIC_REPRESENTATION_ITEM ( )  RATIONAL_B_SPLINE_CURVE ( ( 0.9690584114099554114, 0.9454795931546021714, 1.000000000000000000, 0.9238795325112867385, 1.000000000000000000, 0.9238795325112867385, 1.000000000000000000, 0.9238795325112867385, 1.000000000000000000, 0.9783999393561285673, 0.9690584114094742407 ) ) 
 REPRESENTATION_ITEM ( '' )  );
#1348 = ORIENTED_EDGE ( 'NONE', *, *, #4358, .F. ) ;
#1349 = CARTESIAN_POINT ( 'NONE',  ( 22.30876959611707377, 19.47928524324271748, 3.079014520138434019 ) ) ;
#1350 = CARTESIAN_POINT ( 'NONE',  ( 25.06578528691131780, 20.63750919983746712, 5.572309198547148235 ) ) ;
#1351 = EDGE_CURVE ( 'NONE', #6579, #5954, #154, .T. ) ;
#1352 = DIRECTION ( 'NONE',  ( 1.000000000000000000, -0.000000000000000000, -0.000000000000000000 ) ) ;
#1353 = CARTESIAN_POINT ( 'NONE',  ( 26.67847762245624565, 22.78090504455589382, 3.226288817549114896 ) ) ;
#1354 = ORIENTED_EDGE ( 'NONE', *, *, #6801, .F. ) ;
#1355 = LINE ( 'NONE', #696, #7992 ) ;
#1356 = CARTESIAN_POINT ( 'NONE',  ( 28.55558962941556089, 26.15405845310365862, 4.180607074906185439 ) ) ;
#1357 = CARTESIAN_POINT ( 'NONE',  ( 22.40569152793823449, 18.50811895003783292, 6.715004054758820118 ) ) ;
#1358 = CARTESIAN_POINT ( 'NONE',  ( 30.57656540274756907, 30.57656540274746604, -1.547663869101489897 ) ) ;
#1359 = VERTEX_POINT ( 'NONE', #3412 ) ;
#1360 = CC_DESIGN_APPROVAL ( #2191, ( #7278 ) ) ;
#1361 = CARTESIAN_POINT ( 'NONE',  ( 26.22655490236473241, 22.68201350905033920, 2.949514499187362748 ) ) ;
#1362 = CARTESIAN_POINT ( 'NONE',  ( 25.82207696673181374, 29.27079046089750847, -1.057477471971267624 ) ) ;
#1363 = CARTESIAN_POINT ( 'NONE',  ( 28.02288476861622257, 30.51117487929102268, -4.545520611680439416 ) ) ;
#1364 = CIRCLE ( 'NONE', #3052, 2.000000000000000000 ) ;
#1365 = LINE ( 'NONE', #8099, #2054 ) ;
#1366 = VERTEX_POINT ( 'NONE', #6205 ) ;
#1367 = CARTESIAN_POINT ( 'NONE',  ( 20.08791212018100225, 24.87658800299394457, 5.739037090746481162 ) ) ;
#1368 = ORIENTED_EDGE ( 'NONE', *, *, #2408, .T. ) ;
#1369 = VECTOR ( 'NONE', #294, 1000.000000000000000 ) ;
#1370 = DIRECTION ( 'NONE',  ( 0.6123724356957943593, 0.6123724356957964687, -0.4999999999999978351 ) ) ;
#1371 = CIRCLE ( 'NONE', #4342, 2.756000000000000227 ) ;
#1372 = ORIENTED_EDGE ( 'NONE', *, *, #1759, .F. ) ;
#1373 = ORIENTED_EDGE ( 'NONE', *, *, #5883, .T. ) ;
#1374 = CARTESIAN_POINT ( 'NONE',  ( -37.14738621360594095, 5.000000000000000000, 5.250000000000037303 ) ) ;
#1375 = CARTESIAN_POINT ( 'NONE',  ( 30.29040308890288458, 27.34959799502398425, 1.578291884747153873 ) ) ;
#1376 = CARTESIAN_POINT ( 'NONE',  ( -0.5979655565848825960, 6.152837611171149135, 59.00625000429725731 ) ) ;
#1377 = DIRECTION ( 'NONE',  ( 0.6123724356957943593, 0.6123724356957964687, -0.4999999999999978351 ) ) ;
#1378 = AXIS2_PLACEMENT_3D ( 'NONE', #2648, #8186, #1977 ) ;
#1379 = EDGE_CURVE ( 'NONE', #1366, #8175, #2847, .T. ) ;
#1380 = DIRECTION ( 'NONE',  ( 0.000000000000000000, 0.000000000000000000, 1.000000000000000000 ) ) ;
#1381 = CARTESIAN_POINT ( 'NONE',  ( 36.91093515555766658, 29.83986734369207738, 2.517949192431114813 ) ) ;
#1382 = ORIENTED_EDGE ( 'NONE', *, *, #6158, .F. ) ;
#1383 = CARTESIAN_POINT ( 'NONE',  ( 26.20291226585822386, 27.05755351963601640, 4.779408963332470783 ) ) ;
#1384 = DIRECTION ( 'NONE',  ( 0.000000000000000000, 0.000000000000000000, -1.000000000000000000 ) ) ;
#1385 = DIRECTION ( 'NONE',  ( -0.7071067811865492381, 0.7071067811865457964, 0.000000000000000000 ) ) ;
#1386 = CARTESIAN_POINT ( 'NONE',  ( 21.63042837462756296, 18.82219096950074899, 5.451884246279410817 ) ) ;
#1387 = CARTESIAN_POINT ( 'NONE',  ( -29.53545910048671885, -4.841117226309634702, 12.98365023101512072 ) ) ;
#1388 = CARTESIAN_POINT ( 'NONE',  ( 1.269305955438768008, 3.874006152966557259, 62.80472416290736248 ) ) ;
#1389 = EDGE_CURVE ( 'NONE', #1012, #6681, #3492, .T. ) ;
#1390 = CARTESIAN_POINT ( 'NONE',  ( 19.28119657455453506, 23.17876915245464886, 6.083788817549096173 ) ) ;
#1391 = LINE ( 'NONE', #3422, #6595 ) ;
#1392 = EDGE_CURVE ( 'NONE', #4413, #2415, #3607, .T. ) ;
#1393 = EDGE_LOOP ( 'NONE', ( #2611, #4150, #1534, #7349, #298 ) ) ;
#1394 = CARTESIAN_POINT ( 'NONE',  ( 24.64190857611805185, 21.81242422324369912, 1.174014520138437989 ) ) ;
#1395 = CARTESIAN_POINT ( 'NONE',  ( 23.30894352060300179, 22.46992384708029888, 8.681116696887999140 ) ) ;
#1396 = CARTESIAN_POINT ( 'NONE',  ( 30.51229894781823049, 30.51229894781813101, -1.495190528383337547 ) ) ;
#1397 = CARTESIAN_POINT ( 'NONE',  ( 17.84699503419169631, 21.74456761209179589, 7.254809471616630034 ) ) ;
#1398 = ORIENTED_EDGE ( 'NONE', *, *, #5152, .T. ) ;
#1399 = EDGE_LOOP ( 'NONE', ( #1714, #5948, #1789, #4737 ) ) ;
#1400 = CARTESIAN_POINT ( 'NONE',  ( 28.06858752550019886, 30.53349980545914022, -4.716147918363479796 ) ) ;
#1401 =( BOUNDED_CURVE ( )  B_SPLINE_CURVE ( 2, ( #6616, #8615, #413, #1082, #3113, #5766, #8517, #6522, #6566 ),
 .UNSPECIFIED., .F., .T. ) 
 B_SPLINE_CURVE_WITH_KNOTS ( ( 3, 2, 2, 2, 3 ),
 ( 0.8666666666666662522, 0.8749999999999995559, 0.8833333333333328596, 0.8916666666666662744, 0.8999999999999995781 ),
 .UNSPECIFIED. ) 
 CURVE ( )  GEOMETRIC_REPRESENTATION_ITEM ( )  RATIONAL_B_SPLINE_CURVE ( ( 1.000000000000003997, 0.9238795325112826307, 1.000000000000000000, 0.9238795325112867385, 1.000000000000000000, 0.9238795325112867385, 1.000000000000000000, 0.9238795325112908463, 0.9999999999999958922 ) ) 
 REPRESENTATION_ITEM ( '' )  );
#1402 = CARTESIAN_POINT ( 'NONE',  ( 1.611955410306836312, -10.50498256903873440, 54.99999999999999289 ) ) ;
#1403 = FACE_OUTER_BOUND ( 'NONE', #480, .T. ) ;
#1404 = DIRECTION ( 'NONE',  ( 0.4999999999999976685, 0.000000000000000000, -0.8660254037844399289 ) ) ;
#1405 = VERTEX_POINT ( 'NONE', #1381 ) ;
#1406 = CARTESIAN_POINT ( 'NONE',  ( 24.22814703522673696, 22.15621361828753066, 2.080503993371488836 ) ) ;
#1407 = CARTESIAN_POINT ( 'NONE',  ( 21.80489966285930947, 19.72029496304333662, 9.154334847394832053 ) ) ;
#1408 = CARTESIAN_POINT ( 'NONE',  ( 28.00934496901263060, 30.50414950794485236, -4.581089964142750048 ) ) ;
#1409 = DIRECTION ( 'NONE',  ( 0.6123724356957943593, 0.6123724356957964687, -0.4999999999999978351 ) ) ;
#1410 = ORIENTED_EDGE ( 'NONE', *, *, #2795, .F. ) ;
#1411 = FACE_OUTER_BOUND ( 'NONE', #2838, .T. ) ;
#1412 = ORIENTED_EDGE ( 'NONE', *, *, #2660, .T. ) ;
#1413 = CARTESIAN_POINT ( 'NONE',  ( 32.53079079368478688, 27.36735434238737597, -3.084701131397103779 ) ) ;
#1414 = VERTEX_POINT ( 'NONE', #134 ) ;
#1415 = CARTESIAN_POINT ( 'NONE',  ( 20.56727793064268894, 24.94812990397718622, 4.032508484949319794 ) ) ;
#1416 = CARTESIAN_POINT ( 'NONE',  ( 30.79561873819997686, 27.25107734488559785, -0.7811105008126206783 ) ) ;
#1417 = CARTESIAN_POINT ( 'NONE',  ( 2.030690181626937374, -11.93733230676918566, 60.79375000429725873 ) ) ;
#1418 = CARTESIAN_POINT ( 'NONE',  ( 19.79578132314182426, 19.79578132314167505, 7.254809471616630034 ) ) ;
#1419 = EDGE_CURVE ( 'NONE', #774, #5330, #4732, .T. ) ;
#1420 = DIRECTION ( 'NONE',  ( 0.1898979485566184011, 0.5000000000000112133, 0.8449489742783151680 ) ) ;
#1421 = CARTESIAN_POINT ( 'NONE',  ( 31.43085760136191098, 31.43085760136181506, -2.245190528383326001 ) ) ;
#1422 = VERTEX_POINT ( 'NONE', #8161 ) ;
#1423 = LINE ( 'NONE', #676, #6033 ) ;
#1424 = CARTESIAN_POINT ( 'NONE',  ( 30.79151448524982371, 28.38998330893793209, 2.354982074906190714 ) ) ;
#1425 = FACE_OUTER_BOUND ( 'NONE', #3693, .T. ) ;
#1426 = CARTESIAN_POINT ( 'NONE',  ( 22.37702448354801277, 19.13435123995135001, 7.066090691967231052 ) ) ;
#1427 = DIRECTION ( 'NONE',  ( 0.1898979485566346936, 0.4999999999999977240, 0.8449489742783193869 ) ) ;
#1428 = CARTESIAN_POINT ( 'NONE',  ( 1.429055733956726026, 3.905783172345967280, 62.77320931741120802 ) ) ;
#1429 = ORIENTED_EDGE ( 'NONE', *, *, #5087, .F. ) ;
#1430 = CARTESIAN_POINT ( 'NONE',  ( 24.95434628981011471, 20.57349431647536520, 5.635235458283947452 ) ) ;
#1431 = CARTESIAN_POINT ( 'NONE',  ( 21.10807809438571070, 25.00565067228579963, 4.238942518046478369 ) ) ;
#1432 = CARTESIAN_POINT ( 'NONE',  ( 26.43357484096897636, 22.63085734852409558, 4.085338336443703255 ) ) ;
#1433 = CARTESIAN_POINT ( 'NONE',  ( 25.77058768711995285, 21.34231160004610572, 4.996840448547146707 ) ) ;
#1434 = CARTESIAN_POINT ( 'NONE',  ( 21.60396719590843873, 18.77448284303407533, 3.654483270138437767 ) ) ;
#1435 = VERTEX_POINT ( 'NONE', #8248 ) ;
#1436 = CARTESIAN_POINT ( 'NONE',  ( 30.34911228059896260, 28.52403693179229194, -3.745554118174294178 ) ) ;
#1437 = B_SPLINE_CURVE_WITH_KNOTS ( 'NONE', 3,
 ( #7201, #6527, #1218, #6623 ),
 .UNSPECIFIED., .F., .F.,
 ( 4, 4 ),
 ( 0.002890303474465419527, 0.004312030882796497044 ),
 .UNSPECIFIED. ) ;
#1438 = DIRECTION ( 'NONE',  ( -0.1898979485566341385, -0.4999999999999980016, -0.8449489742783192758 ) ) ;
#1439 = EDGE_CURVE ( 'NONE', #5451, #7507, #8553, .T. ) ;
#1440 = CC_DESIGN_PERSON_AND_ORGANIZATION_ASSIGNMENT ( #8537, #1846, ( #1237 ) ) ;
#1441 = CARTESIAN_POINT ( 'NONE',  ( 17.16687794222414709, 24.23794575408945917, 2.321776646116374465 ) ) ;
#1442 = ORIENTED_EDGE ( 'NONE', *, *, #6688, .T. ) ;
#1443 = CARTESIAN_POINT ( 'NONE',  ( 4.982251610218482618, -29.57815930446341568, 2.625263239077110455 ) ) ;
#1444 = CARTESIAN_POINT ( 'NONE',  ( -8.431887326654132764, -10.15749502186990405, 61.74375000429725446 ) ) ;
#1445 = CARTESIAN_POINT ( 'NONE',  ( 51.88409695360144980, 51.88409695360142138, -18.94519052838326800 ) ) ;
#1446 = CARTESIAN_POINT ( 'NONE',  ( -2.121320343559515820, 2.121320343559543353, 13.00000000000000000 ) ) ;
#1447 = ORIENTED_EDGE ( 'NONE', *, *, #7541, .T. ) ;
#1448 = VERTEX_POINT ( 'NONE', #5399 ) ;
#1449 = CARTESIAN_POINT ( 'NONE',  ( 28.38605515158236514, 26.60846007727036877, 3.259496651406116996 ) ) ;
#1450 = CARTESIAN_POINT ( 'NONE',  ( 22.48394882052071253, 20.05417040749886226, 3.236020007782123287 ) ) ;
#1451 = LINE ( 'NONE', #4716, #8584 ) ;
#1452 = B_SPLINE_CURVE_WITH_KNOTS ( 'NONE', 3,
 ( #6978, #8316, #5644, #3027 ),
 .UNSPECIFIED., .F., .F.,
 ( 4, 4 ),
 ( 0.000000000000000000, 5.266096989949113898E-05 ),
 .UNSPECIFIED. ) ;
#1453 = DIRECTION ( 'NONE',  ( -1.000000000000000000, -1.449435587473489784E-16, 0.000000000000000000 ) ) ;
#1454 = EDGE_CURVE ( 'NONE', #8231, #6082, #4736, .T. ) ;
#1455 = ORIENTED_EDGE ( 'NONE', *, *, #6643, .F. ) ;
#1456 = LINE ( 'NONE', #4157, #2620 ) ;
#1457 = DIRECTION ( 'NONE',  ( 0.1898979485566344716, 0.4999999999999979461, 0.8449489742783192758 ) ) ;
#1458 = ORIENTED_EDGE ( 'NONE', *, *, #3612, .F. ) ;
#1459 = ORIENTED_EDGE ( 'NONE', *, *, #3164, .F. ) ;
#1460 = CARTESIAN_POINT ( 'NONE',  ( 25.44473765608092464, 23.04320647976900815, 6.720607074906182810 ) ) ;
#1461 = DIRECTION ( 'NONE',  ( 1.000000000000000000, 0.000000000000000000, 0.000000000000000000 ) ) ;
#1462 = CARTESIAN_POINT ( 'NONE',  ( 2.030690022762220881, 4.243007580729762473, 56.11875000429726157 ) ) ;
#1463 = EDGE_CURVE ( 'NONE', #1435, #7804, #5127, .T. ) ;
#1464 = PLANE ( 'NONE',  #4861 ) ;
#1465 = LINE ( 'NONE', #755, #767 ) ;
#1466 = CARTESIAN_POINT ( 'NONE',  ( 30.51229894781823049, 30.51229894781813101, -1.495190528383337547 ) ) ;
#1467 = VERTEX_POINT ( 'NONE', #5626 ) ;
#1468 = CARTESIAN_POINT ( 'NONE',  ( 21.74456761209195221, 17.84699503419155420, 7.254809471616630034 ) ) ;
#1469 = CARTESIAN_POINT ( 'NONE',  ( 31.48407392882053557, 27.68135643637627297, -0.03837690076603354067 ) ) ;
#1470 = CARTESIAN_POINT ( 'NONE',  ( 29.31911017740797121, 25.87039668324205621, 2.870881177995033617 ) ) ;
#1471 = CARTESIAN_POINT ( 'NONE',  ( 23.29098614889995389, 20.35018105502103580, 7.293291884747127973 ) ) ;
#1472 = CARTESIAN_POINT ( 'NONE',  ( -30.51992903302806681, -0.9208129464052162705, 14.99999999999999822 ) ) ;
#1473 = CARTESIAN_POINT ( 'NONE',  ( 1.234215093577508027, 2.102330946223343044, 54.83544364751612932 ) ) ;
#1474 = ADVANCED_FACE ( 'NONE', ( #3010 ), #8337, .T. ) ;
#1475 = AXIS2_PLACEMENT_3D ( 'NONE', #2931, #4339, #4256 ) ;
#1476 = AXIS2_PLACEMENT_3D ( 'NONE', #2764, #2895, #184 ) ;
#1477 = CARTESIAN_POINT ( 'NONE',  ( 30.51229894781823049, 30.51229894781813101, -1.495190528383337547 ) ) ;
#1478 = CARTESIAN_POINT ( 'NONE',  ( 17.81434721739656624, 22.11628622642613706, 7.106995401643679600 ) ) ;
#1479 = CARTESIAN_POINT ( 'NONE',  ( -0.5979655565848825960, 6.152837611171149135, 60.00625000429724309 ) ) ;
#1480 = CIRCLE ( 'NONE', #57, 3.570485226445755167 ) ;
#1481 = CARTESIAN_POINT ( 'NONE',  ( 21.42676977762244306, 23.85429829151745196, 1.800814559014589422 ) ) ;
#1482 = CARTESIAN_POINT ( 'NONE',  ( 21.30646252000016005, 25.73473860707376559, 3.400903494686128958 ) ) ;
#1483 = ORIENTED_EDGE ( 'NONE', *, *, #37, .F. ) ;
#1484 = CARTESIAN_POINT ( 'NONE',  ( 29.25125054341748765, 29.53269804315168301, -4.239414278250495549 ) ) ;
#1485 = CARTESIAN_POINT ( 'NONE',  ( 21.57843369946089851, 17.78450460033380054, 5.387302975779189929 ) ) ;
#1486 = AXIS2_PLACEMENT_3D ( 'NONE', #5082, #6245, #6378 ) ;
#1487 = ORIENTED_EDGE ( 'NONE', *, *, #3420, .F. ) ;
#1488 = CIRCLE ( 'NONE', #3034, 183.0000000000000000 ) ;
#1489 = ORIENTED_EDGE ( 'NONE', *, *, #3007, .F. ) ;
#1490 = ADVANCED_FACE ( 'NONE', ( #2269 ), #1021, .T. ) ;
#1491 = CARTESIAN_POINT ( 'NONE',  ( 1.889374547000212790, 3.997690046985993284, 62.68148012471991137 ) ) ;
#1492 = ADVANCED_FACE ( 'NONE', ( #936 ), #1721, .F. ) ;
#1493 = DIRECTION ( 'NONE',  ( 0.1898979485566346104, 0.4999999999999977796, 0.8449489742783193869 ) ) ;
#1494 = CARTESIAN_POINT ( 'NONE',  ( -4.999999999999849898, -51.00379267415675599, -2.750000000000082157 ) ) ;
#1495 = ORIENTED_EDGE ( 'NONE', *, *, #3565, .T. ) ;
#1496 = CARTESIAN_POINT ( 'NONE',  ( 28.69594255438398989, 25.45326931078734845, 1.906715691967257653 ) ) ;
#1497 = LINE ( 'NONE', #74, #791 ) ;
#1498 = ORIENTED_EDGE ( 'NONE', *, *, #4083, .F. ) ;
#1499 = AXIS2_PLACEMENT_3D ( 'NONE', #1264, #6621, #1086 ) ;
#1500 = CARTESIAN_POINT ( 'NONE',  ( 26.59936889329107856, 30.49694147118879073, 1.031084235070360178 ) ) ;
#1501 = CARTESIAN_POINT ( 'NONE',  ( 32.37955350346591388, 27.40106082754063266, -3.018753019259157622 ) ) ;
#1502 = ORIENTED_EDGE ( 'NONE', *, *, #7011, .F. ) ;
#1503 = EDGE_CURVE ( 'NONE', #2298, #7438, #2887, .T. ) ;
#1504 = CARTESIAN_POINT ( 'NONE',  ( 20.15183967849030466, 23.94576877761714684, 7.376065967454069394 ) ) ;
#1505 = CARTESIAN_POINT ( 'NONE',  ( 19.79578132314182426, 19.79578132314167505, 7.254809471616630034 ) ) ;
#1506 = EDGE_CURVE ( 'NONE', #6942, #7289, #4623, .T. ) ;
#1507 = EDGE_LOOP ( 'NONE', ( #7614, #4186, #8770, #5028 ) ) ;
#1508 = EDGE_CURVE ( 'NONE', #6147, #4498, #6832, .T. ) ;
#1509 = CARTESIAN_POINT ( 'NONE',  ( 24.85906884614994183, 24.02903455737835969, 7.369450085735082645 ) ) ;
#1510 = LINE ( 'NONE', #4813, #3468 ) ;
#1511 = CARTESIAN_POINT ( 'NONE',  ( -11.26540322416676254, -6.257495049690469990, 53.96875000429726299 ) ) ;
#1512 = CARTESIAN_POINT ( 'NONE',  ( 28.22139681644214093, 30.91389193250707379, -4.975588714278369906 ) ) ;
#1513 = CARTESIAN_POINT ( 'NONE',  ( 31.87069445351330188, 27.42352745924325674, -3.682221432849138054 ) ) ;
#1514 = AXIS2_PLACEMENT_3D ( 'NONE', #6366, #3663, #8278 ) ;
#1515 = LINE ( 'NONE', #3411, #4166 ) ;
#1516 = AXIS2_PLACEMENT_3D ( 'NONE', #4781, #4740, #3377 ) ;
#1517 = CARTESIAN_POINT ( 'NONE',  ( -2.348769175052714875, 3.807696975045829380, 62.13769164778581455 ) ) ;
#1518 = EDGE_LOOP ( 'NONE', ( #7388, #807, #212, #1942 ) ) ;
#1519 = DIRECTION ( 'NONE',  ( 0.000000000000000000, 0.5000000000000037748, -0.8660254037844363761 ) ) ;
#1520 = CARTESIAN_POINT ( 'NONE',  ( 31.43901151213290746, 27.54143893423165323, -0.3074670419651142073 ) ) ;
#1521 = CARTESIAN_POINT ( 'NONE',  ( 24.72518752789015295, 28.62276010579028096, 1.638788817549124310 ) ) ;
#1522 = CARTESIAN_POINT ( 'NONE',  ( 26.12934077819802425, 22.58479938488363459, 3.028889499187357170 ) ) ;
#1523 = CARTESIAN_POINT ( 'NONE',  ( 28.75642674381841957, 34.12185273048563516, 0.5210964782830090902 ) ) ;
#1524 = CARTESIAN_POINT ( 'NONE',  ( -8.431887326654132764, -10.15749502186990405, 56.24375000429726157 ) ) ;
#1525 = CARTESIAN_POINT ( 'NONE',  ( 28.30692860831156921, 32.20450118621170787, -1.285690528383342190 ) ) ;
#1526 = CARTESIAN_POINT ( 'NONE',  ( 33.02524866902578538, 25.95418085716017487, -7.000000000000018652 ) ) ;
#1527 = CARTESIAN_POINT ( 'NONE',  ( 2.667400250340502765, 3.780410531929551787, 54.33544489693367296 ) ) ;
#1528 = CARTESIAN_POINT ( 'NONE',  ( 27.12459789414626954, 26.28557822062358795, 5.565647946888006459 ) ) ;
#1529 = CARTESIAN_POINT ( 'NONE',  ( 27.89923591400522085, 24.06423632762811238, 0.2219297978416912009 ) ) ;
#1530 = ORIENTED_EDGE ( 'NONE', *, *, #3863, .T. ) ;
#1531 = CARTESIAN_POINT ( 'NONE',  ( -30.65219568522261540, -4.999999999999995559, 3.000000000000000000 ) ) ;
#1532 = CARTESIAN_POINT ( 'NONE',  ( 2.114244940821407681, 4.181709590911539820, 61.92890374995678116 ) ) ;
#1533 =( BOUNDED_CURVE ( )  B_SPLINE_CURVE ( 2, ( #5123, #3853, #5832, #7757, #6598, #1144, #7180, #8637, #6506, #3720, #1690 ),
 .UNSPECIFIED., .F., .T. ) 
 B_SPLINE_CURVE_WITH_KNOTS ( ( 3, 2, 2, 2, 2, 3 ),
 ( 0.4496245807529355432, 0.4519892602051998054, 0.4603225935385331091, 0.4686559268718664129, 0.4769892602051998276, 0.4829579140862688691 ),
 .UNSPECIFIED. ) 
 CURVE ( )  GEOMETRIC_REPRESENTATION_ITEM ( )  RATIONAL_B_SPLINE_CURVE ( ( 0.9690584114092961610, 0.9783999393559227320, 1.000000000000000000, 0.9238795325112867385, 1.000000000000000000, 0.9238795325112867385, 1.000000000000000000, 0.9238795325112867385, 1.000000000000000000, 0.9454795931553640065, 0.9690584114092961610 ) ) 
 REPRESENTATION_ITEM ( '' )  );
#1534 = ORIENTED_EDGE ( 'NONE', *, *, #5169, .T. ) ;
#1535 = CARTESIAN_POINT ( 'NONE',  ( -2.503167334970510804, 3.143474362757127327, 63.46645297747802061 ) ) ;
#1536 = B_SPLINE_CURVE_WITH_KNOTS ( 'NONE', 3,
 ( #3979, #2820, #1436, #6585, #8263, #5507 ),
 .UNSPECIFIED., .F., .F.,
 ( 4, 2, 4 ),
 ( 0.0006035152712617795293, 0.001629229513076021390, 0.002654943754890263033 ),
 .UNSPECIFIED. ) ;
#1537 = CARTESIAN_POINT ( 'NONE',  ( 29.42813268198518628, 28.59809839321362190, 3.638825085735089893 ) ) ;
#1538 = CARTESIAN_POINT ( 'NONE',  ( 4.058576125032946180, -29.37548374364702042, 0.7886700505614459011 ) ) ;
#1539 = LINE ( 'NONE', #8395, #4446 ) ;
#1540 = ORIENTED_EDGE ( 'NONE', *, *, #1603, .F. ) ;
#1541 = CARTESIAN_POINT ( 'NONE',  ( 26.71983281536083155, 27.33421787010572146, -1.543582474831770801 ) ) ;
#1542 = CARTESIAN_POINT ( 'NONE',  ( 23.28256859694248604, 27.25559666079447041, 0.5003548791560046283 ) ) ;
#1543 = DIRECTION ( 'NONE',  ( 0.1898979485566347492, 0.4999999999999981126, 0.8449489742783189428 ) ) ;
#1544 = CARTESIAN_POINT ( 'NONE',  ( 33.51751913346677725, 30.82502401740161346, 1.401969408503303649 ) ) ;
#1545 = ORIENTED_EDGE ( 'NONE', *, *, #2474, .T. ) ;
#1546 = DIRECTION ( 'NONE',  ( 0.000000000000000000, 0.000000000000000000, 1.000000000000000000 ) ) ;
#1547 = ORIENTED_EDGE ( 'NONE', *, *, #5105, .T. ) ;
#1548 = CARTESIAN_POINT ( 'NONE',  ( 27.37032994180565737, 28.20036423057702279, -3.178581142501774259 ) ) ;
#1549 = ORIENTED_EDGE ( 'NONE', *, *, #2108, .T. ) ;
#1550 = CARTESIAN_POINT ( 'NONE',  ( -3.825057431906489391, 2.874662802961849284, 61.14732466048963744 ) ) ;
#1551 = FACE_OUTER_BOUND ( 'NONE', #7876, .T. ) ;
#1552 = CARTESIAN_POINT ( 'NONE',  ( -10.48223867854489022, -8.667827598125645849, 59.60625000429725873 ) ) ;
#1553 = CARTESIAN_POINT ( 'NONE',  ( 19.79578132314182426, 19.79578132314167505, 7.254809471616630034 ) ) ;
#1554 = EDGE_CURVE ( 'NONE', #5748, #4557, #5589, .T. ) ;
#1555 = DIRECTION ( 'NONE',  ( 0.8660254037844397068, 1.255248039901264634E-16, 0.4999999999999979461 ) ) ;
#1556 = DIRECTION ( 'NONE',  ( 0.6123724356957943593, 0.6123724356957963577, -0.4999999999999978906 ) ) ;
#1557 = EDGE_CURVE ( 'NONE', #5425, #553, #784, .T. ) ;
#1558 = CARTESIAN_POINT ( 'NONE',  ( 25.80942040037434992, 26.66406165415214247, 5.100693726122911720 ) ) ;
#1559 = VERTEX_POINT ( 'NONE', #4385 ) ;
#1560 = CARTESIAN_POINT ( 'NONE',  ( -53.51693657151911054, 5.000000000000000000, 12.00000000000000000 ) ) ;
#1561 = CARTESIAN_POINT ( 'NONE',  ( 29.15093494881955749, 25.34821745637528778, 1.866623099233960081 ) ) ;
#1562 = CARTESIAN_POINT ( 'NONE',  ( 26.28727896592843649, 25.67289391118332986, 5.099451418065077846 ) ) ;
#1563 = DIRECTION ( 'NONE',  ( -1.000000000000000000, -1.700709290173340163E-16, 0.000000000000000000 ) ) ;
#1564 = CARTESIAN_POINT ( 'NONE',  ( -11.26540327149793264, -1.436829937441292504, 61.19375000429726441 ) ) ;
#1565 = EDGE_CURVE ( 'NONE', #5754, #3171, #7049, .T. ) ;
#1566 = ORIENTED_EDGE ( 'NONE', *, *, #4056, .F. ) ;
#1567 = DIRECTION ( 'NONE',  ( 0.7674234614174770819, -0.6123724356957943593, 0.1898979485566345826 ) ) ;
#1568 = CARTESIAN_POINT ( 'NONE',  ( 26.63189943180611863, 29.43108174724285675, 3.774344844165557156 ) ) ;
#1569 = CARTESIAN_POINT ( 'NONE',  ( -13.35772761402214925, -0.7569925703595637989, 57.94375000429725731 ) ) ;
#1570 = CARTESIAN_POINT ( 'NONE',  ( 28.38894412226317954, 29.38417646193890320, 3.447891809991436407 ) ) ;
#1571 = CARTESIAN_POINT ( 'NONE',  ( 26.61534897017047641, 29.44483332304460177, 3.810604423094856141 ) ) ;
#1572 = LINE ( 'NONE', #6355, #5746 ) ;
#1573 = EDGE_CURVE ( 'NONE', #708, #311, #3676, .T. ) ;
#1574 = ORIENTED_EDGE ( 'NONE', *, *, #8424, .F. ) ;
#1575 = CARTESIAN_POINT ( 'NONE',  ( -3.519929745234401608, 4.073192624433253251, 62.21740212259589242 ) ) ;
#1576 = CARTESIAN_POINT ( 'NONE',  ( 31.66941335099956945, 31.60257304509413956, 1.257287011576250446 ) ) ;
#1577 = CARTESIAN_POINT ( 'NONE',  ( 5.663402772561845211, -6.937332271101833925, 61.06875000429729994 ) ) ;
#1578 = DIRECTION ( 'NONE',  ( 1.000000000000000000, -0.000000000000000000, -0.000000000000000000 ) ) ;
#1579 = ORIENTED_EDGE ( 'NONE', *, *, #2918, .F. ) ;
#1580 = CARTESIAN_POINT ( 'NONE',  ( 27.90403762856215764, 29.97597104550114011, 2.189739949861819301 ) ) ;
#1581 = CARTESIAN_POINT ( 'NONE',  ( 28.85388952341843805, 34.04408143115227148, 0.5452135177496999496 ) ) ;
#1582 = CARTESIAN_POINT ( 'NONE',  ( -54.90090699118695028, 5.000000000000000000, -10.99999999999996092 ) ) ;
#1583 =( BOUNDED_CURVE ( )  B_SPLINE_CURVE ( 2, ( #2253, #4973, #7035, #3033, #7739, #964, #7075, #4244, #5731, #6946, #8445 ),
 .UNSPECIFIED., .F., .T. ) 
 B_SPLINE_CURVE_WITH_KNOTS ( ( 3, 2, 2, 2, 2, 3 ),
 ( 0.08382057142064053279, 0.08536773077294734779, 0.08752784842412497657, 0.08968796607530259146, 0.09184808372648023411, 0.09246104202538002470 ),
 .UNSPECIFIED. ) 
 CURVE ( )  GEOMETRIC_REPRESENTATION_ITEM ( )  RATIONAL_B_SPLINE_CURVE ( ( 0.9690584114103555358, 0.9454795931541393195, 1.000000000000000000, 0.9238795325112867385, 1.000000000000000000, 0.9238795325112867385, 1.000000000000000000, 0.9238795325112867385, 1.000000000000000000, 0.9783999393561260138, 0.9690584114094720203 ) ) 
 REPRESENTATION_ITEM ( '' )  );
#1584 = CARTESIAN_POINT ( 'NONE',  ( -29.02123764450595900, -3.009914653950976238, 0.1750978084657400791 ) ) ;
#1585 = ORIENTED_EDGE ( 'NONE', *, *, #5611, .F. ) ;
#1586 = DIRECTION ( 'NONE',  ( -0.6123724356957944703, -0.6123724356957964687, 0.4999999999999980016 ) ) ;
#1587 = EDGE_CURVE ( 'NONE', #3840, #2307, #7090, .T. ) ;
#1588 = DIRECTION ( 'NONE',  ( -0.000000000000000000, -0.000000000000000000, -1.000000000000000000 ) ) ;
#1589 = ORIENTED_EDGE ( 'NONE', *, *, #2342, .F. ) ;
#1590 = EDGE_LOOP ( 'NONE', ( #6529, #881, #125, #1190 ) ) ;
#1591 = CARTESIAN_POINT ( 'NONE',  ( 3.952837579269842916, -3.847162617467742241, 55.20624653460305353 ) ) ;
#1592 = CARTESIAN_POINT ( 'NONE',  ( 19.79578132314182426, 19.79578132314167505, 7.254809471616630034 ) ) ;
#1593 =( BOUNDED_CURVE ( )  B_SPLINE_CURVE ( 2, ( #3166, #5816, #462, #5860, #7914, #1219, #4534, #1792, #5240 ),
 .UNSPECIFIED., .F., .T. ) 
 B_SPLINE_CURVE_WITH_KNOTS ( ( 3, 2, 2, 2, 3 ),
 ( 0.06556252224448273769, 0.06804974280141658227, 0.07053696335835039910, 0.07302418391528424368, 0.07551140447221806051 ),
 .UNSPECIFIED. ) 
 CURVE ( )  GEOMETRIC_REPRESENTATION_ITEM ( )  RATIONAL_B_SPLINE_CURVE ( ( 1.000000000000884848, 0.9238795325104018907, 1.000000000000000000, 0.9238795325112867385, 1.000000000000000000, 0.9238795325112867385, 1.000000000000000000, 0.9238795325112831858, 1.000000000000003553 ) ) 
 REPRESENTATION_ITEM ( '' )  );
#1594 = CARTESIAN_POINT ( 'NONE',  ( 2.787913931746929475, -8.667827467834110067, 54.93125000429726157 ) ) ;
#1595 = CARTESIAN_POINT ( 'NONE',  ( 2.787913931746929475, -8.667827467834110067, 59.68125000429726157 ) ) ;
#1596 = CARTESIAN_POINT ( 'NONE',  ( -60.09705941389355388, -5.000000000000004441, -1.999999999999961808 ) ) ;
#1597 = CARTESIAN_POINT ( 'NONE',  ( 29.54442681430355577, 25.74170932185886684, 1.545338336443650595 ) ) ;
#1598 = EDGE_CURVE ( 'NONE', #217, #2916, #8536, .T. ) ;
#1599 = DIRECTION ( 'NONE',  ( 0.000000000000000000, -1.000000000000000000, 0.000000000000000000 ) ) ;
#1600 = VERTEX_POINT ( 'NONE', #3895 ) ;
#1601 = CARTESIAN_POINT ( 'NONE',  ( 30.49555136731240168, 26.11469939397759177, 1.110860458283768448 ) ) ;
#1602 = CARTESIAN_POINT ( 'NONE',  ( 28.06831611099462265, 32.34214271667568852, -2.381782010601669164 ) ) ;
#1603 = EDGE_CURVE ( 'NONE', #1559, #750, #482, .T. ) ;
#1604 = CARTESIAN_POINT ( 'NONE',  ( 24.74128034796219922, 21.93304294283539591, 2.911884246279416999 ) ) ;
#1605 = CARTESIAN_POINT ( 'NONE',  ( 24.29507356638544380, 17.22400575451980131, 14.17157287525381193 ) ) ;
#1606 = CARTESIAN_POINT ( 'NONE',  ( 32.42996215074260391, 28.98124865657669957, 0.3308811779950421306 ) ) ;
#1607 = CARTESIAN_POINT ( 'NONE',  ( -3.847162344146708435, -11.64716242073069630, 62.01875000429725304 ) ) ;
#1608 = VERTEX_POINT ( 'NONE', #1283 ) ;
#1609 = DIRECTION ( 'NONE',  ( -0.7674234614174771929, 0.6123724356957942483, -0.1898979485566349434 ) ) ;
#1610 = CARTESIAN_POINT ( 'NONE',  ( -11.64716242073014918, -3.847162420730699584, 58.58124999992846682 ) ) ;
#1611 = CARTESIAN_POINT ( 'NONE',  ( -13.35772755334122408, -6.937332457858510715, 58.21875000429725588 ) ) ;
#1612 = ADVANCED_FACE ( 'NONE', ( #1853 ), #7351, .F. ) ;
#1613 = CARTESIAN_POINT ( 'NONE',  ( 28.30756324193415807, 24.29152588766635645, 4.254773321549374820 ) ) ;
#1614 = CARTESIAN_POINT ( 'NONE',  ( 25.56609693400424277, 21.73109734762713074, 2.126929797841688341 ) ) ;
#1615 = CARTESIAN_POINT ( 'NONE',  ( 5.869071106571673783E-14, 2.000000000000008438, 3.000000000000000000 ) ) ;
#1616 = EDGE_CURVE ( 'NONE', #6082, #5964, #6491, .T. ) ;
#1617 = ORIENTED_EDGE ( 'NONE', *, *, #2153, .T. ) ;
#1618 = VECTOR ( 'NONE', #725, 1000.000000000000000 ) ;
#1619 = CARTESIAN_POINT ( 'NONE',  ( -3.116674297700276597, 3.026968464262329128, 63.54995461392129386 ) ) ;
#1620 = CARTESIAN_POINT ( 'NONE',  ( -6.381536127930263369, 3.952837554385830288, 58.78125000429724878 ) ) ;
#1621 = CARTESIAN_POINT ( 'NONE',  ( 1.757669868907226762, -35.95992243406082878, 12.19325240168031677 ) ) ;
#1622 = CARTESIAN_POINT ( 'NONE',  ( 5.000000000000150102, -30.65219568522246263, 2.999999999999999112 ) ) ;
#1623 = EDGE_LOOP ( 'NONE', ( #1657, #340, #5779, #4428 ) ) ;
#1624 = EDGE_CURVE ( 'NONE', #6132, #1684, #8401, .T. ) ;
#1625 = CARTESIAN_POINT ( 'NONE',  ( 26.48891450642441114, 30.03345589973857699, 0.8444794440459426621 ) ) ;
#1626 = DIRECTION ( 'NONE',  ( -0.1898979485566344994, -0.4999999999999980016, -0.8449489742783193869 ) ) ;
#1627 = AXIS2_PLACEMENT_3D ( 'NONE', #8412, #8374, #3585 ) ;
#1628 = DIRECTION ( 'NONE',  ( -0.7071067811865487940, 0.7071067811865462405, 0.000000000000000000 ) ) ;
#1629 = AXIS2_PLACEMENT_3D ( 'NONE', #1553, #1377, #41 ) ;
#1630 = CARTESIAN_POINT ( 'NONE',  ( 28.18164045069947221, 32.64055908014417184, -1.877368128400424219 ) ) ;
#1631 = ORIENTED_EDGE ( 'NONE', *, *, #45, .T. ) ;
#1632 = CARTESIAN_POINT ( 'NONE',  ( 29.23583980979459440, 33.71376254397852534, 0.6525554462530197553 ) ) ;
#1633 = CARTESIAN_POINT ( 'NONE',  ( 29.24519260897937656, 30.22976662231219080, 2.714397464951192607 ) ) ;
#1634 = AXIS2_PLACEMENT_3D ( 'NONE', #2248, #157, #5064 ) ;
#1635 = ORIENTED_EDGE ( 'NONE', *, *, #452, .T. ) ;
#1636 = ORIENTED_EDGE ( 'NONE', *, *, #272, .F. ) ;
#1637 =( BOUNDED_CURVE ( )  B_SPLINE_CURVE ( 2, ( #650, #3352, #8754, #2690, #7470, #6805, #2113, #3392, #5421, #8089, #2019 ),
 .UNSPECIFIED., .F., .T. ) 
 B_SPLINE_CURVE_WITH_KNOTS ( ( 3, 2, 2, 2, 2, 3 ),
 ( 0.02333842562852605010, 0.02488556663872298902, 0.02704565868099866391, 0.02920575072327433880, 0.03136584276555001716, 0.03197879379760972668 ),
 .UNSPECIFIED. ) 
 CURVE ( )  GEOMETRIC_REPRESENTATION_ITEM ( )  RATIONAL_B_SPLINE_CURVE ( ( 0.9690584114094649149, 0.9454795931551693844, 1.000000000000000000, 0.9238795325112867385, 1.000000000000000000, 0.9238795325112867385, 1.000000000000000000, 0.9238795325112867385, 1.000000000000000000, 0.9783999393567879288, 0.9690584114100446733 ) ) 
 REPRESENTATION_ITEM ( '' )  );
#1638 = CARTESIAN_POINT ( 'NONE',  ( -3.850442383423275938, 2.869129908090119585, 61.14765862267674379 ) ) ;
#1639 = CYLINDRICAL_SURFACE ( 'NONE', #2348, 3.174999999999992273 ) ;
#1640 = CARTESIAN_POINT ( 'NONE',  ( -12.04856776978863131, -3.847162501255296352, 59.33125000429726015 ) ) ;
#1641 = DIRECTION ( 'NONE',  ( 1.000000000000000000, 0.000000000000000000, 0.000000000000000000 ) ) ;
#1642 = AXIS2_PLACEMENT_3D ( 'NONE', #379, #2417, #4279 ) ;
#1643 = CARTESIAN_POINT ( 'NONE',  ( 31.84365629214957494, 27.45922168877883252, -3.604285066088027900 ) ) ;
#1644 = DIRECTION ( 'NONE',  ( 0.6123724356957942483, 0.6123724356957963577, -0.4999999999999978906 ) ) ;
#1645 = CARTESIAN_POINT ( 'NONE',  ( -30.65219568522261540, -4.999999999999995559, 3.000000000000000000 ) ) ;
#1646 = EDGE_LOOP ( 'NONE', ( #7110, #8162, #4026, #4533, #3870 ) ) ;
#1647 = EDGE_LOOP ( 'NONE', ( #6751, #6662, #701, #8574 ) ) ;
#1648 =( BOUNDED_CURVE ( )  B_SPLINE_CURVE ( 3, ( #8484, #875, #963, #6983 ),
 .UNSPECIFIED., .F., .T. ) 
 B_SPLINE_CURVE_WITH_KNOTS ( ( 4, 4 ),
 ( 3.141592653589793116, 3.905295449805350039 ),
 .UNSPECIFIED. ) 
 CURVE ( )  GEOMETRIC_REPRESENTATION_ITEM ( )  RATIONAL_B_SPLINE_CURVE ( ( 1.000000000000000000, 0.9519842152892074028, 0.9519842152892074028, 1.000000000000000000 ) ) 
 REPRESENTATION_ITEM ( '' )  );
#1649 = CARTESIAN_POINT ( 'NONE',  ( -3.847162420730151577, -3.847162420730698251, 65.00000000000000000 ) ) ;
#1650 = CARTESIAN_POINT ( 'NONE',  ( 28.01507161986895156, 32.13935979669995646, -2.599640852107006683 ) ) ;
#1651 = CARTESIAN_POINT ( 'NONE',  ( 24.06869914223361562, 21.12789404835469398, 6.658291884747129963 ) ) ;
#1652 = LINE ( 'NONE', #1523, #5745 ) ;
#1653 = CARTESIAN_POINT ( 'NONE',  ( 17.99722612105328778, 21.89479869895631126, 6.778942518054169142 ) ) ;
#1654 = ADVANCED_FACE ( 'NONE', ( #3851 ), #5420, .F. ) ;
#1655 = AXIS2_PLACEMENT_3D ( 'NONE', #6704, #12, #8038 ) ;
#1656 = CARTESIAN_POINT ( 'NONE',  ( -1.312788866696924517, 3.952837604152769746, 57.75625000429725020 ) ) ;
#1657 = ORIENTED_EDGE ( 'NONE', *, *, #6116, .T. ) ;
#1658 = AXIS2_PLACEMENT_3D ( 'NONE', #3387, #599, #2109 ) ;
#1659 = CARTESIAN_POINT ( 'NONE',  ( 22.02548979314329713, 26.40634176647779796, 2.841883484949327077 ) ) ;
#1660 = DIRECTION ( 'NONE',  ( 0.6123724356957943593, 0.6123724356957964687, -0.4999999999999977796 ) ) ;
#1661 = CARTESIAN_POINT ( 'NONE',  ( -3.847162518913948226, 6.152837579269300861, 57.39375000429726015 ) ) ;
#1662 = CARTESIAN_POINT ( 'NONE',  ( 25.22575593506801184, 24.23052359539206435, -0.3881166167581384663 ) ) ;
#1663 = CARTESIAN_POINT ( 'NONE',  ( 23.16293920564741526, 28.00345402552705920, 3.214461367688356219 ) ) ;
#1664 = CARTESIAN_POINT ( 'NONE',  ( -27.11318551214728956, 4.133574983146488968, 55.00000000000000000 ) ) ;
#1665 = ORIENTED_EDGE ( 'NONE', *, *, #5553, .F. ) ;
#1666 = EDGE_CURVE ( 'NONE', #3857, #7065, #7260, .T. ) ;
#1667 = CARTESIAN_POINT ( 'NONE',  ( -3.597163798572197368, 2.935293927752953724, 63.60830058078022375 ) ) ;
#1668 = ADVANCED_FACE ( 'NONE', ( #7973 ), #3987, .F. ) ;
#1669 = CARTESIAN_POINT ( 'NONE',  ( 27.31239830097308641, 30.11158061640979611, 3.218719844165525146 ) ) ;
#1670 = CARTESIAN_POINT ( 'NONE',  ( 28.60464350811871270, 33.72510318737509039, 0.01726996770945979018 ) ) ;
#1671 = CARTESIAN_POINT ( 'NONE',  ( -28.92014487765375108, -2.345041762812631880, 9.975867435724859335E-17 ) ) ;
#1672 = ORIENTED_EDGE ( 'NONE', *, *, #5550, .F. ) ;
#1673 = CARTESIAN_POINT ( 'NONE',  ( 30.71919413158334322, 28.94159905727135396, 1.354496651406120300 ) ) ;
#1674 = CARTESIAN_POINT ( 'NONE',  ( 0.3168511119992396541, -15.10153896051496147, 15.00000000000000000 ) ) ;
#1675 = PLANE ( 'NONE',  #3488 ) ;
#1676 = CARTESIAN_POINT ( 'NONE',  ( 20.47006380647598078, 24.85091577981047806, 4.111883484949320433 ) ) ;
#1677 = ORIENTED_EDGE ( 'NONE', *, *, #5449, .F. ) ;
#1678 = CYLINDRICAL_SURFACE ( 'NONE', #4868, 2.756000000000000227 ) ;
#1679 = DIRECTION ( 'NONE',  ( 0.6123724356957943593, 0.6123724356957963577, -0.4999999999999978351 ) ) ;
#1680 = EDGE_LOOP ( 'NONE', ( #93, #2260, #5092 ) ) ;
#1681 = CARTESIAN_POINT ( 'NONE',  ( -3.967415172728506079, 3.976983252925341272, 62.54504434635340004 ) ) ;
#1682 = CARTESIAN_POINT ( 'NONE',  ( 23.49613442730946034, 19.11528245397460424, 6.825860458283696808 ) ) ;
#1683 = CARTESIAN_POINT ( 'NONE',  ( 0.8877696697908624701, 3.833440582362047433, 61.42860129554629367 ) ) ;
#1684 = VERTEX_POINT ( 'NONE', #6015 ) ;
#1685 = FACE_OUTER_BOUND ( 'NONE', #8529, .T. ) ;
#1686 = CARTESIAN_POINT ( 'NONE',  ( -3.764171949125265204, -29.24626446266691104, 0.5648556905863787447 ) ) ;
#1687 =( BOUNDED_CURVE ( )  B_SPLINE_CURVE ( 2, ( #2070, #3302, #698, #8049, #1444, #4758, #2778, #3353, #2160, #6000, #5379, #8713, #2647 ),
 .UNSPECIFIED., .F., .T. ) 
 B_SPLINE_CURVE_WITH_KNOTS ( ( 3, 2, 2, 2, 2, 2, 3 ),
 ( 0.8124999996125570334, 0.8249999999999999556, 0.8499999999999999778, 0.8750000000000000000, 0.9000000000000000222, 0.9250000000000000444, 0.9374999996125570334 ),
 .UNSPECIFIED. ) 
 CURVE ( )  GEOMETRIC_REPRESENTATION_ITEM ( )  RATIONAL_B_SPLINE_CURVE ( ( 0.9755282581475768211, 0.9755282573890644571, 1.000000000000000000, 0.9510565162951535312, 1.000000000000000000, 0.9510565162951535312, 1.000000000000000000, 0.9510565162951535312, 1.000000000000000000, 0.9510565162951535312, 1.000000000000000000, 0.9755282589060891851, 0.9755282581475768211 ) ) 
 REPRESENTATION_ITEM ( '' )  );
#1688 = EDGE_LOOP ( 'NONE', ( #8600, #7772, #1545, #5024 ) ) ;
#1689 = VERTEX_POINT ( 'NONE', #1188 ) ;
#1690 = CARTESIAN_POINT ( 'NONE',  ( 27.45619061578990028, 23.55861803788955555, 2.591288817549102230 ) ) ;
#1691 = CARTESIAN_POINT ( 'NONE',  ( 26.54334529112756158, 25.81457111003041049, -0.6046642407301419109 ) ) ;
#1692 = EDGE_CURVE ( 'NONE', #2944, #2744, #7455, .T. ) ;
#1693 = CARTESIAN_POINT ( 'NONE',  ( 22.71842143397584479, 18.33756946064108462, 7.460860458283947061 ) ) ;
#1694 = CARTESIAN_POINT ( 'NONE',  ( 18.11926245337727792, 22.01683503127739883, 7.032504054771504975 ) ) ;
#1695 = CARTESIAN_POINT ( 'NONE',  ( -14.36178466311282165, -3.847162523967251335, 55.33125000429724594 ) ) ;
#1696 = CARTESIAN_POINT ( 'NONE',  ( 26.12523652524787110, 23.72370534893596528, 6.164982074906171228 ) ) ;
#1697 = CARTESIAN_POINT ( 'NONE',  ( 17.38096675741929786, 24.45203456928451757, 2.999999999999999112 ) ) ;
#1698 = CARTESIAN_POINT ( 'NONE',  ( 4.659345602109323359, 2.333177550288373148, 55.98125000429725873 ) ) ;
#1699 = CARTESIAN_POINT ( 'NONE',  ( 28.68002388081357878, 27.84100420729090786, 4.295647946888008661 ) ) ;
#1700 = CARTESIAN_POINT ( 'NONE',  ( 27.60276084172551947, 23.58672348745771785, 4.830242071549378124 ) ) ;
#1701 = CARTESIAN_POINT ( 'NONE',  ( 19.79578132314183136, 19.79578132314168926, 7.254809471616628258 ) ) ;
#1702 = DIRECTION ( 'NONE',  ( 1.000000000000000000, 0.000000000000000000, 0.000000000000000000 ) ) ;
#1703 = CARTESIAN_POINT ( 'NONE',  ( 26.53468530763943534, 29.33386762307613438, 3.853719844165524044 ) ) ;
#1704 = ORIENTED_EDGE ( 'NONE', *, *, #4627, .T. ) ;
#1705 = CARTESIAN_POINT ( 'NONE',  ( 31.80679452771862614, 28.56412128412199536, -0.6332843080327360541 ) ) ;
#1706 = FACE_OUTER_BOUND ( 'NONE', #6380, .T. ) ;
#1707 = CARTESIAN_POINT ( 'NONE',  ( 26.50977227647743106, 22.12892030314268865, 4.365235458283954095 ) ) ;
#1708 = CARTESIAN_POINT ( 'NONE',  ( 23.70398753147718551, 24.68856154480973686, 7.238772464950290697 ) ) ;
#1709 = ORIENTED_EDGE ( 'NONE', *, *, #5019, .F. ) ;
#1710 = FACE_OUTER_BOUND ( 'NONE', #6018, .T. ) ;
#1711 = CARTESIAN_POINT ( 'NONE',  ( 19.79578132314182426, 19.79578132314167505, 7.254809471616630034 ) ) ;
#1712 = ORIENTED_EDGE ( 'NONE', *, *, #6186, .F. ) ;
#1713 = CARTESIAN_POINT ( 'NONE',  ( 23.66470504814304832, 22.68013103481025539, 0.9208464782829856032 ) ) ;
#1714 = ORIENTED_EDGE ( 'NONE', *, *, #3794, .F. ) ;
#1715 = CARTESIAN_POINT ( 'NONE',  ( -54.90090699118695028, 5.000000000000000000, -10.99999999999996092 ) ) ;
#1716 = CARTESIAN_POINT ( 'NONE',  ( -3.847162420730148913, -3.847162420730696919, 54.26348434466141413 ) ) ;
#1717 = CARTESIAN_POINT ( 'NONE',  ( 19.79578132314182426, 19.79578132314167505, 7.254809471616630034 ) ) ;
#1718 = CARTESIAN_POINT ( 'NONE',  ( 15.86205404715159872, 20.50093954343218883, 14.98512736188119199 ) ) ;
#1719 = EDGE_LOOP ( 'NONE', ( #1090, #1198 ) ) ;
#1720 = DIRECTION ( 'NONE',  ( -1.000000000000000000, -1.700709290173340163E-16, 0.000000000000000000 ) ) ;
#1721 = CYLINDRICAL_SURFACE ( 'NONE', #3587, 3.174999999999992273 ) ;
#1722 = ORIENTED_EDGE ( 'NONE', *, *, #6310, .T. ) ;
#1723 = EDGE_CURVE ( 'NONE', #1448, #5481, #5968, .T. ) ;
#1724 = CARTESIAN_POINT ( 'NONE',  ( -4.999999999999857003, -29.58039891549810108, 2.999999999999999112 ) ) ;
#1725 = CARTESIAN_POINT ( 'NONE',  ( 27.24178488439466861, 25.16985146745547652, -0.3801210066285047873 ) ) ;
#1726 = CARTESIAN_POINT ( 'NONE',  ( 28.75642674381841957, 34.12185273048563516, 0.5210964782830090902 ) ) ;
#1727 = CARTESIAN_POINT ( 'NONE',  ( 17.92611525830054831, 21.72883275074458709, 6.531120843999319803 ) ) ;
#1728 = CARTESIAN_POINT ( 'NONE',  ( -8.431887450568748221, 2.463170090379271038, 60.91875000429725873 ) ) ;
#1729 = CARTESIAN_POINT ( 'NONE',  ( 51.88409695360144980, 51.88409695360142138, -18.94519052838326800 ) ) ;
#1730 = CARTESIAN_POINT ( 'NONE',  ( 29.24678270536058733, 33.73056879192603930, 0.6424344303267853773 ) ) ;
#1731 = CARTESIAN_POINT ( 'NONE',  ( -3.847162518913948226, 6.152837579269300861, 62.89375000429725304 ) ) ;
#1732 = CARTESIAN_POINT ( 'NONE',  ( 27.14937247478490079, 30.98437206116178899, 1.667064145391611296 ) ) ;
#1733 = CARTESIAN_POINT ( 'NONE',  ( 27.82921716564936432, 32.66973198552904023, -0.5955386323116219627 ) ) ;
#1734 = CARTESIAN_POINT ( 'NONE',  ( 22.32700386554686744, 25.77571735971309863, 1.796237765238155815 ) ) ;
#1735 = EDGE_CURVE ( 'NONE', #4991, #8583, #4228, .T. ) ;
#1736 = ORIENTED_EDGE ( 'NONE', *, *, #6466, .T. ) ;
#1737 = CARTESIAN_POINT ( 'NONE',  ( 33.05975099781397830, 28.06245730265365168, -4.375642685671434329 ) ) ;
#1738 = FACE_OUTER_BOUND ( 'NONE', #4918, .T. ) ;
#1739 = DIRECTION ( 'NONE',  ( 0.6123724356957942483, 0.6123724356957963577, -0.4999999999999978906 ) ) ;
#1740 = CARTESIAN_POINT ( 'NONE',  ( 19.58789934734870286, 20.42691902087114286, 3.129752246345273381 ) ) ;
#1741 = CARTESIAN_POINT ( 'NONE',  ( 18.38882839741283348, 20.81635691130782817, 4.281283309014581206 ) ) ;
#1742 = ORIENTED_EDGE ( 'NONE', *, *, #7325, .F. ) ;
#1743 = CARTESIAN_POINT ( 'NONE',  ( 22.86816994837050743, 20.43839153534869268, 2.922304770572597743 ) ) ;
#1744 = VECTOR ( 'NONE', #8500, 1000.000000000000227 ) ;
#1745 = EDGE_CURVE ( 'NONE', #8570, #7375, #1321, .T. ) ;
#1746 = EDGE_CURVE ( 'NONE', #2410, #7218, #7523, .T. ) ;
#1747 = ORIENTED_EDGE ( 'NONE', *, *, #4590, .T. ) ;
#1748 = DIRECTION ( 'NONE',  ( 1.000000000000000000, -1.700235617287869704E-33, -6.778899719113335399E-17 ) ) ;
#1749 = DIRECTION ( 'NONE',  ( -0.000000000000000000, 0.8660254037844363761, 0.5000000000000039968 ) ) ;
#1750 = CARTESIAN_POINT ( 'NONE',  ( 20.50022143085255877, 15.86272810976325687, 14.98164552237108538 ) ) ;
#1751 = VECTOR ( 'NONE', #1555, 1000.000000000000114 ) ;
#1752 = CARTESIAN_POINT ( 'NONE',  ( 22.47423860771472093, 19.23156536411805817, 6.986715691967231301 ) ) ;
#1753 = CIRCLE ( 'NONE', #2042, 3.250000000000002665 ) ;
#1754 = ORIENTED_EDGE ( 'NONE', *, *, #3111, .T. ) ;
#1755 = B_SPLINE_CURVE_WITH_KNOTS ( 'NONE', 3,
 ( #288, #2330, #5016, #7732, #5557, #1670, #3528, #7069, #1000, #2374, #6398, #7774, #4886, #5190, #5280, #5232, #504, #3159, #7993 ),
 .UNSPECIFIED., .F., .F.,
 ( 4, 3, 3, 3, 3, 3, 4 ),
 ( 2.426873178752653740E-17, 4.163569493039331740E-05, 8.317834207805245746E-05, 0.0001261362291454155057, 0.0001715448998649156105, 0.0001796011209562992474, 0.0001824355879043892037 ),
 .UNSPECIFIED. ) ;
#1756 = CARTESIAN_POINT ( 'NONE',  ( -3.951284502130159915, 3.980451347269680973, 62.54487482711611079 ) ) ;
#1757 = CARTESIAN_POINT ( 'NONE',  ( 20.05890956788819679, 23.95648214578830704, 5.448788817549098162 ) ) ;
#1758 = CARTESIAN_POINT ( 'NONE',  ( -11.64716242073015096, -3.847162420730698695, 59.33124999992847393 ) ) ;
#1759 = EDGE_CURVE ( 'NONE', #7898, #6579, #6817, .T. ) ;
#1760 = CARTESIAN_POINT ( 'NONE',  ( 22.82234036851054526, 18.84931230465833352, 8.691139064077278320 ) ) ;
#1761 = VERTEX_POINT ( 'NONE', #7389 ) ;
#1762 = AXIS2_PLACEMENT_3D ( 'NONE', #2382, #8403, #7568 ) ;
#1763 = CARTESIAN_POINT ( 'NONE',  ( -13.46279326605559845, -1.090992471695006349, 54.99999999999998579 ) ) ;
#1764 = CIRCLE ( 'NONE', #2198, 4.059620185954159410 ) ;
#1765 = EDGE_CURVE ( 'NONE', #5958, #7445, #209, .T. ) ;
#1766 = CARTESIAN_POINT ( 'NONE',  ( 31.35405582682963299, 31.34393595218672957, 1.149360413185920082 ) ) ;
#1767 = EDGE_CURVE ( 'NONE', #5646, #2296, #4158, .T. ) ;
#1768 = VERTEX_POINT ( 'NONE', #7570 ) ;
#1769 = CARTESIAN_POINT ( 'NONE',  ( -3.801752240091750057, -29.24273369021465641, 0.5883414627926232265 ) ) ;
#1770 = CARTESIAN_POINT ( 'NONE',  ( 28.59872843021728173, 25.35605518662064028, 1.986090691967257182 ) ) ;
#1771 = CARTESIAN_POINT ( 'NONE',  ( 25.03719096180468284, 25.86722525057603761, -1.273581142501785557 ) ) ;
#1772 = CIRCLE ( 'NONE', #1642, 75.00000000000000000 ) ;
#1773 = CARTESIAN_POINT ( 'NONE',  ( -30.70038159891783991, 1.430815608132188554, 3.083460450729222924 ) ) ;
#1774 = CARTESIAN_POINT ( 'NONE',  ( -3.847162322546356261, -13.84716242073069736, 56.01875000429725304 ) ) ;
#1775 = EDGE_LOOP ( 'NONE', ( #5856, #8268, #1635, #7343 ) ) ;
#1776 = CARTESIAN_POINT ( 'NONE',  ( 28.63508879177394206, 33.80237073247899104, -0.01879549474920194641 ) ) ;
#1777 = FACE_OUTER_BOUND ( 'NONE', #8721, .T. ) ;
#1778 = CARTESIAN_POINT ( 'NONE',  ( 2.030690181626937374, -11.93733230676918566, 61.79375000429725873 ) ) ;
#1779 = CARTESIAN_POINT ( 'NONE',  ( 28.53401956585799581, 33.37453438573766817, -1.171007382311625156 ) ) ;
#1780 = CARTESIAN_POINT ( 'NONE',  ( 26.16595833074941879, 28.59348684464444545, -2.068716690985392237 ) ) ;
#1781 = CARTESIAN_POINT ( 'NONE',  ( 19.39400363027419871, 23.36703169412613690, 3.675354879155982690 ) ) ;
#1782 = AXIS2_PLACEMENT_3D ( 'NONE', #4467, #2442, #7673 ) ;
#1783 = AXIS2_PLACEMENT_3D ( 'NONE', #4, #2714, #5402 ) ;
#1784 = CARTESIAN_POINT ( 'NONE',  ( -4.999999999999852562, -37.14738621360572068, 5.249999999999884537 ) ) ;
#1785 = DIRECTION ( 'NONE',  ( -0.8660254037844398178, -1.255248039901265127E-16, -0.4999999999999980016 ) ) ;
#1786 = CARTESIAN_POINT ( 'NONE',  ( -29.11605621296700619, 3.469320797913007404, 0.3393283865412183298 ) ) ;
#1787 = CARTESIAN_POINT ( 'NONE',  ( 18.90041294687416240, 23.32868903394776083, 5.365434744686113255 ) ) ;
#1788 = CARTESIAN_POINT ( 'NONE',  ( 1.757669868907226762, -35.95992243406083588, 12.19325240168031499 ) ) ;
#1789 = ORIENTED_EDGE ( 'NONE', *, *, #5019, .T. ) ;
#1790 = CIRCLE ( 'NONE', #8594, 7.799999999999999822 ) ;
#1791 = CARTESIAN_POINT ( 'NONE',  ( 27.79508240377815653, 29.87968710359389490, -2.816556141371094224 ) ) ;
#1792 = CARTESIAN_POINT ( 'NONE',  ( 20.26893074777449399, 24.24195881162660271, 2.960979879156020900 ) ) ;
#1793 = EDGE_LOOP ( 'NONE', ( #6775, #3051, #1342, #4932, #7868, #4970, #2058 ) ) ;
#1794 = DIRECTION ( 'NONE',  ( 0.000000000000000000, 0.000000000000000000, -1.000000000000000000 ) ) ;
#1795 = CARTESIAN_POINT ( 'NONE',  ( -7.096359284875417117, -13.84716245263254386, 55.88125000429725731 ) ) ;
#1796 = CARTESIAN_POINT ( 'NONE',  ( 21.65267873978274693, 18.35942878791049182, 5.381050132732268843 ) ) ;
#1797 = ORIENTED_EDGE ( 'NONE', *, *, #1213, .T. ) ;
#1798 = CARTESIAN_POINT ( 'NONE',  ( 24.05135411009417012, 23.43696905534905284, 6.925076418065073902 ) ) ;
#1799 = CARTESIAN_POINT ( 'NONE',  ( -37.40956970714974972, 3.519809133549060665, 14.70411513172393825 ) ) ;
#1800 = EDGE_LOOP ( 'NONE', ( #661, #5249, #5862, #6934 ) ) ;
#1801 = CARTESIAN_POINT ( 'NONE',  ( -3.418844973041831548, 4.094925851492946300, 62.54462200428768881 ) ) ;
#1802 = DIRECTION ( 'NONE',  ( 1.000000000000000000, 0.000000000000000000, 0.000000000000000000 ) ) ;
#1803 = CYLINDRICAL_SURFACE ( 'NONE', #8014, 2.756000000000000227 ) ;
#1804 = CARTESIAN_POINT ( 'NONE',  ( -3.847162497313595608, 3.952837579269299795, 55.89375000429725304 ) ) ;
#1805 = CARTESIAN_POINT ( 'NONE',  ( -0.5979653602172937399, -13.84716238882884909, 57.90625000429729141 ) ) ;
#1806 = EDGE_LOOP ( 'NONE', ( #7884, #5001, #733, #6951 ) ) ;
#1807 =( BOUNDED_SURFACE ( )  B_SPLINE_SURFACE ( 1, 2, ( 
 ( #6549, #3192, #8603, #6600, #534, #2577, #3238, #5931, #5263, #7978, #8200, #40, #1325, #3408, #5311, #6738, #5444, #7440, #578, #2131, #2751, #8773, #1462, #8108, #8020, #3277, #714, #6783, #2618, #8155, #3993, #4035, #2667, #5973, #5488, #4126, #7528, #1955, #8681, #2709, #620, #6647, #7486, #1376, #6065, #2088, #4647, #6821, #4814, #7357, #2039, #4730, #1288, #4773, #753, #6686, #1417, #3452, #5396, #3321, #6021, #6151, #86, #8729, #2800 ),
 ( #5357, #8068, #6106, #1995, #670, #4685, #7395, #3371, #4082, #3582, #1511, #5527, #4209, #7576, #8369, #8287, #2221, #1594, #3629, #2174, #7045, #6283, #4905, #4943, #7662, #6915, #7705, #6871, #3544, #802, #3502, #6242, #170, #4288, #6994, #5659, #4854, #931, #6334, #263, #4982, #2970, #5573, #8333, #131, #7621, #2301, #220, #6202, #1640, #4338, #1552, #4163, #2264, #845, #8244, #2843, #2883, #2928, #4254, #6954, #885, #5621, #6001, #2161 ) ),
 .UNSPECIFIED., .F., .F., .F. ) 
 B_SPLINE_SURFACE_WITH_KNOTS ( ( 2, 2 ),
 ( 3, 2, 2, 2, 2, 2, 2, 2, 2, 2, 2, 2, 2, 2, 2, 2, 2, 2, 2, 2, 2, 2, 2, 2, 2, 2, 2, 2, 2, 2, 2, 2, 3 ),
 ( 0.000000000000000000, 1.000000000000000000 ),
 ( 0.2187111454308675040, 0.2250000000000000056, 0.2500000000000000000, 0.2750000000000000222, 0.2999999999999999889, 0.3250000000000000111, 0.3499999999999999778, 0.3750000000000000000, 0.4000000000000000222, 0.4249999999999999889, 0.4500000000000000111, 0.4749999999999999778, 0.5000000000000000000, 0.5250000000000000222, 0.5500000000000000444, 0.5749999999999999556, 0.5999999999999999778, 0.6250000000000000000, 0.6500000000000000222, 0.6750000000000000444, 0.6999999999999999556, 0.7249999999999999778, 0.7500000000000000000, 0.7750000000000000222, 0.8000000000000000444, 0.8249999999999999556, 0.8499999999999999778, 0.8750000000000000000, 0.9000000000000000222, 0.9250000000000000444, 0.9499999999999999556, 0.9749999999999999778, 1.000000000000000000 ),
 .UNSPECIFIED. ) 
 GEOMETRIC_REPRESENTATION_ITEM ( )  RATIONAL_B_SPLINE_SURFACE ( (
 ( 0.9815703629362448890, 0.9876880619549405216, 1.000000000000000000, 0.9510565162951535312, 1.000000000000000000, 0.9510565162951535312, 1.000000000000000000, 0.9510565162951535312, 1.000000000000000000, 0.9510565162951535312, 1.000000000000000000, 0.9510565162951535312, 1.000000000000000000, 0.9510565162951535312, 1.000000000000000000, 0.9510565162951535312, 1.000000000000000000, 0.9510565162951535312, 1.000000000000000000, 0.9510565162951535312, 1.000000000000000000, 0.9510565162951535312, 1.000000000000000000, 0.9510565162951535312, 1.000000000000000000, 0.9510565162951535312, 1.000000000000000000, 0.9510565162951535312, 1.000000000000000000, 0.9510565162951535312, 1.000000000000000000, 0.9510565162951535312, 1.000000000000000000, 0.9510565162951535312, 1.000000000000000000, 0.9510565162951535312, 1.000000000000000000, 0.9510565162951535312, 1.000000000000000000, 0.9510565162951535312, 1.000000000000000000, 0.9510565162951535312, 1.000000000000000000, 0.9510565162951535312, 1.000000000000000000, 0.9510565162951535312, 1.000000000000000000, 0.9510565162951535312, 1.000000000000000000, 0.9510565162951535312, 1.000000000000000000, 0.9510565162951535312, 1.000000000000000000, 0.9510565162951535312, 1.000000000000000000, 0.9510565162951535312, 1.000000000000000000, 0.9510565162951535312, 1.000000000000000000, 0.9510565162951535312, 1.000000000000000000, 0.9510565162951535312, 1.000000000000000000, 0.9510565162951535312, 1.000000000000000000),
 ( 0.9815703629362448890, 0.9876880619549405216, 1.000000000000000000, 0.9510565162951535312, 1.000000000000000000, 0.9510565162951535312, 1.000000000000000000, 0.9510565162951535312, 1.000000000000000000, 0.9510565162951535312, 1.000000000000000000, 0.9510565162951535312, 1.000000000000000000, 0.9510565162951535312, 1.000000000000000000, 0.9510565162951535312, 1.000000000000000000, 0.9510565162951535312, 1.000000000000000000, 0.9510565162951535312, 1.000000000000000000, 0.9510565162951535312, 1.000000000000000000, 0.9510565162951535312, 1.000000000000000000, 0.9510565162951535312, 1.000000000000000000, 0.9510565162951535312, 1.000000000000000000, 0.9510565162951535312, 1.000000000000000000, 0.9510565162951535312, 1.000000000000000000, 0.9510565162951535312, 1.000000000000000000, 0.9510565162951535312, 1.000000000000000000, 0.9510565162951535312, 1.000000000000000000, 0.9510565162951535312, 1.000000000000000000, 0.9510565162951535312, 1.000000000000000000, 0.9510565162951535312, 1.000000000000000000, 0.9510565162951535312, 1.000000000000000000, 0.9510565162951535312, 1.000000000000000000, 0.9510565162951535312, 1.000000000000000000, 0.9510565162951535312, 1.000000000000000000, 0.9510565162951535312, 1.000000000000000000, 0.9510565162951535312, 1.000000000000000000, 0.9510565162951535312, 1.000000000000000000, 0.9510565162951535312, 1.000000000000000000, 0.9510565162951535312, 1.000000000000000000, 0.9510565162951535312, 1.000000000000000000) ) ) 
 REPRESENTATION_ITEM ( '' )  SURFACE ( )  );
#1808 = CARTESIAN_POINT ( 'NONE',  ( -12.30790658207117616, 1.504836824148949370, 55.00000000000000000 ) ) ;
#1809 = CARTESIAN_POINT ( 'NONE',  ( 29.83986734369217686, 36.91093515555753868, 2.517949192431117922 ) ) ;
#1810 = VERTEX_POINT ( 'NONE', #6145 ) ;
#1811 = LINE ( 'NONE', #4510, #666 ) ;
#1812 = CARTESIAN_POINT ( 'NONE',  ( 28.62984531463049009, 25.82160790950370099, -0.2631157537205733310 ) ) ;
#1813 = DIRECTION ( 'NONE',  ( -0.1898979485566344716, -0.4999999999999979461, -0.8449489742783192758 ) ) ;
#1814 = ADVANCED_FACE ( 'NONE', ( #1989 ), #81, .F. ) ;
#1815 = CYLINDRICAL_SURFACE ( 'NONE', #8705, 3.000000000000000000 ) ;
#1816 = ADVANCED_FACE ( 'NONE', ( #5483 ), #8196, .F. ) ;
#1817 = CARTESIAN_POINT ( 'NONE',  ( 4.659345602109323359, 2.333177550288373148, 56.98125000429725873 ) ) ;
#1818 = CARTESIAN_POINT ( 'NONE',  ( 30.51229894781823049, 30.51229894781813101, -1.495190528383337547 ) ) ;
#1819 = ORIENTED_EDGE ( 'NONE', *, *, #8140, .F. ) ;
#1820 = CARTESIAN_POINT ( 'NONE',  ( 26.66128763834684179, 33.73235545021218229, -5.267949192431136574 ) ) ;
#1821 = CARTESIAN_POINT ( 'NONE',  ( 1.495571637790919839, 4.462687643054927378, 62.12588693565594866 ) ) ;
#1822 = CARTESIAN_POINT ( 'NONE',  ( -13.35772761402214925, -0.7569925703595637989, 54.19375000429725731 ) ) ;
#1823 = CARTESIAN_POINT ( 'NONE',  ( 29.94437010893049589, 30.93960244860622666, 2.177891809991443051 ) ) ;
#1824 = CARTESIAN_POINT ( 'NONE',  ( 28.94848795017145804, 31.77797230304559051, 1.905604423094859667 ) ) ;
#1825 = CARTESIAN_POINT ( 'NONE',  ( 23.19876409351442703, 27.98743997632871228, 3.199037090745464162 ) ) ;
#1826 = CARTESIAN_POINT ( 'NONE',  ( 21.54886980543695429, 25.44644238333717112, 5.154799472277590056 ) ) ;
#1827 = DIRECTION ( 'NONE',  ( -0.7071067811865486830, 0.7071067811865463515, 0.000000000000000000 ) ) ;
#1828 = DIRECTION ( 'NONE',  ( 0.6123724356957942483, 0.6123724356957965798, -0.4999999999999977796 ) ) ;
#1829 = CARTESIAN_POINT ( 'NONE',  ( -28.98133524245010761, 2.900091249255559500, 0.1059848207609576098 ) ) ;
#1830 = CARTESIAN_POINT ( 'NONE',  ( 22.86357228859854729, 18.84753493433072791, 8.699773321549358229 ) ) ;
#1831 = CARTESIAN_POINT ( 'NONE',  ( 21.95493331357668154, 17.52665722650282021, 8.112309198547142941 ) ) ;
#1832 = VERTEX_POINT ( 'NONE', #797 ) ;
#1833 = EDGE_CURVE ( 'NONE', #3364, #3759, #3496, .T. ) ;
#1834 = LINE ( 'NONE', #3165, #5039 ) ;
#1835 = LINE ( 'NONE', #4622, #5578 ) ;
#1836 = ORIENTED_EDGE ( 'NONE', *, *, #1765, .F. ) ;
#1837 = CARTESIAN_POINT ( 'NONE',  ( 49.44752746360097007, 53.82837943693556326, -19.54811651505058379 ) ) ;
#1838 = CARTESIAN_POINT ( 'NONE',  ( 5.663402772561845211, -6.937332271101833925, 56.56875000429725731 ) ) ;
#1839 = CARTESIAN_POINT ( 'NONE',  ( 23.49807268987913389, 16.48251170158295409, 13.46658396733444185 ) ) ;
#1840 = VERTEX_POINT ( 'NONE', #2171 ) ;
#1841 = ORIENTED_EDGE ( 'NONE', *, *, #7277, .F. ) ;
#1842 = CARTESIAN_POINT ( 'NONE',  ( 24.03341338599401666, 24.76218756709094038, 6.144908183963432080 ) ) ;
#1843 = CARTESIAN_POINT ( 'NONE',  ( 54.32066644360193663, 49.93981447026727949, -18.34226454171595222 ) ) ;
#1844 = ORIENTED_EDGE ( 'NONE', *, *, #6269, .F. ) ;
#1845 = CARTESIAN_POINT ( 'NONE',  ( -3.999675904682169048, 3.970047195223912695, 62.54540894460522082 ) ) ;
#1846 = PERSON_AND_ORGANIZATION_ROLE ( 'design_owner' ) ;
#1847 = DIRECTION ( 'NONE',  ( -0.7071067811865487940, 0.7071067811865462405, 0.000000000000000000 ) ) ;
#1848 = LINE ( 'NONE', #1986, #6289 ) ;
#1849 = EDGE_CURVE ( 'NONE', #377, #7249, #1320, .T. ) ;
#1850 = CARTESIAN_POINT ( 'NONE',  ( 15.96680694495359454, 22.15763861672648005, 14.45595346057325337 ) ) ;
#1851 = ORIENTED_EDGE ( 'NONE', *, *, #3325, .F. ) ;
#1852 = CARTESIAN_POINT ( 'NONE',  ( 3.379016718775641248, -6.848600090640526439, 55.03502977648284400 ) ) ;
#1853 = FACE_OUTER_BOUND ( 'NONE', #8645, .T. ) ;
#1854 = EDGE_LOOP ( 'NONE', ( #3896, #838, #817, #779, #389, #8735, #1214, #8439, #8283, #1631, #508, #5315, #2046, #5018, #2769, #4548, #4624, #7508, #7081, #8280, #1747, #7955, #4935, #1704, #354, #5775, #6841, #2965, #1048, #4216, #3263, #7346, #8507, #4374, #6536, #3344, #7425, #3063, #5159, #8249, #1585, #4542, #2693, #4712, #3126, #108, #6876, #5091, #3074, #6102, #5074, #7763, #6638, #1315, #58, #868, #4122, #5797, #5121, #6407 ) ) ;
#1855 = CARTESIAN_POINT ( 'NONE',  ( 17.00202937545617488, 24.07309718732149051, 13.00000000000000000 ) ) ;
#1856 = CARTESIAN_POINT ( 'NONE',  ( 24.83627439559039018, 28.38081578890454892, 2.193854444045934660 ) ) ;
#1857 = CARTESIAN_POINT ( 'NONE',  ( 24.29876045180509436, 27.09794276724191420, 5.679344844165670203 ) ) ;
#1858 = FACE_OUTER_BOUND ( 'NONE', #6630, .T. ) ;
#1859 =( BOUNDED_CURVE ( )  B_SPLINE_CURVE ( 2, ( #4605, #1332, #8688, #2582, #6788, #6745, #4041, #4738, #6652, #6111, #4779 ),
 .UNSPECIFIED., .F., .T. ) 
 B_SPLINE_CURVE_WITH_KNOTS ( ( 3, 2, 2, 2, 2, 3 ),
 ( 0.6496245807529354988, 0.6519892602051997610, 0.6603225935385330647, 0.6686559268718664795, 0.6769892602051997832, 0.6829579140862689357 ),
 .UNSPECIFIED. ) 
 CURVE ( )  GEOMETRIC_REPRESENTATION_ITEM ( )  RATIONAL_B_SPLINE_CURVE ( ( 0.9690584114092961610, 0.9783999393559227320, 1.000000000000000000, 0.9238795325112867385, 1.000000000000000000, 0.9238795325112867385, 1.000000000000000000, 0.9238795325112867385, 1.000000000000000000, 0.9454795931553637844, 0.9690584114092966050 ) ) 
 REPRESENTATION_ITEM ( '' )  );
#1860 = ADVANCED_FACE ( 'NONE', ( #6732 ), #665, .F. ) ;
#1861 = CARTESIAN_POINT ( 'NONE',  ( 5.663402772561845211, -6.937332271101833925, 62.06875000429725731 ) ) ;
#1862 = B_SPLINE_CURVE_WITH_KNOTS ( 'NONE', 3,
 ( #7618, #7080, #5617, #6950, #3706, #2923, #926, #3623, #880, #338 ),
 .UNSPECIFIED., .F., .F.,
 ( 4, 2, 2, 2, 4 ),
 ( 5.709925213163767510E-07, 0.0006609839493288981226, 0.001321396906136479725, 0.001981809862944061435, 0.002642222819751643362 ),
 .UNSPECIFIED. ) ;
#1863 = CARTESIAN_POINT ( 'NONE',  ( 18.29250304425883300, 19.49636324419786959, 4.807088462280916907 ) ) ;
#1864 = ORIENTED_EDGE ( 'NONE', *, *, #2813, .F. ) ;
#1865 = CARTESIAN_POINT ( 'NONE',  ( 30.58097253315673569, 31.91984383822995497, 0.9935532206689354773 ) ) ;
#1866 = CARTESIAN_POINT ( 'NONE',  ( 5.663402772561845211, -6.937332271101833925, 58.31875000429725731 ) ) ;
#1867 = CARTESIAN_POINT ( 'NONE',  ( 27.36502928068529172, 28.20404895420776015, -3.220247753654700062 ) ) ;
#1868 = CARTESIAN_POINT ( 'NONE',  ( 30.50977624024692858, 26.08150015317309922, 1.127309198547164826 ) ) ;
#1869 = CARTESIAN_POINT ( 'NONE',  ( 28.16241238731148755, 23.78156041397675580, 3.015860458284044476 ) ) ;
#1870 =( BOUNDED_CURVE ( )  B_SPLINE_CURVE ( 2, ( #4451, #7871, #1796, #5820, #2465, #4493, #1131, #3169, #6532, #5865, #8581 ),
 .UNSPECIFIED., .F., .T. ) 
 B_SPLINE_CURVE_WITH_KNOTS ( ( 3, 2, 2, 2, 2, 3 ),
 ( 0.01469953594991896956, 0.01624641222217529032, 0.01840613464182692949, 0.02056585706147857212, 0.02272557948113021128, 0.02333842562852605010 ),
 .UNSPECIFIED. ) 
 CURVE ( )  GEOMETRIC_REPRESENTATION_ITEM ( )  RATIONAL_B_SPLINE_CURVE ( ( 0.9690584114094804580, 0.9454795931551509547, 1.000000000000000000, 0.9238795325112867385, 1.000000000000000000, 0.9238795325112867385, 1.000000000000000000, 0.9238795325112867385, 1.000000000000000000, 0.9783999393561175761, 0.9690584114094649149 ) ) 
 REPRESENTATION_ITEM ( '' )  );
#1871 = CARTESIAN_POINT ( 'NONE',  ( 25.82403707622355782, 22.37532358205761440, 5.724596415204573852 ) ) ;
#1872 = EDGE_CURVE ( 'NONE', #2376, #4121, #729, .T. ) ;
#1873 = FACE_OUTER_BOUND ( 'NONE', #7286, .T. ) ;
#1874 = CARTESIAN_POINT ( 'NONE',  ( 31.43085760136191098, 31.43085760136181506, -2.245190528383326001 ) ) ;
#1875 = EDGE_CURVE ( 'NONE', #4819, #2744, #5567, .T. ) ;
#1876 = ORIENTED_EDGE ( 'NONE', *, *, #2143, .T. ) ;
#1877 = CARTESIAN_POINT ( 'NONE',  ( 24.21516170045263650, 19.78688561337878227, 6.266840448547139175 ) ) ;
#1878 = CARTESIAN_POINT ( 'NONE',  ( 21.67753196733594834, 17.84253238095882210, 5.301929797841671288 ) ) ;
#1879 = ORIENTED_EDGE ( 'NONE', *, *, #3038, .F. ) ;
#1880 = CARTESIAN_POINT ( 'NONE',  ( 31.34475558245819471, 27.44718300455786064, -0.5837111824508828262 ) ) ;
#1881 = CARTESIAN_POINT ( 'NONE',  ( 24.09914487384261861, 20.20157229594467196, 4.409747093457486500 ) ) ;
#1882 = ORIENTED_EDGE ( 'NONE', *, *, #1723, .T. ) ;
#1883 = CARTESIAN_POINT ( 'NONE',  ( -4.999999999999850786, -30.65219568522246263, 2.999999999999999112 ) ) ;
#1884 = ADVANCED_FACE ( 'NONE', ( #2259 ), #1050, .F. ) ;
#1885 = CARTESIAN_POINT ( 'NONE',  ( 4.659345723471169265, -10.02750222470952046, 61.93125000429725446 ) ) ;
#1886 = CARTESIAN_POINT ( 'NONE',  ( 20.20574884573064622, 15.86515772679653757, 15.00000000000000355 ) ) ;
#1887 = ORIENTED_EDGE ( 'NONE', *, *, #4744, .F. ) ;
#1888 = ORIENTED_EDGE ( 'NONE', *, *, #8430, .F. ) ;
#1889 = CARTESIAN_POINT ( 'NONE',  ( 22.94206419824675436, 21.16446912393473667, 7.704496651406094188 ) ) ;
#1890 = CARTESIAN_POINT ( 'NONE',  ( -68.87945218822306970, -68.87945218822343918, 2.999999999999999112 ) ) ;
#1891 = CARTESIAN_POINT ( 'NONE',  ( 24.00719617203812462, 17.10008136461341266, 1.815109234307064057 ) ) ;
#1892 = AXIS2_PLACEMENT_3D ( 'NONE', #2530, #4550, #7178 ) ;
#1893 = DATE_TIME_ROLE ( 'classification_date' ) ;
#1894 = CARTESIAN_POINT ( 'NONE',  ( 20.83662256122185497, 24.73419513912196521, 4.813788817549095711 ) ) ;
#1895 = CARTESIAN_POINT ( 'NONE',  ( -6.381536127930263369, 3.952837554385830288, 56.03125000429725588 ) ) ;
#1896 = CARTESIAN_POINT ( 'NONE',  ( 5.663402711880920926, -0.7569923836028872310, 58.59375000429730562 ) ) ;
#1897 = ORIENTED_EDGE ( 'NONE', *, *, #267, .T. ) ;
#1898 = CARTESIAN_POINT ( 'NONE',  ( -11.75935474046172224, 2.286784137272501294, 55.00000000000000000 ) ) ;
#1899 = ORIENTED_EDGE ( 'NONE', *, *, #8158, .T. ) ;
#1900 = VECTOR ( 'NONE', #6873, 1000.000000000000000 ) ;
#1901 = CARTESIAN_POINT ( 'NONE',  ( 32.05097735397973935, 27.67012538064502536, -0.1591395417160283432 ) ) ;
#1902 = VECTOR ( 'NONE', #1046, 1000.000000000000000 ) ;
#1903 = ORIENTED_EDGE ( 'NONE', *, *, #5266, .F. ) ;
#1904 = FACE_OUTER_BOUND ( 'NONE', #2706, .T. ) ;
#1905 = CARTESIAN_POINT ( 'NONE',  ( 32.35104472486729321, 28.80650333155292486, -2.051110500812618476 ) ) ;
#1906 = CARTESIAN_POINT ( 'NONE',  ( 23.94747453455649477, 27.84504711245662278, 2.273788817549121877 ) ) ;
#1907 = CARTESIAN_POINT ( 'NONE',  ( 27.86504205351363694, 32.65371793633079989, -0.6109629092574285769 ) ) ;
#1908 = VECTOR ( 'NONE', #7376, 999.9999999999998863 ) ;
#1909 = TOROIDAL_SURFACE ( 'NONE', #6146, 78.00000000000000000, 3.000000000000000000 ) ;
#1910 = CARTESIAN_POINT ( 'NONE',  ( 5.663402711880920926, -0.7569923836028872310, 56.84375000429725588 ) ) ;
#1911 = B_SPLINE_CURVE_WITH_KNOTS ( 'NONE', 3,
 ( #6601, #8641, #3948, #6687, #5974, #7938, #8682, #5312, #621, #3322, #8730, #4686, #1147, #2668, #5358, #8069 ),
 .UNSPECIFIED., .F., .F.,
 ( 4, 2, 2, 2, 2, 2, 2, 4 ),
 ( 0.000000000000000000, 0.001297166420984850049, 0.002594332841969700099, 0.003891499262954550148, 0.005188665683939400197, 0.007782998525909100296, 0.009080164946893950345, 0.01037733136787880039 ),
 .UNSPECIFIED. ) ;
#1912 = CYLINDRICAL_SURFACE ( 'NONE', #2056, 2.999999999999999112 ) ;
#1913 = EDGE_LOOP ( 'NONE', ( #1458, #5641, #4851, #6818 ) ) ;
#1914 = FACE_OUTER_BOUND ( 'NONE', #6039, .T. ) ;
#1915 = CARTESIAN_POINT ( 'NONE',  ( 29.71783837397880390, 25.33698640064410768, 1.745860458284105743 ) ) ;
#1916 = AXIS2_PLACEMENT_3D ( 'NONE', #8295, #2230, #4912 ) ;
#1917 = CARTESIAN_POINT ( 'NONE',  ( 29.30818653611999736, 26.47870218324566594, -2.635985479861547631 ) ) ;
#1918 = CARTESIAN_POINT ( 'NONE',  ( 29.72620094350510911, 32.55568529637924513, 1.270604423094868318 ) ) ;
#1919 = EDGE_CURVE ( 'NONE', #2423, #3366, #4850, .T. ) ;
#1920 =( BOUNDED_CURVE ( )  B_SPLINE_CURVE ( 2, ( #6166, #3556, #3516, #683, #8120, #3419, #6253, #7408, #7538 ),
 .UNSPECIFIED., .F., .T. ) 
 B_SPLINE_CURVE_WITH_KNOTS ( ( 3, 2, 2, 2, 3 ),
 ( 0.6333333333333331927, 0.6416666666666666075, 0.6499999999999999112, 0.6583333333333331039, 0.6666666666666664076 ),
 .UNSPECIFIED. ) 
 CURVE ( )  GEOMETRIC_REPRESENTATION_ITEM ( )  RATIONAL_B_SPLINE_CURVE ( ( 1.000000000000001110, 0.9238795325112857393, 1.000000000000000000, 0.9238795325112867385, 1.000000000000000000, 0.9238795325112867385, 1.000000000000000000, 0.9238795325112887369, 0.9999999999999980016 ) ) 
 REPRESENTATION_ITEM ( '' )  );
#1921 = CARTESIAN_POINT ( 'NONE',  ( 30.96053445461576814, 27.06296187671539855, -0.2699959452198056331 ) ) ;
#1922 = CARTESIAN_POINT ( 'NONE',  ( 26.78898187730741043, 31.16983385063569401, -1.047491515067006995 ) ) ;
#1923 = CARTESIAN_POINT ( 'NONE',  ( -3.847162420730148913, -3.847162420730696919, 55.00000000000000000 ) ) ;
#1924 = CARTESIAN_POINT ( 'NONE',  ( 22.35109145044254930, 24.43569615025826280, 1.628443858628890073 ) ) ;
#1925 = CIRCLE ( 'NONE', #3903, 2.756000000000000227 ) ;
#1926 = ORIENTED_EDGE ( 'NONE', *, *, #7734, .T. ) ;
#1927 = CARTESIAN_POINT ( 'NONE',  ( 18.42375065252044308, 23.26426547240006926, 7.083992617688337212 ) ) ;
#1928 = CARTESIAN_POINT ( 'NONE',  ( 19.85467557485742063, 18.85944323518146248, 3.997352133241850680 ) ) ;
#1929 =( BOUNDED_CURVE ( )  B_SPLINE_CURVE ( 2, ( #4447, #3790, #8621, #600, #6490, #2461, #5151, #3876, #6574, #510, #1353 ),
 .UNSPECIFIED., .F., .T. ) 
 B_SPLINE_CURVE_WITH_KNOTS ( ( 3, 2, 2, 2, 2, 3 ),
 ( 0.5162912474196021950, 0.5186559268718664573, 0.5269892602051997610, 0.5353225935385330647, 0.5436559268718664795, 0.5496245807529356320 ),
 .UNSPECIFIED. ) 
 CURVE ( )  GEOMETRIC_REPRESENTATION_ITEM ( )  RATIONAL_B_SPLINE_CURVE ( ( 0.9690584114092961610, 0.9783999393559227320, 1.000000000000000000, 0.9238795325112867385, 1.000000000000000000, 0.9238795325112867385, 1.000000000000000000, 0.9238795325112867385, 1.000000000000000000, 0.9454795931553630073, 0.9690584114092970491 ) ) 
 REPRESENTATION_ITEM ( '' )  );
#1930 = CARTESIAN_POINT ( 'NONE',  ( -3.847162344146708435, -11.64716242073069630, 57.26875000429726015 ) ) ;
#1931 = EDGE_CURVE ( 'NONE', #2394, #7157, #5861, .T. ) ;
#1932 = CARTESIAN_POINT ( 'NONE',  ( 20.64347536615131773, 24.44619285859535296, 4.312405606789778467 ) ) ;
#1933 = VECTOR ( 'NONE', #4024, 1000.000000000000114 ) ;
#1934 = EDGE_CURVE ( 'NONE', #5257, #2574, #3001, .T. ) ;
#1935 = AXIS2_PLACEMENT_3D ( 'NONE', #3333, #3416, #1385 ) ;
#1936 = CARTESIAN_POINT ( 'NONE',  ( 19.48154124496722517, 23.28425873741205621, 5.261120843999375296 ) ) ;
#1937 = CARTESIAN_POINT ( 'NONE',  ( 5.663402711880920926, -0.7569923836028872310, 56.84375000429725588 ) ) ;
#1938 = DIRECTION ( 'NONE',  ( -0.000000000000000000, -0.000000000000000000, -1.000000000000000000 ) ) ;
#1939 = ORIENTED_EDGE ( 'NONE', *, *, #4047, .T. ) ;
#1940 = AXIS2_PLACEMENT_3D ( 'NONE', #8349, #2283, #4962 ) ;
#1941 = CARTESIAN_POINT ( 'NONE',  ( 22.49592812342685022, 21.88154306868173293, 8.195076418065070811 ) ) ;
#1942 = ORIENTED_EDGE ( 'NONE', *, *, #7400, .F. ) ;
#1943 = CIRCLE ( 'NONE', #7605, 183.0000000000000284 ) ;
#1944 = FACE_OUTER_BOUND ( 'NONE', #6223, .T. ) ;
#1945 = CARTESIAN_POINT ( 'NONE',  ( -3.535533905932632504, 3.535533905932616516, 0.000000000000000000 ) ) ;
#1946 = CARTESIAN_POINT ( 'NONE',  ( 23.56762564912160585, 19.67005307122123980, 5.766288817549090950 ) ) ;
#1947 = ORIENTED_EDGE ( 'NONE', *, *, #2964, .T. ) ;
#1948 = ORIENTED_EDGE ( 'NONE', *, *, #3338, .T. ) ;
#1949 = CARTESIAN_POINT ( 'NONE',  ( -12.55528526481465335, 1.091833004717386757, 55.00000000000000711 ) ) ;
#1950 = ORIENTED_EDGE ( 'NONE', *, *, #6478, .T. ) ;
#1951 = CARTESIAN_POINT ( 'NONE',  ( 19.79578132314182426, 19.79578132314167505, 7.254809471616630034 ) ) ;
#1952 = ORIENTED_EDGE ( 'NONE', *, *, #3872, .T. ) ;
#1953 = DIRECTION ( 'NONE',  ( -0.000000000000000000, -0.000000000000000000, -1.000000000000000000 ) ) ;
#1954 = CARTESIAN_POINT ( 'NONE',  ( 28.58453649772911831, 30.65646991466809723, 1.634114949861822375 ) ) ;
#1955 = CARTESIAN_POINT ( 'NONE',  ( 4.659345723471169265, -10.02750222470952046, 58.18125000429725446 ) ) ;
#1956 = DIRECTION ( 'NONE',  ( 0.000000000000000000, 0.5000000000000043299, -0.8660254037844362651 ) ) ;
#1957 = CARTESIAN_POINT ( 'NONE',  ( -7.096359284875418005, -13.84716245263254208, 61.38125000429725020 ) ) ;
#1958 = CARTESIAN_POINT ( 'NONE',  ( -29.48667615085307503, 4.256466616013631743, 13.98660316614047971 ) ) ;
#1959 = ORIENTED_EDGE ( 'NONE', *, *, #8440, .T. ) ;
#1960 = EDGE_CURVE ( 'NONE', #6069, #7933, #4940, .T. ) ;
#1961 = CARTESIAN_POINT ( 'NONE',  ( 26.04008297548492834, 22.23736548304064442, 4.406623099233950569 ) ) ;
#1962 = CARTESIAN_POINT ( 'NONE',  ( -29.49657942643011310, 4.335104056999347755, 1.107496408766742269 ) ) ;
#1963 = CARTESIAN_POINT ( 'NONE',  ( 20.40091474452485087, 21.01529979926971947, 3.615792525168206595 ) ) ;
#1964 = CARTESIAN_POINT ( 'NONE',  ( -29.58039891549807976, -5.000000000000020428, 12.00000000000000000 ) ) ;
#1965 = CARTESIAN_POINT ( 'NONE',  ( 27.66414796841603874, 31.16418706406929218, -4.207280612237199513 ) ) ;
#1966 = CARTESIAN_POINT ( 'NONE',  ( 18.82266002672888305, 22.27137352089456002, 4.657522528028706255 ) ) ;
#1967 = CARTESIAN_POINT ( 'NONE',  ( 27.83342421198372918, 25.03424189654678145, -1.409100900932234390 ) ) ;
#1968 = CARTESIAN_POINT ( 'NONE',  ( 23.37010621163609159, 27.17282370408022985, 2.086120843999341723 ) ) ;
#1969 = VERTEX_POINT ( 'NONE', #5692 ) ;
#1970 = CARTESIAN_POINT ( 'NONE',  ( 23.72266616226122693, 24.71789850193693283, 7.257891809991416920 ) ) ;
#1971 = CARTESIAN_POINT ( 'NONE',  ( 20.05208723231278256, 24.89260205219241229, 5.754461367688351814 ) ) ;
#1972 = ORIENTED_EDGE ( 'NONE', *, *, #5935, .T. ) ;
#1973 = CARTESIAN_POINT ( 'NONE',  ( 33.07122642648626254, 30.56627379078539875, 1.618934386551179383 ) ) ;
#1974 = CARTESIAN_POINT ( 'NONE',  ( 30.06934906781800265, 27.27016675238109045, -3.234725900932212905 ) ) ;
#1975 = CARTESIAN_POINT ( 'NONE',  ( 30.61572945781778543, 28.44389985248455588, -3.901775725716781551 ) ) ;
#1976 = CARTESIAN_POINT ( 'NONE',  ( 25.85418643847247822, 28.65336875390918436, 4.409344844165523192 ) ) ;
#1977 = DIRECTION ( 'NONE',  ( -0.7071067811865487940, 0.7071067811865462405, 0.000000000000000000 ) ) ;
#1978 = CARTESIAN_POINT ( 'NONE',  ( -28.92014487765375108, -4.999999999999996447, 0.000000000000000000 ) ) ;
#1979 = VERTEX_POINT ( 'NONE', #8405 ) ;
#1980 = CARTESIAN_POINT ( 'NONE',  ( 19.02257197405150535, 21.96337706793016054, 4.993827058486137283 ) ) ;
#1981 = EDGE_CURVE ( 'NONE', #8669, #6673, #1862, .T. ) ;
#1982 = DIRECTION ( 'NONE',  ( 0.000000000000000000, 0.000000000000000000, 1.000000000000000000 ) ) ;
#1983 = ORIENTED_EDGE ( 'NONE', *, *, #6167, .T. ) ;
#1984 = PERSON_AND_ORGANIZATION_ROLE ( 'creator' ) ;
#1985 = CARTESIAN_POINT ( 'NONE',  ( 28.92027237370898263, 29.77491362748678938, 2.560693726122921010 ) ) ;
#1986 = CARTESIAN_POINT ( 'NONE',  ( 3.952837579269848245, -3.847162420730697363, 65.00000000000000000 ) ) ;
#1987 = ORIENTED_EDGE ( 'NONE', *, *, #3388, .F. ) ;
#1988 = DIRECTION ( 'NONE',  ( -0.1898979485566344438, -0.4999999999999977796, -0.8449489742783193869 ) ) ;
#1989 = FACE_OUTER_BOUND ( 'NONE', #3541, .T. ) ;
#1990 = EDGE_CURVE ( 'NONE', #1143, #7218, #2293, .T. ) ;
#1991 = ORIENTED_EDGE ( 'NONE', *, *, #7213, .F. ) ;
#1992 = ORIENTED_EDGE ( 'NONE', *, *, #4681, .T. ) ;
#1993 = CARTESIAN_POINT ( 'NONE',  ( 26.86517931282059024, 30.66789680526464323, -0.7675943932101947365 ) ) ;
#1994 = CARTESIAN_POINT ( 'NONE',  ( 27.94712636892501934, 31.49166776223919584, -0.3461455559540532745 ) ) ;
#1995 = CARTESIAN_POINT ( 'NONE',  ( -1.312788866696924517, 3.952837604152769746, 53.00625000429725731 ) ) ;
#1996 = CARTESIAN_POINT ( 'NONE',  ( 19.79584256038540602, 19.79584256038526391, 7.254759471616625710 ) ) ;
#1997 = FACE_OUTER_BOUND ( 'NONE', #3091, .T. ) ;
#1998 = CARTESIAN_POINT ( 'NONE',  ( -4.222804838819458340, 3.922074472092358377, 62.30381563531979339 ) ) ;
#1999 = ORIENTED_EDGE ( 'NONE', *, *, #582, .T. ) ;
#2000 = ADVANCED_FACE ( 'NONE', ( #6409 ), #7788, .F. ) ;
#2001 = CARTESIAN_POINT ( 'NONE',  ( 27.64238248167879419, 25.55777778186283555, 4.388050084604409484 ) ) ;
#2002 = CARTESIAN_POINT ( 'NONE',  ( 6.667459821652518492, -3.847162317494146500, 61.20625000429725304 ) ) ;
#2003 = CARTESIAN_POINT ( 'NONE',  ( -10.89716242073015096, -3.847162420730697363, 64.25000000000000000 ) ) ;
#2004 = CARTESIAN_POINT ( 'NONE',  ( 21.02008093772539254, 18.94814752078617914, 4.699878993371478408 ) ) ;
#2005 = CARTESIAN_POINT ( 'NONE',  ( 22.71842143397584479, 18.33756946064108462, 7.460860458283947061 ) ) ;
#2006 = CARTESIAN_POINT ( 'NONE',  ( -3.847162344146708435, -11.64716242073069630, 60.01875000429725304 ) ) ;
#2007 = ORIENTED_EDGE ( 'NONE', *, *, #636, .T. ) ;
#2008 = ORIENTED_EDGE ( 'NONE', *, *, #5541, .F. ) ;
#2009 = CARTESIAN_POINT ( 'NONE',  ( 20.92955267182396639, 24.72348177095080857, 6.741065967454072272 ) ) ;
#2010 = CARTESIAN_POINT ( 'NONE',  ( 29.71783837397880390, 25.33698640064410768, 1.745860458284105743 ) ) ;
#2011 = CARTESIAN_POINT ( 'NONE',  ( 23.44121707438664970, 27.33878965228686297, 2.333942518046589143 ) ) ;
#2012 = ORIENTED_EDGE ( 'NONE', *, *, #2572, .T. ) ;
#2013 = CARTESIAN_POINT ( 'NONE',  ( 21.71021422122886335, 25.72625157549643404, 1.741876871683905925 ) ) ;
#2014 = CARTESIAN_POINT ( 'NONE',  ( 23.71419587505722859, 19.69815852078940566, 8.005242071549364624 ) ) ;
#2015 = ORIENTED_EDGE ( 'NONE', *, *, #7277, .T. ) ;
#2016 = DIRECTION ( 'NONE',  ( 0.6123724356957943593, 0.6123724356957963577, -0.4999999999999978906 ) ) ;
#2017 = CARTESIAN_POINT ( 'NONE',  ( -0.08212056150576843572, 3.058704761024571894, 63.17371932397862366 ) ) ;
#2018 = VERTEX_POINT ( 'NONE', #6452 ) ;
#2019 = CARTESIAN_POINT ( 'NONE',  ( 23.18340452127764451, 19.28583194337723938, 6.080004054775667299 ) ) ;
#2020 =( BOUNDED_CURVE ( )  B_SPLINE_CURVE ( 2, ( #8744, #2636, #1300, #5503, #4007, #5371, #727, #4748, #3382 ),
 .UNSPECIFIED., .F., .T. ) 
 B_SPLINE_CURVE_WITH_KNOTS ( ( 3, 2, 2, 2, 3 ),
 ( 0.1000000000000000056, 0.1083333333333332538, 0.1166666666666665159, 0.1249999999999997780, 0.1333333333333330262 ),
 .UNSPECIFIED. ) 
 CURVE ( )  GEOMETRIC_REPRESENTATION_ITEM ( )  RATIONAL_B_SPLINE_CURVE ( ( 1.000000000000000000, 0.9238795325112867385, 1.000000000000000000, 0.9238795325112867385, 1.000000000000000000, 0.9238795325112867385, 1.000000000000000000, 0.9238795325112895140, 0.9999999999999972244 ) ) 
 REPRESENTATION_ITEM ( '' )  );
#2021 = CARTESIAN_POINT ( 'NONE',  ( 26.91205362897852638, 27.89662764231109193, 4.619397464950306009 ) ) ;
#2022 = CARTESIAN_POINT ( 'NONE',  ( 22.54500987430051140, 18.74229238185619195, 7.260338336443492580 ) ) ;
#2023 = CARTESIAN_POINT ( 'NONE',  ( 24.26665098006449028, 27.71536447423018856, 0.2125225280287226237 ) ) ;
#2024 = ORIENTED_EDGE ( 'NONE', *, *, #1463, .F. ) ;
#2025 = CARTESIAN_POINT ( 'NONE',  ( 24.15577552642343662, 27.70031691973759891, 2.749479444045931587 ) ) ;
#2026 = DIRECTION ( 'NONE',  ( -0.7071067811865482389, 0.7071067811865466846, 0.000000000000000000 ) ) ;
#2027 = PERSON_AND_ORGANIZATION_ROLE ( 'design_supplier' ) ;
#2028 = EDGE_CURVE ( 'NONE', #4911, #4557, #6278, .T. ) ;
#2029 = CARTESIAN_POINT ( 'NONE',  ( 23.56762564912160585, 19.67005307122123980, 5.766288817549090950 ) ) ;
#2030 = CARTESIAN_POINT ( 'NONE',  ( 32.38081623336056936, 27.39967098392630973, -3.018964838521660976 ) ) ;
#2031 = ORIENTED_EDGE ( 'NONE', *, *, #6482, .T. ) ;
#2032 = CARTESIAN_POINT ( 'NONE',  ( -6.175589798400112684, -13.58386805691483268, 55.00000000000002132 ) ) ;
#2033 = CARTESIAN_POINT ( 'NONE',  ( 32.35554613173577110, 30.17038495796326103, 0.7970943076913741265 ) ) ;
#2034 = ORIENTED_EDGE ( 'NONE', *, *, #7565, .F. ) ;
#2035 = VECTOR ( 'NONE', #2936, 1000.000000000000000 ) ;
#2036 = ORIENTED_EDGE ( 'NONE', *, *, #2797, .T. ) ;
#2037 = CARTESIAN_POINT ( 'NONE',  ( 22.16738365124873766, 24.59716206427033214, 7.142314172660725546 ) ) ;
#2038 = CARTESIAN_POINT ( 'NONE',  ( 29.43240092332755253, 32.24063832845413913, -0.3085153030461182388 ) ) ;
#2039 = CARTESIAN_POINT ( 'NONE',  ( -13.35772755334122408, -6.937332457858510715, 59.96875000429725588 ) ) ;
#2040 = DIRECTION ( 'NONE',  ( -0.1898979485566344716, -0.4999999999999979461, -0.8449489742783192758 ) ) ;
#2041 = EDGE_CURVE ( 'NONE', #1359, #3478, #7398, .T. ) ;
#2042 = AXIS2_PLACEMENT_3D ( 'NONE', #7321, #7981, #3279 ) ;
#2043 = DIRECTION ( 'NONE',  ( 0.000000000000000000, -0.5000000000000045519, 0.8660254037844360431 ) ) ;
#2044 = ADVANCED_FACE ( 'NONE', ( #3084 ), #8490, .T. ) ;
#2045 = CARTESIAN_POINT ( 'NONE',  ( -2.381287508067948089, 3.813856645418509217, 62.21330709818315796 ) ) ;
#2046 = ORIENTED_EDGE ( 'NONE', *, *, #4733, .T. ) ;
#2047 = DIRECTION ( 'NONE',  ( 0.8660254037844397068, 0.000000000000000000, 0.4999999999999979461 ) ) ;
#2048 = CARTESIAN_POINT ( 'NONE',  ( 25.69346462952760390, 23.60885992971164526, 5.979334847394844665 ) ) ;
#2049 = VECTOR ( 'NONE', #5592, 1000.000000000000227 ) ;
#2050 = DIRECTION ( 'NONE',  ( 0.6123724356957944703, 0.6123724356957964687, -0.4999999999999980016 ) ) ;
#2051 = VECTOR ( 'NONE', #2973, 999.9999999999998863 ) ;
#2052 = CARTESIAN_POINT ( 'NONE',  ( 18.92535784988479364, 21.86616294376345238, 5.073202058486131705 ) ) ;
#2053 = CARTESIAN_POINT ( 'NONE',  ( 51.88409695360144980, 51.88409695360142138, -18.94519052838326800 ) ) ;
#2054 = VECTOR ( 'NONE', #2211, 1000.000000000000114 ) ;
#2055 = CARTESIAN_POINT ( 'NONE',  ( 0.7375624851938314963, 2.463170180408507992, 54.86875000429725446 ) ) ;
#2056 = AXIS2_PLACEMENT_3D ( 'NONE', #8644, #5268, #7982 ) ;
#2057 = VECTOR ( 'NONE', #4239, 1000.000000000000227 ) ;
#2058 = ORIENTED_EDGE ( 'NONE', *, *, #1392, .T. ) ;
#2059 = CARTESIAN_POINT ( 'NONE',  ( 22.01219966245429660, 18.11462708455392701, 7.036288817549094965 ) ) ;
#2060 = FACE_BOUND ( 'NONE', #5569, .T. ) ;
#2061 = DIRECTION ( 'NONE',  ( -0.000000000000000000, -0.000000000000000000, -1.000000000000000000 ) ) ;
#2062 = ORIENTED_EDGE ( 'NONE', *, *, #6963, .T. ) ;
#2063 = CARTESIAN_POINT ( 'NONE',  ( 26.34446410564038743, 21.50394928576050546, 3.198907575544931436 ) ) ;
#2064 = CARTESIAN_POINT ( 'NONE',  ( 26.23356517449791525, 23.80603666060267187, 6.120679384218688845 ) ) ;
#2065 = CARTESIAN_POINT ( 'NONE',  ( 32.54505170252924273, 27.37776976182400190, -3.098585562017475148 ) ) ;
#2066 = CIRCLE ( 'NONE', #648, 78.00000000000000000 ) ;
#2067 = CARTESIAN_POINT ( 'NONE',  ( 3.952837579269846469, -3.847162420730697363, 62.70624999992848103 ) ) ;
#2068 = CARTESIAN_POINT ( 'NONE',  ( 30.38695849599253762, 28.59920538677134871, -4.030470522548005086 ) ) ;
#2069 = CIRCLE ( 'NONE', #5020, 3.174999999999997602 ) ;
#2070 = CARTESIAN_POINT ( 'NONE',  ( -11.64716242073014918, -3.847162420730699584, 61.33124999992848103 ) ) ;
#2071 = DIRECTION ( 'NONE',  ( -1.000000000000000000, 0.000000000000000000, 0.000000000000000000 ) ) ;
#2072 = CARTESIAN_POINT ( 'NONE',  ( 179.3582965884159535, -74.29263897105803949, 0.000000000000000000 ) ) ;
#2073 = EDGE_LOOP ( 'NONE', ( #7298, #6922, #3704, #906 ) ) ;
#2074 = CARTESIAN_POINT ( 'NONE',  ( 24.38669383535984991, 25.00107889010472562, 0.3614175251682184009 ) ) ;
#2075 = CARTESIAN_POINT ( 'NONE',  ( 27.11963877696322456, 23.32570967783613369, 0.8629279757792056582 ) ) ;
#2076 = ORIENTED_EDGE ( 'NONE', *, *, #3216, .F. ) ;
#2077 = EDGE_CURVE ( 'NONE', #5964, #7124, #1687, .T. ) ;
#2078 = CARTESIAN_POINT ( 'NONE',  ( 19.60037302006254123, 23.04908651422821819, 4.022522528028708244 ) ) ;
#2079 = CARTESIAN_POINT ( 'NONE',  ( 19.79578132314182426, 19.79578132314167505, 7.254809471616630034 ) ) ;
#2080 = ORIENTED_EDGE ( 'NONE', *, *, #7723, .T. ) ;
#2081 = CARTESIAN_POINT ( 'NONE',  ( 5.000000000000150102, -53.51693657151913186, 2.999999999999999112 ) ) ;
#2082 = VECTOR ( 'NONE', #5176, 1000.000000000000000 ) ;
#2083 = CARTESIAN_POINT ( 'NONE',  ( 32.55510492192783545, 29.80723752110716163, 0.5564438682223771249 ) ) ;
#2084 = VECTOR ( 'NONE', #2807, 1000.000000000000000 ) ;
#2085 = ORIENTED_EDGE ( 'NONE', *, *, #2096, .F. ) ;
#2086 = CARTESIAN_POINT ( 'NONE',  ( -29.18338599386739673, -3.589903856131967608, 0.4559469879231826672 ) ) ;
#2087 = CARTESIAN_POINT ( 'NONE',  ( 28.17804467786143974, 28.79242973260633320, -2.734207474831766405 ) ) ;
#2088 = CARTESIAN_POINT ( 'NONE',  ( -7.096359481243011302, 6.152837547367449922, 59.28125000429724878 ) ) ;
#2089 = CARTESIAN_POINT ( 'NONE',  ( 19.01185194397540812, 23.39270391730993737, 5.302508484949432166 ) ) ;
#2090 = AXIS2_PLACEMENT_3D ( 'NONE', #99, #6074, #2718 ) ;
#2091 = LINE ( 'NONE', #7530, #6137 ) ;
#2092 = CARTESIAN_POINT ( 'NONE',  ( -2.352908550608241889, 3.808520753142905058, 62.45087330795848146 ) ) ;
#2093 = ORIENTED_EDGE ( 'NONE', *, *, #7054, .F. ) ;
#2094 = CARTESIAN_POINT ( 'NONE',  ( 27.98900082763611863, 24.18628333519182760, 2.815338336443505618 ) ) ;
#2095 = CARTESIAN_POINT ( 'NONE',  ( 30.20584567531884446, 29.37581138654728363, 3.003825085735091438 ) ) ;
#2096 = EDGE_CURVE ( 'NONE', #3773, #3217, #7555, .T. ) ;
#2097 = CARTESIAN_POINT ( 'NONE',  ( 30.51229894781822694, 30.51229894781813101, -1.495190528383337547 ) ) ;
#2098 = CARTESIAN_POINT ( 'NONE',  ( 29.96494448819498757, 28.96971214851906495, -4.257647866758112798 ) ) ;
#2099 = FACE_OUTER_BOUND ( 'NONE', #7339, .T. ) ;
#2100 = DIRECTION ( 'NONE',  ( 0.6123724356957943593, 0.6123724356957963577, -0.4999999999999978351 ) ) ;
#2101 = CARTESIAN_POINT ( 'NONE',  ( 18.38144724890159409, 22.27901982680261384, 6.465227280839425106 ) ) ;
#2102 = CARTESIAN_POINT ( 'NONE',  ( 21.18915732925908912, 23.27376202907481328, 2.577159095838424729 ) ) ;
#2103 = CARTESIAN_POINT ( 'NONE',  ( 21.46806267564290849, 22.45263668897546694, 9.064397464950310734 ) ) ;
#2104 = ORIENTED_EDGE ( 'NONE', *, *, #7511, .F. ) ;
#2105 = CARTESIAN_POINT ( 'NONE',  ( 20.64905678428878488, 23.07658529818378668, 2.435814559014585878 ) ) ;
#2106 = CARTESIAN_POINT ( 'NONE',  ( 22.24015076871893370, 23.23538310839463250, 8.468360559991422676 ) ) ;
#2107 = CARTESIAN_POINT ( 'NONE',  ( 24.18099622219105527, 17.13109727017732453, 2.197094441968633127 ) ) ;
#2108 = EDGE_CURVE ( 'NONE', #7065, #8267, #2607, .T. ) ;
#2109 = DIRECTION ( 'NONE',  ( -0.7071067811865492381, 0.7071067811865457964, 0.000000000000000000 ) ) ;
#2110 = DIRECTION ( 'NONE',  ( 0.1898979485566344438, 0.4999999999999977796, 0.8449489742783193869 ) ) ;
#2111 = EDGE_CURVE ( 'NONE', #7702, #14, #489, .T. ) ;
#2112 = EDGE_LOOP ( 'NONE', ( #6744, #5354, #1162, #195, #1579, #8041, #8047, #4701 ) ) ;
#2113 = CARTESIAN_POINT ( 'NONE',  ( 22.97610452167684514, 20.89149982186086518, 8.198050084604398435 ) ) ;
#2114 = DIRECTION ( 'NONE',  ( -0.7674234614174771929, 0.6123724356957942483, -0.1898979485566349434 ) ) ;
#2115 = CARTESIAN_POINT ( 'NONE',  ( 3.952837579269846469, -3.847162420730697363, 57.20624999992846682 ) ) ;
#2116 = CYLINDRICAL_SURFACE ( 'NONE', #8698, 2.000000000000000000 ) ;
#2117 = ORIENTED_EDGE ( 'NONE', *, *, #6757, .T. ) ;
#2118 = ADVANCED_FACE ( 'NONE', ( #6669 ), #4062, .F. ) ;
#2119 = ORIENTED_EDGE ( 'NONE', *, *, #8683, .T. ) ;
#2120 = CARTESIAN_POINT ( 'NONE',  ( 25.64105008082596981, 28.44928748595253865, 2.787109696953872451 ) ) ;
#2121 = CARTESIAN_POINT ( 'NONE',  ( 27.96127932860989773, 23.17260344579280940, 1.864956852490482042 ) ) ;
#2122 = EDGE_LOOP ( 'NONE', ( #4194, #891, #5306, #6474, #8746, #1354 ) ) ;
#2123 = CARTESIAN_POINT ( 'NONE',  ( 28.02346944374827231, 30.53302468323123264, -4.700596264834392635 ) ) ;
#2124 = CARTESIAN_POINT ( 'NONE',  ( 31.28359232509997412, 28.09272454745341463, -2.656417784993619691 ) ) ;
#2125 = VERTEX_POINT ( 'NONE', #6766 ) ;
#2126 = CARTESIAN_POINT ( 'NONE',  ( 30.51229894781822694, 30.51229894781813101, -1.495190528383337547 ) ) ;
#2127 = CARTESIAN_POINT ( 'NONE',  ( 32.10383532350024893, 30.53781888347847229, 0.9796682726324651425 ) ) ;
#2128 = ORIENTED_EDGE ( 'NONE', *, *, #1243, .T. ) ;
#2129 = CARTESIAN_POINT ( 'NONE',  ( 24.14781920496981371, 27.95053669741387736, 1.451120843999339272 ) ) ;
#2130 = DIRECTION ( 'NONE',  ( 0.000000000000000000, 0.5000000000000039968, -0.8660254037844363761 ) ) ;
#2131 = CARTESIAN_POINT ( 'NONE',  ( 6.667459821652518492, -3.847162317494146500, 55.70625000429726015 ) ) ;
#2132 = ADVANCED_FACE ( 'NONE', ( #6129 ), #4018, .F. ) ;
#2133 = CARTESIAN_POINT ( 'NONE',  ( 30.51229894781822694, 30.51229894781813101, -1.495190528383337547 ) ) ;
#2134 = DIRECTION ( 'NONE',  ( 0.000000000000000000, -0.8660254037844362651, -0.5000000000000039968 ) ) ;
#2135 = CARTESIAN_POINT ( 'NONE',  ( 24.45203456928475561, 17.38096675741909536, 0.000000000000000000 ) ) ;
#2136 = ORIENTED_EDGE ( 'NONE', *, *, #5337, .F. ) ;
#2137 = B_SPLINE_CURVE_WITH_KNOTS ( 'NONE', 3,
 ( #3536, #1501, #8763, #2030, #30, #6234, #660, #6859, #163, #4198, #6906, #4765, #5563, #5433, #7432, #6140, #6813, #2701, #4717 ),
 .UNSPECIFIED., .F., .F.,
 ( 4, 3, 3, 3, 3, 3, 4 ),
 ( -2.834466948091635508E-06, 4.235164736271501695E-22, 8.160856536621123293E-06, 5.415930209277524136E-05, 9.767513283976593671E-05, 0.0001397573423121519149, 0.0001819338080862598615 ),
 .UNSPECIFIED. ) ;
#2138 = CARTESIAN_POINT ( 'NONE',  ( 30.59007024715159417, 30.59007024715149470, -1.558690528383338547 ) ) ;
#2139 = CARTESIAN_POINT ( 'NONE',  ( 30.71434068600567713, 26.81676810809592126, -0.9915376693209710934 ) ) ;
#2140 = DIRECTION ( 'NONE',  ( 0.6123724356957942483, 0.6123724356957963577, -0.4999999999999978906 ) ) ;
#2141 = CARTESIAN_POINT ( 'NONE',  ( 18.38110765273612301, 21.62378089633252287, 6.491028251266024895 ) ) ;
#2142 = CARTESIAN_POINT ( 'NONE',  ( 16.49704135722186038, 9.977213610076701045, 55.00000000000000711 ) ) ;
#2143 = EDGE_CURVE ( 'NONE', #7573, #2252, #6087, .T. ) ;
#2144 = EDGE_CURVE ( 'NONE', #5129, #2697, #6200, .T. ) ;
#2145 = CARTESIAN_POINT ( 'NONE',  ( 0.7499596702004490689, 3.771107509908770083, 62.90587020447392774 ) ) ;
#2146 = VERTEX_POINT ( 'NONE', #114 ) ;
#2147 = CARTESIAN_POINT ( 'NONE',  ( -28.92014487765375108, -2.000000000000000444, 0.000000000000000000 ) ) ;
#2148 = CARTESIAN_POINT ( 'NONE',  ( 26.29425649460671721, 22.39668391670634406, 3.540004054759410046 ) ) ;
#2149 = CARTESIAN_POINT ( 'NONE',  ( 24.99287469378629467, 20.56459860671244400, 5.631840448547142941 ) ) ;
#2150 = CARTESIAN_POINT ( 'NONE',  ( 21.99394892047470407, 22.83296859399715117, 1.165220996345288418 ) ) ;
#2151 = ORIENTED_EDGE ( 'NONE', *, *, #3702, .T. ) ;
#2152 = CARTESIAN_POINT ( 'NONE',  ( 24.29914391749427693, 17.22807610562864156, 2.434235771201131548 ) ) ;
#2153 = EDGE_CURVE ( 'NONE', #5914, #937, #8228, .T. ) ;
#2154 = FACE_OUTER_BOUND ( 'NONE', #6583, .T. ) ;
#2155 =( BOUNDED_CURVE ( )  B_SPLINE_CURVE ( 2, ( #4710, #5340, #3303, #6088, #739, #8756, #4669, #3435, #2022, #699, #1357 ),
 .UNSPECIFIED., .F., .T. ) 
 B_SPLINE_CURVE_WITH_KNOTS ( ( 3, 2, 2, 2, 2, 3 ),
 ( 0.006058411246856804620, 0.007605687721719581532, 0.009765968897489775077, 0.01192625007325996689, 0.01408653124903016390, 0.01469953594991896956 ),
 .UNSPECIFIED. ) 
 CURVE ( )  GEOMETRIC_REPRESENTATION_ITEM ( )  RATIONAL_B_SPLINE_CURVE ( ( 0.9690584114089132450, 0.9454795931558068744, 1.000000000000000000, 0.9238795325112867385, 1.000000000000000000, 0.9238795325112867385, 1.000000000000000000, 0.9238795325112867385, 1.000000000000000000, 0.9783999393561357838, 0.9690584114094804580 ) ) 
 REPRESENTATION_ITEM ( '' )  );
#2156 = ORIENTED_EDGE ( 'NONE', *, *, #6963, .F. ) ;
#2157 = EDGE_CURVE ( 'NONE', #8105, #6125, #2246, .T. ) ;
#2158 = CARTESIAN_POINT ( 'NONE',  ( -1.961390692301760552, 3.246351867107582834, 63.38574658130446693 ) ) ;
#2159 = EDGE_CURVE ( 'NONE', #8578, #6683, #4727, .T. ) ;
#2160 = CARTESIAN_POINT ( 'NONE',  ( 0.7375626091084444003, -10.15749493184066843, 62.29375000429725873 ) ) ;
#2161 = CARTESIAN_POINT ( 'NONE',  ( -3.847162497313595608, 3.952837579269299795, 61.39375000429725304 ) ) ;
#2162 = CARTESIAN_POINT ( 'NONE',  ( 25.92927239793067429, 25.07463114415265792, -0.5091650200991610919 ) ) ;
#2163 = ORIENTED_EDGE ( 'NONE', *, *, #6428, .F. ) ;
#2164 = CARTESIAN_POINT ( 'NONE',  ( 24.79318565522752493, 26.86511907216650030, 4.729739949861807347 ) ) ;
#2165 = CARTESIAN_POINT ( 'NONE',  ( 27.65048413897763169, 26.66591012564461849, -2.333528521717426862 ) ) ;
#2166 = CARTESIAN_POINT ( 'NONE',  ( 28.01369760908410811, 30.50595028586198865, -4.566285774334681413 ) ) ;
#2167 = CARTESIAN_POINT ( 'NONE',  ( 31.87627480717921458, 27.97870222928128570, -1.940252906542489608 ) ) ;
#2168 =( BOUNDED_CURVE ( )  B_SPLINE_CURVE ( 3, ( #7961, #7247, #3795, #7918 ),
 .UNSPECIFIED., .F., .T. ) 
 B_SPLINE_CURVE_WITH_KNOTS ( ( 4, 4 ),
 ( 0.5585627732830360515, 0.7727694462279580678 ),
 .UNSPECIFIED. ) 
 CURVE ( )  GEOMETRIC_REPRESENTATION_ITEM ( )  RATIONAL_B_SPLINE_CURVE ( ( 1.000000000000000000, 0.9961799455609582354, 0.9961799455609582354, 1.000000000000000000 ) ) 
 REPRESENTATION_ITEM ( '' )  );
#2169 = ORIENTED_EDGE ( 'NONE', *, *, #3158, .T. ) ;
#2170 = CARTESIAN_POINT ( 'NONE',  ( -10.36636251052300928, -11.44510217838954347, 55.00000000000002842 ) ) ;
#2171 = CARTESIAN_POINT ( 'NONE',  ( 28.23390360912356201, 24.33633103122321373, 1.956288817549107106 ) ) ;
#2172 = ORIENTED_EDGE ( 'NONE', *, *, #272, .T. ) ;
#2173 = CARTESIAN_POINT ( 'NONE',  ( 27.09666969311835771, 23.80341974124613458, 0.9360501327322896525 ) ) ;
#2174 = CARTESIAN_POINT ( 'NONE',  ( 4.354242928328329931, -3.847162340206101039, 55.20625000429725304 ) ) ;
#2175 = DIRECTION ( 'NONE',  ( -0.7071067811865487940, 0.7071067811865462405, 0.000000000000000000 ) ) ;
#2176 = FACE_OUTER_BOUND ( 'NONE', #3175, .T. ) ;
#2177 = DIRECTION ( 'NONE',  ( 0.1898979485566141823, 0.5000000000000138778, 0.8449489742783145019 ) ) ;
#2178 = ORIENTED_EDGE ( 'NONE', *, *, #8390, .F. ) ;
#2179 = LINE ( 'NONE', #4865, #4894 ) ;
#2180 = DIRECTION ( 'NONE',  ( 0.000000000000000000, 0.000000000000000000, 1.000000000000000000 ) ) ;
#2181 = CYLINDRICAL_SURFACE ( 'NONE', #91, 3.174999999999992273 ) ;
#2182 = CARTESIAN_POINT ( 'NONE',  ( 21.65527098999096722, 24.46350839511752540, 6.041484696953855149 ) ) ;
#2183 = CARTESIAN_POINT ( 'NONE',  ( 20.46812712596890904, 21.29816141474040947, 2.457043857497809736 ) ) ;
#2184 = VECTOR ( 'NONE', #1457, 1000.000000000000114 ) ;
#2185 = B_SPLINE_CURVE_WITH_KNOTS ( 'NONE', 3,
 ( #3380, #1428, #724, #1388, #4134, #5590, #2145, #6833, #6216, #4048, #764, #100, #4825 ),
 .UNSPECIFIED., .F., .F.,
 ( 4, 2, 1, 2, 2, 2, 4 ),
 ( 0.2384602459212574743, 0.2860564805511788822, 0.3336527151811003455, 0.4288451844409434388, 0.5240376537007864766, 0.6192301229606296253, 1.000000000000000000 ),
 .UNSPECIFIED. ) ;
#2186 = CARTESIAN_POINT ( 'NONE',  ( -12.04856776978863131, -3.847162501255296352, 55.83125000429724594 ) ) ;
#2187 = VECTOR ( 'NONE', #2287, 1000.000000000000114 ) ;
#2188 = CARTESIAN_POINT ( 'NONE',  ( 32.73147622314670002, 28.35062424981197893, -0.7147645417160258807 ) ) ;
#2189 = LINE ( 'NONE', #2945, #6024 ) ;
#2190 = CARTESIAN_POINT ( 'NONE',  ( -0.5979653602172937399, -13.84716238882884909, 56.15625000429724878 ) ) ;
#2191 = APPROVAL ( #1179, 'UNSPECIFIED' ) ;
#2192 = CARTESIAN_POINT ( 'NONE',  ( 23.26564020789618326, 27.28167756216375750, 0.4718768716839081279 ) ) ;
#2193 = CARTESIAN_POINT ( 'NONE',  ( 25.83763597683682178, 28.66712032971094004, 4.445604423094854596 ) ) ;
#2194 = EDGE_LOOP ( 'NONE', ( #550, #8183, #4581, #3799 ) ) ;
#2195 = CARTESIAN_POINT ( 'NONE',  ( 24.23788984656791357, 17.16682203470228885, 2.321673909193332719 ) ) ;
#2196 = CARTESIAN_POINT ( 'NONE',  ( 2.123789033264825044, 4.174639044458639425, 62.29558489185732384 ) ) ;
#2197 = ORIENTED_EDGE ( 'NONE', *, *, #171, .F. ) ;
#2198 = AXIS2_PLACEMENT_3D ( 'NONE', #2309, #938, #4821 ) ;
#2199 = CARTESIAN_POINT ( 'NONE',  ( -1.620554434714189806, 4.481558335706285590, 61.92102937954604158 ) ) ;
#2200 = CARTESIAN_POINT ( 'NONE',  ( 21.73023474900248786, 25.02348470087446941, 6.032943810500994708 ) ) ;
#2201 = CARTESIAN_POINT ( 'NONE',  ( -14.11042116032646199, -3.847162420730696031, 55.00000000000000000 ) ) ;
#2202 = CARTESIAN_POINT ( 'NONE',  ( 28.62234001181034060, 33.78577646310755256, -0.01062660680588300988 ) ) ;
#2203 = EDGE_LOOP ( 'NONE', ( #471, #3510 ) ) ;
#2204 = CARTESIAN_POINT ( 'NONE',  ( 24.81548487804030856, 26.59307995235208821, 0.1376222918271843842 ) ) ;
#2205 = CARTESIAN_POINT ( 'NONE',  ( 29.78932959579087125, 25.89175701789053718, 0.6862888175491184128 ) ) ;
#2206 = VECTOR ( 'NONE', #7126, 1000.000000000000114 ) ;
#2207 = ADVANCED_FACE ( 'NONE', ( #2910 ), #4929, .F. ) ;
#2208 = CARTESIAN_POINT ( 'NONE',  ( 27.05571121865007811, 24.25652890321314459, -0.7741009009322222800 ) ) ;
#2209 =( BOUNDED_CURVE ( )  B_SPLINE_CURVE ( 2, ( #3330, #7362, #1252, #6827, #2757, #758, #5979, #1293, #3375, #4000, #6693 ),
 .UNSPECIFIED., .F., .T. ) 
 B_SPLINE_CURVE_WITH_KNOTS ( ( 3, 2, 2, 2, 2, 3 ),
 ( 0.1443027229465108641, 0.1458498997822046950, 0.1480100418434464882, 0.1501701839046882814, 0.1523303259659300468, 0.1529432911914671844 ),
 .UNSPECIFIED. ) 
 CURVE ( )  GEOMETRIC_REPRESENTATION_ITEM ( )  RATIONAL_B_SPLINE_CURVE ( ( 0.9690584114091400636, 0.9454795931555445287, 1.000000000000000000, 0.9238795325112867385, 1.000000000000000000, 0.9238795325112867385, 1.000000000000000000, 0.9238795325112867385, 1.000000000000000000, 0.9783999393561237934, 0.9690584114094702439 ) ) 
 REPRESENTATION_ITEM ( '' )  );
#2210 = EDGE_CURVE ( 'NONE', #3759, #7065, #7786, .T. ) ;
#2211 = DIRECTION ( 'NONE',  ( -0.6123724356957930270, -0.6123724356957951365, 0.5000000000000009992 ) ) ;
#2212 = EDGE_LOOP ( 'NONE', ( #1052, #6631, #7888, #823 ) ) ;
#2213 = CARTESIAN_POINT ( 'NONE',  ( 23.56762564912160585, 19.67005307122123980, 5.766288817549090950 ) ) ;
#2214 = ORGANIZATION ( 'UNSPECIFIED', 'UNSPECIFIED', '' ) ;
#2215 = ORIENTED_EDGE ( 'NONE', *, *, #5116, .T. ) ;
#2216 = CARTESIAN_POINT ( 'NONE',  ( 28.18732541847308326, 30.98650773391047863, 2.504344844166344064 ) ) ;
#2217 = ORIENTED_EDGE ( 'NONE', *, *, #8246, .T. ) ;
#2218 = CARTESIAN_POINT ( 'NONE',  ( -3.914992835412827610, 2.854448896857656681, 61.14839944376947756 ) ) ;
#2219 = CARTESIAN_POINT ( 'NONE',  ( -3.823539735252334371, -29.24881387790093967, 14.41397957628898396 ) ) ;
#2220 =( BOUNDED_CURVE ( )  B_SPLINE_CURVE ( 2, ( #2067, #4013, #2643, #649, #6124, #2017, #3349 ),
 .UNSPECIFIED., .F., .T. ) 
 B_SPLINE_CURVE_WITH_KNOTS ( ( 3, 2, 2, 3 ),
 ( 0.9374999996125570334, 0.9499999999999999556, 0.9749999999999999778, 0.9852969143252592321 ),
 .UNSPECIFIED. ) 
 CURVE ( )  GEOMETRIC_REPRESENTATION_ITEM ( )  RATIONAL_B_SPLINE_CURVE ( ( 0.9755282581475768211, 0.9755282573890644571, 1.000000000000000000, 0.9510565162951535312, 1.000000000000000000, 0.9798413256604590060, 0.9762884227277224269 ) ) 
 REPRESENTATION_ITEM ( '' )  );
#2221 = CARTESIAN_POINT ( 'NONE',  ( 0.7375626091084444003, -10.15749493184066843, 54.79375000429725873 ) ) ;
#2222 = CARTESIAN_POINT ( 'NONE',  ( 3.202837579269848245, -3.847162420730698251, 64.25000000000000000 ) ) ;
#2223 = CARTESIAN_POINT ( 'NONE',  ( -54.94909290488215703, 1.430815608132185002, -10.91653954927072334 ) ) ;
#2224 = AXIS2_PLACEMENT_3D ( 'NONE', #442, #3143, #3015 ) ;
#2225 = CARTESIAN_POINT ( 'NONE',  ( 21.82435673444172153, 25.79738479829381959, 1.690979879155937837 ) ) ;
#2226 = CIRCLE ( 'NONE', #5740, 3.174999999999995381 ) ;
#2227 = DIRECTION ( 'NONE',  ( -0.6123724356957944703, -0.6123724356957964687, 0.4999999999999980016 ) ) ;
#2228 = ORIENTED_EDGE ( 'NONE', *, *, #7200, .T. ) ;
#2229 = DIRECTION ( 'NONE',  ( 0.6123724356957943593, 0.6123724356957963577, -0.4999999999999978906 ) ) ;
#2230 = DIRECTION ( 'NONE',  ( 0.6123724356957943593, 0.6123724356957965798, -0.4999999999999980016 ) ) ;
#2231 = CYLINDRICAL_SURFACE ( 'NONE', #4611, 0.1270000000000016949 ) ;
#2232 = CIRCLE ( 'NONE', #6752, 4.059620185954159410 ) ;
#2233 = CARTESIAN_POINT ( 'NONE',  ( 22.43298398332462540, 25.24122138845118712, 5.406484696953858915 ) ) ;
#2234 = CARTESIAN_POINT ( 'NONE',  ( -51.00379267415695494, 5.000000000000000000, -2.749999999999965805 ) ) ;
#2235 = FACE_OUTER_BOUND ( 'NONE', #6185, .T. ) ;
#2236 = ADVANCED_FACE ( 'NONE', ( #2329 ), #909, .F. ) ;
#2237 = DIRECTION ( 'NONE',  ( -0.7071067811865487940, 0.7071067811865462405, 0.000000000000000000 ) ) ;
#2238 = CARTESIAN_POINT ( 'NONE',  ( 24.45584289731097982, 28.83669487064549131, 0.8575084849493372907 ) ) ;
#2239 = CARTESIAN_POINT ( 'NONE',  ( -3.847162322546356261, -13.84716242073069736, 56.01875000429725304 ) ) ;
#2240 = CARTESIAN_POINT ( 'NONE',  ( 24.04335320122984143, 28.05939055549741568, -0.1631231283160906598 ) ) ;
#2241 = CARTESIAN_POINT ( 'NONE',  ( 24.11626379435486456, 28.13230114862243880, -0.2226543783160863377 ) ) ;
#2242 = EDGE_LOOP ( 'NONE', ( #2024, #3474 ) ) ;
#2243 = CARTESIAN_POINT ( 'NONE',  ( 49.44752746360097007, 53.82837943693556326, -19.54811651505058379 ) ) ;
#2244 = ORIENTED_EDGE ( 'NONE', *, *, #3049, .F. ) ;
#2245 = CARTESIAN_POINT ( 'NONE',  ( -3.842959091056886933, 2.888126870511756650, 63.63546557735433140 ) ) ;
#2246 = LINE ( 'NONE', #6397, #1047 ) ;
#2247 = CARTESIAN_POINT ( 'NONE',  ( -3.009914653931758721, -29.02123764450062637, 0.1750978084589188410 ) ) ;
#2248 = CARTESIAN_POINT ( 'NONE',  ( 19.79578132314182426, 19.79578132314167505, 7.254809471616630034 ) ) ;
#2249 = VERTEX_POINT ( 'NONE', #3694 ) ;
#2250 = CARTESIAN_POINT ( 'NONE',  ( 29.16376814491602687, 27.38617307060403050, 2.624496651406120318 ) ) ;
#2251 = DIRECTION ( 'NONE',  ( 0.4999999999999976685, 0.000000000000000000, -0.8660254037844399289 ) ) ;
#2252 = VERTEX_POINT ( 'NONE', #4188 ) ;
#2253 = CARTESIAN_POINT ( 'NONE',  ( 25.51654350128178095, 21.61897092338139714, 4.175004054784960061 ) ) ;
#2254 = CARTESIAN_POINT ( 'NONE',  ( 25.34752353191421292, 22.94599235560230355, 6.799982074906167462 ) ) ;
#2255 = EDGE_CURVE ( 'NONE', #826, #5382, #7684, .T. ) ;
#2256 = ORIENTED_EDGE ( 'NONE', *, *, #1503, .T. ) ;
#2257 = FACE_OUTER_BOUND ( 'NONE', #6402, .T. ) ;
#2258 = EDGE_CURVE ( 'NONE', #1044, #6443, #8314, .T. ) ;
#2259 = FACE_OUTER_BOUND ( 'NONE', #3808, .T. ) ;
#2260 = ORIENTED_EDGE ( 'NONE', *, *, #5265, .T. ) ;
#2261 =( BOUNDED_CURVE ( )  B_SPLINE_CURVE ( 2, ( #3157, #3075, #5189, #8653, #5849, #4440, #7907, #3738, #5100, #4527, #7234 ),
 .UNSPECIFIED., .F., .F. ) 
 B_SPLINE_CURVE_WITH_KNOTS ( ( 3, 2, 2, 2, 2, 3 ),
 ( 0.2220669773257379354, 0.2236139944758428477, 0.2257739135867559699, 0.2279338326976691198, 0.2300937518085822142, 0.2307066537693922281 ),
 .UNSPECIFIED. ) 
 CURVE ( )  GEOMETRIC_REPRESENTATION_ITEM ( )  RATIONAL_B_SPLINE_CURVE ( ( 0.9690584114095190937, 0.9454795931551064347, 1.000000000000000000, 0.9238795325112867385, 1.000000000000000000, 0.9238795325112867385, 1.000000000000000000, 0.9238795325112867385, 1.000000000000000000, 0.9783999393561164659, 0.9690584114094638046 ) ) 
 REPRESENTATION_ITEM ( '' )  );
#2262 = DIRECTION ( 'NONE',  ( -0.7674234614174771929, 0.6123724356957942483, -0.1898979485566349434 ) ) ;
#2263 = CARTESIAN_POINT ( 'NONE',  ( 21.74456761209195221, 17.84699503419155420, 7.254809471616630034 ) ) ;
#2264 = CARTESIAN_POINT ( 'NONE',  ( -6.381535974763376196, -11.64716244561416225, 59.88125000429725731 ) ) ;
#2265 = CARTESIAN_POINT ( 'NONE',  ( 24.45203456928472363, 17.38096675741900299, 2.999999999999999112 ) ) ;
#2266 = CARTESIAN_POINT ( 'NONE',  ( 1.343811831765524989, 3.922745594522599522, 61.48649135602236271 ) ) ;
#2267 = CARTESIAN_POINT ( 'NONE',  ( 26.40585334194286915, 21.61717745912527633, 3.134956852490779600 ) ) ;
#2268 = ADVANCED_FACE ( 'NONE', ( #7028 ), #287, .F. ) ;
#2269 = FACE_OUTER_BOUND ( 'NONE', #4535, .T. ) ;
#2270 = VERTEX_POINT ( 'NONE', #2373 ) ;
#2271 = EDGE_CURVE ( 'NONE', #6681, #4632, #7896, .T. ) ;
#2272 = DIRECTION ( 'NONE',  ( 0.000000000000000000, -0.9258200997725509751, 0.3779644730092285854 ) ) ;
#2273 = CARTESIAN_POINT ( 'NONE',  ( 31.16887919435221477, 32.11407024715149561, 1.016713945216983550 ) ) ;
#2274 = CARTESIAN_POINT ( 'NONE',  ( 21.72542242225575393, 25.26996381556990912, 4.733854444045921817 ) ) ;
#2275 = CARTESIAN_POINT ( 'NONE',  ( 20.69034968230907268, 21.67492369564195798, 9.699397464951550418 ) ) ;
#2276 = CARTESIAN_POINT ( 'NONE',  ( -6.381536127930263369, 3.952837554385830288, 58.03125000429726299 ) ) ;
#2277 = EDGE_CURVE ( 'NONE', #2748, #6342, #1347, .T. ) ;
#2278 = CARTESIAN_POINT ( 'NONE',  ( 30.84706206115166083, 28.04787974571475218, -3.869725900932211804 ) ) ;
#2279 = CARTESIAN_POINT ( 'NONE',  ( 17.71254983349628631, 21.96809243874455575, 6.828769715310681221 ) ) ;
#2280 = CARTESIAN_POINT ( 'NONE',  ( 2.030690181626937374, -11.93733230676918566, 59.04375000429725873 ) ) ;
#2281 = CARTESIAN_POINT ( 'NONE',  ( 25.41962156945171003, 22.59013721657735729, 0.5390145201384465290 ) ) ;
#2282 = CARTESIAN_POINT ( 'NONE',  ( 26.82504784839186129, 22.80901049412405612, 5.465242071549377023 ) ) ;
#2283 = DIRECTION ( 'NONE',  ( 0.6123724356957944703, 0.6123724356957963577, -0.4999999999999978906 ) ) ;
#2284 = EDGE_LOOP ( 'NONE', ( #6777, #6014, #5076, #3835 ) ) ;
#2285 = FACE_OUTER_BOUND ( 'NONE', #8088, .T. ) ;
#2286 = CARTESIAN_POINT ( 'NONE',  ( 24.40095806164820758, 23.68046215618221240, 7.182788516794670564 ) ) ;
#2287 = DIRECTION ( 'NONE',  ( 0.6123724356957930270, 0.6123724356957953585, -0.5000000000000008882 ) ) ;
#2288 = ORIENTED_EDGE ( 'NONE', *, *, #6700, .T. ) ;
#2289 = CARTESIAN_POINT ( 'NONE',  ( 30.38761721306958918, 27.44681211919069597, 1.498916884747152123 ) ) ;
#2290 = CARTESIAN_POINT ( 'NONE',  ( -2.342928353845252776, -28.83555156926660246, 0.01474172556316840493 ) ) ;
#2291 = FACE_OUTER_BOUND ( 'NONE', #4344, .T. ) ;
#2292 = ORIENTED_EDGE ( 'NONE', *, *, #7634, .T. ) ;
#2293 = B_SPLINE_CURVE_WITH_KNOTS ( 'NONE', 3,
 ( #8450, #2963, #8365, #2295, #3579, #4978 ),
 .UNSPECIFIED., .F., .F.,
 ( 4, 2, 4 ),
 ( -1.126944407825852892E-05, 0.0004450501290938430944, 0.0009013697022659447871 ),
 .UNSPECIFIED. ) ;
#2294 = CARTESIAN_POINT ( 'NONE',  ( 29.21985779166889330, 33.69211958925612294, 0.6605082608893384499 ) ) ;
#2295 = CARTESIAN_POINT ( 'NONE',  ( 32.80726949133318726, 28.31457676036250604, -1.414518046172752896 ) ) ;
#2296 = VERTEX_POINT ( 'NONE', #8516 ) ;
#2297 = EDGE_CURVE ( 'NONE', #158, #2249, #4297, .T. ) ;
#2298 = VERTEX_POINT ( 'NONE', #373 ) ;
#2299 = PLANE ( 'NONE',  #4204 ) ;
#2300 = CARTESIAN_POINT ( 'NONE',  ( 5.000000000000147438, -38.64738621360572068, 5.249999999999884537 ) ) ;
#2301 = CARTESIAN_POINT ( 'NONE',  ( -8.431887450568748221, 2.463170090379271038, 58.91875000429725873 ) ) ;
#2302 = CARTESIAN_POINT ( 'NONE',  ( 27.38469939397780095, 23.00384742064304788, 3.650860458283961663 ) ) ;
#2303 = CARTESIAN_POINT ( 'NONE',  ( 31.86409854901155114, 27.42502990795774309, -3.669584130990688031 ) ) ;
#2304 = CARTESIAN_POINT ( 'NONE',  ( 22.12270391730997332, 26.50355589064444217, 2.762508484949234955 ) ) ;
#2305 = CARTESIAN_POINT ( 'NONE',  ( 24.06337372900346594, 27.35662368087545460, 4.127943810501001565 ) ) ;
#2306 =( BOUNDED_CURVE ( )  B_SPLINE_CURVE ( 2, ( #5411, #5460, #7460, #8126, #7333, #8173, #2102, #4788, #7500, #1431, #3470 ),
 .UNSPECIFIED., .F., .T. ) 
 B_SPLINE_CURVE_WITH_KNOTS ( ( 3, 2, 2, 2, 2, 3 ),
 ( 0.06654066639027485242, 0.06808793172810238825, 0.07024819735450708869, 0.07240846298091181688, 0.07456872860731651731, 0.07518172889589350150 ),
 .UNSPECIFIED. ) 
 CURVE ( )  GEOMETRIC_REPRESENTATION_ITEM ( )  RATIONAL_B_SPLINE_CURVE ( ( 0.9690584114094749069, 0.9454795931551575050, 1.000000000000000000, 0.9238795325112867385, 1.000000000000000000, 0.9238795325112867385, 1.000000000000000000, 0.9238795325112867385, 1.000000000000000000, 0.9783999393561363389, 0.9690584114094811241 ) ) 
 REPRESENTATION_ITEM ( '' )  );
#2307 = VERTEX_POINT ( 'NONE', #7859 ) ;
#2308 = ADVANCED_FACE ( 'NONE', ( #2411 ), #3206, .T. ) ;
#2309 = CARTESIAN_POINT ( 'NONE',  ( 30.57656540274756907, 30.57656540274746604, -1.547663869101489897 ) ) ;
#2310 = DIRECTION ( 'NONE',  ( 0.1898979485566347492, 0.4999999999999981126, 0.8449489742783189428 ) ) ;
#2311 = CARTESIAN_POINT ( 'NONE',  ( 21.95634073119217078, 22.57072578593703582, 2.345792525168216791 ) ) ;
#2312 = CARTESIAN_POINT ( 'NONE',  ( 24.07271436194188396, 19.28403847912376889, 5.039956852490639960 ) ) ;
#2313 = EDGE_CURVE ( 'NONE', #7804, #1435, #7985, .T. ) ;
#2314 = CARTESIAN_POINT ( 'NONE',  ( 28.72965168900541855, 32.02290164087741431, 0.3179438105010212734 ) ) ;
#2315 = ADVANCED_FACE ( 'NONE', ( #6440 ), #2896, .F. ) ;
#2316 = CARTESIAN_POINT ( 'NONE',  ( -6.381535974763376196, -11.64716244561416225, 59.13125000429725731 ) ) ;
#2317 = LINE ( 'NONE', #4307, #6136 ) ;
#2318 = DIRECTION ( 'NONE',  ( -0.7674234614174771929, 0.6123724356957942483, -0.1898979485566349434 ) ) ;
#2319 = CARTESIAN_POINT ( 'NONE',  ( -9.725014864222524480, -11.93733242219115631, 58.49375000429726157 ) ) ;
#2320 = B_SPLINE_CURVE_WITH_KNOTS ( 'NONE', 3,
 ( #7285, #2456, #6486, #3869, #1786, #7236, #1829, #4485, #5947, #7814 ),
 .UNSPECIFIED., .F., .F.,
 ( 4, 2, 2, 2, 4 ),
 ( 0.0006112373779431949043, 0.001236333057954407382, 0.001861428737965619426, 0.002486524417976831471, 0.003111620097988043732 ),
 .UNSPECIFIED. ) ;
#2321 = CARTESIAN_POINT ( 'NONE',  ( 27.89989009230770733, 23.05937527242782537, 1.928907575544933861 ) ) ;
#2322 = AXIS2_PLACEMENT_3D ( 'NONE', #5109, #1749, #69 ) ;
#2323 = CARTESIAN_POINT ( 'NONE',  ( 25.66685708124260401, 29.50185666761949577, 2.877532895391610168 ) ) ;
#2324 = CARTESIAN_POINT ( 'NONE',  ( 26.27301473964001843, 26.99351064510580045, -1.721919573561420780 ) ) ;
#2325 = FACE_OUTER_BOUND ( 'NONE', #5440, .T. ) ;
#2326 = VECTOR ( 'NONE', #6218, 1000.000000000000000 ) ;
#2327 = AXIS2_PLACEMENT_3D ( 'NONE', #7489, #3547, #8160 ) ;
#2328 = CARTESIAN_POINT ( 'NONE',  ( -3.752246411790059355, 2.905548593782508071, 63.62566224766137424 ) ) ;
#2329 = FACE_OUTER_BOUND ( 'NONE', #6512, .T. ) ;
#2330 = CARTESIAN_POINT ( 'NONE',  ( 28.61567184316654533, 33.77552796394247991, -0.004060149799527491832 ) ) ;
#2331 = FACE_OUTER_BOUND ( 'NONE', #2194, .T. ) ;
#2332 = ORIENTED_EDGE ( 'NONE', *, *, #4472, .F. ) ;
#2333 = CARTESIAN_POINT ( 'NONE',  ( 27.19647606749328617, 30.00471347261986210, 1.517109696953879094 ) ) ;
#2334 = CARTESIAN_POINT ( 'NONE',  ( 29.93662769266413193, 26.03905511476378010, -0.3565376693305080669 ) ) ;
#2335 = AXIS2_PLACEMENT_3D ( 'NONE', #4409, #6627, #7245 ) ;
#2336 = FACE_OUTER_BOUND ( 'NONE', #8461, .T. ) ;
#2337 = CIRCLE ( 'NONE', #5588, 4.059620185954159410 ) ;
#2338 = DIRECTION ( 'NONE',  ( -1.000000000000000000, -1.449435587473489291E-16, -0.000000000000000000 ) ) ;
#2339 = ORIENTED_EDGE ( 'NONE', *, *, #4178, .F. ) ;
#2340 = CARTESIAN_POINT ( 'NONE',  ( 29.18172245597829573, 33.55991018825070427, 0.6077389739566687599 ) ) ;
#2341 = DIRECTION ( 'NONE',  ( 0.6123724356957942483, 0.6123724356957963577, -0.4999999999999978906 ) ) ;
#2342 = EDGE_CURVE ( 'NONE', #8035, #5739, #2261, .T. ) ;
#2343 = ORIENTED_EDGE ( 'NONE', *, *, #90, .F. ) ;
#2344 = ORIENTED_EDGE ( 'NONE', *, *, #5868, .F. ) ;
#2345 = CARTESIAN_POINT ( 'NONE',  ( -1.750986989307795172, 3.310454257417588586, 61.19047180553479848 ) ) ;
#2346 = PERSON_AND_ORGANIZATION ( #3255, #2214 ) ;
#2347 = CARTESIAN_POINT ( 'NONE',  ( 25.95638404831552037, 25.23588814284953230, 5.912788516794677207 ) ) ;
#2348 = AXIS2_PLACEMENT_3D ( 'NONE', #7044, #974, #6870 ) ;
#2349 = CARTESIAN_POINT ( 'NONE',  ( 21.74980215621474144, 20.51331071906142967, 9.688576913240424915 ) ) ;
#2350 = ORIENTED_EDGE ( 'NONE', *, *, #4902, .F. ) ;
#2351 = DIRECTION ( 'NONE',  ( -1.449435587473489291E-16, 1.000000000000000000, 0.000000000000000000 ) ) ;
#2352 = CARTESIAN_POINT ( 'NONE',  ( 27.55044654546461302, 23.65287396756334104, 2.867532958034871182 ) ) ;
#2353 = EDGE_LOOP ( 'NONE', ( #8377, #1819, #4021 ) ) ;
#2354 = AXIS2_PLACEMENT_3D ( 'NONE', #3149, #8559, #7942 ) ;
#2355 = CARTESIAN_POINT ( 'NONE',  ( 179.3582965884159535, -74.29263897105803949, 12.00000000000000000 ) ) ;
#2356 = CARTESIAN_POINT ( 'NONE',  ( 23.35321991772637418, 21.28128650078716788, 2.794878993371489706 ) ) ;
#2357 = DIRECTION ( 'NONE',  ( 0.000000000000000000, -1.000000000000000000, 0.000000000000000000 ) ) ;
#2358 = CARTESIAN_POINT ( 'NONE',  ( -29.20345366842109414, 2.000000000000003997, 15.00000000000000000 ) ) ;
#2359 = AXIS2_PLACEMENT_3D ( 'NONE', #3214, #4621, #8575 ) ;
#2360 = VECTOR ( 'NONE', #6455, 1000.000000000000000 ) ;
#2361 = CARTESIAN_POINT ( 'NONE',  ( 2.030690022762220881, 4.243007580729762473, 54.36875000429725446 ) ) ;
#2362 = ADVANCED_FACE ( 'NONE', ( #3916 ), #7151, .F. ) ;
#2363 = VECTOR ( 'NONE', #8009, 1000.000000000000000 ) ;
#2364 = DIRECTION ( 'NONE',  ( 0.000000000000000000, 0.000000000000000000, 1.000000000000000000 ) ) ;
#2365 = DIRECTION ( 'NONE',  ( 0.7674234614174771929, -0.6123724356957944703, 0.1898979485566346104 ) ) ;
#2366 = FACE_OUTER_BOUND ( 'NONE', #3571, .T. ) ;
#2367 = AXIS2_PLACEMENT_3D ( 'NONE', #7504, #4795, #5298 ) ;
#2368 = CARTESIAN_POINT ( 'NONE',  ( 26.54243837704546038, 29.37192272991957864, 3.870135673094851736 ) ) ;
#2369 = CARTESIAN_POINT ( 'NONE',  ( 25.35100274205356996, 26.34623508172927941, 5.928360559991428858 ) ) ;
#2370 = FACE_OUTER_BOUND ( 'NONE', #8322, .T. ) ;
#2371 = AXIS2_PLACEMENT_3D ( 'NONE', #5125, #4598, #7182 ) ;
#2372 = VERTEX_POINT ( 'NONE', #6564 ) ;
#2373 = CARTESIAN_POINT ( 'NONE',  ( 18.23413895064166113, 22.61499092397609090, 5.937508484949145959 ) ) ;
#2374 = CARTESIAN_POINT ( 'NONE',  ( 28.61610323395074573, 33.67067876861446507, 0.02843457734794108127 ) ) ;
#2375 = CARTESIAN_POINT ( 'NONE',  ( 24.65697595601239200, 29.44565183882941994, 2.008412090742645262 ) ) ;
#2376 = VERTEX_POINT ( 'NONE', #7106 ) ;
#2377 = CARTESIAN_POINT ( 'NONE',  ( 27.92197835266230754, 28.65075253375925257, 2.969908183963442028 ) ) ;
#2378 = CYLINDRICAL_SURFACE ( 'NONE', #3900, 3.174999999999992273 ) ;
#2379 = CARTESIAN_POINT ( 'NONE',  ( 28.22953136670865959, 32.12710394460880536, -1.222495945241319104 ) ) ;
#2380 = CARTESIAN_POINT ( 'NONE',  ( 28.28162052383719782, 32.77639752475180757, -1.454259367453444307 ) ) ;
#2381 = ORIENTED_EDGE ( 'NONE', *, *, #7384, .T. ) ;
#2382 = CARTESIAN_POINT ( 'NONE',  ( 1.757669868907226762, -35.95992243406082878, 12.19325240168031677 ) ) ;
#2383 = EDGE_CURVE ( 'NONE', #1405, #1832, #5900, .T. ) ;
#2384 = EDGE_LOOP ( 'NONE', ( #4539, #6575, #7050, #6998 ) ) ;
#2385 = CARTESIAN_POINT ( 'NONE',  ( 18.64163314082303913, 21.44987054594958664, 8.502109696953850104 ) ) ;
#2386 = VERTEX_POINT ( 'NONE', #5231 ) ;
#2387 = CARTESIAN_POINT ( 'NONE',  ( 0.4004013334425082782, 3.737982637614241987, 61.36958803294574238 ) ) ;
#2388 = CARTESIAN_POINT ( 'NONE',  ( 33.03323635131059888, 28.90894817447938436, -0.4100994002741359945 ) ) ;
#2389 = CARTESIAN_POINT ( 'NONE',  ( 21.61172026531446022, 18.81253794987750894, 3.670899099067760574 ) ) ;
#2390 = LINE ( 'NONE', #5924, #8689 ) ;
#2391 = EDGE_LOOP ( 'NONE', ( #5606, #5099, #3852, #1132 ) ) ;
#2392 = ORIENTED_EDGE ( 'NONE', *, *, #7134, .T. ) ;
#2393 = CARTESIAN_POINT ( 'NONE',  ( 24.88474375909952130, 27.31452217212108735, 4.923598935451150460 ) ) ;
#2394 = VERTEX_POINT ( 'NONE', #547 ) ;
#2395 = ADVANCED_FACE ( 'NONE', ( #1873 ), #1037, .F. ) ;
#2396 = CARTESIAN_POINT ( 'NONE',  ( 24.45203456928475561, 17.38096675741909536, 15.00000000000000178 ) ) ;
#2397 = CARTESIAN_POINT ( 'NONE',  ( 24.05856140225672490, 27.60310279557088720, 2.828854444045933114 ) ) ;
#2398 = DIRECTION ( 'NONE',  ( 1.000000000000000000, 0.000000000000000000, 0.000000000000000000 ) ) ;
#2399 = CARTESIAN_POINT ( 'NONE',  ( 22.10927906147572841, 21.12470504814293193, 2.190846478282979071 ) ) ;
#2400 = CARTESIAN_POINT ( 'NONE',  ( -9.725014864222524480, -11.93733242219115631, 55.74375000429726157 ) ) ;
#2401 = ORIENTED_EDGE ( 'NONE', *, *, #403, .T. ) ;
#2402 = CYLINDRICAL_SURFACE ( 'NONE', #6997, 3.249999999999992006 ) ;
#2403 = CARTESIAN_POINT ( 'NONE',  ( 29.12314355448929604, 32.41639350636130246, -0.003340952289438689493 ) ) ;
#2404 = CARTESIAN_POINT ( 'NONE',  ( -9.725015023087241417, 4.243007465307788273, 56.66875000429725873 ) ) ;
#2405 = CARTESIAN_POINT ( 'NONE',  ( 28.14274227401894990, 28.98176194754141832, -3.855247753654698517 ) ) ;
#2406 = CARTESIAN_POINT ( 'NONE',  ( 29.73206324691327040, 25.30378715983943749, 1.762309198547161504 ) ) ;
#2407 = EDGE_CURVE ( 'NONE', #5031, #2574, #5638, .T. ) ;
#2408 = EDGE_CURVE ( 'NONE', #72, #6444, #8361, .T. ) ;
#2409 = CARTESIAN_POINT ( 'NONE',  ( 14.49757712610898253, 15.73524118451234699, 14.99999999999999822 ) ) ;
#2410 = VERTEX_POINT ( 'NONE', #6659 ) ;
#2411 = FACE_OUTER_BOUND ( 'NONE', #8182, .T. ) ;
#2412 = CARTESIAN_POINT ( 'NONE',  ( -29.58039891549807976, -5.000000000000020428, 15.00000000000000000 ) ) ;
#2413 = DIRECTION ( 'NONE',  ( 0.6123724356957942483, 0.6123724356957963577, -0.4999999999999978906 ) ) ;
#2414 = VERTEX_POINT ( 'NONE', #2815 ) ;
#2415 = VERTEX_POINT ( 'NONE', #8172 ) ;
#2416 = CARTESIAN_POINT ( 'NONE',  ( 20.61181418892658712, 21.60704652860228592, 9.797891809991410739 ) ) ;
#2417 = DIRECTION ( 'NONE',  ( 0.000000000000000000, 0.000000000000000000, 1.000000000000000000 ) ) ;
#2418 = EDGE_CURVE ( 'NONE', #8582, #6053, #3441, .T. ) ;
#2419 = DIRECTION ( 'NONE',  ( 0.6123724356957930270, 0.6123724356957951365, -0.5000000000000009992 ) ) ;
#2420 = ADVANCED_FACE ( 'NONE', ( #2767 ), #8743, .F. ) ;
#2421 = FACE_OUTER_BOUND ( 'NONE', #2073, .T. ) ;
#2422 = EDGE_CURVE ( 'NONE', #2434, #1414, #1299, .T. ) ;
#2423 = VERTEX_POINT ( 'NONE', #3421 ) ;
#2424 = CARTESIAN_POINT ( 'NONE',  ( -11.12937258330438972, 3.006261187080253805, 55.00000000000002842 ) ) ;
#2425 = CARTESIAN_POINT ( 'NONE',  ( 21.07620912787232115, 15.86691886625338910, 14.88468248457083831 ) ) ;
#2426 = CARTESIAN_POINT ( 'NONE',  ( 17.93407157975416411, 21.47861297306830153, 7.829479444045914782 ) ) ;
#2427 = ORIENTED_EDGE ( 'NONE', *, *, #4311, .F. ) ;
#2428 = EDGE_CURVE ( 'NONE', #2783, #928, #8711, .T. ) ;
#2429 = CARTESIAN_POINT ( 'NONE',  ( -3.096038036892004630, 4.164329346081211192, 62.54934551055752223 ) ) ;
#2430 =( NAMED_UNIT ( * ) PLANE_ANGLE_UNIT ( ) SI_UNIT ( $, .RADIAN. ) );
#2431 = PLANE ( 'NONE',  #6748 ) ;
#2432 = CYLINDRICAL_SURFACE ( 'NONE', #7139, 2.756000000000000227 ) ;
#2433 = CARTESIAN_POINT ( 'NONE',  ( 15.93924614442489585, 21.98825648720895387, 14.54493280177834258 ) ) ;
#2434 = VERTEX_POINT ( 'NONE', #6117 ) ;
#2435 =( BOUNDED_CURVE ( )  B_SPLINE_CURVE ( 2, ( #3269, #8539, #1181, #5209, #7882, #8061, #1804, #1895, #476, #4503, #6541, #3847, #3313 ),
 .UNSPECIFIED., .F., .T. ) 
 B_SPLINE_CURVE_WITH_KNOTS ( ( 3, 2, 2, 2, 2, 2, 3 ),
 ( 0.2800358035506552712, 0.2960350108881105169, 0.3280334194841054152, 0.3600318280801004800, 0.3920302366760954338, 0.4240286452720904986, 0.4400278490741855730 ),
 .UNSPECIFIED. ) 
 CURVE ( )  GEOMETRIC_REPRESENTATION_ITEM ( )  RATIONAL_B_SPLINE_CURVE ( ( 0.9755282581475777093, 0.9755282534985439957, 1.000000000000000000, 0.9510565162951535312, 1.000000000000000000, 0.9510565162951535312, 1.000000000000000000, 0.9510565162951535312, 1.000000000000000000, 0.9510565162951535312, 1.000000000000000000, 0.9755282589060891851, 0.9755282581475768211 ) ) 
 REPRESENTATION_ITEM ( '' )  );
#2436 = CARTESIAN_POINT ( 'NONE',  ( -12.98375729139426404, 0.2452346090817457969, 55.00000000000000000 ) ) ;
#2437 = DIRECTION ( 'NONE',  ( 0.1898979485566346104, 0.4999999999999977796, 0.8449489742783193869 ) ) ;
#2438 = ORIENTED_EDGE ( 'NONE', *, *, #1960, .F. ) ;
#2439 = CARTESIAN_POINT ( 'NONE',  ( -4.734860871731099152, -29.50544104123668987, 1.760339864903928575 ) ) ;
#2440 = CARTESIAN_POINT ( 'NONE',  ( 29.51269009556922285, 26.57188500169032963, 2.213291884747152771 ) ) ;
#2441 = CARTESIAN_POINT ( 'NONE',  ( 24.26622991329011114, 28.16380249118781265, 2.936084235070355319 ) ) ;
#2442 = DIRECTION ( 'NONE',  ( -0.000000000000000000, -1.000000000000000000, -0.000000000000000000 ) ) ;
#2443 = CARTESIAN_POINT ( 'NONE',  ( -9.725014864222524480, -11.93733242219115631, 58.49375000429726157 ) ) ;
#2444 = B_SPLINE_CURVE_WITH_KNOTS ( 'NONE', 3,
 ( #6367, #7783, #1630, #8487, #2380, #334 ),
 .UNSPECIFIED., .F., .F.,
 ( 4, 2, 4 ),
 ( -1.126944407825854247E-05, 0.0004450501290938346376, 0.0009013697022659278735 ),
 .UNSPECIFIED. ) ;
#2445 = ORIENTED_EDGE ( 'NONE', *, *, #1616, .T. ) ;
#2446 = CARTESIAN_POINT ( 'NONE',  ( 28.63028947027370563, 33.79694007728804905, -0.01691275523472928269 ) ) ;
#2447 = FACE_OUTER_BOUND ( 'NONE', #8079, .T. ) ;
#2448 = CARTESIAN_POINT ( 'NONE',  ( -12.35367056493147331, 2.333177383248123071, 56.80625000429725446 ) ) ;
#2449 = CARTESIAN_POINT ( 'NONE',  ( 33.16007152137582636, 30.73254300748060075, 0.4652106342187059540 ) ) ;
#2450 = CARTESIAN_POINT ( 'NONE',  ( 30.89984313449986786, 28.47231462060463869, 2.310679384218708332 ) ) ;
#2451 = DIRECTION ( 'NONE',  ( -0.000000000000000000, 0.8660254037844363761, 0.5000000000000039968 ) ) ;
#2452 = CARTESIAN_POINT ( 'NONE',  ( 31.01615387380138600, 30.29565796833534819, 1.781503754004518214 ) ) ;
#2453 = CC_DESIGN_PERSON_AND_ORGANIZATION_ASSIGNMENT ( #2565, #1984, ( #7278 ) ) ;
#2454 = CARTESIAN_POINT ( 'NONE',  ( 32.31166716013214568, 27.65002401740163052, -3.963456578164020083 ) ) ;
#2455 = CARTESIAN_POINT ( 'NONE',  ( -1.304048682685320815, 3.530517221486196622, 61.37941809982638830 ) ) ;
#2456 = CARTESIAN_POINT ( 'NONE',  ( -29.39506219593758019, 4.091071465215710745, 0.8225809246619542048 ) ) ;
#2457 = CARTESIAN_POINT ( 'NONE',  ( 19.78176498173239750, 18.78653264205643580, 4.056883383241845387 ) ) ;
#2458 = CARTESIAN_POINT ( 'NONE',  ( 18.66744014123968043, 22.50243972761654021, 8.592532895391586933 ) ) ;
#2459 = ORIENTED_EDGE ( 'NONE', *, *, #1587, .F. ) ;
#2460 = CARTESIAN_POINT ( 'NONE',  ( -1.332869357870799076, 3.536490495953382496, 55.00000000000002132 ) ) ;
#2461 = CARTESIAN_POINT ( 'NONE',  ( 23.54638389415523037, 24.26687979962098396, 0.5043651892290732519 ) ) ;
#2462 = EDGE_LOOP ( 'NONE', ( #1382, #384, #1530 ) ) ;
#2463 = CYLINDRICAL_SURFACE ( 'NONE', #778, 3.000000000000000000 ) ;
#2464 = CARTESIAN_POINT ( 'NONE',  ( -12.35367044356962651, -10.02750239174977054, 58.35625000429725162 ) ) ;
#2465 = CARTESIAN_POINT ( 'NONE',  ( 20.10106031674526506, 19.24641906296722382, 4.249550217110352079 ) ) ;
#2466 = EDGE_LOOP ( 'NONE', ( #1489, #4283, #7241 ) ) ;
#2467 = EDGE_CURVE ( 'NONE', #8094, #4651, #8701, .T. ) ;
#2468 = CIRCLE ( 'NONE', #4720, 4.305605725543819595 ) ;
#2469 = CARTESIAN_POINT ( 'NONE',  ( 23.25570039266035849, 23.98447457375728220, 6.779908183963429202 ) ) ;
#2470 = AXIS2_PLACEMENT_3D ( 'NONE', #4118, #2792, #5482 ) ;
#2471 = CARTESIAN_POINT ( 'NONE',  ( 29.73235615103960683, 28.87771489726160112, -3.614369901494389303 ) ) ;
#2472 = ORIENTED_EDGE ( 'NONE', *, *, #4855, .F. ) ;
#2473 = AXIS2_PLACEMENT_3D ( 'NONE', #5036, #348, #2971 ) ;
#2474 = EDGE_CURVE ( 'NONE', #4121, #2944, #3153, .T. ) ;
#2475 = CARTESIAN_POINT ( 'NONE',  ( -4.048065220290077093, 3.959643491871140064, 62.54603057074770334 ) ) ;
#2476 = CARTESIAN_POINT ( 'NONE',  ( 33.03680366201650997, 28.70269574244771249, -0.8133257039668245758 ) ) ;
#2477 = CARTESIAN_POINT ( 'NONE',  ( 24.27384742064316114, 19.89299544730840807, 6.190860458283946599 ) ) ;
#2478 = CARTESIAN_POINT ( 'NONE',  ( 25.73205928314377289, 21.35120730980902692, 5.000235458283951218 ) ) ;
#2479 = CARTESIAN_POINT ( 'NONE',  ( -3.847162322546356261, -13.84716242073069736, 57.76875000429730278 ) ) ;
#2480 = ORIENTED_EDGE ( 'NONE', *, *, #6143, .T. ) ;
#2481 = CIRCLE ( 'NONE', #7006, 3.253008291094206417 ) ;
#2482 = DIRECTION ( 'NONE',  ( 1.000000000000000000, 0.000000000000000000, -0.000000000000000000 ) ) ;
#2483 = AXIS2_PLACEMENT_3D ( 'NONE', #7369, #5461, #3471 ) ;
#2484 = DIRECTION ( 'NONE',  ( 0.1898979485566345271, 0.4999999999999979461, 0.8449489742783193869 ) ) ;
#2485 = ORIENTED_EDGE ( 'NONE', *, *, #3770, .T. ) ;
#2486 = EDGE_CURVE ( 'NONE', #4053, #4413, #5674, .T. ) ;
#2487 = LINE ( 'NONE', #5173, #1080 ) ;
#2488 = CARTESIAN_POINT ( 'NONE',  ( 25.76563229779390340, 25.03685811669674521, 0.03033575926985471183 ) ) ;
#2489 = CARTESIAN_POINT ( 'NONE',  ( 28.02660360952857488, 25.94199890971262690, 4.074334847394854187 ) ) ;
#2490 =( BOUNDED_CURVE ( )  B_SPLINE_CURVE ( 2, ( #715, #4774, #8289, #8775, #132, #4906, #4210, #172, #3453 ),
 .UNSPECIFIED., .F., .T. ) 
 B_SPLINE_CURVE_WITH_KNOTS ( ( 3, 2, 2, 2, 3 ),
 ( 0.09540571169109059169, 0.09789276117940604038, 0.1003798106677215030, 0.1028668601560369655, 0.1053539096443524281 ),
 .UNSPECIFIED. ) 
 CURVE ( )  GEOMETRIC_REPRESENTATION_ITEM ( )  RATIONAL_B_SPLINE_CURVE ( ( 1.000000000001256106, 0.9238795325100307432, 1.000000000000000000, 0.9238795325112867385, 1.000000000000000000, 0.9238795325112867385, 1.000000000000000000, 0.9238795325112958423, 0.9999999999999908962 ) ) 
 REPRESENTATION_ITEM ( '' )  );
#2491 = CARTESIAN_POINT ( 'NONE',  ( -7.096359481243011302, 6.152837547367449922, 57.53125000429726299 ) ) ;
#2492 = CARTESIAN_POINT ( 'NONE',  ( -4.062329055238106612, 3.956576767210793655, 62.28547725709353244 ) ) ;
#2493 = VERTEX_POINT ( 'NONE', #1525 ) ;
#2494 = EDGE_CURVE ( 'NONE', #1467, #4687, #2317, .T. ) ;
#2495 = CARTESIAN_POINT ( 'NONE',  ( 25.53956771531689185, 24.70953342654531326, 6.813825085735077280 ) ) ;
#2496 = FACE_OUTER_BOUND ( 'NONE', #5872, .T. ) ;
#2497 = CARTESIAN_POINT ( 'NONE',  ( -0.5979653602172937399, -13.84716238882884909, 57.90625000429724878 ) ) ;
#2498 = CARTESIAN_POINT ( 'NONE',  ( 30.93717729421483043, 27.10217770783773616, -2.258538952158301250 ) ) ;
#2499 = CARTESIAN_POINT ( 'NONE',  ( 31.08365265876736672, 26.24313783888749541, -0.6706236744550420070 ) ) ;
#2500 = CARTESIAN_POINT ( 'NONE',  ( 23.16216276630507309, 23.88265867177094037, 0.8180804264383422231 ) ) ;
#2501 = DIRECTION ( 'NONE',  ( -6.778899719113335399E-17, -2.508129176913471926E-17, -1.000000000000000000 ) ) ;
#2502 = AXIS2_PLACEMENT_3D ( 'NONE', #1996, #4648, #671 ) ;
#2503 = VECTOR ( 'NONE', #3284, 1000.000000000000114 ) ;
#2504 = DIRECTION ( 'NONE',  ( 0.7071067811865463515, 0.7071067811865486830, -0.000000000000000000 ) ) ;
#2505 = CARTESIAN_POINT ( 'NONE',  ( 5.000000000000147438, -37.14738621360572068, 5.249999999999884537 ) ) ;
#2506 = CARTESIAN_POINT ( 'NONE',  ( 25.90076462912258393, 22.00319205122223210, 3.861288817549102248 ) ) ;
#2507 = CARTESIAN_POINT ( 'NONE',  ( 28.58859069024039812, 31.83126393383682640, -1.843346748733945439 ) ) ;
#2508 = CARTESIAN_POINT ( 'NONE',  ( 22.34500020782962437, 19.91747169393435968, 9.295679384218678010 ) ) ;
#2509 = EDGE_CURVE ( 'NONE', #6787, #8036, #2898, .T. ) ;
#2510 = CARTESIAN_POINT ( 'NONE',  ( 31.93335778894310906, 27.44957170237793775, -3.759815487094163355 ) ) ;
#2511 = EDGE_LOOP ( 'NONE', ( #8284, #3975 ) ) ;
#2512 = CARTESIAN_POINT ( 'NONE',  ( 4.447989196376756382, -29.51079974334802358, 1.256041160215568775 ) ) ;
#2513 = CARTESIAN_POINT ( 'NONE',  ( -9.725015023087241417, 4.243007465307788273, 57.66875000429725873 ) ) ;
#2514 = CARTESIAN_POINT ( 'NONE',  ( 2.230723777914867867, 4.094083908020323292, 62.53806656829318200 ) ) ;
#2515 = ORIENTED_EDGE ( 'NONE', *, *, #7625, .T. ) ;
#2516 = ORIENTED_EDGE ( 'NONE', *, *, #629, .F. ) ;
#2517 = CARTESIAN_POINT ( 'NONE',  ( 21.35571095405247988, 24.29651604793114217, 3.088827058486140587 ) ) ;
#2518 = CARTESIAN_POINT ( 'NONE',  ( 5.000000000000150102, -53.51693657151913186, 15.00000000000000000 ) ) ;
#2519 = ORIENTED_EDGE ( 'NONE', *, *, #4507, .F. ) ;
#2520 = DIRECTION ( 'NONE',  ( 0.4999999999999978906, 8.346192215206454402E-17, -0.8660254037844399289 ) ) ;
#2521 = MECHANICAL_CONTEXT ( 'NONE', #4222, 'mechanical' ) ;
#2522 = ADVANCED_FACE ( 'NONE', ( #4225 ), #8302, .F. ) ;
#2523 = CARTESIAN_POINT ( 'NONE',  ( -4.999999999999849898, -51.00379267415675599, -2.750000000000082157 ) ) ;
#2524 = DIRECTION ( 'NONE',  ( 1.000000000000000000, -0.000000000000000000, -0.000000000000000000 ) ) ;
#2525 = CARTESIAN_POINT ( 'NONE',  ( 2.030690022762220881, 4.243007580729762473, 58.86875000429730420 ) ) ;
#2526 = VERTEX_POINT ( 'NONE', #186 ) ;
#2527 = EDGE_CURVE ( 'NONE', #3951, #2415, #3724, .T. ) ;
#2528 = CARTESIAN_POINT ( 'NONE',  ( 2.488811185131960091, -29.26465520536395104, 14.96154362155271400 ) ) ;
#2529 = ORIENTED_EDGE ( 'NONE', *, *, #8218, .F. ) ;
#2530 = CARTESIAN_POINT ( 'NONE',  ( -3.847162420730148913, -3.847162420730696919, 55.00000000000000000 ) ) ;
#2531 = ORIENTED_EDGE ( 'NONE', *, *, #6945, .T. ) ;
#2532 = CARTESIAN_POINT ( 'NONE',  ( 17.13042780592229519, 24.20149561778761793, 12.74191514787773549 ) ) ;
#2533 = CARTESIAN_POINT ( 'NONE',  ( 27.32105828446121976, 26.59228410336406867, -1.239664240730145472 ) ) ;
#2534 = CARTESIAN_POINT ( 'NONE',  ( 28.64177819777700051, 23.85310231495973099, 1.309331852490665193 ) ) ;
#2535 = CARTESIAN_POINT ( 'NONE',  ( 29.74275140514076554, 32.54193372057748945, 1.234344844165539357 ) ) ;
#2536 = EDGE_CURVE ( 'NONE', #8578, #5436, #4957, .T. ) ;
#2537 = CARTESIAN_POINT ( 'NONE',  ( 2.030690022762220881, 4.243007580729762473, 59.86875000429725446 ) ) ;
#2538 = ADVANCED_FACE ( 'NONE', ( #6967 ), #3686, .F. ) ;
#2539 = CARTESIAN_POINT ( 'NONE',  ( 17.93659547157232126, 20.07684082786946789, 5.020036292929241029 ) ) ;
#2540 = ORIENTED_EDGE ( 'NONE', *, *, #913, .F. ) ;
#2541 = CARTESIAN_POINT ( 'NONE',  ( 2.030690181626937374, -11.93733230676918566, 55.29375000429725873 ) ) ;
#2542 = CARTESIAN_POINT ( 'NONE',  ( 26.97859357919069012, 31.81910839907034472, 0.09899261768836510600 ) ) ;
#2543 = CARTESIAN_POINT ( 'NONE',  ( 28.60338413591136941, 25.77389978303703089, -2.060516729861544771 ) ) ;
#2544 =( BOUNDED_CURVE ( )  B_SPLINE_CURVE ( 2, ( #3301, #2777, #6765, #4756, #8048, #6848, #8001, #1309, #1936, #5999, #4017 ),
 .UNSPECIFIED., .F., .T. ) 
 B_SPLINE_CURVE_WITH_KNOTS ( ( 3, 2, 2, 2, 2, 3 ),
 ( 0.03197879379760972668, 0.03352613254497424644, 0.03568650066450356623, 0.03784686878403289295, 0.04000723690356221274, 0.04062026627574510940 ),
 .UNSPECIFIED. ) 
 CURVE ( )  GEOMETRIC_REPRESENTATION_ITEM ( )  RATIONAL_B_SPLINE_CURVE ( ( 0.9690584114100440072, 0.9454795931544996979, 1.000000000000000000, 0.9238795325112867385, 1.000000000000000000, 0.9238795325112867385, 1.000000000000000000, 0.9238795325112867385, 1.000000000000000000, 0.9783999393561495506, 0.9690584114094924484 ) ) 
 REPRESENTATION_ITEM ( '' )  );
#2545 = FACE_OUTER_BOUND ( 'NONE', #2284, .T. ) ;
#2546 = EDGE_CURVE ( 'NONE', #7308, #6942, #5241, .T. ) ;
#2547 = CARTESIAN_POINT ( 'NONE',  ( -11.26540322416676254, -6.257495049690469990, 59.46875000429725588 ) ) ;
#2548 = DIRECTION ( 'NONE',  ( -0.6123724356957931381, -0.6123724356957952475, 0.5000000000000007772 ) ) ;
#2549 = CARTESIAN_POINT ( 'NONE',  ( 28.06519826314474386, 23.68434628981001211, 3.095235458283961183 ) ) ;
#2550 = CARTESIAN_POINT ( 'NONE',  ( 54.32066644360193663, 49.93981447026727949, -18.34226454171595222 ) ) ;
#2551 = CARTESIAN_POINT ( 'NONE',  ( 23.23361213230575117, 18.39309731242586565, 5.738907575544919482 ) ) ;
#2552 = CARTESIAN_POINT ( 'NONE',  ( 19.61593203016755282, 22.44541638304164621, 9.525604423094829798 ) ) ;
#2553 =( BOUNDED_SURFACE ( )  B_SPLINE_SURFACE ( 1, 2, ( 
 ( #8708, #5950, #2640, #6488, #3965, #5236, #416, #7817, #1831, #7954, #7199, #3117, #7288, #5811, #5194, #3162, #8520, #3295, #2458, #2552, #1125, #7863, #2508, #2595, #4620, #1164, #1878, #1216, #1928, #7912, #1741, #4571, #4532, #6664, #596, #7240, #5993, #4444, #7156, #2014, #2685, #6081, #3386, #1434, #6840, #4831, #6122, #4055, #4141, #773, #16, #6799, #2106, #1395, #4011, #5415, #3473, #60, #8043, #6892, #7503, #7464, #146, #732, #6709, #1971, #8177, #5464, #1304, #6173, #5375, #2727, #1350, #4662, #4183, #2819, #6222, #645, #7372, #4101, #8085, #5332, #107, #2771, #4752, #5505, #3346, #8220, #822, #6041, #3426, #4793, #3521, #2150, #7546, #8748, #1482, #4703, #7415, #6760, #8130, #691, #2064, #2282, #5056, #5677, #1614, #3651, #5596, #4879, #4313, #7768, #7727, #7599, #3562, #7640, #2369, #2860, #2986, #1700, #7063, #3022, #6306, #322, #4271, #191, #4961, #5637, #5720, #1663, #5008, #6260, #8432, #864, #8307, #1033, #3605, #7019, #8388, #2902, #4357, #4396, #7102, #4230, #952, #8261, #994, #2193, #7680, #3731, #8348, #6435, #6393, #3690, #1529, #5547, #2948, #6933, #6354, #2241, #4924, #281, #2323, #1571, #6972, #903, #240, #7192, #2406, #5137, #7853, #4479, #3956, #1116, #3862, #451, #4561, #8513, #7147, #6480, #7946, #1205, #1255, #5227, #1868, #1154, #6612, #2543, #4609, #7328, #1780, #3823, #6516, #4433, #3152, #5844, #8563, #7276, #2450, #3106, #6559, #2499, #499, #7230, #5185, #2586, #7809, #3202, #7903, #3246, #3910, #1824, #408, #4523, #5097, #5897, #8611, #543, #5941, #5802, #8649, #368, #3071, #5273, #5762, #1733, #7987, #1918, #3779, #8474, #1077, #98, #7365, #8166, #2676, #8117, #2098, #4823, #5498, #2761, #6655 ),
 ( #5366, #6163, #588, #6791, #2810, #4782, #6830, #1337, #4132, #8076, #4003, #7451, #4045, #48, #5456, #3334, #2141, #3285, #3378, #6031, #6696, #7406, #4693, #7495, #1426, #8209, #1386, #2004, #761, #3464, #6749, #2052, #3417, #2717, #5320, #679, #7536, #4090, #5983, #1471, #8692, #7, #2629, #4741, #8032, #1963, #722, #6113, #4655, #1295, #633, #6073, #5405, #8739, #3013, #1651, #5047, #2851, #6211, #229, #6926, #4174, #4994, #4953, #3593, #6345, #2182, #4348, #5704, #8253, #5630, #8341, #8419, #274, #7053, #2356, #8380, #2311, #7716, #985, #4262, #2274, #2233, #6296, #6383, #7007, #2941, #7670, #855, #139, #1604, #313, #2979, #5538, #4869, #180, #3681, #6881, #4300, #7758, #812, #3514, #7631, #7587, #5586, #1522, #941, #6964, #4220, #5669, #3554, #6251, #2893, #3640, #8298, #4914, #895, #1562, #1067, #5751, #1145, #6421, #7839, #3096, #3055, #5929, #8464, #8548, #7136, #2397, #5792, #6548, #7263, #3810, #5174, #3854, #5884, #5086, #5262, #7800, #2488, #7093, #485, #1024, #6507, #1856, #4465, #2576, #5216, #3191, #356, #8602, #1770, #7936, #7890, #1725, #1691, #5833, #7181, #4424, #1104, #440, #8638, #8502, #3721, #6469, #399, #2440, #4388, #5124, #1812, #3140, #2533, #3764, #4511, #7220, #4552, #1192, #3898, #6599, #533, #3237, #5443, #1375, #3451, #6150, #6685, #3991, #6020, #3276, #619, #3320, #8728, #4080, #1287, #1954, #5395, #2666, #2708, #6064, #5356, #1416, #6646, #8107, #8067, #2087, #6782, #7356, #8019, #1994, #1245, #4684, #7393, #4729, #2750, #4646, #713, #85, #2799, #6105, #7977, #3946, #1324, #3370, #2617, #4034, #2038, #4125, #8680, #3407, #6737, #669, #39, #1905, #6820, #8154, #4597, #8772, #4772, #7439, #7485 ) ),
 .UNSPECIFIED., .F., .F., .F. ) 
 B_SPLINE_SURFACE_WITH_KNOTS ( ( 2, 2 ),
 ( 3, 2, 2, 2, 2, 2, 2, 2, 2, 2, 2, 2, 2, 2, 2, 2, 2, 2, 2, 2, 2, 2, 2, 2, 2, 2, 2, 2, 2, 2, 2, 2, 2, 2, 2, 2, 2, 2, 2, 2, 2, 2, 2, 2, 2, 2, 2, 2, 2, 2, 2, 2, 2, 2, 2, 2, 2, 2, 2, 2, 2, 2, 2, 2, 2, 2, 2, 2, 2, 2, 2, 2, 2, 2, 2, 2, 2, 2, 2, 2, 2, 2, 2, 2, 2, 2, 2, 2, 2, 2, 2, 2, 2, 2, 2, 2, 2, 2, 2, 2, 2, 2, 2, 2, 2, 2, 2, 2, 2, 2, 2, 2, 2, 2, 2, 2, 2, 2, 2, 2, 3 ),
 ( 0.000000000000000000, 1.000000000000000000 ),
 ( 0.000000000000000000, 0.008333333333333333218, 0.01666666666666666644, 0.02500000000000000139, 0.03333333333333333287, 0.04166666666666666435, 0.05000000000000000278, 0.05833333333333333426, 0.06666666666666666574, 0.07499999999999999722, 0.08333333333333332871, 0.09166666666666666019, 0.1000000000000000056, 0.1083333333333333370, 0.1166666666666666685, 0.1250000000000000000, 0.1333333333333333315, 0.1416666666666666630, 0.1499999999999999944, 0.1583333333333333259, 0.1666666666666666574, 0.1749999999999999889, 0.1833333333333333204, 0.1916666666666666796, 0.2000000000000000111, 0.2083333333333333426, 0.2166666666666666741, 0.2250000000000000056, 0.2333333333333333370, 0.2416666666666666685, 0.2500000000000000000, 0.2583333333333333592, 0.2666666666666666630, 0.2750000000000000222, 0.2833333333333333259, 0.2916666666666666852, 0.2999999999999999889, 0.3083333333333333481, 0.3166666666666666519, 0.3250000000000000111, 0.3333333333333333148, 0.3416666666666666741, 0.3499999999999999778, 0.3583333333333333370, 0.3666666666666666408, 0.3750000000000000000, 0.3833333333333333592, 0.3916666666666666630, 0.4000000000000000222, 0.4083333333333333259, 0.4166666666666666852, 0.4249999999999999889, 0.4333333333333333481, 0.4416666666666666519, 0.4500000000000000111, 0.4583333333333333148, 0.4666666666666666741, 0.4749999999999999778, 0.4833333333333333370, 0.4916666666666666408, 0.5000000000000000000, 0.5083333333333333037, 0.5166666666666667185, 0.5250000000000000222, 0.5333333333333333259, 0.5416666666666666297, 0.5500000000000000444, 0.5583333333333333481, 0.5666666666666666519, 0.5749999999999999556, 0.5833333333333333703, 0.5916666666666666741, 0.5999999999999999778, 0.6083333333333332815, 0.6166666666666666963, 0.6250000000000000000, 0.6333333333333333037, 0.6416666666666667185, 0.6500000000000000222, 0.6583333333333333259, 0.6666666666666666297, 0.6750000000000000444, 0.6833333333333333481, 0.6916666666666666519, 0.6999999999999999556, 0.7083333333333333703, 0.7166666666666666741, 0.7249999999999999778, 0.7333333333333332815, 0.7416666666666666963, 0.7500000000000000000, 0.7583333333333333037, 0.7666666666666667185, 0.7750000000000000222, 0.7833333333333333259, 0.7916666666666666297, 0.8000000000000000444, 0.8083333333333333481, 0.8166666666666666519, 0.8249999999999999556, 0.8333333333333333703, 0.8416666666666666741, 0.8499999999999999778, 0.8583333333333332815, 0.8666666666666666963, 0.8750000000000000000, 0.8833333333333333037, 0.8916666666666667185, 0.9000000000000000222, 0.9083333333333333259, 0.9166666666666666297, 0.9250000000000000444, 0.9333333333333333481, 0.9416666666666666519, 0.9499999999999999556, 0.9583333333333333703, 0.9666666666666666741, 0.9749999999999999778, 0.9833333333333332815, 0.9853224876815256383, 0.9951757125583409191 ),
 .UNSPECIFIED. ) 
 GEOMETRIC_REPRESENTATION_ITEM ( )  RATIONAL_B_SPLINE_SURFACE ( (
 ( 1.000000000000000000, 0.9238795325112867385, 1.000000000000000000, 0.9238795325112867385, 1.000000000000000000, 0.9238795325112867385, 1.000000000000000000, 0.9238795325112867385, 1.000000000000000000, 0.9238795325112867385, 1.000000000000000000, 0.9238795325112867385, 1.000000000000000000, 0.9238795325112867385, 1.000000000000000000, 0.9238795325112867385, 1.000000000000000000, 0.9238795325112867385, 1.000000000000000000, 0.9238795325112867385, 1.000000000000000000, 0.9238795325112867385, 1.000000000000000000, 0.9238795325112867385, 1.000000000000000000, 0.9238795325112867385, 1.000000000000000000, 0.9238795325112867385, 1.000000000000000000, 0.9238795325112867385, 1.000000000000000000, 0.9238795325112867385, 1.000000000000000000, 0.9238795325112867385, 1.000000000000000000, 0.9238795325112867385, 1.000000000000000000, 0.9238795325112867385, 1.000000000000000000, 0.9238795325112867385, 1.000000000000000000, 0.9238795325112867385, 1.000000000000000000, 0.9238795325112867385, 1.000000000000000000, 0.9238795325112867385, 1.000000000000000000, 0.9238795325112867385, 1.000000000000000000, 0.9238795325112867385, 1.000000000000000000, 0.9238795325112867385, 1.000000000000000000, 0.9238795325112867385, 1.000000000000000000, 0.9238795325112867385, 1.000000000000000000, 0.9238795325112867385, 1.000000000000000000, 0.9238795325112867385, 1.000000000000000000, 0.9238795325112867385, 1.000000000000000000, 0.9238795325112867385, 1.000000000000000000, 0.9238795325112867385, 1.000000000000000000, 0.9238795325112867385, 1.000000000000000000, 0.9238795325112867385, 1.000000000000000000, 0.9238795325112867385, 1.000000000000000000, 0.9238795325112867385, 1.000000000000000000, 0.9238795325112867385, 1.000000000000000000, 0.9238795325112867385, 1.000000000000000000, 0.9238795325112867385, 1.000000000000000000, 0.9238795325112867385, 1.000000000000000000, 0.9238795325112867385, 1.000000000000000000, 0.9238795325112867385, 1.000000000000000000, 0.9238795325112867385, 1.000000000000000000, 0.9238795325112867385, 1.000000000000000000, 0.9238795325112867385, 1.000000000000000000, 0.9238795325112867385, 1.000000000000000000, 0.9238795325112867385, 1.000000000000000000, 0.9238795325112867385, 1.000000000000000000, 0.9238795325112867385, 1.000000000000000000, 0.9238795325112867385, 1.000000000000000000, 0.9238795325112867385, 1.000000000000000000, 0.9238795325112867385, 1.000000000000000000, 0.9238795325112867385, 1.000000000000000000, 0.9238795325112867385, 1.000000000000000000, 0.9238795325112867385, 1.000000000000000000, 0.9238795325112867385, 1.000000000000000000, 0.9238795325112867385, 1.000000000000000000, 0.9238795325112867385, 1.000000000000000000, 0.9238795325112867385, 1.000000000000000000, 0.9238795325112867385, 1.000000000000000000, 0.9238795325112867385, 1.000000000000000000, 0.9238795325112867385, 1.000000000000000000, 0.9238795325112867385, 1.000000000000000000, 0.9238795325112867385, 1.000000000000000000, 0.9238795325112867385, 1.000000000000000000, 0.9238795325112867385, 1.000000000000000000, 0.9238795325112867385, 1.000000000000000000, 0.9238795325112867385, 1.000000000000000000, 0.9238795325112867385, 1.000000000000000000, 0.9238795325112867385, 1.000000000000000000, 0.9238795325112867385, 1.000000000000000000, 0.9238795325112867385, 1.000000000000000000, 0.9238795325112867385, 1.000000000000000000, 0.9238795325112867385, 1.000000000000000000, 0.9238795325112867385, 1.000000000000000000, 0.9238795325112867385, 1.000000000000000000, 0.9238795325112867385, 1.000000000000000000, 0.9238795325112867385, 1.000000000000000000, 0.9238795325112867385, 1.000000000000000000, 0.9238795325112867385, 1.000000000000000000, 0.9238795325112867385, 1.000000000000000000, 0.9238795325112867385, 1.000000000000000000, 0.9238795325112867385, 1.000000000000000000, 0.9238795325112867385, 1.000000000000000000, 0.9238795325112867385, 1.000000000000000000, 0.9238795325112867385, 1.000000000000000000, 0.9238795325112867385, 1.000000000000000000, 0.9238795325112867385, 1.000000000000000000, 0.9238795325112867385, 1.000000000000000000, 0.9238795325112867385, 1.000000000000000000, 0.9238795325112867385, 1.000000000000000000, 0.9238795325112867385, 1.000000000000000000, 0.9238795325112867385, 1.000000000000000000, 0.9238795325112867385, 1.000000000000000000, 0.9238795325112867385, 1.000000000000000000, 0.9238795325112867385, 1.000000000000000000, 0.9238795325112867385, 1.000000000000000000, 0.9238795325112867385, 1.000000000000000000, 0.9238795325112867385, 1.000000000000000000, 0.9238795325112867385, 1.000000000000000000, 0.9238795325112867385, 1.000000000000000000, 0.9238795325112867385, 1.000000000000000000, 0.9238795325112867385, 1.000000000000000000, 0.9238795325112867385, 1.000000000000000000, 0.9238795325112867385, 1.000000000000000000, 0.9238795325112867385, 1.000000000000000000, 0.9238795325112867385, 1.000000000000000000, 0.9238795325112867385, 1.000000000000000000, 0.9238795325112867385, 1.000000000000000000, 0.9238795325112867385, 1.000000000000000000, 0.9238795325112867385, 1.000000000000000000, 0.9238795325112867385, 1.000000000000000000, 0.9238795325112867385, 1.000000000000000000, 0.9238795325112867385, 1.000000000000000000, 0.9238795325112867385, 1.000000000000000000, 0.9238795325112867385, 1.000000000000000000, 0.9238795325112867385, 1.000000000000000000, 0.9818301569330071255, 0.9723345432282577416, 0.9723345432282577416, 0.9723345432282577416),
 ( 1.000000000000000000, 0.9238795325112867385, 1.000000000000000000, 0.9238795325112867385, 1.000000000000000000, 0.9238795325112867385, 1.000000000000000000, 0.9238795325112867385, 1.000000000000000000, 0.9238795325112867385, 1.000000000000000000, 0.9238795325112867385, 1.000000000000000000, 0.9238795325112867385, 1.000000000000000000, 0.9238795325112867385, 1.000000000000000000, 0.9238795325112867385, 1.000000000000000000, 0.9238795325112867385, 1.000000000000000000, 0.9238795325112867385, 1.000000000000000000, 0.9238795325112867385, 1.000000000000000000, 0.9238795325112867385, 1.000000000000000000, 0.9238795325112867385, 1.000000000000000000, 0.9238795325112867385, 1.000000000000000000, 0.9238795325112867385, 1.000000000000000000, 0.9238795325112867385, 1.000000000000000000, 0.9238795325112867385, 1.000000000000000000, 0.9238795325112867385, 1.000000000000000000, 0.9238795325112867385, 1.000000000000000000, 0.9238795325112867385, 1.000000000000000000, 0.9238795325112867385, 1.000000000000000000, 0.9238795325112867385, 1.000000000000000000, 0.9238795325112867385, 1.000000000000000000, 0.9238795325112867385, 1.000000000000000000, 0.9238795325112867385, 1.000000000000000000, 0.9238795325112867385, 1.000000000000000000, 0.9238795325112867385, 1.000000000000000000, 0.9238795325112867385, 1.000000000000000000, 0.9238795325112867385, 1.000000000000000000, 0.9238795325112867385, 1.000000000000000000, 0.9238795325112867385, 1.000000000000000000, 0.9238795325112867385, 1.000000000000000000, 0.9238795325112867385, 1.000000000000000000, 0.9238795325112867385, 1.000000000000000000, 0.9238795325112867385, 1.000000000000000000, 0.9238795325112867385, 1.000000000000000000, 0.9238795325112867385, 1.000000000000000000, 0.9238795325112867385, 1.000000000000000000, 0.9238795325112867385, 1.000000000000000000, 0.9238795325112867385, 1.000000000000000000, 0.9238795325112867385, 1.000000000000000000, 0.9238795325112867385, 1.000000000000000000, 0.9238795325112867385, 1.000000000000000000, 0.9238795325112867385, 1.000000000000000000, 0.9238795325112867385, 1.000000000000000000, 0.9238795325112867385, 1.000000000000000000, 0.9238795325112867385, 1.000000000000000000, 0.9238795325112867385, 1.000000000000000000, 0.9238795325112867385, 1.000000000000000000, 0.9238795325112867385, 1.000000000000000000, 0.9238795325112867385, 1.000000000000000000, 0.9238795325112867385, 1.000000000000000000, 0.9238795325112867385, 1.000000000000000000, 0.9238795325112867385, 1.000000000000000000, 0.9238795325112867385, 1.000000000000000000, 0.9238795325112867385, 1.000000000000000000, 0.9238795325112867385, 1.000000000000000000, 0.9238795325112867385, 1.000000000000000000, 0.9238795325112867385, 1.000000000000000000, 0.9238795325112867385, 1.000000000000000000, 0.9238795325112867385, 1.000000000000000000, 0.9238795325112867385, 1.000000000000000000, 0.9238795325112867385, 1.000000000000000000, 0.9238795325112867385, 1.000000000000000000, 0.9238795325112867385, 1.000000000000000000, 0.9238795325112867385, 1.000000000000000000, 0.9238795325112867385, 1.000000000000000000, 0.9238795325112867385, 1.000000000000000000, 0.9238795325112867385, 1.000000000000000000, 0.9238795325112867385, 1.000000000000000000, 0.9238795325112867385, 1.000000000000000000, 0.9238795325112867385, 1.000000000000000000, 0.9238795325112867385, 1.000000000000000000, 0.9238795325112867385, 1.000000000000000000, 0.9238795325112867385, 1.000000000000000000, 0.9238795325112867385, 1.000000000000000000, 0.9238795325112867385, 1.000000000000000000, 0.9238795325112867385, 1.000000000000000000, 0.9238795325112867385, 1.000000000000000000, 0.9238795325112867385, 1.000000000000000000, 0.9238795325112867385, 1.000000000000000000, 0.9238795325112867385, 1.000000000000000000, 0.9238795325112867385, 1.000000000000000000, 0.9238795325112867385, 1.000000000000000000, 0.9238795325112867385, 1.000000000000000000, 0.9238795325112867385, 1.000000000000000000, 0.9238795325112867385, 1.000000000000000000, 0.9238795325112867385, 1.000000000000000000, 0.9238795325112867385, 1.000000000000000000, 0.9238795325112867385, 1.000000000000000000, 0.9238795325112867385, 1.000000000000000000, 0.9238795325112867385, 1.000000000000000000, 0.9238795325112867385, 1.000000000000000000, 0.9238795325112867385, 1.000000000000000000, 0.9238795325112867385, 1.000000000000000000, 0.9238795325112867385, 1.000000000000000000, 0.9238795325112867385, 1.000000000000000000, 0.9238795325112867385, 1.000000000000000000, 0.9238795325112867385, 1.000000000000000000, 0.9238795325112867385, 1.000000000000000000, 0.9238795325112867385, 1.000000000000000000, 0.9238795325112867385, 1.000000000000000000, 0.9238795325112867385, 1.000000000000000000, 0.9238795325112867385, 1.000000000000000000, 0.9238795325112867385, 1.000000000000000000, 0.9238795325112867385, 1.000000000000000000, 0.9238795325112867385, 1.000000000000000000, 0.9238795325112867385, 1.000000000000000000, 0.9238795325112867385, 1.000000000000000000, 0.9238795325112867385, 1.000000000000000000, 0.9238795325112867385, 1.000000000000000000, 0.9238795325112867385, 1.000000000000000000, 0.9238795325112867385, 1.000000000000000000, 0.9238795325112867385, 1.000000000000000000, 0.9238795325112867385, 1.000000000000000000, 0.9238795325112867385, 1.000000000000000000, 0.9238795325112867385, 1.000000000000000000, 0.9818301569330071255, 0.9723345432282577416, 0.9723345432282577416, 0.9723345432282577416) ) ) 
 REPRESENTATION_ITEM ( '' )  SURFACE ( )  );
#2554 = CARTESIAN_POINT ( 'NONE',  ( 27.83603950122478921, 31.73361207912493143, -0.9012111824508666214 ) ) ;
#2555 = DIRECTION ( 'NONE',  ( 0.7071067811865487940, -0.7071067811865463515, 0.000000000000000000 ) ) ;
#2556 = ORIENTED_EDGE ( 'NONE', *, *, #3983, .T. ) ;
#2557 = CARTESIAN_POINT ( 'NONE',  ( 4.336260795973712057, -29.49672505715028592, 1.108756339729795704 ) ) ;
#2558 = CARTESIAN_POINT ( 'NONE',  ( -9.725014864222524480, -11.93733242219115631, 58.49375000429726157 ) ) ;
#2559 = CARTESIAN_POINT ( 'NONE',  ( 22.64781310022321748, 16.07542652611542522, 14.16457909135881543 ) ) ;
#2560 = ORIENTED_EDGE ( 'NONE', *, *, #182, .T. ) ;
#2561 = CARTESIAN_POINT ( 'NONE',  ( 20.49812886869155903, 21.11251392343642408, 3.536417525168205067 ) ) ;
#2562 = CARTESIAN_POINT ( 'NONE',  ( -74.29263897105740000, 179.3582965884160103, 2.999999999999999112 ) ) ;
#2563 = VERTEX_POINT ( 'NONE', #8256 ) ;
#2564 = CARTESIAN_POINT ( 'NONE',  ( 22.71842143397584479, 18.33756946064108462, 7.460860458283947061 ) ) ;
#2565 = PERSON_AND_ORGANIZATION ( #3255, #2214 ) ;
#2566 = LINE ( 'NONE', #5919, #2787 ) ;
#2567 = CARTESIAN_POINT ( 'NONE',  ( 51.88409695360144980, 51.88409695360142138, -18.94519052838326800 ) ) ;
#2568 = CARTESIAN_POINT ( 'NONE',  ( 22.62120730980913308, 18.24035533647437646, 7.540235458283937930 ) ) ;
#2569 = VERTEX_POINT ( 'NONE', #2147 ) ;
#2570 = FACE_OUTER_BOUND ( 'NONE', #4316, .T. ) ;
#2571 = ORIENTED_EDGE ( 'NONE', *, *, #1746, .F. ) ;
#2572 = EDGE_CURVE ( 'NONE', #4246, #1366, #3534, .T. ) ;
#2573 = CARTESIAN_POINT ( 'NONE',  ( 31.66644160275020781, 29.26491042643829132, 1.640607074906219820 ) ) ;
#2574 = VERTEX_POINT ( 'NONE', #3646 ) ;
#2575 = CARTESIAN_POINT ( 'NONE',  ( 24.73883050793916638, 20.84125793003877192, 4.810004054758688419 ) ) ;
#2576 = CARTESIAN_POINT ( 'NONE',  ( 26.25139751772814023, 28.32333093466711915, 3.539114949861811521 ) ) ;
#2577 = CARTESIAN_POINT ( 'NONE',  ( -7.096359481243011302, 6.152837547367449922, 53.78125000429726299 ) ) ;
#2578 = LINE ( 'NONE', #5264, #2082 ) ;
#2579 = CARTESIAN_POINT ( 'NONE',  ( 2.030690022762220881, 4.243007580729762473, 62.61875000429725446 ) ) ;
#2580 = CARTESIAN_POINT ( 'NONE',  ( 17.57608137259570569, 21.51430239465279470, 6.172539076864023144 ) ) ;
#2581 = ORIENTED_EDGE ( 'NONE', *, *, #4884, .T. ) ;
#2582 = CARTESIAN_POINT ( 'NONE',  ( 21.15579900672985403, 24.60451250089554165, 2.752522528028713555 ) ) ;
#2583 = CARTESIAN_POINT ( 'NONE',  ( 26.69176775314524619, 31.07261972647976833, -0.9681165150506529926 ) ) ;
#2584 = EDGE_CURVE ( 'NONE', #2624, #7958, #211, .T. ) ;
#2585 = CARTESIAN_POINT ( 'NONE',  ( 29.16665711559684127, 30.16188945527256848, 2.812891809991439729 ) ) ;
#2586 = CARTESIAN_POINT ( 'NONE',  ( 27.43793987381031485, 28.27695954733278327, -3.279779003654696101 ) ) ;
#2587 = CARTESIAN_POINT ( 'NONE',  ( 24.81708780052159824, 22.38730938749941402, 1.331020007781942072 ) ) ;
#2588 = ADVANCED_FACE ( 'NONE', ( #2855 ), #8406, .F. ) ;
#2589 = DIRECTION ( 'NONE',  ( 0.6123724356957943593, 0.6123724356957963577, -0.4999999999999978351 ) ) ;
#2590 = CARTESIAN_POINT ( 'NONE',  ( 51.88409695360144980, 51.88409695360142138, -18.94519052838326800 ) ) ;
#2591 = DIRECTION ( 'NONE',  ( 1.000000000000000000, 3.558407130208835045E-15, 0.000000000000000000 ) ) ;
#2592 = CARTESIAN_POINT ( 'NONE',  ( 22.76867090082157574, 23.48916680628732578, 1.139365189229072151 ) ) ;
#2593 = EDGE_LOOP ( 'NONE', ( #956, #5130, #4811, #8718 ) ) ;
#2594 = CARTESIAN_POINT ( 'NONE',  ( 23.64128528193220546, 19.62524792766438253, 8.064773321549360219 ) ) ;
#2595 = CARTESIAN_POINT ( 'NONE',  ( 22.93648288172356686, 18.92044552745575103, 8.640242071549362635 ) ) ;
#2596 = CARTESIAN_POINT ( 'NONE',  ( 28.24525705930602015, 29.07529134807738913, -3.892956142501774686 ) ) ;
#2597 = DIRECTION ( 'NONE',  ( 0.000000000000000000, -0.5000000000000043299, 0.8660254037844360431 ) ) ;
#2598 = ORIENTED_EDGE ( 'NONE', *, *, #6917, .T. ) ;
#2599 = DIRECTION ( 'NONE',  ( -0.7674234614174770819, 0.6123724356957943593, -0.1898979485566345826 ) ) ;
#2600 = CARTESIAN_POINT ( 'NONE',  ( 4.712608666137305669, 2.169250700466417214, 62.47395592587025703 ) ) ;
#2601 = CARTESIAN_POINT ( 'NONE',  ( 29.35518454463688798, 29.42202485054211536, -4.247668068342925984 ) ) ;
#2602 = VERTEX_POINT ( 'NONE', #3517 ) ;
#2603 = CARTESIAN_POINT ( 'NONE',  ( 20.57799796071882525, 23.51880305459748755, 3.723827058486139485 ) ) ;
#2604 = CARTESIAN_POINT ( 'NONE',  ( 51.88409695360144980, 51.88409695360142138, -18.94519052838326800 ) ) ;
#2605 = ORIENTED_EDGE ( 'NONE', *, *, #6335, .T. ) ;
#2606 = DIRECTION ( 'NONE',  ( -1.449435587473489291E-16, 1.000000000000000000, 0.000000000000000000 ) ) ;
#2607 = CIRCLE ( 'NONE', #5278, 3.174999999999997602 ) ;
#2608 = LINE ( 'NONE', #5299, #2363 ) ;
#2609 = CARTESIAN_POINT ( 'NONE',  ( 27.67191272252897249, 31.26633472849289674, -4.304437535353041078 ) ) ;
#2610 = VERTEX_POINT ( 'NONE', #6350 ) ;
#2611 = ORIENTED_EDGE ( 'NONE', *, *, #6519, .F. ) ;
#2612 = EDGE_CURVE ( 'NONE', #3978, #6291, #6388, .T. ) ;
#2613 = CYLINDRICAL_SURFACE ( 'NONE', #214, 7.799999999999999822 ) ;
#2614 = CARTESIAN_POINT ( 'NONE',  ( 26.78898187730741043, 31.16983385063569401, -1.047491515067006995 ) ) ;
#2615 = ORIENTED_EDGE ( 'NONE', *, *, #5967, .F. ) ;
#2616 = CARTESIAN_POINT ( 'NONE',  ( 24.01673693379842334, 23.29624102833241750, 7.496503754004263165 ) ) ;
#2617 = CARTESIAN_POINT ( 'NONE',  ( 28.49137656607368996, 31.73404980967012179, -1.763971748733945910 ) ) ;
#2618 = CARTESIAN_POINT ( 'NONE',  ( -13.35772761402214925, -0.7569925703595637989, 56.94375000429725731 ) ) ;
#2619 = CARTESIAN_POINT ( 'NONE',  ( -36.80029071319398781, -4.650210354726790563, 13.64881295820807949 ) ) ;
#2620 = VECTOR ( 'NONE', #1988, 1000.000000000000000 ) ;
#2621 = AXIS2_PLACEMENT_3D ( 'NONE', #7608, #2955, #5645 ) ;
#2622 = CARTESIAN_POINT ( 'NONE',  ( 2.030690181626937374, -11.93733230676918566, 56.29375000429725873 ) ) ;
#2623 = CARTESIAN_POINT ( 'NONE',  ( 19.79736259138402588, 18.05342063500551575, 5.076888034592290211 ) ) ;
#2624 = VERTEX_POINT ( 'NONE', #404 ) ;
#2625 = DIRECTION ( 'NONE',  ( 1.000000000000000000, 0.000000000000000000, 0.000000000000000000 ) ) ;
#2626 = DIRECTION ( 'NONE',  ( 1.000000000000000000, 0.000000000000000000, -0.000000000000000000 ) ) ;
#2627 = AXIS2_PLACEMENT_3D ( 'NONE', #4260, #607, #4673 ) ;
#2628 = CARTESIAN_POINT ( 'NONE',  ( 30.66974688840362617, 29.67451454872770000, -4.833116616758122319 ) ) ;
#2629 = CARTESIAN_POINT ( 'NONE',  ( 22.40814136796122114, 19.59990396283441072, 4.816884246279407478 ) ) ;
#2630 = CARTESIAN_POINT ( 'NONE',  ( -51.00379267415695494, -5.000000000000000000, -2.749999999999965805 ) ) ;
#2631 = CARTESIAN_POINT ( 'NONE',  ( 27.64630371077257465, 31.21345690040933718, -4.254457827319406249 ) ) ;
#2632 = ORIENTED_EDGE ( 'NONE', *, *, #4043, .F. ) ;
#2633 = ADVANCED_FACE ( 'NONE', ( #5757 ), #766, .T. ) ;
#2634 = ORIENTED_EDGE ( 'NONE', *, *, #3560, .F. ) ;
#2635 = CARTESIAN_POINT ( 'NONE',  ( 22.92627453814352734, 23.91084855147607868, 7.873772464950287819 ) ) ;
#2636 = CARTESIAN_POINT ( 'NONE',  ( 23.19778724444136841, 18.40911136162410955, 5.754331852490620847 ) ) ;
#2637 = CARTESIAN_POINT ( 'NONE',  ( 22.90143960781969312, 26.19468955969219337, 5.076659047710870176 ) ) ;
#2638 = EDGE_LOOP ( 'NONE', ( #8178, #8056, #6226, #3351 ) ) ;
#2639 = CARTESIAN_POINT ( 'NONE',  ( 26.16065458137289212, 23.73312606747764875, 6.180210634218682664 ) ) ;
#2640 = CARTESIAN_POINT ( 'NONE',  ( 17.88972714790601870, 21.72472673428287848, 9.227532895391583168 ) ) ;
#2641 = ORIENTED_EDGE ( 'NONE', *, *, #5060, .T. ) ;
#2642 = DIRECTION ( 'NONE',  ( 0.6123724356957943593, 0.6123724356957964687, -0.4999999999999978351 ) ) ;
#2643 = CARTESIAN_POINT ( 'NONE',  ( 3.571078382706458942, -1.436829791770927400, 62.84375000429726299 ) ) ;
#2644 = CIRCLE ( 'NONE', #4469, 180.0000000000000000 ) ;
#2645 = ORIENTED_EDGE ( 'NONE', *, *, #5238, .T. ) ;
#2646 = CARTESIAN_POINT ( 'NONE',  ( 30.18146119105196945, 28.78854328620247571, -4.145971088747264943 ) ) ;
#2647 = CARTESIAN_POINT ( 'NONE',  ( 3.952837579269846469, -3.847162420730697363, 62.70624999992848103 ) ) ;
#2648 = CARTESIAN_POINT ( 'NONE',  ( 19.79578132314182426, 19.79578132314167505, 7.254809471616630034 ) ) ;
#2649 = PLANE ( 'NONE',  #6433 ) ;
#2650 = ORIENTED_EDGE ( 'NONE', *, *, #8683, .F. ) ;
#2651 = CIRCLE ( 'NONE', #5324, 3.249999999999992006 ) ;
#2652 = CARTESIAN_POINT ( 'NONE',  ( 21.89500805522576243, 19.82307463828654903, 3.985503993371477982 ) ) ;
#2653 = CARTESIAN_POINT ( 'NONE',  ( 23.18340452127764451, 19.28583194337723938, 6.080004054775667299 ) ) ;
#2654 = ORIENTED_EDGE ( 'NONE', *, *, #4178, .T. ) ;
#2655 = AXIS2_PLACEMENT_3D ( 'NONE', #565, #3266, #609 ) ;
#2656 = CARTESIAN_POINT ( 'NONE',  ( -53.16885618361808241, 1.698011448891348918, -13.99999999999995914 ) ) ;
#2657 = PERSON_AND_ORGANIZATION_ROLE ( 'creator' ) ;
#2658 = CARTESIAN_POINT ( 'NONE',  ( 28.02369221420711298, 30.51165934346666120, -4.543882214433316413 ) ) ;
#2659 = DIRECTION ( 'NONE',  ( -0.7674234614174771929, 0.6123724356957942483, -0.1898979485566349434 ) ) ;
#2660 = EDGE_CURVE ( 'NONE', #6867, #5754, #6154, .T. ) ;
#2661 = CARTESIAN_POINT ( 'NONE',  ( 25.53092622444235005, 20.74225034162509473, 3.849331852490631700 ) ) ;
#2662 = ORIENTED_EDGE ( 'NONE', *, *, #8288, .T. ) ;
#2663 = DIRECTION ( 'NONE',  ( 0.000000000000000000, -0.5000000000000045519, 0.8660254037844360431 ) ) ;
#2664 = VERTEX_POINT ( 'NONE', #1820 ) ;
#2665 = CYLINDRICAL_SURFACE ( 'NONE', #238, 7.799999999999999822 ) ;
#2666 = CARTESIAN_POINT ( 'NONE',  ( 30.17584393259672737, 29.56145887785163850, 1.924451418065091790 ) ) ;
#2667 = CARTESIAN_POINT ( 'NONE',  ( -9.725014864222524480, -11.93733242219115631, 57.49375000429726157 ) ) ;
#2668 = CARTESIAN_POINT ( 'NONE',  ( -10.40628871039392855, 3.491801196803510088, 55.00000000000001421 ) ) ;
#2669 = LINE ( 'NONE', #7130, #3595 ) ;
#2670 = CARTESIAN_POINT ( 'NONE',  ( -4.078783129122419915, 3.953039141156649894, 62.28739803497162342 ) ) ;
#2671 = EDGE_LOOP ( 'NONE', ( #3999, #8674, #4834, #3374, #6980, #7691, #7551, #1903, #2615, #1262, #7248 ) ) ;
#2672 = ADVANCED_FACE ( 'NONE', ( #6430 ), #2402, .T. ) ;
#2673 = DIRECTION ( 'NONE',  ( -6.778899719113335399E-17, -2.508129176913471926E-17, -1.000000000000000000 ) ) ;
#2674 = CARTESIAN_POINT ( 'NONE',  ( 2.030690181626937374, -11.93733230676918566, 60.79375000429725873 ) ) ;
#2675 = CARTESIAN_POINT ( 'NONE',  ( 31.64132551612097899, 28.81184116324665112, -4.540985479861536334 ) ) ;
#2676 = CARTESIAN_POINT ( 'NONE',  ( 31.78780088067351173, 27.95280129429642102, -2.953070202158292190 ) ) ;
#2677 = CARTESIAN_POINT ( 'NONE',  ( -22.19190196756928657, -23.42956602597374172, 14.99999999999999822 ) ) ;
#2678 = CARTESIAN_POINT ( 'NONE',  ( 22.94509664458241360, 25.37487505760398321, 6.507314172660694673 ) ) ;
#2679 = CARTESIAN_POINT ( 'NONE',  ( 21.31274396170318752, 18.88296554868137278, 4.192304770572590655 ) ) ;
#2680 = EDGE_CURVE ( 'NONE', #1172, #7532, #7858, .T. ) ;
#2681 = CARTESIAN_POINT ( 'NONE',  ( 30.11101561608287724, 27.70948443977097853, 2.910607074906195191 ) ) ;
#2682 = CARTESIAN_POINT ( 'NONE',  ( 24.66014284554800184, 28.10885633971407671, -0.1087622347618090041 ) ) ;
#2683 = ORIENTED_EDGE ( 'NONE', *, *, #1389, .F. ) ;
#2684 = CARTESIAN_POINT ( 'NONE',  ( 20.92766852811563183, 24.76266811449249872, 6.747064145391592049 ) ) ;
#2685 = CARTESIAN_POINT ( 'NONE',  ( 23.51035930024400145, 19.08208321317014367, 6.842309198547141591 ) ) ;
#2686 = ORIENTED_EDGE ( 'NONE', *, *, #3930, .F. ) ;
#2687 = DIRECTION ( 'NONE',  ( 0.6123724356957943593, 0.6123724356957963577, -0.4999999999999978351 ) ) ;
#2688 = FACE_OUTER_BOUND ( 'NONE', #167, .T. ) ;
#2689 = VERTEX_POINT ( 'NONE', #4475 ) ;
#2690 = CARTESIAN_POINT ( 'NONE',  ( 20.61195766458142842, 23.04173607760300158, 8.412314172660691369 ) ) ;
#2691 = CARTESIAN_POINT ( 'NONE',  ( 3.952837579269846469, -2.611763746947021847, 57.27672463929457081 ) ) ;
#2692 = CARTESIAN_POINT ( 'NONE',  ( 30.40886843781872884, 32.58069804315167772, 0.9113946689501342124 ) ) ;
#2693 = ORIENTED_EDGE ( 'NONE', *, *, #8288, .F. ) ;
#2694 = EDGE_LOOP ( 'NONE', ( #2244, #2392, #8462, #3094, #2529, #7915, #3563, #4721 ) ) ;
#2695 = CARTESIAN_POINT ( 'NONE',  ( 24.01547266189386676, 26.08740607883283147, 5.364739949861806245 ) ) ;
#2696 = CARTESIAN_POINT ( 'NONE',  ( 26.20137638687364401, 28.60290756318591576, -2.053488131673226302 ) ) ;
#2697 = VERTEX_POINT ( 'NONE', #5131 ) ;
#2698 = ADVANCED_FACE ( 'NONE', ( #4392 ), #3819, .F. ) ;
#2699 = DIRECTION ( 'NONE',  ( 0.000000000000000000, -0.8660254037844363761, -0.5000000000000039968 ) ) ;
#2700 = EDGE_CURVE ( 'NONE', #1761, #2125, #7067, .T. ) ;
#2701 = CARTESIAN_POINT ( 'NONE',  ( 32.52075034420106192, 27.36089422342493549, -3.077625058830311122 ) ) ;
#2702 = ORIENTED_EDGE ( 'NONE', *, *, #494, .F. ) ;
#2703 = CARTESIAN_POINT ( 'NONE',  ( 25.73205928314377289, 21.35120730980902692, 5.000235458283951218 ) ) ;
#2704 = ORIENTED_EDGE ( 'NONE', *, *, #8028, .T. ) ;
#2705 = CARTESIAN_POINT ( 'NONE',  ( 32.81268738868219259, 28.92436838887093842, -0.3206594635859727482 ) ) ;
#2706 = EDGE_LOOP ( 'NONE', ( #3396, #3636, #7521, #2870, #6545, #4750, #1991, #4671, #2445, #4582 ) ) ;
#2707 = DIRECTION ( 'NONE',  ( -0.000000000000000000, -1.000000000000000000, -0.000000000000000000 ) ) ;
#2708 = CARTESIAN_POINT ( 'NONE',  ( 30.62198000741663506, 28.84438493310464224, 1.433871651406119829 ) ) ;
#2709 = CARTESIAN_POINT ( 'NONE',  ( 6.667459821652518492, -3.847162317494146500, 58.45625000429725304 ) ) ;
#2710 = CYLINDRICAL_SURFACE ( 'NONE', #5848, 2.756000000000000227 ) ;
#2711 = CARTESIAN_POINT ( 'NONE',  ( 8.057552290584284904, 3.814911603464792744, 14.54073926501837200 ) ) ;
#2712 = CARTESIAN_POINT ( 'NONE',  ( 33.49251763457166220, 29.89957453801537923, 1.194492582488361432 ) ) ;
#2713 = EDGE_LOOP ( 'NONE', ( #788, #6331, #1265, #7058, #7297, #6728, #6937, #4979 ) ) ;
#2714 = DIRECTION ( 'NONE',  ( -0.6123724356957944703, -0.6123724356957964687, 0.4999999999999980016 ) ) ;
#2715 = CARTESIAN_POINT ( 'NONE',  ( 25.99502055879730378, 22.09744798089602824, 4.137532958034872088 ) ) ;
#2716 = CARTESIAN_POINT ( 'NONE',  ( -29.56308294587073604, 4.862745487142869472, 2.083795316073782100 ) ) ;
#2717 = CARTESIAN_POINT ( 'NONE',  ( 19.39228344225477585, 22.93682483556891682, 6.638854444045918513 ) ) ;
#2718 = DIRECTION ( 'NONE',  ( 0.000000000000000000, 0.5000000000000043299, -0.8660254037844360431 ) ) ;
#2719 = FACE_OUTER_BOUND ( 'NONE', #2671, .T. ) ;
#2720 =( BOUNDED_CURVE ( )  B_SPLINE_CURVE ( 3, ( #3139, #3763, #5791, #1855 ),
 .UNSPECIFIED., .F., .T. ) 
 B_SPLINE_CURVE_WITH_KNOTS ( ( 4, 4 ),
 ( 3.141592653589792672, 4.712388980384689674 ),
 .UNSPECIFIED. ) 
 CURVE ( )  GEOMETRIC_REPRESENTATION_ITEM ( )  RATIONAL_B_SPLINE_CURVE ( ( 1.000000000000000000, 0.8047378541243649375, 0.8047378541243649375, 1.000000000000000000 ) ) 
 REPRESENTATION_ITEM ( '' )  );
#2721 = VERTEX_POINT ( 'NONE', #5715 ) ;
#2722 = CARTESIAN_POINT ( 'NONE',  ( 25.15547934851153755, 21.18245128465929028, 6.786139064077268301 ) ) ;
#2723 = CARTESIAN_POINT ( 'NONE',  ( 25.42366339354074256, 27.82519456985245299, -1.418488131672901664 ) ) ;
#2724 = CARTESIAN_POINT ( 'NONE',  ( 18.23413895064166113, 22.61499092397609090, 5.937508484949145959 ) ) ;
#2725 = ORIENTED_EDGE ( 'NONE', *, *, #6277, .T. ) ;
#2726 = CARTESIAN_POINT ( 'NONE',  ( 23.93776035421189974, 20.10276076783478416, 3.456461047841675960 ) ) ;
#2727 = CARTESIAN_POINT ( 'NONE',  ( 25.26962186172454494, 21.25358450745673267, 6.735242071549366827 ) ) ;
#2728 = ADVANCED_BREP_SHAPE_REPRESENTATION ( 'base1', ( #5796, #7158 ), #4458 ) ;
#2729 = CARTESIAN_POINT ( 'NONE',  ( 33.12241018499477718, 30.61243884614891186, 1.614282287139896743 ) ) ;
#2730 = CARTESIAN_POINT ( 'NONE',  ( 17.51624098519508266, 23.42301582699443685, 0.8010398007228353157 ) ) ;
#2731 = DIRECTION ( 'NONE',  ( 0.000000000000000000, -0.5000000000000045519, 0.8660254037844360431 ) ) ;
#2732 = DIRECTION ( 'NONE',  ( 0.6123724356957944703, 0.6123724356957964687, -0.4999999999999980016 ) ) ;
#2733 = FACE_OUTER_BOUND ( 'NONE', #7109, .T. ) ;
#2734 = PLANE ( 'NONE',  #4734 ) ;
#2735 = ORIENTED_EDGE ( 'NONE', *, *, #307, .F. ) ;
#2736 = CARTESIAN_POINT ( 'NONE',  ( 27.00426789569838704, 23.45972650238399737, 2.314514499187363850 ) ) ;
#2737 = CARTESIAN_POINT ( 'NONE',  ( 22.15151800881663036, 18.34880051637233223, 7.581623099233936180 ) ) ;
#2738 = CARTESIAN_POINT ( 'NONE',  ( 30.56704258912453298, 26.66947001122420247, 0.05128881754911340102 ) ) ;
#2739 = DIRECTION ( 'NONE',  ( -0.4999999999999972800, 0.000000000000000000, 0.8660254037844402619 ) ) ;
#2740 = EDGE_LOOP ( 'NONE', ( #1722, #3356, #2924, #2172 ) ) ;
#2741 = EDGE_LOOP ( 'NONE', ( #1574, #8012, #6689, #912, #6716 ) ) ;
#2742 = CARTESIAN_POINT ( 'NONE',  ( 21.43788430270577550, 23.83941547901744684, 1.835886868327106569 ) ) ;
#2743 = ADVANCED_FACE ( 'NONE', ( #223 ), #6285, .F. ) ;
#2744 = VERTEX_POINT ( 'NONE', #4857 ) ;
#2745 = CARTESIAN_POINT ( 'NONE',  ( 32.69760767679950675, 28.34255187641195661, -1.265753919244086090 ) ) ;
#2746 = EDGE_CURVE ( 'NONE', #1810, #4632, #7122, .T. ) ;
#2747 = VECTOR ( 'NONE', #4030, 1000.000000000000000 ) ;
#2748 = VERTEX_POINT ( 'NONE', #7623 ) ;
#2749 = CYLINDRICAL_SURFACE ( 'NONE', #3497, 1.500000000000003997 ) ;
#2750 = CARTESIAN_POINT ( 'NONE',  ( 31.39969300075029679, 29.62209792643830752, 0.7988716514061231511 ) ) ;
#2751 = CARTESIAN_POINT ( 'NONE',  ( 5.663402711880920926, -0.7569923836028872310, 55.84375000429725588 ) ) ;
#2752 = AXIS2_PLACEMENT_3D ( 'NONE', #4237, #4885, #999 ) ;
#2753 = CYLINDRICAL_SURFACE ( 'NONE', #2327, 2.756000000000000227 ) ;
#2754 = DIRECTION ( 'NONE',  ( -0.7071067811865482389, 0.7071067811865466846, 0.000000000000000000 ) ) ;
#2755 = ORIENTED_EDGE ( 'NONE', *, *, #5981, .T. ) ;
#2756 = EDGE_CURVE ( 'NONE', #6180, #7249, #7664, .T. ) ;
#2757 = CARTESIAN_POINT ( 'NONE',  ( 26.98062525919188204, 27.83526651296967813, 4.144408963332471885 ) ) ;
#2758 = CARTESIAN_POINT ( 'NONE',  ( 27.15125661849323535, 30.94518571762010239, 1.661065967454092185 ) ) ;
#2759 = DIRECTION ( 'NONE',  ( -0.000000000000000000, -1.000000000000000000, -0.000000000000000000 ) ) ;
#2760 = AXIS2_PLACEMENT_3D ( 'NONE', #3749, #1168, #464 ) ;
#2761 = CARTESIAN_POINT ( 'NONE',  ( 28.52722438394731341, 30.47677016088810120, -4.435069980469976691 ) ) ;
#2762 = CARTESIAN_POINT ( 'NONE',  ( -2.386252763997589454, -14.74971913807299018, 55.00000000000000000 ) ) ;
#2763 = VECTOR ( 'NONE', #3620, 1000.000000000000114 ) ;
#2764 = CARTESIAN_POINT ( 'NONE',  ( 19.79578132314183136, 19.79578132314168926, 7.254809471616628258 ) ) ;
#2765 = ADVANCED_FACE ( 'NONE', ( #3631 ), #4290, .T. ) ;
#2766 = ORIENTED_EDGE ( 'NONE', *, *, #2258, .T. ) ;
#2767 = FACE_OUTER_BOUND ( 'NONE', #1008, .T. ) ;
#2768 = CARTESIAN_POINT ( 'NONE',  ( 25.57216292046580364, 24.85166701499970188, 6.226503754004744984 ) ) ;
#2769 = ORIENTED_EDGE ( 'NONE', *, *, #7837, .T. ) ;
#2770 = CARTESIAN_POINT ( 'NONE',  ( 27.32601367378727275, 22.89773758671342918, 3.726840448547152906 ) ) ;
#2771 = CARTESIAN_POINT ( 'NONE',  ( 22.72678400350218908, 25.55626835637629668, 6.985604423094842197 ) ) ;
#2772 = CARTESIAN_POINT ( 'NONE',  ( 33.00296736460320091, 30.51421258554450944, 1.557422671656857549 ) ) ;
#2773 = AXIS2_PLACEMENT_3D ( 'NONE', #2518, #427, #8055 ) ;
#2774 = CARTESIAN_POINT ( 'NONE',  ( 26.69176775314524619, 31.07261972647976833, -0.9681165150506529926 ) ) ;
#2775 =( BOUNDED_CURVE ( )  B_SPLINE_CURVE ( 3, ( #668, #8679, #1286, #6819 ),
 .UNSPECIFIED., .F., .T. ) 
 B_SPLINE_CURVE_WITH_KNOTS ( ( 4, 4 ),
 ( 4.712388980384689674, 5.519482510964018651 ),
 .UNSPECIFIED. ) 
 CURVE ( )  GEOMETRIC_REPRESENTATION_ITEM ( )  RATIONAL_B_SPLINE_CURVE ( ( 1.000000000000000000, 0.9464493521209315086, 0.9464493521209315086, 1.000000000000000000 ) ) 
 REPRESENTATION_ITEM ( '' )  );
#2776 = VERTEX_POINT ( 'NONE', #4907 ) ;
#2777 = CARTESIAN_POINT ( 'NONE',  ( 22.93721075266781639, 19.03963817475891673, 5.358462330677316920 ) ) ;
#2778 = CARTESIAN_POINT ( 'NONE',  ( -3.847162344146708435, -11.64716242073069630, 62.01875000429725304 ) ) ;
#2779 = CARTESIAN_POINT ( 'NONE',  ( -6.381536127930263369, 3.952837554385830288, 58.03125000429725588 ) ) ;
#2780 = CARTESIAN_POINT ( 'NONE',  ( 24.72518752789015295, 28.62276010579028096, 1.638788817549124310 ) ) ;
#2781 = ORIENTED_EDGE ( 'NONE', *, *, #4373, .F. ) ;
#2782 = EDGE_CURVE ( 'NONE', #117, #6909, #989, .T. ) ;
#2783 = VERTEX_POINT ( 'NONE', #2972 ) ;
#2784 = CARTESIAN_POINT ( 'NONE',  ( 25.58883937266133302, 26.31761355375826383, 4.874908183963438724 ) ) ;
#2785 = CARTESIAN_POINT ( 'NONE',  ( 27.57469180995047964, 31.01035273048564989, -4.737020988650968434 ) ) ;
#2786 = ORIENTED_EDGE ( 'NONE', *, *, #857, .T. ) ;
#2787 = VECTOR ( 'NONE', #4456, 1000.000000000000000 ) ;
#2788 = CARTESIAN_POINT ( 'NONE',  ( 28.73899232195186926, 23.95031643912495412, 1.229956852500381892 ) ) ;
#2789 = DIRECTION ( 'NONE',  ( 0.6123724356957943593, 0.6123724356957964687, -0.4999999999999978351 ) ) ;
#2790 =( BOUNDED_CURVE ( )  B_SPLINE_CURVE ( 2, ( #6071, #2715, #1961, #586, #2048, #1253, #8737, #4001, #3954, #3461, #5980 ),
 .UNSPECIFIED., .F., .T. ) 
 B_SPLINE_CURVE_WITH_KNOTS ( ( 3, 2, 2, 2, 2, 3 ),
 ( 0.6162912474196022838, 0.6186559268718665461, 0.6269892602051998498, 0.6353225935385331535, 0.6436559268718664573, 0.6496245807529354988 ),
 .UNSPECIFIED. ) 
 CURVE ( )  GEOMETRIC_REPRESENTATION_ITEM ( )  RATIONAL_B_SPLINE_CURVE ( ( 0.9690584114092966050, 0.9783999393559230651, 1.000000000000000000, 0.9238795325112867385, 1.000000000000000000, 0.9238795325112867385, 1.000000000000000000, 0.9238795325112867385, 1.000000000000000000, 0.9454795931553640065, 0.9690584114092961610 ) ) 
 REPRESENTATION_ITEM ( '' )  );
#2791 = EDGE_LOOP ( 'NONE', ( #7314, #5838, #4234, #6761 ) ) ;
#2792 = DIRECTION ( 'NONE',  ( 0.6123724356957943593, 0.6123724356957964687, -0.4999999999999978351 ) ) ;
#2793 = DIRECTION ( 'NONE',  ( 0.6123724356957943593, 0.6123724356957964687, -0.4999999999999978351 ) ) ;
#2794 = VECTOR ( 'NONE', #5928, 1000.000000000000114 ) ;
#2795 = EDGE_CURVE ( 'NONE', #3431, #5965, #5419, .T. ) ;
#2796 = ORIENTED_EDGE ( 'NONE', *, *, #5266, .T. ) ;
#2797 = EDGE_CURVE ( 'NONE', #8128, #850, #6416, .T. ) ;
#2798 = CARTESIAN_POINT ( 'NONE',  ( 27.60348871266320003, 23.70591613476278070, 1.548462330669548637 ) ) ;
#2799 = CARTESIAN_POINT ( 'NONE',  ( 30.96298429463146462, 28.15474688950468618, -2.168115753720563532 ) ) ;
#2800 = CARTESIAN_POINT ( 'NONE',  ( -3.847162518913948226, 6.152837579269300861, 61.89375000429725304 ) ) ;
#2801 = DIRECTION ( 'NONE',  ( 0.6123724356957942483, 0.6123724356957965798, -0.4999999999999978351 ) ) ;
#2802 = AXIS2_PLACEMENT_3D ( 'NONE', #3482, #5423, #2071 ) ;
#2803 = CARTESIAN_POINT ( 'NONE',  ( 17.84699503419169631, 21.74456761209179589, 7.254809471616630034 ) ) ;
#2804 = CARTESIAN_POINT ( 'NONE',  ( 29.88358552546559466, 25.98601294756433688, 0.9625329580348844782 ) ) ;
#2805 = ORIENTED_EDGE ( 'NONE', *, *, #7826, .F. ) ;
#2806 = ADVANCED_FACE ( 'NONE', ( #305 ), #3008, .T. ) ;
#2807 = DIRECTION ( 'NONE',  ( 0.6123724356957943593, 0.6123724356957963577, -0.4999999999999978351 ) ) ;
#2808 = LINE ( 'NONE', #1560, #1203 ) ;
#2809 = LINE ( 'NONE', #1335, #8587 ) ;
#2810 = CARTESIAN_POINT ( 'NONE',  ( 20.04763429515901763, 20.77640847625593068, 9.399283183963415667 ) ) ;
#2811 = CARTESIAN_POINT ( 'NONE',  ( 22.82560419156776277, -6.773511895056181231, 14.99999999999999822 ) ) ;
#2812 = EDGE_CURVE ( 'NONE', #6673, #8083, #7974, .T. ) ;
#2813 = EDGE_CURVE ( 'NONE', #3849, #7113, #4985, .T. ) ;
#2814 = CARTESIAN_POINT ( 'NONE',  ( 2.254834270192872303, 4.075314236474702589, 61.60685110393507102 ) ) ;
#2815 = CARTESIAN_POINT ( 'NONE',  ( 7.165975090701353523, -3.847162420730696919, 54.26348434466141413 ) ) ;
#2816 = CARTESIAN_POINT ( 'NONE',  ( 27.40961242513979457, 30.20879474057651137, 3.139344844165529391 ) ) ;
#2817 = FACE_OUTER_BOUND ( 'NONE', #6419, .T. ) ;
#2818 = CARTESIAN_POINT ( 'NONE',  ( 22.31231561918873041, 27.15283043906838145, 3.908992617688349824 ) ) ;
#2819 = CARTESIAN_POINT ( 'NONE',  ( 23.15939318257575863, 20.32990882970139879, 2.384483270138439970 ) ) ;
#2820 = CARTESIAN_POINT ( 'NONE',  ( 30.10804868569489301, 28.70427389106645677, -3.928839599091892509 ) ) ;
#2821 = EDGE_CURVE ( 'NONE', #5925, #5416, #2390, .T. ) ;
#2822 = CARTESIAN_POINT ( 'NONE',  ( 33.03132090685668487, 30.53417681922429594, 1.594535101691656243 ) ) ;
#2823 = CARTESIAN_POINT ( 'NONE',  ( 33.05838861901618486, 27.35638235266209151, -5.242072925937503847 ) ) ;
#2824 = ORIENTED_EDGE ( 'NONE', *, *, #5873, .F. ) ;
#2825 = CARTESIAN_POINT ( 'NONE',  ( -3.825603650642674047, 2.891447746211228242, 63.63361292838622063 ) ) ;
#2826 = DIRECTION ( 'NONE',  ( 0.7071067811865489050, -0.7071067811865462405, 0.000000000000000000 ) ) ;
#2827 = CARTESIAN_POINT ( 'NONE',  ( 19.79584256038540602, 19.79584256038526391, 7.254759471616625710 ) ) ;
#2828 = DIRECTION ( 'NONE',  ( 0.000000000000000000, 0.000000000000000000, -1.000000000000000000 ) ) ;
#2829 = ORIENTED_EDGE ( 'NONE', *, *, #7200, .F. ) ;
#2830 = CARTESIAN_POINT ( 'NONE',  ( 26.56128601522771859, 24.48935259828851940, 0.1755039933714998834 ) ) ;
#2831 = CARTESIAN_POINT ( 'NONE',  ( 30.29441830861125950, 25.50574242579287443, -0.04004314750927058519 ) ) ;
#2832 = CARTESIAN_POINT ( 'NONE',  ( -1.999999999999853451, -29.58039891549810108, 2.999999999999999112 ) ) ;
#2833 =( BOUNDED_CURVE ( )  B_SPLINE_CURVE ( 3, ( #624, #3327, #6023, #7845 ),
 .UNSPECIFIED., .F., .T. ) 
 B_SPLINE_CURVE_WITH_KNOTS ( ( 4, 4 ),
 ( 1.570796326794896780, 2.377889857374367200 ),
 .UNSPECIFIED. ) 
 CURVE ( )  GEOMETRIC_REPRESENTATION_ITEM ( )  RATIONAL_B_SPLINE_CURVE ( ( 1.000000000000000000, 0.9464493521209129678, 0.9464493521209129678, 1.000000000000000000 ) ) 
 REPRESENTATION_ITEM ( '' )  );
#2834 = CYLINDRICAL_SURFACE ( 'NONE', #3317, 2.756000000000000227 ) ;
#2835 = ORIENTED_EDGE ( 'NONE', *, *, #8774, .T. ) ;
#2836 = CARTESIAN_POINT ( 'NONE',  ( -61.82911022146240754, -2.000000000000003553, 1.000000000000028644 ) ) ;
#2837 = CARTESIAN_POINT ( 'NONE',  ( 32.60351928123251497, 28.22304404411195833, -1.554759103201477144 ) ) ;
#2838 = EDGE_LOOP ( 'NONE', ( #1987, #982, #7659 ) ) ;
#2839 = ORIENTED_EDGE ( 'NONE', *, *, #2255, .T. ) ;
#2840 = CARTESIAN_POINT ( 'NONE',  ( -11.64716242073014918, -3.847162420730699584, 55.83124999992847393 ) ) ;
#2841 = FACE_OUTER_BOUND ( 'NONE', #601, .T. ) ;
#2842 =( BOUNDED_CURVE ( )  B_SPLINE_CURVE ( 2, ( #6894, #8046, #4058, #1974, #4665, #6763, #6084, #7506, #6225 ),
 .UNSPECIFIED., .F., .T. ) 
 B_SPLINE_CURVE_WITH_KNOTS ( ( 3, 2, 2, 2, 3 ),
 ( 0.8333333333333330373, 0.8416666666666663410, 0.8499999999999996447, 0.8583333333333328374, 0.8666666666666662522 ),
 .UNSPECIFIED. ) 
 CURVE ( )  GEOMETRIC_REPRESENTATION_ITEM ( )  RATIONAL_B_SPLINE_CURVE ( ( 1.000000000000003109, 0.9238795325112837409, 1.000000000000000000, 0.9238795325112867385, 1.000000000000000000, 0.9238795325112867385, 1.000000000000000000, 0.9238795325112908463, 0.9999999999999958922 ) ) 
 REPRESENTATION_ITEM ( '' )  );
#2843 = CARTESIAN_POINT ( 'NONE',  ( 0.7375626091084444003, -10.15749493184066843, 60.29375000429725873 ) ) ;
#2844 = LINE ( 'NONE', #5529, #6715 ) ;
#2845 = EDGE_CURVE ( 'NONE', #1608, #2721, #7174, .T. ) ;
#2846 = CYLINDRICAL_SURFACE ( 'NONE', #5289, 3.174999999999992273 ) ;
#2847 = LINE ( 'NONE', #2135, #925 ) ;
#2848 = ORIENTED_EDGE ( 'NONE', *, *, #7011, .T. ) ;
#2849 = DIRECTION ( 'NONE',  ( 1.449435587473489784E-16, -1.000000000000000000, 0.000000000000000000 ) ) ;
#2850 = CARTESIAN_POINT ( 'NONE',  ( 23.23902394046485753, 22.51852803499869893, 8.131503754004908657 ) ) ;
#2851 = CARTESIAN_POINT ( 'NONE',  ( 23.79620179819704262, 20.25166040488264940, 4.933889499187353422 ) ) ;
#2852 = DIRECTION ( 'NONE',  ( 0.6123724356957930270, 0.6123724356957951365, -0.5000000000000009992 ) ) ;
#2853 = CARTESIAN_POINT ( 'NONE',  ( -8.431887450568748221, 2.463170090379271038, 55.41875000429725873 ) ) ;
#2854 = EDGE_CURVE ( 'NONE', #5129, #5852, #104, .T. ) ;
#2855 = FACE_OUTER_BOUND ( 'NONE', #4594, .T. ) ;
#2856 = CARTESIAN_POINT ( 'NONE',  ( 30.56704258912453298, 26.66947001122420247, 0.05128881754911340102 ) ) ;
#2857 = CARTESIAN_POINT ( 'NONE',  ( -0.5979653602172937399, -13.84716238882884909, 58.90625000429725588 ) ) ;
#2858 = EDGE_CURVE ( 'NONE', #5326, #1684, #2911, .T. ) ;
#2859 = CARTESIAN_POINT ( 'NONE',  ( 24.64545459918970494, 29.48596941906935953, 2.003992617688354017 ) ) ;
#2860 = CARTESIAN_POINT ( 'NONE',  ( 26.41979549393762738, 25.58077582041494580, 6.141116696888009763 ) ) ;
#2861 = CARTESIAN_POINT ( 'NONE',  ( 24.43959457212998032, 20.54202199422870123, 5.407532958034867221 ) ) ;
#2862 = PERSON_AND_ORGANIZATION ( #3255, #2214 ) ;
#2863 = CARTESIAN_POINT ( 'NONE',  ( 18.81548701513541388, 19.64552130390675089, 3.806418857498190089 ) ) ;
#2864 = ORIENTED_EDGE ( 'NONE', *, *, #3878, .F. ) ;
#2865 = ORIENTED_EDGE ( 'NONE', *, *, #8113, .F. ) ;
#2866 = CARTESIAN_POINT ( 'NONE',  ( -3.735000238280217655, 2.908861007390285636, 63.62376706153559525 ) ) ;
#2867 = DIRECTION ( 'NONE',  ( 1.449435587473489784E-16, -1.000000000000000000, 0.000000000000000000 ) ) ;
#2868 = CARTESIAN_POINT ( 'NONE',  ( 2.072265610947310321, -28.92014487765356989, 4.226589661244805131E-15 ) ) ;
#2869 = DIRECTION ( 'NONE',  ( 0.000000000000000000, -1.000000000000000000, 0.000000000000000000 ) ) ;
#2870 = ORIENTED_EDGE ( 'NONE', *, *, #3826, .T. ) ;
#2871 = CARTESIAN_POINT ( 'NONE',  ( 24.81112637932767484, 25.53990056042460566, 5.509908183963435846 ) ) ;
#2872 = ORIENTED_EDGE ( 'NONE', *, *, #6597, .T. ) ;
#2873 = CARTESIAN_POINT ( 'NONE',  ( 30.51229894781822694, 30.51229894781813101, -1.495190528383337547 ) ) ;
#2874 = B_SPLINE_CURVE_WITH_KNOTS ( 'NONE', 3,
 ( #6, #5982, #5455, #6654, #2716, #7449, #3462, #7494, #1962, #6695 ),
 .UNSPECIFIED., .F., .F.,
 ( 4, 2, 2, 2, 4 ),
 ( 0.000000000000000000, 0.0005548794570693784236, 0.001109758914138756847, 0.001664638371208135379, 0.002219517828277513694 ),
 .UNSPECIFIED. ) ;
#2875 = CARTESIAN_POINT ( 'NONE',  ( -36.32403742014181347, 5.000000000000002665, 12.82391805736969381 ) ) ;
#2876 = VERTEX_POINT ( 'NONE', #3613 ) ;
#2877 = CARTESIAN_POINT ( 'NONE',  ( 19.21298500267674925, 24.00166088549378784, 6.453412090742604690 ) ) ;
#2878 = ORIENTED_EDGE ( 'NONE', *, *, #5693, .F. ) ;
#2879 = CARTESIAN_POINT ( 'NONE',  ( 31.17605023647938012, 26.79519826314465547, 0.5552354582839674757 ) ) ;
#2880 = ORIENTED_EDGE ( 'NONE', *, *, #6920, .F. ) ;
#2881 = CARTESIAN_POINT ( 'NONE',  ( 54.32066644360193663, 49.93981447026727949, -18.34226454171595222 ) ) ;
#2882 = CARTESIAN_POINT ( 'NONE',  ( -3.489800356645430757, -29.15522742695183211, 14.63235798664767806 ) ) ;
#2883 = CARTESIAN_POINT ( 'NONE',  ( 2.787913931746929475, -8.667827467834110067, 60.43125000429724736 ) ) ;
#2884 = CARTESIAN_POINT ( 'NONE',  ( 19.67468844003816741, 23.57226101793827766, 5.762504054758132988 ) ) ;
#2885 = EDGE_CURVE ( 'NONE', #5389, #2386, #959, .T. ) ;
#2886 = DIRECTION ( 'NONE',  ( 0.8660254037844398178, 1.255248039901264880E-16, 0.4999999999999980016 ) ) ;
#2887 = CIRCLE ( 'NONE', #473, 3.174999999999997602 ) ;
#2888 = CARTESIAN_POINT ( 'NONE',  ( -2.259902985936844466, 3.789765114244317612, 62.00607435604019457 ) ) ;
#2889 = VERTEX_POINT ( 'NONE', #2247 ) ;
#2890 = CARTESIAN_POINT ( 'NONE',  ( 19.34919470189191415, 21.42112811883086110, 9.174739949861791644 ) ) ;
#2891 = DIRECTION ( 'NONE',  ( 0.000000000000000000, 0.000000000000000000, 1.000000000000000000 ) ) ;
#2892 = CARTESIAN_POINT ( 'NONE',  ( 24.26861108955651858, 20.81989759538986107, 6.994596415205033502 ) ) ;
#2893 = CARTESIAN_POINT ( 'NONE',  ( 23.04738561273807917, 26.29005885633449324, 2.681028251266037721 ) ) ;
#2894 = DIRECTION ( 'NONE',  ( -1.449435587473489291E-16, 1.000000000000000000, 0.000000000000000000 ) ) ;
#2895 = DIRECTION ( 'NONE',  ( 0.6123724356957943593, 0.6123724356957965798, -0.4999999999999980016 ) ) ;
#2896 = CONICAL_SURFACE ( 'NONE', #4165, 2.755899999999994687, 0.7853981633974576049 ) ;
#2897 = AXIS2_PLACEMENT_3D ( 'NONE', #7580, #4039, #1420 ) ;
#2898 = LINE ( 'NONE', #5002, #2326 ) ;
#2899 = CARTESIAN_POINT ( 'NONE',  ( 24.45584289731097982, 28.83669487064549131, 0.8575084849493372907 ) ) ;
#2900 = CARTESIAN_POINT ( 'NONE',  ( -3.847162518913948226, 6.152837579269300861, 60.14375000429726015 ) ) ;
#2901 = CARTESIAN_POINT ( 'NONE',  ( 24.82106619456349961, 28.83710354883108451, -0.7981231283160895584 ) ) ;
#2902 = CARTESIAN_POINT ( 'NONE',  ( 26.27024515591039489, 23.44076080303605636, -0.1555167298615479643 ) ) ;
#2903 = VERTEX_POINT ( 'NONE', #7607 ) ;
#2904 = CARTESIAN_POINT ( 'NONE',  ( 28.65209567978567762, 25.35884572791337987, -0.3339498672677218560 ) ) ;
#2905 = AXIS2_PLACEMENT_3D ( 'NONE', #8663, #512, #421 ) ;
#2906 = EDGE_CURVE ( 'NONE', #3360, #3698, #8277, .T. ) ;
#2907 = EDGE_LOOP ( 'NONE', ( #8311, #328, #7413, #2401 ) ) ;
#2908 = AXIS2_PLACEMENT_3D ( 'NONE', #2977, #7534, #3512 ) ;
#2909 = CARTESIAN_POINT ( 'NONE',  ( 2.021097660882275271, 4.023694414272946496, 62.65501295071330645 ) ) ;
#2910 = FACE_OUTER_BOUND ( 'NONE', #7433, .T. ) ;
#2911 = LINE ( 'NONE', #2991, #5996 ) ;
#2912 = CARTESIAN_POINT ( 'NONE',  ( 4.209887160169225595, -29.48081491318177072, 0.9711089878162828537 ) ) ;
#2913 = ORIENTED_EDGE ( 'NONE', *, *, #4435, .F. ) ;
#2914 = CARTESIAN_POINT ( 'NONE',  ( 31.02908153438496797, 27.78640829078833363, 0.001715691967260624118 ) ) ;
#2915 = CARTESIAN_POINT ( 'NONE',  ( 26.48095818497078824, 30.28367567741486255, -0.4538791560006540382 ) ) ;
#2916 = VERTEX_POINT ( 'NONE', #2201 ) ;
#2917 = DIRECTION ( 'NONE',  ( 0.1898979485566344716, 0.4999999999999979461, 0.8449489742783192758 ) ) ;
#2918 = EDGE_CURVE ( 'NONE', #3128, #6132, #4922, .T. ) ;
#2919 = CARTESIAN_POINT ( 'NONE',  ( 22.64612034097113380, 25.44530265640782574, 7.028719844165511432 ) ) ;
#2920 = ORIENTED_EDGE ( 'NONE', *, *, #997, .F. ) ;
#2921 = DIRECTION ( 'NONE',  ( 0.6123724356957943593, 0.6123724356957964687, -0.4999999999999978351 ) ) ;
#2922 = CC_DESIGN_APPROVAL ( #8740, ( #7441 ) ) ;
#2923 = CARTESIAN_POINT ( 'NONE',  ( 20.85635515105722959, 21.16324558851405868, 9.732225066887057352 ) ) ;
#2924 = ORIENTED_EDGE ( 'NONE', *, *, #3872, .F. ) ;
#2925 = AXIS2_PLACEMENT_3D ( 'NONE', #6256, #143, #7595 ) ;
#2926 = CARTESIAN_POINT ( 'NONE',  ( -3.647516921587380168, 2.913270892295188208, 61.14552955531638645 ) ) ;
#2927 = CARTESIAN_POINT ( 'NONE',  ( -4.999999999999849898, -51.00379267415675599, -2.750000000000082157 ) ) ;
#2928 = CARTESIAN_POINT ( 'NONE',  ( 3.571078430037629481, -6.257494904020105331, 60.56875000429725731 ) ) ;
#2929 = ADVANCED_FACE ( 'NONE', ( #2954 ), #830, .F. ) ;
#2930 = CARTESIAN_POINT ( 'NONE',  ( 26.81779596881857941, 23.01507847637430260, 3.771623099233953447 ) ) ;
#2931 = CARTESIAN_POINT ( 'NONE',  ( 5.000000000000147438, -37.14738621360572068, 5.249999999999884537 ) ) ;
#2932 = CIRCLE ( 'NONE', #6319, 1.999999999999997780 ) ;
#2933 = CARTESIAN_POINT ( 'NONE',  ( 5.000000000000138556, -29.58039891549805489, 12.00000000000000000 ) ) ;
#2934 = VECTOR ( 'NONE', #3369, 1000.000000000000000 ) ;
#2935 = B_SPLINE_CURVE_WITH_KNOTS ( 'NONE', 3,
 ( #1141, #3136, #6639, #7886, #7259, #7350 ),
 .UNSPECIFIED., .F., .F.,
 ( 4, 2, 4 ),
 ( 1.881486222828975129E-19, 0.0005771653900588234916, 0.001154330780117646766 ),
 .UNSPECIFIED. ) ;
#2936 = DIRECTION ( 'NONE',  ( -0.000000000000000000, 1.000000000000000000, -0.000000000000000000 ) ) ;
#2937 =( BOUNDED_CURVE ( )  B_SPLINE_CURVE ( 2, ( #2010, #1260, #4050, #1967, #6755, #769, #2723, #6077, #6118 ),
 .UNSPECIFIED., .F., .T. ) 
 B_SPLINE_CURVE_WITH_KNOTS ( ( 3, 2, 2, 2, 3 ),
 ( 0.1849368025617743050, 0.1874233423505650975, 0.1899098821393558900, 0.1923964219281466548, 0.1948829617169374195 ),
 .UNSPECIFIED. ) 
 CURVE ( )  GEOMETRIC_REPRESENTATION_ITEM ( )  RATIONAL_B_SPLINE_CURVE ( ( 1.000000000000007105, 0.9238795325112796331, 1.000000000000000000, 0.9238795325112867385, 1.000000000000000000, 0.9238795325112867385, 1.000000000000000000, 0.9238795325111589518, 1.000000000000127676 ) ) 
 REPRESENTATION_ITEM ( '' )  );
#2938 = ORIENTED_EDGE ( 'NONE', *, *, #34, .T. ) ;
#2939 = LINE ( 'NONE', #7584, #4038 ) ;
#2940 = DIRECTION ( 'NONE',  ( 0.1898979485566359982, 0.4999999999999970024, 0.8449489742783194979 ) ) ;
#2941 = CARTESIAN_POINT ( 'NONE',  ( 25.17798905408102073, 23.40039397976901370, 5.878871651406103460 ) ) ;
#2942 = LINE ( 'NONE', #5631, #3213 ) ;
#2943 = CARTESIAN_POINT ( 'NONE',  ( 2.787913837084587954, 0.9735027566642470154, 60.23125000429725873 ) ) ;
#2944 = VERTEX_POINT ( 'NONE', #8394 ) ;
#2945 = CARTESIAN_POINT ( 'NONE',  ( -4.999999999999849898, -51.00379267415675599, -7.850000000000080469 ) ) ;
#2946 = CARTESIAN_POINT ( 'NONE',  ( -14.36178466311282165, -3.847162523967251335, 58.08125000429725304 ) ) ;
#2947 = CARTESIAN_POINT ( 'NONE',  ( 30.64070222193513615, 26.62466486766733809, 2.349773321549385674 ) ) ;
#2948 = CARTESIAN_POINT ( 'NONE',  ( 26.07637952152669314, 25.08114718185075631, -1.082647866758129629 ) ) ;
#2949 = CARTESIAN_POINT ( 'NONE',  ( 49.44752746360097007, 53.82837943693556326, -19.54811651505058379 ) ) ;
#2950 = ORIENTED_EDGE ( 'NONE', *, *, #3813, .T. ) ;
#2951 = EDGE_CURVE ( 'NONE', #6132, #4785, #1452, .T. ) ;
#2952 = CARTESIAN_POINT ( 'NONE',  ( -3.851381987336708335, 2.886459110254807836, 63.63637389272455636 ) ) ;
#2953 = CARTESIAN_POINT ( 'NONE',  ( 25.12305163578892575, 21.22547905788857037, 4.496288817549098482 ) ) ;
#2954 = FACE_OUTER_BOUND ( 'NONE', #5522, .T. ) ;
#2955 = DIRECTION ( 'NONE',  ( -0.000000000000000000, -0.000000000000000000, -1.000000000000000000 ) ) ;
#2956 = ORIENTED_EDGE ( 'NONE', *, *, #8478, .F. ) ;
#2957 = CARTESIAN_POINT ( 'NONE',  ( 26.37091086470762846, 28.14850593901941167, -1.132377708172809028 ) ) ;
#2958 = CARTESIAN_POINT ( 'NONE',  ( 17.84699503419169631, 21.74456761209179589, 7.254809471616630034 ) ) ;
#2959 = CARTESIAN_POINT ( 'NONE',  ( -61.82911022146240754, 1.999999999999999112, 1.000000000000028644 ) ) ;
#2960 = ORIENTED_EDGE ( 'NONE', *, *, #7237, .F. ) ;
#2961 = EDGE_CURVE ( 'NONE', #5665, #8238, #5725, .T. ) ;
#2962 = CARTESIAN_POINT ( 'NONE',  ( -1.999999999999853895, -28.92014487765356634, -8.673617379884035472E-16 ) ) ;
#2963 = CARTESIAN_POINT ( 'NONE',  ( 32.98004907011936382, 28.55294440081597429, -1.066876565493614759 ) ) ;
#2964 = EDGE_CURVE ( 'NONE', #746, #6144, #4320, .T. ) ;
#2965 = ORIENTED_EDGE ( 'NONE', *, *, #3388, .T. ) ;
#2966 = ORIENTED_EDGE ( 'NONE', *, *, #1735, .F. ) ;
#2967 = EDGE_CURVE ( 'NONE', #7532, #4663, #1755, .T. ) ;
#2968 = CARTESIAN_POINT ( 'NONE',  ( -3.882580072872752641, 2.861794061735217110, 61.14801889652666489 ) ) ;
#2969 = CYLINDRICAL_SURFACE ( 'NONE', #8149, 5.099999999999998757 ) ;
#2970 = CARTESIAN_POINT ( 'NONE',  ( 2.787913837084587954, 0.9735027566642470154, 58.23125000429725873 ) ) ;
#2971 = DIRECTION ( 'NONE',  ( 1.000000000000000000, 0.000000000000000000, 0.000000000000000000 ) ) ;
#2972 = CARTESIAN_POINT ( 'NONE',  ( 33.13920976227773707, 30.62457170237792070, 1.605610499573161043 ) ) ;
#2973 = DIRECTION ( 'NONE',  ( -0.7071067811865463515, -0.7071067811865487940, -0.000000000000000000 ) ) ;
#2974 = CARTESIAN_POINT ( 'NONE',  ( 27.45619061578990028, 23.55861803788955555, 2.591288817549102230 ) ) ;
#2975 = ORIENTED_EDGE ( 'NONE', *, *, #7699, .F. ) ;
#2976 = ORIENTED_EDGE ( 'NONE', *, *, #654, .F. ) ;
#2977 = CARTESIAN_POINT ( 'NONE',  ( 51.88409695360144980, 51.88409695360142138, -18.94519052838326800 ) ) ;
#2978 = CARTESIAN_POINT ( 'NONE',  ( 32.73147622314670002, 28.35062424981197893, -0.7147645417160258807 ) ) ;
#2979 = CARTESIAN_POINT ( 'NONE',  ( 23.43249331779292888, 22.70371913669576358, 1.935335759269844802 ) ) ;
#2980 = LINE ( 'NONE', #3098, #4468 ) ;
#2981 = CARTESIAN_POINT ( 'NONE',  ( -8.431887450568748221, 2.463170090379271038, 58.16875000429725873 ) ) ;
#2982 = CARTESIAN_POINT ( 'NONE',  ( 27.48861832851250142, 23.51559026466030033, 4.881139064077296474 ) ) ;
#2983 = CARTESIAN_POINT ( 'NONE',  ( 17.38096675741910957, 24.45203456928442876, 2.896228158595876678 ) ) ;
#2984 = CARTESIAN_POINT ( 'NONE',  ( -29.24273369021423719, -3.801752240090340074, 0.5883414627914445028 ) ) ;
#2985 = CARTESIAN_POINT ( 'NONE',  ( 30.43686564712190545, 26.00858956004807609, 1.186840448547159310 ) ) ;
#2986 = CARTESIAN_POINT ( 'NONE',  ( 27.01127816783157343, 24.58374965393633005, 5.485679384218691723 ) ) ;
#2987 = CARTESIAN_POINT ( 'NONE',  ( -2.386252763997589454, -14.74971913807299018, 55.00000000000000000 ) ) ;
#2988 = CARTESIAN_POINT ( 'NONE',  ( -1.757669868906927446, -54.78933266505500654, -11.19325240168044111 ) ) ;
#2989 = CARTESIAN_POINT ( 'NONE',  ( -3.585615502572897739, 4.059070185930722552, 62.22613142240322048 ) ) ;
#2990 = CARTESIAN_POINT ( 'NONE',  ( -4.999999999999849898, -28.92014487765356989, 4.226589661244805131E-15 ) ) ;
#2991 = CARTESIAN_POINT ( 'NONE',  ( 5.000000000000150102, -54.90090699118668738, -11.00000000000011191 ) ) ;
#2992 = CARTESIAN_POINT ( 'NONE',  ( -60.20780435620823567, 1.755754489027101739, -1.808184133229646884 ) ) ;
#2993 = ORIENTED_EDGE ( 'NONE', *, *, #4264, .F. ) ;
#2994 = CARTESIAN_POINT ( 'NONE',  ( 28.11671200189503139, 26.04477858495584286, -1.094496006628497886 ) ) ;
#2995 = CARTESIAN_POINT ( 'NONE',  ( 26.21556883221566991, 29.66428232638138240, -1.378762234761728545 ) ) ;
#2996 = ORIENTED_EDGE ( 'NONE', *, *, #7561, .F. ) ;
#2997 = CARTESIAN_POINT ( 'NONE',  ( 17.38096675741929786, 24.45203456928451757, 12.00000000000000000 ) ) ;
#2998 = CARTESIAN_POINT ( 'NONE',  ( 26.16029334283919994, 33.56794143439122280, -6.082904609112188332 ) ) ;
#2999 = ORIENTED_EDGE ( 'NONE', *, *, #1268, .T. ) ;
#3000 = FACE_OUTER_BOUND ( 'NONE', #1040, .T. ) ;
#3001 = LINE ( 'NONE', #8327, #51 ) ;
#3002 = EDGE_LOOP ( 'NONE', ( #2151, #6453, #7474, #7550, #1095 ) ) ;
#3003 = ORIENTED_EDGE ( 'NONE', *, *, #19, .T. ) ;
#3004 = CARTESIAN_POINT ( 'NONE',  ( -2.563627921573241597, 3.143400184365926719, 61.15734870966160486 ) ) ;
#3005 = CARTESIAN_POINT ( 'NONE',  ( -4.841117226309491706, -29.53545910048673306, 12.98365023101512605 ) ) ;
#3006 = CARTESIAN_POINT ( 'NONE',  ( 26.34192578362957704, 22.54799668450230854, 1.497927975779176357 ) ) ;
#3007 = EDGE_CURVE ( 'NONE', #6681, #1810, #4499, .T. ) ;
#3008 = PLANE ( 'NONE',  #7418 ) ;
#3009 = CARTESIAN_POINT ( 'NONE',  ( -4.999999999999849010, -35.84834810792915505, 12.00000000000000000 ) ) ;
#3010 = FACE_OUTER_BOUND ( 'NONE', #6026, .T. ) ;
#3011 = EDGE_LOOP ( 'NONE', ( #6011, #8555, #8586, #5533, #3567 ) ) ;
#3012 = DIRECTION ( 'NONE',  ( 0.6123724356957943593, 0.6123724356957965798, -0.4999999999999980016 ) ) ;
#3013 = CARTESIAN_POINT ( 'NONE',  ( 23.62256306741370437, 21.84496799310169024, 7.148871651406096817 ) ) ;
#3014 = CARTESIAN_POINT ( 'NONE',  ( 27.45181837337500141, 31.34939095127514719, -0.5874959452413207606 ) ) ;
#3015 = DIRECTION ( 'NONE',  ( 0.4999999999999976130, 0.000000000000000000, -0.8660254037844399289 ) ) ;
#3016 = CARTESIAN_POINT ( 'NONE',  ( -1.312788866696924517, 3.952837604152769746, 60.50625000429724309 ) ) ;
#3017 = EDGE_CURVE ( 'NONE', #3053, #5389, #3739, .T. ) ;
#3018 = CARTESIAN_POINT ( 'NONE',  ( 28.63508879177394206, 33.80237073247899104, -0.01879549474920194641 ) ) ;
#3019 = CARTESIAN_POINT ( 'NONE',  ( -29.58039891549807976, -5.000000000000020428, 2.999999999999999112 ) ) ;
#3020 = CARTESIAN_POINT ( 'NONE',  ( 27.61123112892952136, 28.60646346860524503, 4.082891809991433085 ) ) ;
#3021 = VECTOR ( 'NONE', #6989, 1000.000000000000000 ) ;
#3022 = CARTESIAN_POINT ( 'NONE',  ( 27.19508769209906873, 22.35457287221919032, 2.504376325544936943 ) ) ;
#3023 = EDGE_CURVE ( 'NONE', #377, #4882, #5144, .T. ) ;
#3024 = AXIS2_PLACEMENT_3D ( 'NONE', #325, #5556, #245 ) ;
#3025 = AXIS2_PLACEMENT_3D ( 'NONE', #2567, #6678, #2659 ) ;
#3026 = CARTESIAN_POINT ( 'NONE',  ( 23.47628142037337540, 24.33092267415115728, 7.005693726122901310 ) ) ;
#3027 = CARTESIAN_POINT ( 'NONE',  ( 4.209887160169225595, -29.48081491318177072, 0.9711089878162828537 ) ) ;
#3028 = CARTESIAN_POINT ( 'NONE',  ( 49.44752746360097007, 53.82837943693556326, -19.54811651505058379 ) ) ;
#3029 = ORIENTED_EDGE ( 'NONE', *, *, #4093, .T. ) ;
#3030 = ORIENTED_EDGE ( 'NONE', *, *, #6207, .F. ) ;
#3031 = CARTESIAN_POINT ( 'NONE',  ( 31.05077105009710081, 30.43638599535200484, 1.210076418065098913 ) ) ;
#3032 = CARTESIAN_POINT ( 'NONE',  ( 28.06519826314474386, 23.68434628981001211, 3.095235458283961183 ) ) ;
#3033 = CARTESIAN_POINT ( 'NONE',  ( 24.03937480718803243, 21.60959639416621769, 1.966020007782143253 ) ) ;
#3034 = AXIS2_PLACEMENT_3D ( 'NONE', #3124, #1938, #1273 ) ;
#3035 = CARTESIAN_POINT ( 'NONE',  ( -1.999999999999853895, -53.16885618361779109, -14.00000000000011369 ) ) ;
#3036 = ORIENTED_EDGE ( 'NONE', *, *, #5892, .T. ) ;
#3037 = FACE_BOUND ( 'NONE', #8240, .T. ) ;
#3038 = EDGE_CURVE ( 'NONE', #202, #5172, #5140, .T. ) ;
#3039 = AXIS2_PLACEMENT_3D ( 'NONE', #1122, #5850, #2591 ) ;
#3040 = CARTESIAN_POINT ( 'NONE',  ( 30.30305979948567341, 29.47302551071390297, 2.924450085736032268 ) ) ;
#3041 = CARTESIAN_POINT ( 'NONE',  ( 18.71178457308782228, 22.25632596640195970, 7.194479444045915884 ) ) ;
#3042 = ORIENTED_EDGE ( 'NONE', *, *, #7780, .F. ) ;
#3043 = CARTESIAN_POINT ( 'NONE',  ( 0.7753094842914904916, 4.996669102903251947, 62.86664450784121527 ) ) ;
#3044 = CARTESIAN_POINT ( 'NONE',  ( 33.53210294421937476, 30.31105906315070797, 1.702831412150947132 ) ) ;
#3045 = CARTESIAN_POINT ( 'NONE',  ( 23.29500136860797355, 18.50632548579083192, 5.674956852490497639 ) ) ;
#3046 = CARTESIAN_POINT ( 'NONE',  ( 31.84294975779036108, 27.46404852349812487, -3.598811847160085176 ) ) ;
#3047 =( BOUNDED_CURVE ( )  B_SPLINE_CURVE ( 2, ( #7663, #4381, #2930, #5079, #5623, #2347, #392, #304, #7173, #1058, #7794 ),
 .UNSPECIFIED., .F., .T. ) 
 B_SPLINE_CURVE_WITH_KNOTS ( ( 3, 2, 2, 2, 2, 3 ),
 ( 0.5496245807529356320, 0.5519892602051997832, 0.5603225935385331979, 0.5686559268718665017, 0.5769892602051998054, 0.5829579140862688469 ),
 .UNSPECIFIED. ) 
 CURVE ( )  GEOMETRIC_REPRESENTATION_ITEM ( )  RATIONAL_B_SPLINE_CURVE ( ( 0.9690584114092970491, 0.9783999393559237312, 1.000000000000000000, 0.9238795325112867385, 1.000000000000000000, 0.9238795325112867385, 1.000000000000000000, 0.9238795325112867385, 1.000000000000000000, 0.9454795931553640065, 0.9690584114092961610 ) ) 
 REPRESENTATION_ITEM ( '' )  );
#3048 = CARTESIAN_POINT ( 'NONE',  ( 25.51654350128178095, 21.61897092338139714, 4.175004054784960061 ) ) ;
#3049 = EDGE_CURVE ( 'NONE', #7831, #158, #2468, .T. ) ;
#3050 = EDGE_CURVE ( 'NONE', #2569, #7700, #455, .T. ) ;
#3051 = ORIENTED_EDGE ( 'NONE', *, *, #8170, .T. ) ;
#3052 = AXIS2_PLACEMENT_3D ( 'NONE', #7284, #548, #1160 ) ;
#3053 = VERTEX_POINT ( 'NONE', #5946 ) ;
#3054 = CARTESIAN_POINT ( 'NONE',  ( 17.26817205055814242, 24.33923986242346160, 12.49357501120058522 ) ) ;
#3055 = CARTESIAN_POINT ( 'NONE',  ( 24.98791930446024523, 24.25914512336308704, 0.6653357592698514456 ) ) ;
#3056 = CARTESIAN_POINT ( 'NONE',  ( -1.731175654463915636, 3.660341240721201927, 62.89996694561088475 ) ) ;
#3057 = CARTESIAN_POINT ( 'NONE',  ( 20.17171662360783557, 24.14474468745985902, 3.040354879156012657 ) ) ;
#3058 = AXIS2_PLACEMENT_3D ( 'NONE', #162, #7114, #1628 ) ;
#3059 = AXIS2_PLACEMENT_3D ( 'NONE', #4652, #2673, #8163 ) ;
#3060 =( BOUNDED_CURVE ( )  B_SPLINE_CURVE ( 2, ( #656, #5385, #2737, #4763, #1407, #3574, #3617, #5686, #4934 ),
 .UNSPECIFIED., .F., .T. ) 
 B_SPLINE_CURVE_WITH_KNOTS ( ( 3, 2, 2, 2, 3 ),
 ( 0.9496245807529574146, 0.9519892602051998054, 0.9603225935385331091, 0.9686559268718664129, 0.9726264131930854040 ),
 .UNSPECIFIED. ) 
 CURVE ( )  GEOMETRIC_REPRESENTATION_ITEM ( )  RATIONAL_B_SPLINE_CURVE ( ( 0.9690584114094689117, 0.9783999393561224611, 1.000000000000000000, 0.9238795325112867385, 1.000000000000000000, 0.9238795325112867385, 1.000000000000000000, 0.9637317670085525645, 0.9620241395340629609 ) ) 
 REPRESENTATION_ITEM ( '' )  );
#3061 = CARTESIAN_POINT ( 'NONE',  ( -13.35772755334122408, -6.937332457858510715, 55.46875000429726299 ) ) ;
#3062 = EDGE_CURVE ( 'NONE', #2916, #217, #5583, .T. ) ;
#3063 = ORIENTED_EDGE ( 'NONE', *, *, #3147, .F. ) ;
#3064 = CIRCLE ( 'NONE', #2090, 3.250000000000002220 ) ;
#3065 = DIRECTION ( 'NONE',  ( 0.6123724356957942483, 0.6123724356957963577, -0.4999999999999978906 ) ) ;
#3066 = CARTESIAN_POINT ( 'NONE',  ( 2.276800664614077263, 4.505639982546639111, 62.10122331285095498 ) ) ;
#3067 = CARTESIAN_POINT ( 'NONE',  ( -7.096359284875418005, -13.84716245263254208, 57.63125000429725731 ) ) ;
#3068 = AXIS2_PLACEMENT_3D ( 'NONE', #129, #3627, #4252 ) ;
#3069 = EDGE_CURVE ( 'NONE', #2307, #3665, #8146, .T. ) ;
#3070 = CARTESIAN_POINT ( 'NONE',  ( 32.97384120193611068, 28.95780384766832327, 0.4447733215493891445 ) ) ;
#3071 = CARTESIAN_POINT ( 'NONE',  ( 27.72138431741673870, 30.14891283131176891, -3.338716690985385593 ) ) ;
#3072 = CARTESIAN_POINT ( 'NONE',  ( 22.82560419156776277, -6.773511895056181231, 14.99999999999999822 ) ) ;
#3073 = EDGE_CURVE ( 'NONE', #8583, #3963, #2069, .T. ) ;
#3074 = ORIENTED_EDGE ( 'NONE', *, *, #5813, .F. ) ;
#3075 = CARTESIAN_POINT ( 'NONE',  ( 31.49205367933200606, 27.59448110143074118, -1.626537669329876090 ) ) ;
#3076 = VERTEX_POINT ( 'NONE', #6485 ) ;
#3077 = ORIENTED_EDGE ( 'NONE', *, *, #1565, .F. ) ;
#3078 = CARTESIAN_POINT ( 'NONE',  ( 28.27525880202814434, 28.88964385677303781, -2.813582474831768376 ) ) ;
#3079 = CARTESIAN_POINT ( 'NONE',  ( 28.70565276718998504, 26.27587435416818451, -1.843979992217846142 ) ) ;
#3080 = CARTESIAN_POINT ( 'NONE',  ( 25.82927340731052013, 21.44842143397585232, 4.920860458284194827 ) ) ;
#3081 = CARTESIAN_POINT ( 'NONE',  ( 51.88409695360144980, 51.88409695360142138, -18.94519052838326800 ) ) ;
#3082 = ORIENTED_EDGE ( 'NONE', *, *, #8312, .F. ) ;
#3083 = CARTESIAN_POINT ( 'NONE',  ( 11.23613199592963774, 6.993491308810158458, 22.32663764988059896 ) ) ;
#3084 = FACE_OUTER_BOUND ( 'NONE', #5260, .T. ) ;
#3085 = DIRECTION ( 'NONE',  ( 0.6123724356957942483, 0.6123724356957963577, -0.4999999999999978906 ) ) ;
#3086 = ORIENTED_EDGE ( 'NONE', *, *, #1224, .F. ) ;
#3087 = CARTESIAN_POINT ( 'NONE',  ( 22.91598511920141945, 18.32985218673711358, 0.2397087076992774901 ) ) ;
#3088 = CYLINDRICAL_SURFACE ( 'NONE', #3198, 2.756000000000000227 ) ;
#3089 = CARTESIAN_POINT ( 'NONE',  ( 30.51229894781823049, 30.51229894781813101, -1.495190528383337547 ) ) ;
#3090 = CARTESIAN_POINT ( 'NONE',  ( -3.847162518913948226, 6.152837579269300861, 56.39375000429729567 ) ) ;
#3091 = EDGE_LOOP ( 'NONE', ( #4490, #1307, #5107, #3163 ) ) ;
#3092 = CARTESIAN_POINT ( 'NONE',  ( 2.778255393519788452, -29.30093035850727290, 14.90396737769824931 ) ) ;
#3093 = DIRECTION ( 'NONE',  ( -0.7674234614174771929, 0.6123724356957942483, -0.1898979485566349434 ) ) ;
#3094 = ORIENTED_EDGE ( 'NONE', *, *, #2096, .T. ) ;
#3095 = CYLINDRICAL_SURFACE ( 'NONE', #8305, 2.756000000000000227 ) ;
#3096 = CARTESIAN_POINT ( 'NONE',  ( 25.68635889772735226, 23.61442548078814951, 0.8898789933714930100 ) ) ;
#3097 = CARTESIAN_POINT ( 'NONE',  ( 25.35662764231118871, 26.34120165564378624, 5.889397464950458350 ) ) ;
#3098 = CARTESIAN_POINT ( 'NONE',  ( 23.03782100691157453, 18.79518031979213433, 8.881784197001244435E-16 ) ) ;
#3099 =( BOUNDED_CURVE ( )  B_SPLINE_CURVE ( 2, ( #6470, #5217, #7937, #1857, #3097, #7264, #8549, #5885, #5793 ),
 .UNSPECIFIED., .F., .T. ) 
 B_SPLINE_CURVE_WITH_KNOTS ( ( 3, 2, 2, 2, 3 ),
 ( 0.1153028702701988512, 0.1177895320721106115, 0.1202761938740223857, 0.1227628556759341599, 0.1252495174778459341 ),
 .UNSPECIFIED. ) 
 CURVE ( )  GEOMETRIC_REPRESENTATION_ITEM ( )  RATIONAL_B_SPLINE_CURVE ( ( 1.000000000000003553, 0.9238795325112831858, 1.000000000000000000, 0.9238795325112867385, 1.000000000000000000, 0.9238795325112867385, 1.000000000000000000, 0.9238795325112644230, 1.000000000000022204 ) ) 
 REPRESENTATION_ITEM ( '' )  );
#3100 = CARTESIAN_POINT ( 'NONE',  ( -1.312788713530040008, -11.64716239584722857, 62.15625000429724878 ) ) ;
#3101 = ORIENTED_EDGE ( 'NONE', *, *, #4066, .T. ) ;
#3102 = DIRECTION ( 'NONE',  ( -0.000000000000000000, 0.8660254037844363761, 0.5000000000000039968 ) ) ;
#3103 = CARTESIAN_POINT ( 'NONE',  ( 30.71828023605695535, 31.83308681096252357, 1.040550271863630361 ) ) ;
#3104 = CARTESIAN_POINT ( 'NONE',  ( 6.667459821652518492, -3.847162317494146500, 62.20625000429726015 ) ) ;
#3105 = CARTESIAN_POINT ( 'NONE',  ( 29.48251145478587532, 33.31751104116277418, -0.2379358546083787385 ) ) ;
#3106 = CARTESIAN_POINT ( 'NONE',  ( 31.49132580839381745, 27.47528845412602649, 1.655242071549390959 ) ) ;
#3107 = CARTESIAN_POINT ( 'NONE',  ( 34.41968792740776451, 30.94067412289585306, 0.8150143836092687000 ) ) ;
#3108 =( BOUNDED_CURVE ( )  B_SPLINE_CURVE ( 2, ( #2780, #7473, #3436, #2023, #7379, #5474, #2162, #787, #1311, #652, #4711 ),
 .UNSPECIFIED., .F., .F. ) 
 B_SPLINE_CURVE_WITH_KNOTS ( ( 3, 2, 2, 2, 2, 3 ),
 ( 0.3829579140862688913, 0.3853225935385331535, 0.3936559268718664573, 0.4019892602051997610, 0.4103225935385331757, 0.4162912474196022172 ),
 .UNSPECIFIED. ) 
 CURVE ( )  GEOMETRIC_REPRESENTATION_ITEM ( )  RATIONAL_B_SPLINE_CURVE ( ( 0.9690584114092961610, 0.9783999393559227320, 1.000000000000000000, 0.9238795325112867385, 1.000000000000000000, 0.9238795325112867385, 1.000000000000000000, 0.9238795325112867385, 1.000000000000000000, 0.9454795931553640065, 0.9690584114092961610 ) ) 
 REPRESENTATION_ITEM ( '' )  );
#3109 = VERTEX_POINT ( 'NONE', #2549 ) ;
#3110 = ADVANCED_FACE ( 'NONE', ( #7951 ), #4441, .F. ) ;
#3111 = EDGE_CURVE ( 'NONE', #8094, #3951, #1401, .T. ) ;
#3112 = CARTESIAN_POINT ( 'NONE',  ( 26.79000457448825756, 30.08325452636034214, 1.901659047710615003 ) ) ;
#3113 = CARTESIAN_POINT ( 'NONE',  ( 30.70340447148011620, 31.68797848481269597, 1.523772464950313932 ) ) ;
#3114 = CARTESIAN_POINT ( 'NONE',  ( 28.38120170599683689, 24.48362912809611558, 0.9134623306694307221 ) ) ;
#3115 = VERTEX_POINT ( 'NONE', #8480 ) ;
#3116 = CARTESIAN_POINT ( 'NONE',  ( 30.37223949908207743, 29.94516840216896014, -3.909476586097191397 ) ) ;
#3117 = CARTESIAN_POINT ( 'NONE',  ( 20.04854120924111882, 17.21905685636675543, 4.924483270138427571 ) ) ;
#3118 = CARTESIAN_POINT ( 'NONE',  ( 25.62814034860527102, 20.83946446579248857, 3.769956852486122667 ) ) ;
#3119 = DIRECTION ( 'NONE',  ( -0.000000000000000000, 0.8660254037844363761, 0.5000000000000039968 ) ) ;
#3120 = ORIENTED_EDGE ( 'NONE', *, *, #7246, .F. ) ;
#3121 = DIRECTION ( 'NONE',  ( 0.000000000000000000, 0.5000000000000043299, -0.8660254037844360431 ) ) ;
#3122 = ADVANCED_FACE ( 'NONE', ( #1738 ), #3784, .F. ) ;
#3123 = CARTESIAN_POINT ( 'NONE',  ( -13.35772761402214925, -0.7569925703595637989, 55.19375000429725731 ) ) ;
#3124 = CARTESIAN_POINT ( 'NONE',  ( 179.3582965884159535, -74.29263897105803949, 15.00000000000000000 ) ) ;
#3125 = ORIENTED_EDGE ( 'NONE', *, *, #5116, .F. ) ;
#3126 = ORIENTED_EDGE ( 'NONE', *, *, #6482, .F. ) ;
#3127 = CARTESIAN_POINT ( 'NONE',  ( 19.48949756642148401, 23.03403895973562499, 6.559479444045916097 ) ) ;
#3128 = VERTEX_POINT ( 'NONE', #7196 ) ;
#3129 = CARTESIAN_POINT ( 'NONE',  ( -2.062480177448392737, 4.386544296478111171, 62.58934180870279107 ) ) ;
#3130 = CARTESIAN_POINT ( 'NONE',  ( 19.79578132314182426, 19.79578132314167505, 7.254809471616630034 ) ) ;
#3131 = DIRECTION ( 'NONE',  ( -1.449435587473489784E-16, 1.000000000000000000, 0.000000000000000000 ) ) ;
#3132 = CARTESIAN_POINT ( 'NONE',  ( 31.05885578129776547, 32.25141698239730914, 1.110470911875223399 ) ) ;
#3133 = EDGE_CURVE ( 'NONE', #7038, #2252, #1364, .T. ) ;
#3134 = CARTESIAN_POINT ( 'NONE',  ( 15.88408581270262943, 21.45208564236742177, 14.77227094231370330 ) ) ;
#3135 = ORIENTED_EDGE ( 'NONE', *, *, #2271, .F. ) ;
#3136 = CARTESIAN_POINT ( 'NONE',  ( 19.43126671537800121, 22.40173461132581423, 5.717472393966525748E-18 ) ) ;
#3137 = CARTESIAN_POINT ( 'NONE',  ( -3.847162497313595608, 3.952837579269299795, 60.64375000429726015 ) ) ;
#3138 = ORIENTED_EDGE ( 'NONE', *, *, #3326, .F. ) ;
#3139 = CARTESIAN_POINT ( 'NONE',  ( 18.79518031979235104, 23.03782100691147505, 15.00000000000000178 ) ) ;
#3140 = CARTESIAN_POINT ( 'NONE',  ( 28.01949787772832323, 25.94756446078913470, -1.015121006628495914 ) ) ;
#3141 = ADVANCED_FACE ( 'NONE', ( #3250 ), #8654, .F. ) ;
#3142 = CARTESIAN_POINT ( 'NONE',  ( -4.287089039430273196, -13.83748096270717909, 55.00000000000001421 ) ) ;
#3143 = DIRECTION ( 'NONE',  ( 0.8660254037844400399, 1.255248039901265866E-16, 0.4999999999999976685 ) ) ;
#3144 = DESIGN_CONTEXT ( 'detailed design', #7835, 'design' ) ;
#3145 = CARTESIAN_POINT ( 'NONE',  ( -13.35772755334122408, -6.937332457858510715, 60.96875000429725588 ) ) ;
#3146 = CARTESIAN_POINT ( 'NONE',  ( 19.25616118516536801, 18.44907426092065705, 4.835061752723664341 ) ) ;
#3147 = EDGE_CURVE ( 'NONE', #5436, #7941, #1107, .T. ) ;
#3148 = CARTESIAN_POINT ( 'NONE',  ( 27.37946306289089904, 23.93074956872489878, 4.454596415204619575 ) ) ;
#3149 = CARTESIAN_POINT ( 'NONE',  ( 19.79578132314182426, 19.79578132314167505, 7.254809471616630034 ) ) ;
#3150 = CARTESIAN_POINT ( 'NONE',  ( -0.5979655565848825960, 6.152837611171149135, 62.75625000429725020 ) ) ;
#3151 = CARTESIAN_POINT ( 'NONE',  ( 25.89982988687709309, 30.32810597395071284, -0.3495652553138564600 ) ) ;
#3152 = CARTESIAN_POINT ( 'NONE',  ( 27.22228306790992391, 31.05728265428681922, 1.607532895391616812 ) ) ;
#3153 =( BOUNDED_CURVE ( )  B_SPLINE_CURVE ( 2, ( #4787, #768, #4136, #5988, #6836, #3290, #3469, #6170, #1922 ),
 .UNSPECIFIED., .F., .T. ) 
 B_SPLINE_CURVE_WITH_KNOTS ( ( 3, 2, 2, 2, 3 ),
 ( 0.2247270225396018339, 0.2272135956345483765, 0.2297001687294949468, 0.2321867418244414893, 0.2346733149193880874 ),
 .UNSPECIFIED. ) 
 CURVE ( )  GEOMETRIC_REPRESENTATION_ITEM ( )  RATIONAL_B_SPLINE_CURVE ( ( 0.9999999999999543698, 0.9238795325113323686, 1.000000000000000000, 0.9238795325112867385, 1.000000000000000000, 0.9238795325112867385, 1.000000000000000000, 0.9238795325119164570, 0.9999999999993702815 ) ) 
 REPRESENTATION_ITEM ( '' )  );
#3154 = FACE_OUTER_BOUND ( 'NONE', #2638, .T. ) ;
#3155 = CARTESIAN_POINT ( 'NONE',  ( -8.431887326654132764, -10.15749502186990405, 59.74375000429725446 ) ) ;
#3156 = VECTOR ( 'NONE', #7887, 1000.000000000000000 ) ;
#3157 = CARTESIAN_POINT ( 'NONE',  ( 31.73824744794252695, 27.84067487004216090, -0.9049959452399937154 ) ) ;
#3158 = EDGE_CURVE ( 'NONE', #7846, #3978, #2020, .T. ) ;
#3159 = CARTESIAN_POINT ( 'NONE',  ( 28.64504439217054355, 33.62353706809562937, 0.02837196249246864629 ) ) ;
#3160 = CARTESIAN_POINT ( 'NONE',  ( 27.87438268645203365, 24.58113273457945169, 0.3010501327322339105 ) ) ;
#3161 = CARTESIAN_POINT ( 'NONE',  ( 24.41899827526586364, 20.40296092099804781, 7.429773321549362208 ) ) ;
#3162 = CARTESIAN_POINT ( 'NONE',  ( 17.11684685435193742, 21.13288420861949035, 5.492345621683894841 ) ) ;
#3163 = ORIENTED_EDGE ( 'NONE', *, *, #4944, .F. ) ;
#3164 = EDGE_CURVE ( 'NONE', #6342, #3242, #5989, .T. ) ;
#3165 = CARTESIAN_POINT ( 'NONE',  ( -11.64716242073015096, -3.847162420730698251, 65.00000000000000000 ) ) ;
#3166 = CARTESIAN_POINT ( 'NONE',  ( 25.05156041397964373, 20.67070844065056079, 5.555860458300018401 ) ) ;
#3167 = CARTESIAN_POINT ( 'NONE',  ( 18.11926245337727792, 22.01683503127739527, 7.032504054771504975 ) ) ;
#3168 = CARTESIAN_POINT ( 'NONE',  ( -14.36178466311282165, -3.847162523967250891, 60.83125000429726015 ) ) ;
#3169 = CARTESIAN_POINT ( 'NONE',  ( 18.43843889887907750, 21.88715239304477223, 4.971237765238242901 ) ) ;
#3170 = ORIENTED_EDGE ( 'NONE', *, *, #6284, .T. ) ;
#3171 = VERTEX_POINT ( 'NONE', #3961 ) ;
#3172 = CARTESIAN_POINT ( 'NONE',  ( 21.70463290470567586, 23.48222797901744485, 2.677622291827171264 ) ) ;
#3173 = AXIS2_PLACEMENT_3D ( 'NONE', #7930, #5787, #2482 ) ;
#3174 = FACE_OUTER_BOUND ( 'NONE', #5580, .T. ) ;
#3175 = EDGE_LOOP ( 'NONE', ( #5781, #6670, #4352, #8112 ) ) ;
#3176 = VECTOR ( 'NONE', #2110, 1000.000000000000000 ) ;
#3177 = EDGE_CURVE ( 'NONE', #1002, #8582, #1391, .T. ) ;
#3178 = CARTESIAN_POINT ( 'NONE',  ( -2.320945370545177244, 4.330974277306905762, 62.57560904929616896 ) ) ;
#3179 = DIRECTION ( 'NONE',  ( 0.000000000000000000, 0.000000000000000000, 1.000000000000000000 ) ) ;
#3180 = CARTESIAN_POINT ( 'NONE',  ( -3.009914653931758721, -29.02123764450062637, 0.1750978084589188410 ) ) ;
#3181 = ADVANCED_FACE ( 'NONE', ( #2060, #3291, #6660 ), #4615, .T. ) ;
#3182 = CARTESIAN_POINT ( 'NONE',  ( 30.39833724314572194, 26.01748526981099374, 1.190235458283964043 ) ) ;
#3183 = CARTESIAN_POINT ( 'NONE',  ( 4.659345602109324247, 2.333177550288373592, 58.73125000429728715 ) ) ;
#3184 = ORIENTED_EDGE ( 'NONE', *, *, #3703, .T. ) ;
#3185 = CARTESIAN_POINT ( 'NONE',  ( -12.93295659793504448, -8.051200886414948243, 54.99999999999999289 ) ) ;
#3186 = VERTEX_POINT ( 'NONE', #4097 ) ;
#3187 = DIRECTION ( 'NONE',  ( 0.6123724356957943593, 0.6123724356957965798, -0.4999999999999980016 ) ) ;
#3188 = ORIENTED_EDGE ( 'NONE', *, *, #7185, .F. ) ;
#3189 = EDGE_CURVE ( 'NONE', #7929, #5436, #2937, .T. ) ;
#3190 = DIRECTION ( 'NONE',  ( -0.8660254037844399289, -1.255248039901265127E-16, -0.4999999999999980571 ) ) ;
#3191 = CARTESIAN_POINT ( 'NONE',  ( 27.84270495259575284, 27.22831989785065332, 3.829451418065088042 ) ) ;
#3192 = CARTESIAN_POINT ( 'NONE',  ( 2.667414800172840827, 3.780399960857803165, 53.33544413585948973 ) ) ;
#3193 = AXIS2_PLACEMENT_3D ( 'NONE', #576, #5310, #6914 ) ;
#3194 = DIRECTION ( 'NONE',  ( 1.000000000000000000, 0.000000000000000000, 0.000000000000000000 ) ) ;
#3195 = CARTESIAN_POINT ( 'NONE',  ( -13.35772761402214925, -0.7569925703595637989, 60.69375000429726441 ) ) ;
#3196 = ORIENTED_EDGE ( 'NONE', *, *, #6284, .F. ) ;
#3197 = CARTESIAN_POINT ( 'NONE',  ( 30.25571489726169006, 30.25571489726159413, -1.285690528383340414 ) ) ;
#3198 = AXIS2_PLACEMENT_3D ( 'NONE', #3130, #5207, #5742 ) ;
#3199 = CARTESIAN_POINT ( 'NONE',  ( 0.7183198031691215846, 3.888333896213134189, 61.50921432199348260 ) ) ;
#3200 = CARTESIAN_POINT ( 'NONE',  ( -7.096359481243011302, 6.152837547367449922, 53.78125000429726299 ) ) ;
#3201 = CARTESIAN_POINT ( 'NONE',  ( 32.56858884748187677, 31.72956917395921295, 1.120647946888021718 ) ) ;
#3202 = CARTESIAN_POINT ( 'NONE',  ( 26.44940277435584264, 30.46544012862342399, -2.127654378316075068 ) ) ;
#3203 = LINE ( 'NONE', #8514, #8731 ) ;
#3204 = CARTESIAN_POINT ( 'NONE',  ( 22.12372661448635469, 25.41697656635834690, 5.711659047710548442 ) ) ;
#3205 = AXIS2_PLACEMENT_3D ( 'NONE', #7222, #1326, #4036 ) ;
#3206 = CYLINDRICAL_SURFACE ( 'NONE', #3875, 2.000000000000000000 ) ;
#3207 = DIRECTION ( 'NONE',  ( -0.7071067811865482389, 0.7071067811865466846, 0.000000000000000000 ) ) ;
#3208 = CARTESIAN_POINT ( 'NONE',  ( 25.49530174630615775, 26.21579765177200017, -1.086919573561574204 ) ) ;
#3209 =( BOUNDED_CURVE ( )  B_SPLINE_CURVE ( 2, ( #2238, #4920, #7636, #1568, #4268, #6968, #7677, #3601, #5634 ),
 .UNSPECIFIED., .F., .T. ) 
 B_SPLINE_CURVE_WITH_KNOTS ( ( 3, 2, 2, 2, 3 ),
 ( 0.1749880335721366587, 0.1774752258195460841, 0.1799624180669555096, 0.1824496103143649073, 0.1849368025617743050 ),
 .UNSPECIFIED. ) 
 CURVE ( )  GEOMETRIC_REPRESENTATION_ITEM ( )  RATIONAL_B_SPLINE_CURVE ( ( 1.000000000000087264, 0.9238795325111994750, 1.000000000000000000, 0.9238795325112867385, 1.000000000000000000, 0.9238795325112867385, 1.000000000000000000, 0.9238795325112948431, 0.9999999999999918954 ) ) 
 REPRESENTATION_ITEM ( '' )  );
#3210 = CARTESIAN_POINT ( 'NONE',  ( 29.52961504749426069, 32.33785245262084374, -0.3878903030461178236 ) ) ;
#3211 = DIRECTION ( 'NONE',  ( 8.006416042969875499E-15, -0.5000000000000045519, 0.8660254037844360431 ) ) ;
#3212 = ORIENTED_EDGE ( 'NONE', *, *, #566, .F. ) ;
#3213 = VECTOR ( 'NONE', #2852, 1000.000000000000114 ) ;
#3214 = CARTESIAN_POINT ( 'NONE',  ( 30.51229894781823049, 30.51229894781813101, -1.495190528383337547 ) ) ;
#3215 = CARTESIAN_POINT ( 'NONE',  ( 2.000000000000150546, -29.58039891549806200, 15.00000000000000000 ) ) ;
#3216 = EDGE_CURVE ( 'NONE', #1689, #4761, #2306, .T. ) ;
#3217 = VERTEX_POINT ( 'NONE', #8216 ) ;
#3218 = FACE_OUTER_BOUND ( 'NONE', #1226, .T. ) ;
#3219 = CARTESIAN_POINT ( 'NONE',  ( -3.847162322546356261, -13.84716242073069736, 61.51875000429725304 ) ) ;
#3220 = CARTESIAN_POINT ( 'NONE',  ( 2.186969168268333430, 4.127222569945958597, 62.46215568020829778 ) ) ;
#3221 = EDGE_LOOP ( 'NONE', ( #3931, #694, #5303, #8492 ) ) ;
#3222 = CARTESIAN_POINT ( 'NONE',  ( 23.27364111676051195, 22.65925606201539111, 7.560076418065071913 ) ) ;
#3223 = DIRECTION ( 'NONE',  ( 0.6123724356957942483, 0.6123724356957963577, -0.4999999999999978906 ) ) ;
#3224 = ORIENTED_EDGE ( 'NONE', *, *, #5540, .F. ) ;
#3225 = FACE_OUTER_BOUND ( 'NONE', #6060, .T. ) ;
#3226 = DATE_AND_TIME ( #6676, #8156 ) ;
#3227 = CARTESIAN_POINT ( 'NONE',  ( 23.03782100691164203, 18.79518031979220183, 15.00000000000000178 ) ) ;
#3228 = CARTESIAN_POINT ( 'NONE',  ( -28.92014487765375108, -4.999999999999996447, 0.000000000000000000 ) ) ;
#3229 = CARTESIAN_POINT ( 'NONE',  ( -14.36178466311282165, -3.847162523967250891, 59.83125000429730278 ) ) ;
#3230 = ORIENTED_EDGE ( 'NONE', *, *, #4775, .F. ) ;
#3231 = CARTESIAN_POINT ( 'NONE',  ( 3.828359403571392594, -29.43280244595143103, 14.38661618070073267 ) ) ;
#3232 = EDGE_CURVE ( 'NONE', #4495, #1172, #3769, .T. ) ;
#3233 = CARTESIAN_POINT ( 'NONE',  ( 51.88409695360144980, 51.88409695360142138, -18.94519052838326800 ) ) ;
#3234 = ADVANCED_FACE ( 'NONE', ( #5328 ), #5003, .F. ) ;
#3235 = ORIENTED_EDGE ( 'NONE', *, *, #1379, .T. ) ;
#3236 = CARTESIAN_POINT ( 'NONE',  ( 29.98714426048428550, 29.00257024715150322, -4.241403521717000302 ) ) ;
#3237 = CARTESIAN_POINT ( 'NONE',  ( 29.39813093926307275, 28.78374588451797322, 2.559451418065090689 ) ) ;
#3238 = CARTESIAN_POINT ( 'NONE',  ( -9.725015023087241417, 4.243007465307788273, 53.91875000429725873 ) ) ;
#3239 = CARTESIAN_POINT ( 'NONE',  ( 31.85848578615287252, 31.02845149738131170, 1.654450085735099663 ) ) ;
#3240 = CARTESIAN_POINT ( 'NONE',  ( -12.35367056493147331, 2.333177383248123071, 57.80625000429724736 ) ) ;
#3241 = CARTESIAN_POINT ( 'NONE',  ( -4.210456746739546396, 3.924729312016387528, 62.30243545394335314 ) ) ;
#3242 = VERTEX_POINT ( 'NONE', #2856 ) ;
#3243 = CARTESIAN_POINT ( 'NONE',  ( -74.29263897105740000, 179.3582965884160103, 0.000000000000000000 ) ) ;
#3244 = CARTESIAN_POINT ( 'NONE',  ( -0.5979655565848825960, 6.152837611171149135, 59.00625000429725731 ) ) ;
#3245 = CARTESIAN_POINT ( 'NONE',  ( 27.45525587354440944, 31.88353196061803629, -1.619565255313856866 ) ) ;
#3246 = CARTESIAN_POINT ( 'NONE',  ( 27.05150417231570970, 31.89201899219536784, 0.03946136768836943504 ) ) ;
#3247 = CARTESIAN_POINT ( 'NONE',  ( 26.29425649460671721, 22.39668391670634406, 3.540004054759410046 ) ) ;
#3248 = CARTESIAN_POINT ( 'NONE',  ( 19.79578132314182426, 19.79578132314167505, 7.254809471616630034 ) ) ;
#3249 = DIRECTION ( 'NONE',  ( -0.7674234614174691993, 0.6123724356958044623, -0.1898979485566340830 ) ) ;
#3250 = FACE_OUTER_BOUND ( 'NONE', #4516, .T. ) ;
#3251 = DIRECTION ( 'NONE',  ( -0.8660254037844399289, -1.255248039901265127E-16, -0.4999999999999980571 ) ) ;
#3252 = ORIENTED_EDGE ( 'NONE', *, *, #5711, .F. ) ;
#3253 = CARTESIAN_POINT ( 'NONE',  ( 21.68060694081065876, 20.84158726728795230, 10.01064794688798365 ) ) ;
#3254 = DIRECTION ( 'NONE',  ( 0.8660254037844398178, 1.255248039901264880E-16, 0.4999999999999980016 ) ) ;
#3255 = PERSON ( 'UNSPECIFIED', 'UNSPECIFIED', 'UNSPECIFIED', ('UNSPECIFIED'), ('UNSPECIFIED'), ('UNSPECIFIED') ) ;
#3256 = EDGE_CURVE ( 'NONE', #8687, #7168, #1925, .T. ) ;
#3257 = CARTESIAN_POINT ( 'NONE',  ( 30.59174279430278176, 27.29849284243057639, -1.917665104477245475 ) ) ;
#3258 = VERTEX_POINT ( 'NONE', #3518 ) ;
#3259 = CARTESIAN_POINT ( 'NONE',  ( 4.862731978969950575, -29.56308124255858161, 2.083763370390119274 ) ) ;
#3260 = CARTESIAN_POINT ( 'NONE',  ( -13.35772755334122408, -6.937332457858510715, 60.96875000429725588 ) ) ;
#3261 = DIRECTION ( 'NONE',  ( 1.000000000000000000, 0.000000000000000000, 0.000000000000000000 ) ) ;
#3262 = ORIENTED_EDGE ( 'NONE', *, *, #4346, .F. ) ;
#3263 = ORIENTED_EDGE ( 'NONE', *, *, #4215, .F. ) ;
#3264 = CARTESIAN_POINT ( 'NONE',  ( 23.25195160104837910, 20.00927835745171990, 6.351715691967234179 ) ) ;
#3265 = DIRECTION ( 'NONE',  ( 1.000000000000000000, 2.590520390792031796E-15, 0.000000000000000000 ) ) ;
#3266 = DIRECTION ( 'NONE',  ( 0.6123724356957943593, 0.6123724356957963577, -0.4999999999999978906 ) ) ;
#3267 = PERSON_AND_ORGANIZATION ( #3255, #2214 ) ;
#3268 = CARTESIAN_POINT ( 'NONE',  ( -3.216098281762842070, -29.06200417063500652, 0.2457075029696453305 ) ) ;
#3269 = CARTESIAN_POINT ( 'NONE',  ( 3.952837579269842916, -3.847162617467742241, 55.20624653460305353 ) ) ;
#3270 = CARTESIAN_POINT ( 'NONE',  ( 16.18534637845415602, 22.95384694831959038, 13.93394652717000604 ) ) ;
#3271 = ORIENTED_EDGE ( 'NONE', *, *, #8522, .T. ) ;
#3272 = CARTESIAN_POINT ( 'NONE',  ( -13.74793246964300053, -5.331508374164732444, 54.99999999999997158 ) ) ;
#3273 = ORIENTED_EDGE ( 'NONE', *, *, #2858, .T. ) ;
#3274 = CARTESIAN_POINT ( 'NONE',  ( 30.85392190118889033, 31.73749429678349898, 1.075171049416760782 ) ) ;
#3275 = ORIENTED_EDGE ( 'NONE', *, *, #8028, .F. ) ;
#3276 = CARTESIAN_POINT ( 'NONE',  ( 27.40033168452778156, 28.01471673927267148, -2.099207474831767506 ) ) ;
#3277 = CARTESIAN_POINT ( 'NONE',  ( -7.096359481243011302, 6.152837547367449922, 56.53125000429724167 ) ) ;
#3278 = CARTESIAN_POINT ( 'NONE',  ( -29.80417450457932915, 4.724090619936042401, 1.531184229231269622 ) ) ;
#3279 = DIRECTION ( 'NONE',  ( 0.000000000000000000, 0.5000000000000043299, -0.8660254037844362651 ) ) ;
#3280 = CARTESIAN_POINT ( 'NONE',  ( -29.43281270937678329, 3.828441007813355945, 14.38655296562762764 ) ) ;
#3281 = EDGE_LOOP ( 'NONE', ( #44, #8367, #7796, #2459, #1455 ) ) ;
#3282 = DIRECTION ( 'NONE',  ( 0.6123724356957943593, 0.6123724356957963577, -0.4999999999999978351 ) ) ;
#3283 = CARTESIAN_POINT ( 'NONE',  ( 29.87188850981258881, 28.91482859641033443, -4.058571642719390304 ) ) ;
#3284 = DIRECTION ( 'NONE',  ( -0.7674234614174770819, 0.6123724356957943593, -0.1898979485566345826 ) ) ;
#3285 = CARTESIAN_POINT ( 'NONE',  ( 18.61457044892111767, 22.15911184223525510, 7.273854444045917411 ) ) ;
#3286 = CARTESIAN_POINT ( 'NONE',  ( 22.59239321830202130, 26.39511071074666404, 2.721120843999375261 ) ) ;
#3287 = ADVANCED_FACE ( 'NONE', ( #5675 ), #6930, .F. ) ;
#3288 = CARTESIAN_POINT ( 'NONE',  ( 27.65426486639047354, 31.24414996833095870, -4.281830631604881532 ) ) ;
#3289 = ORIENTED_EDGE ( 'NONE', *, *, #4066, .F. ) ;
#3290 = CARTESIAN_POINT ( 'NONE',  ( 27.46754406597235487, 28.29757835474372385, -3.257956142501786889 ) ) ;
#3291 = FACE_BOUND ( 'NONE', #4807, .T. ) ;
#3292 = CARTESIAN_POINT ( 'NONE',  ( 26.31895669978470309, 23.02570674791240890, 1.571050132732276783 ) ) ;
#3293 = VERTEX_POINT ( 'NONE', #5716 ) ;
#3294 = CARTESIAN_POINT ( 'NONE',  ( 19.37224254144831548, 23.20724212782517526, 8.017064145391584518 ) ) ;
#3295 = CARTESIAN_POINT ( 'NONE',  ( 17.71894825231180093, 22.55946307219142710, 7.659461367688339628 ) ) ;
#3296 = VERTEX_POINT ( 'NONE', #3687 ) ;
#3297 = EDGE_CURVE ( 'NONE', #1217, #1969, #7867, .T. ) ;
#3298 = LINE ( 'NONE', #62, #4340 ) ;
#3299 = CARTESIAN_POINT ( 'NONE',  ( 33.73235545021233150, 26.66128763834672100, -5.267949192431138350 ) ) ;
#3300 = VERTEX_POINT ( 'NONE', #2899 ) ;
#3301 = CARTESIAN_POINT ( 'NONE',  ( 23.18340452127764451, 19.28583194337723938, 6.080004054775667299 ) ) ;
#3302 = CARTESIAN_POINT ( 'NONE',  ( -11.64716242073014918, -5.082561094514375988, 61.40172463929457791 ) ) ;
#3303 = CARTESIAN_POINT ( 'NONE',  ( 19.01287464115171488, 22.30612459302370354, 8.251659047710546702 ) ) ;
#3304 = CARTESIAN_POINT ( 'NONE',  ( 22.80320278647695531, 27.18405475981146324, 2.206883484949330398 ) ) ;
#3305 = ORIENTED_EDGE ( 'NONE', *, *, #7394, .T. ) ;
#3306 = CARTESIAN_POINT ( 'NONE',  ( 21.75248511415767538, 24.56072251928423000, 5.962109696953856286 ) ) ;
#3307 = DIRECTION ( 'NONE',  ( -1.000000000000000000, -1.449435587473492988E-16, 0.000000000000000000 ) ) ;
#3308 = VERTEX_POINT ( 'NONE', #1610 ) ;
#3309 = CARTESIAN_POINT ( 'NONE',  ( 19.87335420564144783, 18.88878019230863714, 4.016471478282964469 ) ) ;
#3310 = AXIS2_PLACEMENT_3D ( 'NONE', #7133, #225, #396 ) ;
#3311 = APPROVAL_DATE_TIME ( #4587, #998 ) ;
#3312 = DIRECTION ( 'NONE',  ( -0.000000000000000000, -0.000000000000000000, -1.000000000000000000 ) ) ;
#3313 = CARTESIAN_POINT ( 'NONE',  ( -11.64716242073015096, -3.847162420730699584, 56.58124999992848103 ) ) ;
#3314 = ADVANCED_FACE ( 'NONE', ( #8257 ), #7590, .T. ) ;
#3315 = CARTESIAN_POINT ( 'NONE',  ( 23.96711598548266053, 16.89604817361702871, 12.99999999999973177 ) ) ;
#3316 = CARTESIAN_POINT ( 'NONE',  ( 28.65453840501836069, 33.98058143115227381, 0.4772879585496700439 ) ) ;
#3317 = AXIS2_PLACEMENT_3D ( 'NONE', #6097, #2789, #5521 ) ;
#3318 = EDGE_LOOP ( 'NONE', ( #4950, #7468, #1841, #8557, #397 ) ) ;
#3319 = CARTESIAN_POINT ( 'NONE',  ( -54.94909290488215703, 1.430815608132185002, -10.91653954927072334 ) ) ;
#3320 = CARTESIAN_POINT ( 'NONE',  ( 26.70248778322138250, 29.64329287710006255, -1.276797941513841961 ) ) ;
#3321 = CARTESIAN_POINT ( 'NONE',  ( 6.667459821652518492, -3.847162317494146500, 61.20625000429725304 ) ) ;
#3322 = CARTESIAN_POINT ( 'NONE',  ( -7.174794324149639912, 4.720740329165698412, 55.00000000000001421 ) ) ;
#3323 = VECTOR ( 'NONE', #2599, 1000.000000000000114 ) ;
#3324 = CIRCLE ( 'NONE', #7851, 183.0000000000000000 ) ;
#3325 = EDGE_CURVE ( 'NONE', #3186, #4687, #6085, .T. ) ;
#3326 = EDGE_CURVE ( 'NONE', #7038, #1405, #6219, .T. ) ;
#3327 = CARTESIAN_POINT ( 'NONE',  ( -4.999999999999854339, -30.17310941058538631, 2.170198231119695897 ) ) ;
#3328 = CARTESIAN_POINT ( 'NONE',  ( -29.57792847595245789, 4.980422536721984983, 12.39435961691004984 ) ) ;
#3329 = VERTEX_POINT ( 'NONE', #5593 ) ;
#3330 = CARTESIAN_POINT ( 'NONE',  ( 24.34096640004062806, 28.23853897794074186, 1.952504054759195640 ) ) ;
#3331 = CARTESIAN_POINT ( 'NONE',  ( 31.56922747858348544, 29.16769630227159738, 1.719982074906194258 ) ) ;
#3332 = TOROIDAL_SURFACE ( 'NONE', #3751, 183.0000000000000284, 3.000000000000000000 ) ;
#3333 = CARTESIAN_POINT ( 'NONE',  ( 35.49672159318457432, 31.25408090606516964, 2.517949192431111261 ) ) ;
#3334 = CARTESIAN_POINT ( 'NONE',  ( 18.14764485655113546, 21.08844995042979065, 5.708202058486129715 ) ) ;
#3335 = EDGE_CURVE ( 'NONE', #4422, #3360, #2189, .T. ) ;
#3336 = LINE ( 'NONE', #7280, #7833 ) ;
#3337 =( BOUNDED_CURVE ( )  B_SPLINE_CURVE ( 2, ( #3182, #7212, #4546, #3890, #6589, #8672, #5878, #8590, #1236 ),
 .UNSPECIFIED., .F., .T. ) 
 B_SPLINE_CURVE_WITH_KNOTS ( ( 3, 2, 2, 2, 3 ),
 ( 0.6999999999999998446, 0.7083333333333332593, 0.7166666666666665630, 0.7249999999999997558, 0.7333333333333330595 ),
 .UNSPECIFIED. ) 
 CURVE ( )  GEOMETRIC_REPRESENTATION_ITEM ( )  RATIONAL_B_SPLINE_CURVE ( ( 1.000000000000001110, 0.9238795325112857393, 1.000000000000000000, 0.9238795325112867385, 1.000000000000000000, 0.9238795325112867385, 1.000000000000000000, 0.9238795325112887369, 0.9999999999999980016 ) ) 
 REPRESENTATION_ITEM ( '' )  );
#3338 = EDGE_CURVE ( 'NONE', #3300, #7929, #3209, .T. ) ;
#3339 = CARTESIAN_POINT ( 'NONE',  ( 18.46252648377425132, 20.54713118358995771, 4.803443858628877017 ) ) ;
#3340 = CARTESIAN_POINT ( 'NONE',  ( 28.46747961564584273, 29.45205362897841539, 3.349397464950315317 ) ) ;
#3341 = CARTESIAN_POINT ( 'NONE',  ( 23.11159867607995722, 20.71006749976801586, 8.625607074906190164 ) ) ;
#3342 = EDGE_CURVE ( 'NONE', #420, #2423, #429, .T. ) ;
#3343 = VECTOR ( 'NONE', #8081, 1000.000000000000000 ) ;
#3344 = ORIENTED_EDGE ( 'NONE', *, *, #1872, .F. ) ;
#3345 = CARTESIAN_POINT ( 'NONE',  ( 24.71547334754556147, 20.88047376116844589, 2.821461047841679282 ) ) ;
#3346 = CARTESIAN_POINT ( 'NONE',  ( 25.45585218116425708, 23.02832366726900659, 6.755679384218692185 ) ) ;
#3347 = ORIENTED_EDGE ( 'NONE', *, *, #1118, .F. ) ;
#3348 = CARTESIAN_POINT ( 'NONE',  ( 33.00132381630797340, 30.51319509643423089, 1.554308754460738129 ) ) ;
#3349 = CARTESIAN_POINT ( 'NONE',  ( -1.026749095362521791, 3.425063419690423494, 63.23142748068845265 ) ) ;
#3350 = VECTOR ( 'NONE', #4387, 1000.000000000000000 ) ;
#3351 = ORIENTED_EDGE ( 'NONE', *, *, #5920, .F. ) ;
#3352 = CARTESIAN_POINT ( 'NONE',  ( 19.21573082543618582, 23.11330340333616817, 7.059799472277786592 ) ) ;
#3353 = CARTESIAN_POINT ( 'NONE',  ( -1.312788713530040008, -11.64716239584722679, 62.15625000429725588 ) ) ;
#3354 = CARTESIAN_POINT ( 'NONE',  ( 3.571078382706458942, -1.436829791770927400, 57.34375000429725588 ) ) ;
#3355 = CARTESIAN_POINT ( 'NONE',  ( 31.19299623381890996, 32.17757024715148617, 1.124022464950323652 ) ) ;
#3356 = ORIENTED_EDGE ( 'NONE', *, *, #1919, .T. ) ;
#3357 = AXIS2_PLACEMENT_3D ( 'NONE', #7717, #230, #8381 ) ;
#3358 = CARTESIAN_POINT ( 'NONE',  ( 25.78357302189406042, 23.71163960495486123, 0.8105039933714912603 ) ) ;
#3359 = CARTESIAN_POINT ( 'NONE',  ( -37.58039891549807976, 2.000000000000001776, 15.00000000000000000 ) ) ;
#3360 = VERTEX_POINT ( 'NONE', #3907 ) ;
#3361 = DATE_AND_TIME ( #28, #6739 ) ;
#3362 = CARTESIAN_POINT ( 'NONE',  ( 28.01312226268920824, 30.52071453513355337, -4.677598598999771262 ) ) ;
#3363 = CARTESIAN_POINT ( 'NONE',  ( -37.58039891549807976, -2.751624279721662791, 15.00000000000000000 ) ) ;
#3364 = VERTEX_POINT ( 'NONE', #1730 ) ;
#3365 = CARTESIAN_POINT ( 'NONE',  ( 27.38469939397780095, 23.00384742064304788, 3.650860458283961663 ) ) ;
#3366 = VERTEX_POINT ( 'NONE', #4518 ) ;
#3367 = CARTESIAN_POINT ( 'NONE',  ( 19.79578132314182426, 19.79578132314167505, 7.254809471616630034 ) ) ;
#3368 = ORIENTED_EDGE ( 'NONE', *, *, #5666, .F. ) ;
#3369 = DIRECTION ( 'NONE',  ( -1.000000000000000000, 0.000000000000000000, 0.000000000000000000 ) ) ;
#3370 = CARTESIAN_POINT ( 'NONE',  ( 28.25791376988870240, 31.19871886376738956, -2.546797941513831987 ) ) ;
#3371 = CARTESIAN_POINT ( 'NONE',  ( -10.48223877320723396, 0.9735026263727116769, 53.55625000429725446 ) ) ;
#3372 = FACE_OUTER_BOUND ( 'NONE', #1128, .T. ) ;
#3373 = CARTESIAN_POINT ( 'NONE',  ( 33.47002183462716829, 29.88615105555597751, 1.204534432748390227 ) ) ;
#3374 = ORIENTED_EDGE ( 'NONE', *, *, #7116, .F. ) ;
#3375 = CARTESIAN_POINT ( 'NONE',  ( 28.76671382096977680, 24.96399632852549288, 2.180338336443507163 ) ) ;
#3376 = CARTESIAN_POINT ( 'NONE',  ( -0.5979655565848825960, 6.152837611171149135, 61.75625000429725731 ) ) ;
#3377 = DIRECTION ( 'NONE',  ( 0.000000000000000000, 0.000000000000000000, -1.000000000000000000 ) ) ;
#3378 = CARTESIAN_POINT ( 'NONE',  ( 19.32213200998999270, 22.13036941511654021, 7.946484696953852733 ) ) ;
#3379 = DIRECTION ( 'NONE',  ( 0.6123724356957944703, 0.6123724356957964687, -0.4999999999999980016 ) ) ;
#3380 = CARTESIAN_POINT ( 'NONE',  ( 1.479620088429189018, 3.915861806312193938, 62.76318450094998980 ) ) ;
#3381 = CARTESIAN_POINT ( 'NONE',  ( 19.99069799601042519, 24.77937387882745313, 5.818412090742616449 ) ) ;
#3382 = CARTESIAN_POINT ( 'NONE',  ( 18.91463781980865733, 23.29548979314315105, 5.381883484949320895 ) ) ;
#3383 = CARTESIAN_POINT ( 'NONE',  ( 25.11867939338010558, 29.01625197128022293, 1.317504054771283739 ) ) ;
#3384 = ORIENTED_EDGE ( 'NONE', *, *, #8328, .F. ) ;
#3385 = CARTESIAN_POINT ( 'NONE',  ( 21.23355192687514048, 25.66182801394874247, 3.460434744686123665 ) ) ;
#3386 = CARTESIAN_POINT ( 'NONE',  ( 22.45524496066960651, 18.62024537429248383, 4.666929797841675054 ) ) ;
#3387 = CARTESIAN_POINT ( 'NONE',  ( 31.25408090606528333, 35.49672159318444642, 2.517949192431113481 ) ) ;
#3388 = EDGE_CURVE ( 'NONE', #5739, #3076, #965, .T. ) ;
#3389 = DIRECTION ( 'NONE',  ( -0.7071067811865487940, 0.7071067811865462405, 0.000000000000000000 ) ) ;
#3390 =( BOUNDED_CURVE ( )  B_SPLINE_CURVE ( 2, ( #8018, #5309, #8066, #6736, #3990 ),
 .UNSPECIFIED., .F., .T. ) 
 B_SPLINE_CURVE_WITH_KNOTS ( ( 3, 2, 3 ),
 ( 0.2645165507622025958, 0.2669993238280104486, 0.2676041779314590197 ),
 .UNSPECIFIED. ) 
 CURVE ( )  GEOMETRIC_REPRESENTATION_ITEM ( )  RATIONAL_B_SPLINE_CURVE ( ( 0.9999999999999746869, 0.9238795325113120516, 1.000000000000000000, 0.9814555032229694831, 0.9719466409358160641 ) ) 
 REPRESENTATION_ITEM ( '' )  );
#3391 = ADVANCED_FACE ( 'NONE', ( #2447 ), #1074, .F. ) ;
#3392 = CARTESIAN_POINT ( 'NONE',  ( 23.49089809622257974, 20.04218460205663277, 7.629596415204565218 ) ) ;
#3393 = CARTESIAN_POINT ( 'NONE',  ( 51.88409695360144980, 51.88409695360142138, -18.94519052838326800 ) ) ;
#3394 = CARTESIAN_POINT ( 'NONE',  ( -11.64716242073014918, -3.847162420730699584, 58.58124999992846682 ) ) ;
#3395 = DIRECTION ( 'NONE',  ( -0.8660254037844399289, -1.255248039901265127E-16, -0.4999999999999980571 ) ) ;
#3396 = ORIENTED_EDGE ( 'NONE', *, *, #5061, .T. ) ;
#3397 = CARTESIAN_POINT ( 'NONE',  ( 27.14426535932864937, 27.87303954042558729, 3.604908183963445367 ) ) ;
#3398 = CARTESIAN_POINT ( 'NONE',  ( 20.25925423830149086, 24.06197173074557583, 4.626120843999325771 ) ) ;
#3399 = COORDINATED_UNIVERSAL_TIME_OFFSET ( 6, 0, .BEHIND. ) ;
#3400 = DIRECTION ( 'NONE',  ( -0.7071067811865487940, 0.7071067811865462405, 0.000000000000000000 ) ) ;
#3401 = DIRECTION ( 'NONE',  ( 0.4999999999999979461, 0.000000000000000000, -0.8660254037844398178 ) ) ;
#3402 =( BOUNDED_CURVE ( )  B_SPLINE_CURVE ( 2, ( #4442, #7994, #1083, #4529, #414, #3785, #1123, #3918, #549, #5851, #6523 ),
 .UNSPECIFIED., .F., .F. ) 
 B_SPLINE_CURVE_WITH_KNOTS ( ( 3, 2, 2, 2, 2, 3 ),
 ( 0.8829579140862690023, 0.8853225935385331535, 0.8936559268718664573, 0.9019892602051997610, 0.9103225935385331757, 0.9162912474196022172 ),
 .UNSPECIFIED. ) 
 CURVE ( )  GEOMETRIC_REPRESENTATION_ITEM ( )  RATIONAL_B_SPLINE_CURVE ( ( 0.9690584114092970491, 0.9783999393559237312, 1.000000000000000000, 0.9238795325112867385, 1.000000000000000000, 0.9238795325112867385, 1.000000000000000000, 0.9238795325112867385, 1.000000000000000000, 0.9454795931553640065, 0.9690584114092961610 ) ) 
 REPRESENTATION_ITEM ( '' )  );
#3403 = ORIENTED_EDGE ( 'NONE', *, *, #695, .T. ) ;
#3404 = CARTESIAN_POINT ( 'NONE',  ( 23.02348866231023194, 24.00806267564279040, 7.794397464950330701 ) ) ;
#3405 = CARTESIAN_POINT ( 'NONE',  ( 31.80772823840643326, 30.89504794518289543, 1.097205646354120656 ) ) ;
#3406 = CARTESIAN_POINT ( 'NONE',  ( 27.01736941044449836, 29.10197411026023318, -2.181556141371093549 ) ) ;
#3407 = CARTESIAN_POINT ( 'NONE',  ( 31.73126991926405438, 31.11688486451896196, 0.6544514180651017643 ) ) ;
#3408 = CARTESIAN_POINT ( 'NONE',  ( -7.096359284875418005, -13.84716245263254208, 54.88125000429724309 ) ) ;
#3409 = ADVANCED_FACE ( 'NONE', ( #5894 ), #4292, .T. ) ;
#3410 = FACE_BOUND ( 'NONE', #2694, .T. ) ;
#3411 = CARTESIAN_POINT ( 'NONE',  ( 49.44752746360097007, 53.82837943693556326, -19.54811651505058379 ) ) ;
#3412 = CARTESIAN_POINT ( 'NONE',  ( -11.12937258330438972, 3.006261187080253805, 55.00000000000002842 ) ) ;
#3413 = ORIENTED_EDGE ( 'NONE', *, *, #2527, .T. ) ;
#3414 = CARTESIAN_POINT ( 'NONE',  ( 27.94393841094894526, 24.04636583304860409, 2.546248195247109436 ) ) ;
#3415 = CARTESIAN_POINT ( 'NONE',  ( -3.847162322546356261, -13.84716242073069736, 60.51875000429725304 ) ) ;
#3416 = DIRECTION ( 'NONE',  ( 0.6123724356957942483, 0.6123724356957965798, -0.4999999999999977796 ) ) ;
#3417 = CARTESIAN_POINT ( 'NONE',  ( 19.15882064606978474, 22.40149388966618460, 5.856028251266021556 ) ) ;
#3418 = CARTESIAN_POINT ( 'NONE',  ( -10.89716242073015273, -3.847162420730697363, 65.00000000000000000 ) ) ;
#3419 = CARTESIAN_POINT ( 'NONE',  ( 25.81490395513834457, 26.64493824390970289, -1.908581142501784456 ) ) ;
#3420 = EDGE_CURVE ( 'NONE', #3076, #4991, #6779, .T. ) ;
#3421 = CARTESIAN_POINT ( 'NONE',  ( 17.38096675741929786, 24.45203456928451757, 2.999999999999999112 ) ) ;
#3422 = CARTESIAN_POINT ( 'NONE',  ( 17.84699503419169631, 21.74456761209179589, 7.254809471616630034 ) ) ;
#3423 = CARTESIAN_POINT ( 'NONE',  ( 23.69726748601101463, 19.72423942215853288, 7.976764064077199734 ) ) ;
#3424 = ORIENTED_EDGE ( 'NONE', *, *, #1934, .F. ) ;
#3425 = CARTESIAN_POINT ( 'NONE',  ( 25.27809214892854683, 26.27332448860425629, 5.987891809991423564 ) ) ;
#3426 = CARTESIAN_POINT ( 'NONE',  ( 24.78838394067058459, 20.95338435429346902, 2.761929797841685019 ) ) ;
#3427 = EDGE_LOOP ( 'NONE', ( #1589, #1495, #3797, #2128, #6449, #6050 ) ) ;
#3428 = LINE ( 'NONE', #6711, #4892 ) ;
#3429 = CARTESIAN_POINT ( 'NONE',  ( 17.09775441034904730, 24.06581501606529017, 1.944369259711748787 ) ) ;
#3430 = ORIENTED_EDGE ( 'NONE', *, *, #1746, .T. ) ;
#3431 = VERTEX_POINT ( 'NONE', #8510 ) ;
#3432 = DIRECTION ( 'NONE',  ( 0.3535533905932714549, 0.3535533905932728427, 0.8660254037844398178 ) ) ;
#3433 = EDGE_CURVE ( 'NONE', #8329, #6959, #231, .T. ) ;
#3434 = CARTESIAN_POINT ( 'NONE',  ( 3.095771217061015435, -7.401831533493221649, 55.00000000000000000 ) ) ;
#3435 = CARTESIAN_POINT ( 'NONE',  ( 22.71318510288892512, 19.26447160872296394, 8.264596415204570334 ) ) ;
#3436 = CARTESIAN_POINT ( 'NONE',  ( 24.53204033281961571, 28.33475782526366515, 1.137405606789795298 ) ) ;
#3437 = EDGE_LOOP ( 'NONE', ( #1888, #4251 ) ) ;
#3438 = CARTESIAN_POINT ( 'NONE',  ( 23.26005889137299576, 25.03765396568476831, 1.407622291827177685 ) ) ;
#3439 = CARTESIAN_POINT ( 'NONE',  ( 26.27799822531642349, 23.47881590987948996, -0.1391009009322220213 ) ) ;
#3440 = CARTESIAN_POINT ( 'NONE',  ( 28.94012538064846041, 24.55927340732045394, 2.380860458303032612 ) ) ;
#3441 =( BOUNDED_CURVE ( )  B_SPLINE_CURVE ( 2, ( #5410, #2101, #6794, #8125, #3339, #4613, #640, #7368, #6036, #7499, #2059 ),
 .UNSPECIFIED., .F., .T. ) 
 B_SPLINE_CURVE_WITH_KNOTS ( ( 3, 2, 2, 2, 2, 3 ),
 ( 0.9162912474196022172, 0.9186559268718664795, 0.9269892602051997832, 0.9353225935385330869, 0.9436559268718665017, 0.9496245807529574146 ),
 .UNSPECIFIED. ) 
 CURVE ( )  GEOMETRIC_REPRESENTATION_ITEM ( )  RATIONAL_B_SPLINE_CURVE ( ( 0.9690584114092961610, 0.9783999393559227320, 1.000000000000000000, 0.9238795325112867385, 1.000000000000000000, 0.9238795325112867385, 1.000000000000000000, 0.9238795325112867385, 1.000000000000000000, 0.9454795931551642774, 0.9690584114094689117 ) ) 
 REPRESENTATION_ITEM ( '' )  );
#3442 = ORIENTED_EDGE ( 'NONE', *, *, #3718, .T. ) ;
#3443 = CARTESIAN_POINT ( 'NONE',  ( 24.45203456928475205, 17.38096675741911312, 12.10601097746500798 ) ) ;
#3444 = CARTESIAN_POINT ( 'NONE',  ( -54.90090699118695028, 5.000000000000000000, -10.99999999999996092 ) ) ;
#3445 = ADVANCED_FACE ( 'NONE', ( #1777 ), #448, .F. ) ;
#3446 = ORIENTED_EDGE ( 'NONE', *, *, #2821, .F. ) ;
#3447 = VECTOR ( 'NONE', #7666, 1000.000000000000000 ) ;
#3448 = ORIENTED_EDGE ( 'NONE', *, *, #120, .T. ) ;
#3449 = ADVANCED_FACE ( 'NONE', ( #2496 ), #7900, .F. ) ;
#3450 = CARTESIAN_POINT ( 'NONE',  ( 25.04632408288990675, 21.59761058872393136, 6.359596415204594066 ) ) ;
#3451 = CARTESIAN_POINT ( 'NONE',  ( 30.15415441688459808, 26.91148117328796374, 0.7160906919672569426 ) ) ;
#3452 = CARTESIAN_POINT ( 'NONE',  ( 4.659345723471169265, -10.02750222470952046, 60.93125000429724736 ) ) ;
#3453 = CARTESIAN_POINT ( 'NONE',  ( 26.60698640064414278, 22.22613442730938971, 4.285860458283955232 ) ) ;
#3454 = VECTOR ( 'NONE', #3065, 1000.000000000000227 ) ;
#3455 = CARTESIAN_POINT ( 'NONE',  ( 21.61433555455551314, 25.51190813245563049, 4.178788817549111023 ) ) ;
#3456 = VECTOR ( 'NONE', #6274, 1000.000000000000114 ) ;
#3457 = CARTESIAN_POINT ( 'NONE',  ( 33.32537287363211220, 29.88904390111305887, 1.186760200055203329 ) ) ;
#3458 = ORIENTED_EDGE ( 'NONE', *, *, #3830, .F. ) ;
#3459 = EDGE_CURVE ( 'NONE', #7308, #7515, #6555, .T. ) ;
#3460 = CARTESIAN_POINT ( 'NONE',  ( 21.74456761209195221, 17.84699503419155420, 7.254809471616630034 ) ) ;
#3461 = CARTESIAN_POINT ( 'NONE',  ( 21.93309093328913306, 25.83066351118682746, 4.841084235070351127 ) ) ;
#3462 = CARTESIAN_POINT ( 'NONE',  ( -29.53555363137914469, 4.644422486166038588, 1.571295509519313960 ) ) ;
#3463 = VECTOR ( 'NONE', #5911, 1000.000000000000000 ) ;
#3464 = CARTESIAN_POINT ( 'NONE',  ( 19.62320175119118915, 20.23758680593605419, 4.250792525168205493 ) ) ;
#3465 = CARTESIAN_POINT ( 'NONE',  ( 31.95376322981303829, 27.57291125647831720, -0.07976454171602920251 ) ) ;
#3466 = CIRCLE ( 'NONE', #2627, 2.756000000000000227 ) ;
#3467 = CARTESIAN_POINT ( 'NONE',  ( 27.69923648134594174, 31.13556545386479613, -4.177150613335101070 ) ) ;
#3468 = VECTOR ( 'NONE', #800, 999.9999999999998863 ) ;
#3469 = CARTESIAN_POINT ( 'NONE',  ( 26.97908938020807312, 29.38062055651978355, -2.688488131672890802 ) ) ;
#3470 = CARTESIAN_POINT ( 'NONE',  ( 21.23011442670564719, 25.12768700460576099, 4.492504054758473586 ) ) ;
#3471 = DIRECTION ( 'NONE',  ( 0.000000000000000000, 0.000000000000000000, -1.000000000000000000 ) ) ;
#3472 = CARTESIAN_POINT ( 'NONE',  ( 22.11490396173337558, 21.11967162205741744, 2.151883383241855352 ) ) ;
#3473 = CARTESIAN_POINT ( 'NONE',  ( 24.28807229357765962, 19.85979620650380539, 6.207309198547145357 ) ) ;
#3474 = ORIENTED_EDGE ( 'NONE', *, *, #2313, .F. ) ;
#3475 = CARTESIAN_POINT ( 'NONE',  ( 23.16976154122283305, 27.06733411912295395, 2.908788817549107453 ) ) ;
#3476 = CARTESIAN_POINT ( 'NONE',  ( -11.26540322416676254, -6.257495049690469990, 55.96875000429726299 ) ) ;
#3477 = CARTESIAN_POINT ( 'NONE',  ( 3.952837579269846469, -3.847162420730697363, 62.70624999992848103 ) ) ;
#3478 = VERTEX_POINT ( 'NONE', #6609 ) ;
#3479 = DIRECTION ( 'NONE',  ( 0.6123724356957943593, 0.6123724356957965798, -0.4999999999999980016 ) ) ;
#3480 = AXIS2_PLACEMENT_3D ( 'NONE', #3243, #4691, #2625 ) ;
#3481 = CARTESIAN_POINT ( 'NONE',  ( 1.869492880119679512, -10.15900207694491364, 55.00000000000000711 ) ) ;
#3482 = CARTESIAN_POINT ( 'NONE',  ( 179.3582965884159535, -74.29263897105803949, 20.00000000000000000 ) ) ;
#3483 = DIRECTION ( 'NONE',  ( 0.7674234614174770819, -0.6123724356957943593, 0.1898979485566345826 ) ) ;
#3484 = ORIENTED_EDGE ( 'NONE', *, *, #5977, .F. ) ;
#3485 = CARTESIAN_POINT ( 'NONE',  ( 24.03777188470665038, 25.81536695901842648, 0.7726222918271810070 ) ) ;
#3486 = CARTESIAN_POINT ( 'NONE',  ( 20.45240143336458516, 24.34997401126469541, 5.127504054743097228 ) ) ;
#3487 = ORIENTED_EDGE ( 'NONE', *, *, #5528, .T. ) ;
#3488 = AXIS2_PLACEMENT_3D ( 'NONE', #8399, #876, #5025 ) ;
#3489 = EDGE_CURVE ( 'NONE', #4291, #8175, #7305, .T. ) ;
#3490 = CARTESIAN_POINT ( 'NONE',  ( 28.03072062050036450, 30.54069195934602021, -4.709610025342883866 ) ) ;
#3491 = VECTOR ( 'NONE', #1254, 1000.000000000000227 ) ;
#3492 = B_SPLINE_CURVE_WITH_KNOTS ( 'NONE', 3,
 ( #5491, #6109, #4040, #4862, #43, #2092, #5450, #2045, #1517, #2888, #8111, #4818, #7531, #5579 ),
 .UNSPECIFIED., .F., .F.,
 ( 4, 2, 2, 2, 2, 2, 4 ),
 ( 0.000000000000000000, 0.0004734804497115778455, 0.0007102206745673667141, 0.0009469608994231556911, 0.001183701124278944451, 0.001420441349134733428, 0.001893921798846310515 ),
 .UNSPECIFIED. ) ;
#3493 = CARTESIAN_POINT ( 'NONE',  ( -35.84834810792921900, 5.000000000000002665, 11.99999999999999822 ) ) ;
#3494 = ORIENTED_EDGE ( 'NONE', *, *, #182, .F. ) ;
#3495 = DIRECTION ( 'NONE',  ( 0.1898979485566346104, 0.4999999999999977796, 0.8449489742783193869 ) ) ;
#3496 = LINE ( 'NONE', #126, #623 ) ;
#3497 = AXIS2_PLACEMENT_3D ( 'NONE', #1374, #2707, #5394 ) ;
#3498 = VERTEX_POINT ( 'NONE', #4087 ) ;
#3499 =( BOUNDED_CURVE ( )  B_SPLINE_CURVE ( 3, ( #979, #4257, #3675, #3009 ),
 .UNSPECIFIED., .F., .T. ) 
 B_SPLINE_CURVE_WITH_KNOTS ( ( 4, 4 ),
 ( 3.905295449805350039, 4.712388980384690562 ),
 .UNSPECIFIED. ) 
 CURVE ( )  GEOMETRIC_REPRESENTATION_ITEM ( )  RATIONAL_B_SPLINE_CURVE ( ( 1.000000000000000000, 0.9464493521209300653, 0.9464493521209300653, 1.000000000000000000 ) ) 
 REPRESENTATION_ITEM ( '' )  );
#3500 = DIRECTION ( 'NONE',  ( 0.6123724356957943593, 0.6123724356957963577, -0.4999999999999978351 ) ) ;
#3501 = DIRECTION ( 'NONE',  ( -1.000000000000000000, -1.449435587473489784E-16, -0.000000000000000000 ) ) ;
#3502 = CARTESIAN_POINT ( 'NONE',  ( -11.26540322416676254, -6.257495049690469990, 56.71875000429725588 ) ) ;
#3503 = DIRECTION ( 'NONE',  ( 0.6123724356957943593, 0.6123724356957964687, -0.4999999999999978351 ) ) ;
#3504 = VECTOR ( 'NONE', #6539, 1000.000000000000000 ) ;
#3505 = EDGE_CURVE ( 'NONE', #8152, #2414, #5322, .T. ) ;
#3506 = CARTESIAN_POINT ( 'NONE',  ( 18.79518031979235104, 23.03782100691147505, 15.00000000000000178 ) ) ;
#3507 = EDGE_CURVE ( 'NONE', #6069, #493, #7302, .T. ) ;
#3508 = ORIENTED_EDGE ( 'NONE', *, *, #4681, .F. ) ;
#3509 = CARTESIAN_POINT ( 'NONE',  ( 27.21788273910049938, 29.64766115212206898, 3.018598935451156429 ) ) ;
#3510 = ORIENTED_EDGE ( 'NONE', *, *, #7354, .T. ) ;
#3511 = CARTESIAN_POINT ( 'NONE',  ( 54.32066644360193663, 49.93981447026727949, -18.34226454171595222 ) ) ;
#3512 = DIRECTION ( 'NONE',  ( -0.7674234614174771929, 0.6123724356957942483, -0.1898979485566349434 ) ) ;
#3513 = DIRECTION ( 'NONE',  ( -0.6123724356957944703, -0.6123724356957964687, 0.4999999999999980016 ) ) ;
#3514 = CARTESIAN_POINT ( 'NONE',  ( 25.50956597259478187, 24.89518091784966458, 5.734451418065076744 ) ) ;
#3515 = CARTESIAN_POINT ( 'NONE',  ( -2.386252763997589454, -14.74971913807299018, 55.00000000000000000 ) ) ;
#3516 = CARTESIAN_POINT ( 'NONE',  ( 28.57785063946383275, 24.78392154033675610, -0.3276970242207868922 ) ) ;
#3517 = CARTESIAN_POINT ( 'NONE',  ( -1.026749095362521791, 3.425063419690423494, 63.23142748068845265 ) ) ;
#3518 = CARTESIAN_POINT ( 'NONE',  ( -45.90379267415695352, -4.999999999999999112, -2.749999999999965361 ) ) ;
#3519 = CARTESIAN_POINT ( 'NONE',  ( 4.659345723471169265, -10.02750222470952046, 59.18125000429726867 ) ) ;
#3520 = CARTESIAN_POINT ( 'NONE',  ( 26.75213725526683817, 22.73609990099903300, 5.524773321549371730 ) ) ;
#3521 = CARTESIAN_POINT ( 'NONE',  ( 22.96552754819206044, 21.97029520851610940, 1.457352133241863967 ) ) ;
#3522 = ORIENTED_EDGE ( 'NONE', *, *, #1557, .F. ) ;
#3523 = CARTESIAN_POINT ( 'NONE',  ( 21.77389178576488504, 24.20367019878644044, 7.463598935451141614 ) ) ;
#3524 = CARTESIAN_POINT ( 'NONE',  ( 17.25146603351152308, 23.69451364563647289, 1.212488723953107250 ) ) ;
#3525 = EDGE_LOOP ( 'NONE', ( #2076, #7712, #2634, #2913 ) ) ;
#3526 = CARTESIAN_POINT ( 'NONE',  ( -3.855383314272688988, 2.885619957680327641, 63.63681614253916052 ) ) ;
#3527 = CARTESIAN_POINT ( 'NONE',  ( 25.21730756546363850, 21.31973498756235941, 4.772532958034869210 ) ) ;
#3528 = CARTESIAN_POINT ( 'NONE',  ( 28.60594898829943133, 33.71175678278796539, 0.02077491637684364401 ) ) ;
#3529 = CARTESIAN_POINT ( 'NONE',  ( 24.72518752789015295, 28.62276010579028096, 1.638788817549124310 ) ) ;
#3530 = ORIENTED_EDGE ( 'NONE', *, *, #7131, .T. ) ;
#3531 = CARTESIAN_POINT ( 'NONE',  ( 23.92231273023844551, 27.16498597383486313, 1.966653251266041513 ) ) ;
#3532 = CARTESIAN_POINT ( 'NONE',  ( 23.20810472645006328, 19.91485477457779396, 4.111050132732267492 ) ) ;
#3533 = ADVANCED_FACE ( 'NONE', ( #7983 ), #8646, .F. ) ;
#3534 = B_SPLINE_CURVE_WITH_KNOTS ( 'NONE', 3,
 ( #7540, #6302, #860, #990, #4179, #235 ),
 .UNSPECIFIED., .F., .F.,
 ( 4, 2, 4 ),
 ( 0.002977752147285433158, 0.003551318908678072813, 0.004124885670070712468 ),
 .UNSPECIFIED. ) ;
#3535 = CARTESIAN_POINT ( 'NONE',  ( 24.15749571444343857, 28.13052377829350092, -0.2140201208447013725 ) ) ;
#3536 = CARTESIAN_POINT ( 'NONE',  ( 32.37893068695838394, 27.40176439534110031, -3.018654119527265589 ) ) ;
#3537 = ORIENTED_EDGE ( 'NONE', *, *, #6310, .F. ) ;
#3538 = CARTESIAN_POINT ( 'NONE',  ( 30.51229894781823049, 30.51229894781813101, -1.495190528383337547 ) ) ;
#3539 = DIRECTION ( 'NONE',  ( 0.6123724356957943593, 0.6123724356957963577, -0.4999999999999978351 ) ) ;
#3540 = ORIENTED_EDGE ( 'NONE', *, *, #6974, .T. ) ;
#3541 = EDGE_LOOP ( 'NONE', ( #4965, #7261, #2093, #3577 ) ) ;
#3542 = CARTESIAN_POINT ( 'NONE',  ( -1.332869357870799076, 3.536490495953382496, 55.00000000000002132 ) ) ;
#3543 = DIRECTION ( 'NONE',  ( 0.000000000000000000, 0.000000000000000000, 1.000000000000000000 ) ) ;
#3544 = CARTESIAN_POINT ( 'NONE',  ( -11.26540327149793264, -1.436829937441292504, 56.44375000429725731 ) ) ;
#3545 = CARTESIAN_POINT ( 'NONE',  ( -4.999999999999857003, -29.58039891549810108, 12.00000000000000000 ) ) ;
#3546 = CARTESIAN_POINT ( 'NONE',  ( 31.84287543965816525, 27.46468770738555421, -3.598120030723343632 ) ) ;
#3547 = DIRECTION ( 'NONE',  ( 0.6123724356957943593, 0.6123724356957964687, -0.4999999999999978351 ) ) ;
#3548 = CARTESIAN_POINT ( 'NONE',  ( 33.38786791662698761, 29.87201925151006066, 1.209078757983818475 ) ) ;
#3549 = ORIENTED_EDGE ( 'NONE', *, *, #7026, .T. ) ;
#3550 = CARTESIAN_POINT ( 'NONE',  ( -1.999999999999853451, -28.74045774387837326, 15.00000000000000000 ) ) ;
#3551 = CARTESIAN_POINT ( 'NONE',  ( 27.45181837337500141, 31.34939095127514719, -0.5874959452413207606 ) ) ;
#3552 = CARTESIAN_POINT ( 'NONE',  ( 29.18172245597829573, 33.55991018825070427, 0.6077389739566687599 ) ) ;
#3553 = ADVANCED_FACE ( 'NONE', ( #1914 ), #4130, .F. ) ;
#3554 = CARTESIAN_POINT ( 'NONE',  ( 23.16284476720628760, 24.94043984151805660, 1.486997291827177214 ) ) ;
#3555 = CYLINDRICAL_SURFACE ( 'NONE', #1239, 1.500000000000001332 ) ;
#3556 = CARTESIAN_POINT ( 'NONE',  ( 29.41949119111065158, 24.63081530829339982, 0.6743318524906520839 ) ) ;
#3557 = CARTESIAN_POINT ( 'NONE',  ( 2.000000000000150546, -37.58039891549805134, 15.00000000000000000 ) ) ;
#3558 = CARTESIAN_POINT ( 'NONE',  ( 18.01701744538375394, 22.29318283876738604, 7.528953984728413928 ) ) ;
#3559 = CARTESIAN_POINT ( 'NONE',  ( -29.54381383304351871, -4.870655029817559267, 2.119321583220451277 ) ) ;
#3560 = EDGE_CURVE ( 'NONE', #459, #826, #1859, .T. ) ;
#3561 = CARTESIAN_POINT ( 'NONE',  ( 25.76472538371179510, 28.59420973658591691, 4.505135673094851079 ) ) ;
#3562 = CARTESIAN_POINT ( 'NONE',  ( 23.33371810124162948, 27.16871768761851058, 4.782532895391600647 ) ) ;
#3563 = ORIENTED_EDGE ( 'NONE', *, *, #1419, .F. ) ;
#3564 = DIRECTION ( 'NONE',  ( 0.6123724356957942483, 0.6123724356957963577, -0.4999999999999978906 ) ) ;
#3565 = EDGE_CURVE ( 'NONE', #8035, #3296, #1423, .T. ) ;
#3566 = CARTESIAN_POINT ( 'NONE',  ( 18.32703232937114279, 20.72856350568279993, 4.375886868327093282 ) ) ;
#3567 = ORIENTED_EDGE ( 'NONE', *, *, #6478, .F. ) ;
#3568 = CARTESIAN_POINT ( 'NONE',  ( -3.683284826767835529, 2.918786552360366215, 63.61802818709651319 ) ) ;
#3569 = CARTESIAN_POINT ( 'NONE',  ( -7.096359284875417117, -13.84716245263254386, 60.38125000429729994 ) ) ;
#3570 = CARTESIAN_POINT ( 'NONE',  ( 28.04093073202538378, 30.55556879192493369, -4.722991556339747987 ) ) ;
#3571 = EDGE_LOOP ( 'NONE', ( #394, #7616, #3791, #3403 ) ) ;
#3572 = EDGE_CURVE ( 'NONE', #5511, #7524, #2209, .T. ) ;
#3573 = CARTESIAN_POINT ( 'NONE',  ( 27.81087769690673994, 31.05355094050316822, -1.208346748733948761 ) ) ;
#3574 = CARTESIAN_POINT ( 'NONE',  ( 21.29010608831356777, 20.56961018284756548, 9.722788516794656388 ) ) ;
#3575 = DIRECTION ( 'NONE',  ( 1.000000000000000000, -1.700235617287869704E-33, -6.778899719113335399E-17 ) ) ;
#3576 = CARTESIAN_POINT ( 'NONE',  ( 32.54505170252924273, 27.37776976182400190, -3.098585562017475148 ) ) ;
#3577 = ORIENTED_EDGE ( 'NONE', *, *, #463, .F. ) ;
#3578 = CARTESIAN_POINT ( 'NONE',  ( -2.685011576623894225, -28.95417596036928742, 0.05894356430021411436 ) ) ;
#3579 = CARTESIAN_POINT ( 'NONE',  ( 32.74297737179927026, 28.24820037088444025, -1.536121689313251881 ) ) ;
#3580 = CARTESIAN_POINT ( 'NONE',  ( -3.782780978422874529, 2.883873568054395875, 61.14681483554978314 ) ) ;
#3581 = CARTESIAN_POINT ( 'NONE',  ( 28.76542283384457477, 24.86785025594664233, 0.5997470934575022117 ) ) ;
#3582 = CARTESIAN_POINT ( 'NONE',  ( -12.04856776978863131, -3.847162501255296352, 53.83125000429723883 ) ) ;
#3583 = FACE_OUTER_BOUND ( 'NONE', #1319, .T. ) ;
#3584 = CARTESIAN_POINT ( 'NONE',  ( 0.5401340980933359015, 3.765310011356815423, 61.38821003866802783 ) ) ;
#3585 = DIRECTION ( 'NONE',  ( 0.4999999999999980016, 0.000000000000000000, -0.8660254037844398178 ) ) ;
#3586 = B_SPLINE_CURVE_WITH_KNOTS ( 'NONE', 3,
 ( #5364, #5, #7493, #3283 ),
 .UNSPECIFIED., .F., .F.,
 ( 4, 4 ),
 ( 0.000000000000000000, 0.0006035152712617795293 ),
 .UNSPECIFIED. ) ;
#3587 = AXIS2_PLACEMENT_3D ( 'NONE', #4949, #3635, #3093 ) ;
#3588 = CARTESIAN_POINT ( 'NONE',  ( 22.99331028937309185, 25.39484146568477030, 0.5658868683271132127 ) ) ;
#3589 = ORIENTED_EDGE ( 'NONE', *, *, #1439, .T. ) ;
#3590 = CARTESIAN_POINT ( 'NONE',  ( 21.69652561438106275, 18.45385237078439289, 7.621715691967227535 ) ) ;
#3591 = FACE_OUTER_BOUND ( 'NONE', #1507, .T. ) ;
#3592 = CARTESIAN_POINT ( 'NONE',  ( 25.04394290662376932, 28.94151548452147438, 2.301084235070357309 ) ) ;
#3593 = CARTESIAN_POINT ( 'NONE',  ( 20.71424663273710465, 23.95691987633350450, 4.586028251266027311 ) ) ;
#3594 = CARTESIAN_POINT ( 'NONE',  ( -1.757669868906927446, -30.54062135909078890, 2.806747598319671688 ) ) ;
#3595 = VECTOR ( 'NONE', #7708, 1000.000000000000227 ) ;
#3596 = ADVANCED_FACE ( 'NONE', ( #6070 ), #6027, .F. ) ;
#3597 = CARTESIAN_POINT ( 'NONE',  ( 3.571078430037629481, -6.257494904020105331, 62.56875000429726441 ) ) ;
#3598 = ORIENTED_EDGE ( 'NONE', *, *, #2680, .F. ) ;
#3599 = AXIS2_PLACEMENT_3D ( 'NONE', #5072, #3880, #3121 ) ;
#3600 = CARTESIAN_POINT ( 'NONE',  ( 26.90294951858153283, 24.50141834226963056, 5.529982074906174105 ) ) ;
#3601 = CARTESIAN_POINT ( 'NONE',  ( 29.91897143268014858, 25.94594336882805763, 2.896764064077391954 ) ) ;
#3602 = CARTESIAN_POINT ( 'NONE',  ( 4.659345602109323359, 2.333177550288373148, 56.98125000429725873 ) ) ;
#3603 = VECTOR ( 'NONE', #2524, 1000.000000000000000 ) ;
#3604 = CARTESIAN_POINT ( 'NONE',  ( 27.32015137037911501, 30.14963572325323682, 3.235135673094852837 ) ) ;
#3605 = CARTESIAN_POINT ( 'NONE',  ( 28.17663726024595405, 23.74836117317211404, 3.032309198547154860 ) ) ;
#3606 = CARTESIAN_POINT ( 'NONE',  ( 25.77435605438574129, 29.67192863228347832, 0.4289425180400782134 ) ) ;
#3607 = CIRCLE ( 'NONE', #5149, 3.174999999999992717 ) ;
#3608 = ORIENTED_EDGE ( 'NONE', *, *, #6057, .F. ) ;
#3609 = AXIS2_PLACEMENT_3D ( 'NONE', #5424, #6808, #8757 ) ;
#3610 = EDGE_CURVE ( 'NONE', #5965, #2410, #5033, .T. ) ;
#3611 = CARTESIAN_POINT ( 'NONE',  ( 1.895613384236970456, 5.237534452899535786, 61.24105029342435813 ) ) ;
#3612 = EDGE_CURVE ( 'NONE', #2125, #6147, #719, .T. ) ;
#3613 = CARTESIAN_POINT ( 'NONE',  ( 3.952837579269846469, -3.847162420730697363, 57.20624999992846682 ) ) ;
#3614 = CARTESIAN_POINT ( 'NONE',  ( 5.000000000000151879, -30.21322360027763310, 2.239678045771118953 ) ) ;
#3615 = ORIENTED_EDGE ( 'NONE', *, *, #5362, .F. ) ;
#3616 = CARTESIAN_POINT ( 'NONE',  ( 29.94148113824968505, 28.16388606393769223, 1.989496651406116978 ) ) ;
#3617 = CARTESIAN_POINT ( 'NONE',  ( 20.36542944703873559, 21.22007070081651037, 9.545693726122895129 ) ) ;
#3618 = AXIS2_PLACEMENT_3D ( 'NONE', #3744, #6446, #2251 ) ;
#3619 = CARTESIAN_POINT ( 'NONE',  ( -37.09286487779497321, 4.086512407959548732, 14.15556627627901243 ) ) ;
#3620 = DIRECTION ( 'NONE',  ( 0.8660254037844397068, 1.255248039901264634E-16, 0.4999999999999979461 ) ) ;
#3621 = ORIENTED_EDGE ( 'NONE', *, *, #7734, .F. ) ;
#3622 = CARTESIAN_POINT ( 'NONE',  ( 21.09069435430381390, 23.88987666974050583, 8.298719844165500348 ) ) ;
#3623 = CARTESIAN_POINT ( 'NONE',  ( 21.41039488502508092, 20.79282904795213227, 9.750111764988753649 ) ) ;
#3624 =( BOUNDED_CURVE ( )  B_SPLINE_CURVE ( 2, ( #3080, #3118, #5196, #4445, #1126, #7242, #3923, #5150, #7818 ),
 .UNSPECIFIED., .F., .F. ) 
 B_SPLINE_CURVE_WITH_KNOTS ( ( 3, 2, 2, 2, 3 ),
 ( 0.08545980069179186234, 0.08794627844161655161, 0.09043275619144124089, 0.09291923394126590241, 0.09540571169109059169 ),
 .UNSPECIFIED. ) 
 CURVE ( )  GEOMETRIC_REPRESENTATION_ITEM ( )  RATIONAL_B_SPLINE_CURVE ( ( 0.9999999999996835864, 0.9238795325116031520, 1.000000000000000000, 0.9238795325112867385, 1.000000000000000000, 0.9238795325112867385, 1.000000000000000000, 0.9238795325125427338, 0.9999999999987440047 ) ) 
 REPRESENTATION_ITEM ( '' )  );
#3625 = ORIENTED_EDGE ( 'NONE', *, *, #7893, .T. ) ;
#3626 = ORIENTED_EDGE ( 'NONE', *, *, #2821, .T. ) ;
#3627 = DIRECTION ( 'NONE',  ( 0.000000000000000000, -0.8660254037844362651, -0.5000000000000039968 ) ) ;
#3628 = CARTESIAN_POINT ( 'NONE',  ( 25.46194342377718201, 27.54654812359290972, -0.9115561413711001926 ) ) ;
#3629 = CARTESIAN_POINT ( 'NONE',  ( 3.571078430037629481, -6.257494904020105331, 55.06875000429725731 ) ) ;
#3630 = CARTESIAN_POINT ( 'NONE',  ( -6.381535974763375307, -11.64716244561416225, 59.13125000429725020 ) ) ;
#3631 = FACE_OUTER_BOUND ( 'NONE', #1623, .T. ) ;
#3632 = AXIS2_PLACEMENT_3D ( 'NONE', #1194, #7318, #1956 ) ;
#3633 = CARTESIAN_POINT ( 'NONE',  ( 22.80126610597029568, 23.63130039474167177, 0.5520438574981235691 ) ) ;
#3634 = CIRCLE ( 'NONE', #521, 0.7500000000000006661 ) ;
#3635 = DIRECTION ( 'NONE',  ( 0.6123724356957943593, 0.6123724356957965798, -0.4999999999999980016 ) ) ;
#3636 = ORIENTED_EDGE ( 'NONE', *, *, #7183, .T. ) ;
#3637 = FACE_OUTER_BOUND ( 'NONE', #7558, .T. ) ;
#3638 = CARTESIAN_POINT ( 'NONE',  ( 1.931589702686198784, -53.16885618361779109, -14.00000000000011369 ) ) ;
#3639 = VECTOR ( 'NONE', #6508, 1000.000000000000114 ) ;
#3640 = CARTESIAN_POINT ( 'NONE',  ( 23.28084840892306318, 26.82538980223722191, 3.463854444045932013 ) ) ;
#3641 = EDGE_CURVE ( 'NONE', #3109, #4718, #4171, .T. ) ;
#3642 = CARTESIAN_POINT ( 'NONE',  ( 30.85392190118889033, 31.73749429678349898, 1.075171049416760782 ) ) ;
#3643 = CARTESIAN_POINT ( 'NONE',  ( 32.26178692215419375, 28.45906942970993470, -0.6733769007660301842 ) ) ;
#3644 = CARTESIAN_POINT ( 'NONE',  ( -8.431887326654132764, -10.15749502186990405, 58.99375000429726157 ) ) ;
#3645 = ORIENTED_EDGE ( 'NONE', *, *, #5122, .T. ) ;
#3646 = CARTESIAN_POINT ( 'NONE',  ( 22.78991265578795833, 18.89234007788758873, 6.401288817549099619 ) ) ;
#3647 = CARTESIAN_POINT ( 'NONE',  ( 17.22807610562860248, 24.29914391749391811, 2.434235771201338494 ) ) ;
#3648 = CARTESIAN_POINT ( 'NONE',  ( -12.35367056493147331, 2.333177383248123071, 60.55625000429725446 ) ) ;
#3649 = PRODUCT_RELATED_PRODUCT_CATEGORY ( 'detail', '', ( #1237 ) ) ;
#3650 = CARTESIAN_POINT ( 'NONE',  ( 27.75276054945268456, 24.92327619657835314, -1.365985479861549834 ) ) ;
#3651 = CARTESIAN_POINT ( 'NONE',  ( 24.71481916924307498, 21.88533481636872580, 1.114483270138449500 ) ) ;
#3652 = CARTESIAN_POINT ( 'NONE',  ( -8.011175953459542143, 7.407214119053565859, 15.00000000000000000 ) ) ;
#3653 = ORIENTED_EDGE ( 'NONE', *, *, #7233, .F. ) ;
#3654 = CARTESIAN_POINT ( 'NONE',  ( 1.495128581539552304, 3.918860558931226645, 62.76032907712161801 ) ) ;
#3655 = CARTESIAN_POINT ( 'NONE',  ( 31.38351211328855328, 31.95278135126647356, 1.201755523109342194 ) ) ;
#3656 = DIRECTION ( 'NONE',  ( 0.6123724356957943593, 0.6123724356957963577, -0.4999999999999978351 ) ) ;
#3657 = LINE ( 'NONE', #4364, #5859 ) ;
#3658 = ORIENTED_EDGE ( 'NONE', *, *, #1114, .T. ) ;
#3659 = CARTESIAN_POINT ( 'NONE',  ( 27.14862385804128664, 28.92621893235307340, -1.767377708172805706 ) ) ;
#3660 = CARTESIAN_POINT ( 'NONE',  ( 27.05072773297372635, 27.77122363843950836, -2.356919573561375270 ) ) ;
#3661 = ORIENTED_EDGE ( 'NONE', *, *, #4617, .F. ) ;
#3662 = EDGE_CURVE ( 'NONE', #3665, #8308, #388, .T. ) ;
#3663 = DIRECTION ( 'NONE',  ( 0.000000000000000000, -1.000000000000000000, 0.000000000000000000 ) ) ;
#3664 = LINE ( 'NONE', #254, #1902 ) ;
#3665 = VERTEX_POINT ( 'NONE', #3550 ) ;
#3666 = DIRECTION ( 'NONE',  ( -0.7071067811865487940, 0.7071067811865462405, 0.000000000000000000 ) ) ;
#3667 = CARTESIAN_POINT ( 'NONE',  ( 30.13327662613114910, 26.33934752700407955, -1.597697024220780193 ) ) ;
#3668 = ORIENTED_EDGE ( 'NONE', *, *, #6186, .T. ) ;
#3669 = CARTESIAN_POINT ( 'NONE',  ( -8.431887450568748221, 2.463170090379271038, 55.41875000429725873 ) ) ;
#3670 = FACE_OUTER_BOUND ( 'NONE', #664, .T. ) ;
#3671 = EDGE_CURVE ( 'NONE', #7168, #8687, #1371, .T. ) ;
#3672 = CARTESIAN_POINT ( 'NONE',  ( 24.45203456928472363, 17.38096675741900299, 2.895695045026479342 ) ) ;
#3673 = CARTESIAN_POINT ( 'NONE',  ( 21.74456761209195221, 17.84699503419155420, 7.254809471616630034 ) ) ;
#3674 =( BOUNDED_CURVE ( )  B_SPLINE_CURVE ( 2, ( #4397, #7103, #3732, #6436, #369, #866, #1256, #6481, #5228, #1117, #1921 ),
 .UNSPECIFIED., .F., .T. ) 
 B_SPLINE_CURVE_WITH_KNOTS ( ( 3, 2, 2, 2, 2, 3 ),
 ( 0.1961460971431336908, 0.1976929542788688210, 0.1998526499804340884, 0.2020123456819993557, 0.2041720413835646786, 0.2047848799493722505 ),
 .UNSPECIFIED. ) 
 CURVE ( )  GEOMETRIC_REPRESENTATION_ITEM ( )  RATIONAL_B_SPLINE_CURVE ( ( 0.9690584114094804580, 0.9454795931551510657, 1.000000000000000000, 0.9238795325112867385, 1.000000000000000000, 0.9238795325112867385, 1.000000000000000000, 0.9238795325112867385, 1.000000000000000000, 0.9783999393569307035, 0.9690584114101681301 ) ) 
 REPRESENTATION_ITEM ( '' )  );
#3675 = CARTESIAN_POINT ( 'NONE',  ( -4.999999999999853451, -36.32743438256616031, 12.82980176888016288 ) ) ;
#3676 = LINE ( 'NONE', #6465, #2035 ) ;
#3677 = ORIENTED_EDGE ( 'NONE', *, *, #5777, .T. ) ;
#3678 = PLANE ( 'NONE',  #8282 ) ;
#3679 = EDGE_CURVE ( 'NONE', #5754, #7308, #7638, .T. ) ;
#3680 = DIRECTION ( 'NONE',  ( -0.7674234614174771929, 0.6123724356957942483, -0.1898979485566349434 ) ) ;
#3681 = CARTESIAN_POINT ( 'NONE',  ( 22.26967261940442100, 25.51234586300082796, 3.316028251266034399 ) ) ;
#3682 = CARTESIAN_POINT ( 'NONE',  ( 19.94511520277200844, 22.12302379563191934, 9.449783657485818722 ) ) ;
#3683 = CARTESIAN_POINT ( 'NONE',  ( 21.14862599513639196, 21.97866028390773252, 1.901418857498201165 ) ) ;
#3684 =( BOUNDED_CURVE ( )  B_SPLINE_CURVE ( 2, ( #289, #2375, #6315, #1703, #247, #7030, #1039, #5558, #4887 ),
 .UNSPECIFIED., .F., .T. ) 
 B_SPLINE_CURVE_WITH_KNOTS ( ( 3, 2, 2, 2, 3 ),
 ( 0.5999999999999998668, 0.6083333333333331705, 0.6166666666666665853, 0.6249999999999998890, 0.6333333333333331927 ),
 .UNSPECIFIED. ) 
 CURVE ( )  GEOMETRIC_REPRESENTATION_ITEM ( )  RATIONAL_B_SPLINE_CURVE ( ( 1.000000000000001110, 0.9238795325112857393, 1.000000000000000000, 0.9238795325112867385, 1.000000000000000000, 0.9238795325112867385, 1.000000000000000000, 0.9238795325112877377, 0.9999999999999990008 ) ) 
 REPRESENTATION_ITEM ( '' )  );
#3685 = CARTESIAN_POINT ( 'NONE',  ( 3.571078382706458942, -1.436829791770927400, 60.09375000429725588 ) ) ;
#3686 = CYLINDRICAL_SURFACE ( 'NONE', #7138, 3.174999999999992273 ) ;
#3687 = CARTESIAN_POINT ( 'NONE',  ( 32.12246857579185644, 28.22489599789152237, -1.218711182450880282 ) ) ;
#3688 = CARTESIAN_POINT ( 'NONE',  ( -0.5979655565848825960, 6.152837611171149135, 57.25625000429725731 ) ) ;
#3689 = CARTESIAN_POINT ( 'NONE',  ( 24.98701239037813693, 27.81649674325225519, 5.140135673094849089 ) ) ;
#3690 = CARTESIAN_POINT ( 'NONE',  ( 28.75051367876638864, 23.90999885888651733, 1.234376325544946917 ) ) ;
#3691 = CARTESIAN_POINT ( 'NONE',  ( -2.386252763997589454, -14.74971913807299018, 55.00000000000000000 ) ) ;
#3692 = EDGE_CURVE ( 'NONE', #5739, #2493, #2179, .T. ) ;
#3693 = EDGE_LOOP ( 'NONE', ( #8093, #7097, #1502, #7923 ) ) ;
#3694 = CARTESIAN_POINT ( 'NONE',  ( 31.93335778894310906, 27.44957170237793775, -3.759815487094163355 ) ) ;
#3695 = CARTESIAN_POINT ( 'NONE',  ( 3.609941818718599649, -29.16464028294431543, 0.4234784641807131100 ) ) ;
#3696 = CARTESIAN_POINT ( 'NONE',  ( 26.81483950481182177, 27.79941351814438733, 4.698772464950303984 ) ) ;
#3697 = ORIENTED_EDGE ( 'NONE', *, *, #1931, .T. ) ;
#3698 = VERTEX_POINT ( 'NONE', #136 ) ;
#3699 = CARTESIAN_POINT ( 'NONE',  ( 28.72705943879719470, 25.91882203367040916, -0.3424907537205729158 ) ) ;
#3700 = CARTESIAN_POINT ( 'NONE',  ( -60.09705941389355388, 4.999999999999999112, -1.999999999999963585 ) ) ;
#3701 = DIRECTION ( 'NONE',  ( 0.6123724356957943593, 0.6123724356957965798, -0.4999999999999980016 ) ) ;
#3702 = EDGE_CURVE ( 'NONE', #937, #5425, #7740, .T. ) ;
#3703 = EDGE_CURVE ( 'NONE', #7524, #832, #852, .T. ) ;
#3704 = ORIENTED_EDGE ( 'NONE', *, *, #6473, .T. ) ;
#3705 = CARTESIAN_POINT ( 'NONE',  ( 29.18164813784609635, 33.56054937213813361, 0.6084307903934106365 ) ) ;
#3706 = CARTESIAN_POINT ( 'NONE',  ( 20.47465751108234500, 21.37101692516524665, 9.654596987655549967 ) ) ;
#3707 = ORIENTED_EDGE ( 'NONE', *, *, #6584, .F. ) ;
#3708 = ORIENTED_EDGE ( 'NONE', *, *, #8057, .F. ) ;
#3709 = CARTESIAN_POINT ( 'NONE',  ( -0.9404736198715928364, 3.473268198490901515, 61.24423644563530189 ) ) ;
#3710 = FACE_OUTER_BOUND ( 'NONE', #546, .T. ) ;
#3711 = B_SPLINE_CURVE_WITH_KNOTS ( 'NONE', 3,
 ( #6947, #6323, #877, #3576 ),
 .UNSPECIFIED., .F., .F.,
 ( 4, 4 ),
 ( 0.006372761156017744955, 0.007794874264743755811 ),
 .UNSPECIFIED. ) ;
#3712 = DIRECTION ( 'NONE',  ( -0.6123724356957944703, -0.6123724356957964687, 0.4999999999999980016 ) ) ;
#3713 = ADVANCED_FACE ( 'NONE', ( #6248 ), #6321, .F. ) ;
#3714 = CARTESIAN_POINT ( 'NONE',  ( 31.91729099570053663, 27.43936826151641029, -3.747883184456006322 ) ) ;
#3715 = CARTESIAN_POINT ( 'NONE',  ( 4.601863059212755402, -29.53018884427247315, 13.50627203714259750 ) ) ;
#3716 = ADVANCED_FACE ( 'NONE', ( #8491 ), #7017, .T. ) ;
#3717 = DIRECTION ( 'NONE',  ( 0.6123724356957944703, 0.6123724356957964687, -0.4999999999999980016 ) ) ;
#3718 = EDGE_CURVE ( 'NONE', #2249, #4104, #47, .T. ) ;
#3719 = VERTEX_POINT ( 'NONE', #8738 ) ;
#3720 = CARTESIAN_POINT ( 'NONE',  ( 27.20999684717725486, 23.31242426927932243, 1.869747093457492682 ) ) ;
#3721 = CARTESIAN_POINT ( 'NONE',  ( 27.82476422849560294, 28.55353840959254441, 3.049283183963448440 ) ) ;
#3722 = CARTESIAN_POINT ( 'NONE',  ( 22.38943325864798695, 19.59025094321049210, 3.035899099067470353 ) ) ;
#3723 = CARTESIAN_POINT ( 'NONE',  ( -4.999999999999849010, -60.09705941389336914, -2.000000000000112799 ) ) ;
#3724 =( BOUNDED_CURVE ( )  B_SPLINE_CURVE ( 2, ( #2188, #4267, #7724, #2278, #7635, #818, #277 ),
 .UNSPECIFIED., .F., .T. ) 
 B_SPLINE_CURVE_WITH_KNOTS ( ( 3, 2, 2, 3 ),
 ( 0.8999999999999995781, 0.9083333333333331039, 0.9166666666666666297, 0.9186968364520596841 ),
 .UNSPECIFIED. ) 
 CURVE ( )  GEOMETRIC_REPRESENTATION_ITEM ( )  RATIONAL_B_SPLINE_CURVE ( ( 1.000000000000003997, 0.9238795325112826307, 1.000000000000000000, 0.9238795325112867385, 1.000000000000000000, 0.9814555032225306119, 0.9719466409353660907 ) ) 
 REPRESENTATION_ITEM ( '' )  );
#3725 = CARTESIAN_POINT ( 'NONE',  ( 3.571078382706458942, -1.436829791770927400, 57.34375000429725588 ) ) ;
#3726 = CARTESIAN_POINT ( 'NONE',  ( 26.71090533517886101, 22.73787727132662084, 5.516139064077274057 ) ) ;
#3727 = CARTESIAN_POINT ( 'NONE',  ( -0.8526296638860673127, 3.765498052611152335, 61.58407987251593596 ) ) ;
#3728 = CARTESIAN_POINT ( 'NONE',  ( -13.35772755334122408, -6.937332457858510715, 54.46875000429726299 ) ) ;
#3729 = CARTESIAN_POINT ( 'NONE',  ( 26.58731628735162644, 27.42633596087409842, -2.585247753654708713 ) ) ;
#3730 = VECTOR ( 'NONE', #2867, 1000.000000000000000 ) ;
#3731 = CARTESIAN_POINT ( 'NONE',  ( 27.97522148060495084, 27.13620180708226570, 4.871116696888011965 ) ) ;
#3732 = CARTESIAN_POINT ( 'NONE',  ( 27.56771756782196903, 30.86096751969397900, 1.266659047710565700 ) ) ;
#3733 =( BOUNDED_CURVE ( )  B_SPLINE_CURVE ( 2, ( #5823, #8531, #6633, #7875, #7209, #563, #1134, #3842, #6535 ),
 .UNSPECIFIED., .F., .F. ) 
 B_SPLINE_CURVE_WITH_KNOTS ( ( 3, 2, 2, 2, 3 ),
 ( 0.06666666666666681840, 0.07500000000000010825, 0.08333333333333339810, 0.09166666666666670182, 0.1000000000000000056 ),
 .UNSPECIFIED. ) 
 CURVE ( )  GEOMETRIC_REPRESENTATION_ITEM ( )  RATIONAL_B_SPLINE_CURVE ( ( 0.9999999999999985567, 0.9238795325112881818, 1.000000000000000000, 0.9238795325112867385, 1.000000000000000000, 0.9238795325112867385, 1.000000000000000000, 0.9238795325112867385, 1.000000000000000000 ) ) 
 REPRESENTATION_ITEM ( '' )  );
#3734 = CARTESIAN_POINT ( 'NONE',  ( 22.29221913448141379, 19.49303681904447672, 3.115274099067760538 ) ) ;
#3735 = AXIS2_PLACEMENT_3D ( 'NONE', #2223, #2886, #7751 ) ;
#3736 = CIRCLE ( 'NONE', #5136, 11.01313751143150022 ) ;
#3737 = VECTOR ( 'NONE', #8576, 1000.000000000000000 ) ;
#3738 = CARTESIAN_POINT ( 'NONE',  ( 27.77099481888272337, 31.21970831304872007, -2.648762234761777634 ) ) ;
#3739 = LINE ( 'NONE', #7908, #4028 ) ;
#3740 = CARTESIAN_POINT ( 'NONE',  ( 24.42359593503782023, 21.99381752201601969, 1.652304770572599946 ) ) ;
#3741 = EDGE_LOOP ( 'NONE', ( #82, #2581, #2796, #8448 ) ) ;
#3742 = EDGE_LOOP ( 'NONE', ( #1102, #2976, #1950 ) ) ;
#3743 = CARTESIAN_POINT ( 'NONE',  ( 27.49754580869448617, 28.11193086343937608, -2.178582474831769478 ) ) ;
#3744 = CARTESIAN_POINT ( 'NONE',  ( -35.96437351171365293, -1.767949192431143679, 12.20096189432334377 ) ) ;
#3745 = VECTOR ( 'NONE', #1644, 1000.000000000000227 ) ;
#3746 = CARTESIAN_POINT ( 'NONE',  ( 2.787913931746929475, -8.667827467834110067, 57.68125000429726157 ) ) ;
#3747 = CARTESIAN_POINT ( 'NONE',  ( -28.74045774387836261, -2.000000000000000444, 0.000000000000000000 ) ) ;
#3748 = ORIENTED_EDGE ( 'NONE', *, *, #7617, .T. ) ;
#3749 = CARTESIAN_POINT ( 'NONE',  ( 19.79578132314182426, 19.79578132314167505, 7.254809471616630034 ) ) ;
#3750 = DIRECTION ( 'NONE',  ( -0.7071067811865487940, 0.7071067811865462405, 0.000000000000000000 ) ) ;
#3751 = AXIS2_PLACEMENT_3D ( 'NONE', #4208, #3543, #4253 ) ;
#3752 = CARTESIAN_POINT ( 'NONE',  ( 21.71821513009319560, 21.10383007534807120, 8.830076418065063493 ) ) ;
#3753 = ORIENTED_EDGE ( 'NONE', *, *, #6519, .T. ) ;
#3754 = CARTESIAN_POINT ( 'NONE',  ( 22.83189949353864279, 18.58925880641918482, 0.1681342116084714178 ) ) ;
#3755 = DIRECTION ( 'NONE',  ( -0.1898979485566344994, -0.4999999999999980016, -0.8449489742783193869 ) ) ;
#3756 = CARTESIAN_POINT ( 'NONE',  ( -1.312788713530040008, -11.64716239584722679, 59.40625000429724878 ) ) ;
#3757 = CARTESIAN_POINT ( 'NONE',  ( 6.667459821652518492, -3.847162317494146944, 55.70625000429729567 ) ) ;
#3758 = CARTESIAN_POINT ( 'NONE',  ( -12.24036608782019897, -9.304250335512662673, 54.99999999999996447 ) ) ;
#3759 = VERTEX_POINT ( 'NONE', #8690 ) ;
#3760 = CARTESIAN_POINT ( 'NONE',  ( 54.32066644360193663, 49.93981447026727949, -18.34226454171595222 ) ) ;
#3761 = VECTOR ( 'NONE', #4876, 1000.000000000000114 ) ;
#3762 = EDGE_LOOP ( 'NONE', ( #2136, #1013, #151, #8656 ) ) ;
#3763 = CARTESIAN_POINT ( 'NONE',  ( 17.96675319504606350, 23.86624813165757431, 15.00000000000001421 ) ) ;
#3764 = CARTESIAN_POINT ( 'NONE',  ( 26.62261869119411983, 27.23700374593900619, -1.464207474831768829 ) ) ;
#3765 = CARTESIAN_POINT ( 'NONE',  ( 1.479620088429189018, 3.915861806312193938, 62.76318450094998980 ) ) ;
#3766 = EDGE_CURVE ( 'NONE', #4413, #6003, #3912, .T. ) ;
#3767 = CARTESIAN_POINT ( 'NONE',  ( 29.55102171910147391, 31.98080013212305772, 1.113598935451160621 ) ) ;
#3768 = AXIS2_PLACEMENT_3D ( 'NONE', #6055, #4842, #3400 ) ;
#3769 = B_SPLINE_CURVE_WITH_KNOTS ( 'NONE', 3,
 ( #592, #4658, #8385, #3018 ),
 .UNSPECIFIED., .F., .F.,
 ( 4, 4 ),
 ( 0.006372761156017749291, 0.007794874264743748872 ),
 .UNSPECIFIED. ) ;
#3770 = EDGE_CURVE ( 'NONE', #1969, #4766, #3634, .T. ) ;
#3771 = AXIS2_PLACEMENT_3D ( 'NONE', #2138, #2229, #5780 ) ;
#3772 = CARTESIAN_POINT ( 'NONE',  ( 4.354242928328329931, -3.847162340206101039, 59.95625000429726015 ) ) ;
#3773 = VERTEX_POINT ( 'NONE', #6112 ) ;
#3774 = CARTESIAN_POINT ( 'NONE',  ( 22.78554041337304525, 26.68311299127315550, 3.222504054758648984 ) ) ;
#3775 = CARTESIAN_POINT ( 'NONE',  ( 29.24370898492466253, 32.40653581349997125, 0.1090673071086648571 ) ) ;
#3776 = CARTESIAN_POINT ( 'NONE',  ( 2.030690022762220881, 4.243007580729762473, 62.61875000429725446 ) ) ;
#3777 = AXIS2_PLACEMENT_3D ( 'NONE', #3887, #2606, #5918 ) ;
#3778 = CARTESIAN_POINT ( 'NONE',  ( 32.56616805230966349, 27.72565323242979574, -1.881092424455043988 ) ) ;
#3779 = CARTESIAN_POINT ( 'NONE',  ( 30.79499369538918074, 31.79022603506491507, 1.483360559991452110 ) ) ;
#3780 =( BOUNDED_CURVE ( )  B_SPLINE_CURVE ( 2, ( #7665, #6417, #6957, #8336, #7797, #8459, #6339, #306, #1597, #6288, #4293 ),
 .UNSPECIFIED., .F., .T. ) 
 B_SPLINE_CURVE_WITH_KNOTS ( ( 3, 2, 2, 2, 2, 3 ),
 ( 0.1615847442021837166, 0.1631317841942719615, 0.1652917351967979065, 0.1674516861993238792, 0.1696116372018498242, 0.1702245482122724252 ),
 .UNSPECIFIED. ) 
 CURVE ( )  GEOMETRIC_REPRESENTATION_ITEM ( )  RATIONAL_B_SPLINE_CURVE ( ( 0.9690584114090139423, 0.9454795931556903010, 1.000000000000000000, 0.9238795325112867385, 1.000000000000000000, 0.9238795325112867385, 1.000000000000000000, 0.9238795325112867385, 1.000000000000000000, 0.9783999393561308988, 0.9690584114094762391 ) ) 
 REPRESENTATION_ITEM ( '' )  );
#3781 = CARTESIAN_POINT ( 'NONE',  ( 25.54124370645106268, 22.24799375457832440, 2.206050132732209068 ) ) ;
#3782 = EDGE_LOOP ( 'NONE', ( #1617, #6281, #3446, #5853, #2556, #2848 ) ) ;
#3783 = DIRECTION ( 'NONE',  ( 0.000000000000000000, -1.000000000000000000, 0.000000000000000000 ) ) ;
#3784 = PLANE ( 'NONE',  #5602 ) ;
#3785 = CARTESIAN_POINT ( 'NONE',  ( 22.06781908164723660, 21.34732317618122721, 9.087788516794658378 ) ) ;
#3786 = ORIENTED_EDGE ( 'NONE', *, *, #4987, .T. ) ;
#3787 = CARTESIAN_POINT ( 'NONE',  ( 32.44825884903400492, 28.90371745571963302, -2.130485500812620003 ) ) ;
#3788 = DIRECTION ( 'NONE',  ( -0.000000000000000000, -0.8660254037844362651, -0.5000000000000043299 ) ) ;
#3789 = CARTESIAN_POINT ( 'NONE',  ( 27.64289230615424486, 31.44560979859831207, -1.402594393210198298 ) ) ;
#3790 = CARTESIAN_POINT ( 'NONE',  ( 23.04772520890353604, 26.94529778680458065, 2.655227280839444592 ) ) ;
#3791 = ORIENTED_EDGE ( 'NONE', *, *, #2041, .F. ) ;
#3792 = CARTESIAN_POINT ( 'NONE',  ( 3.952837579268113188, -3.847166101902174784, 57.95618512006078760 ) ) ;
#3793 = CARTESIAN_POINT ( 'NONE',  ( -12.35367056493147331, 2.333177383248123959, 57.80625000429725446 ) ) ;
#3794 = EDGE_CURVE ( 'NONE', #2386, #1405, #4197, .T. ) ;
#3795 = CARTESIAN_POINT ( 'NONE',  ( -29.32557826467682816, -3.940700701274769457, 0.7022312254087079708 ) ) ;
#3796 = ORIENTED_EDGE ( 'NONE', *, *, #2967, .T. ) ;
#3797 = ORIENTED_EDGE ( 'NONE', *, *, #6688, .F. ) ;
#3798 = CARTESIAN_POINT ( 'NONE',  ( 20.41885546862500078, 19.69008128752782127, 4.395960759269838647 ) ) ;
#3799 = ORIENTED_EDGE ( 'NONE', *, *, #2422, .F. ) ;
#3800 = CARTESIAN_POINT ( 'NONE',  ( 23.62739435125194376, 17.30713501370737006, 1.101826079850561468 ) ) ;
#3801 = CARTESIAN_POINT ( 'NONE',  ( 0.000000000000000000, 0.000000000000000000, 0.000000000000000000 ) ) ;
#3802 = CARTESIAN_POINT ( 'NONE',  ( 24.47498047934492860, 20.50195241549180736, 7.341764064077732854 ) ) ;
#3803 = CARTESIAN_POINT ( 'NONE',  ( 23.66188157879632215, 19.76430900089503950, 6.042532958034859014 ) ) ;
#3804 = CARTESIAN_POINT ( 'NONE',  ( -14.36178466311282165, -3.847162523967250891, 57.08125000429730278 ) ) ;
#3805 = ORIENTED_EDGE ( 'NONE', *, *, #7561, .T. ) ;
#3806 = DIRECTION ( 'NONE',  ( 0.6123724356957943593, 0.6123724356957965798, -0.4999999999999980016 ) ) ;
#3807 = DIRECTION ( 'NONE',  ( -0.7674234614174770819, 0.6123724356957943593, -0.1898979485566345826 ) ) ;
#3808 = EDGE_LOOP ( 'NONE', ( #1459, #5205, #7177, #3224 ) ) ;
#3809 = FACE_OUTER_BOUND ( 'NONE', #2593, .T. ) ;
#3810 = CARTESIAN_POINT ( 'NONE',  ( 27.06499195926209467, 26.45060690451699159, 4.464451418065086941 ) ) ;
#3811 = CARTESIAN_POINT ( 'NONE',  ( 28.77611822408507436, 33.96631013181890069, 0.6087135177497010607 ) ) ;
#3812 = CARTESIAN_POINT ( 'NONE',  ( 30.96053445461576814, 27.06296187671539855, -0.2699959452198056331 ) ) ;
#3813 = EDGE_CURVE ( 'NONE', #6942, #718, #4044, .T. ) ;
#3814 = CARTESIAN_POINT ( 'NONE',  ( -0.5979655565848825960, 6.152837611171149135, 62.75625000429725020 ) ) ;
#3815 = EDGE_LOOP ( 'NONE', ( #8402, #1483, #7836, #31 ) ) ;
#3816 = CARTESIAN_POINT ( 'NONE',  ( -3.717034349107231961, 4.030815132575881421, 62.24321068451047978 ) ) ;
#3817 = ORIENTED_EDGE ( 'NONE', *, *, #662, .F. ) ;
#3818 = EDGE_CURVE ( 'NONE', #3719, #4682, #2809, .T. ) ;
#3819 = CYLINDRICAL_SURFACE ( 'NONE', #6857, 3.174999999999992273 ) ;
#3820 = CARTESIAN_POINT ( 'NONE',  ( -3.847162420730151577, -3.847162420730698251, 15.00000000000000000 ) ) ;
#3821 = CARTESIAN_POINT ( 'NONE',  ( 4.659345723471169265, -10.02750222470952046, 55.43125000429726157 ) ) ;
#3822 = CARTESIAN_POINT ( 'NONE',  ( 33.34388104564331456, 28.50336622576346102, -2.516092424455043108 ) ) ;
#3823 = CARTESIAN_POINT ( 'NONE',  ( 25.67168978102218446, 29.68772713528976226, -1.492654378316076391 ) ) ;
#3824 = DIRECTION ( 'NONE',  ( -1.000000000000000000, -1.700709290173340163E-16, 0.000000000000000000 ) ) ;
#3825 = CARTESIAN_POINT ( 'NONE',  ( 27.66788662372761110, 31.26293996338241854, -4.299114349365857457 ) ) ;
#3826 = EDGE_CURVE ( 'NONE', #2602, #1012, #8467, .T. ) ;
#3827 = CARTESIAN_POINT ( 'NONE',  ( 28.53605124585918773, 29.39069249963701225, 2.874408963332550915 ) ) ;
#3828 = DIRECTION ( 'NONE',  ( -0.000000000000000000, -0.000000000000000000, -1.000000000000000000 ) ) ;
#3829 = CARTESIAN_POINT ( 'NONE',  ( 29.24678270536058733, 33.73056879192603930, 0.6424344303267853773 ) ) ;
#3830 = EDGE_CURVE ( 'NONE', #6593, #7811, #587, .T. ) ;
#3831 = EDGE_LOOP ( 'NONE', ( #3138, #444, #5869, #1983, #6017, #3036, #2117, #7713 ) ) ;
#3832 = CARTESIAN_POINT ( 'NONE',  ( 19.20146364585409415, 24.04197846573372743, 6.448992617688338314 ) ) ;
#3833 = CARTESIAN_POINT ( 'NONE',  ( -11.64716242073014918, -5.082561094514375988, 56.65172463929457791 ) ) ;
#3834 = DIRECTION ( 'NONE',  ( 0.7071067811865463515, 0.7071067811865487940, 0.000000000000000000 ) ) ;
#3835 = ORIENTED_EDGE ( 'NONE', *, *, #7782, .T. ) ;
#3836 = CARTESIAN_POINT ( 'NONE',  ( 28.65453840501836069, 33.98058143115227381, 0.4772879585496700439 ) ) ;
#3837 = ADVANCED_FACE ( 'NONE', ( #6790 ), #3955, .T. ) ;
#3838 = CARTESIAN_POINT ( 'NONE',  ( -3.847162518913948226, 6.152837579269300861, 60.14375000429726015 ) ) ;
#3839 = CARTESIAN_POINT ( 'NONE',  ( 2.787913837084587954, 0.9735027566642469044, 60.98125000429725873 ) ) ;
#3840 = VERTEX_POINT ( 'NONE', #7364 ) ;
#3841 = CARTESIAN_POINT ( 'NONE',  ( 20.90462068855923405, 22.97655410549818811, 7.904739949861794734 ) ) ;
#3842 = CARTESIAN_POINT ( 'NONE',  ( 23.60005336184422831, 19.62702529799197038, 8.056139064077260770 ) ) ;
#3843 = ORIENTED_EDGE ( 'NONE', *, *, #8140, .T. ) ;
#3844 = CARTESIAN_POINT ( 'NONE',  ( 1.988900546185118356, 4.049131684413876719, 61.57357283036287043 ) ) ;
#3845 =( LENGTH_UNIT ( ) NAMED_UNIT ( * ) SI_UNIT ( .MILLI., .METRE. ) );
#3846 = CARTESIAN_POINT ( 'NONE',  ( 25.23355589064468418, 29.61440786397925962, 0.2225084849494987915 ) ) ;
#3847 = CARTESIAN_POINT ( 'NONE',  ( -11.64716242073014918, -2.611763825451610455, 56.51077536504075027 ) ) ;
#3848 = CARTESIAN_POINT ( 'NONE',  ( 2.030690181626937374, -11.93733230676918566, 58.04375000429730136 ) ) ;
#3849 = VERTEX_POINT ( 'NONE', #5365 ) ;
#3850 = CARTESIAN_POINT ( 'NONE',  ( -13.58320398795778594, -1.552315161596149906, 55.00000000000001421 ) ) ;
#3851 = FACE_OUTER_BOUND ( 'NONE', #4530, .T. ) ;
#3852 = ORIENTED_EDGE ( 'NONE', *, *, #7117, .F. ) ;
#3853 = CARTESIAN_POINT ( 'NONE',  ( 23.82543820223719777, 27.72301078013824593, 2.020227280839447026 ) ) ;
#3854 = CARTESIAN_POINT ( 'NONE',  ( 27.95726410890190294, 25.01645901502299907, 3.483291884747150124 ) ) ;
#3855 = CARTESIAN_POINT ( 'NONE',  ( -1.999999999999853451, -29.58039891549810108, 2.999999999999999112 ) ) ;
#3856 = CARTESIAN_POINT ( 'NONE',  ( 4.659345723471169265, -10.02750222470952046, 59.18125000429726867 ) ) ;
#3857 = VERTEX_POINT ( 'NONE', #6072 ) ;
#3858 = DIRECTION ( 'NONE',  ( 0.4999999999999978351, 0.000000000000000000, -0.8660254037844399289 ) ) ;
#3859 = DIRECTION ( 'NONE',  ( 1.000000000000000000, 0.000000000000000000, -0.000000000000000000 ) ) ;
#3860 = CARTESIAN_POINT ( 'NONE',  ( -3.847162518913948226, 6.152837579269300861, 53.64375000429726015 ) ) ;
#3861 = CARTESIAN_POINT ( 'NONE',  ( 27.92708546811855896, 31.76208505449545072, 1.032064145391614618 ) ) ;
#3862 = CARTESIAN_POINT ( 'NONE',  ( 25.38824533741575706, 27.81577385131078373, -1.433716690985395559 ) ) ;
#3863 = EDGE_CURVE ( 'NONE', #3366, #2563, #2874, .T. ) ;
#3864 = CARTESIAN_POINT ( 'NONE',  ( 27.19220782615094123, 26.36217353737932712, 5.464450085735268026 ) ) ;
#3865 = CARTESIAN_POINT ( 'NONE',  ( 25.65586184763514055, 21.85314435519084597, 4.720338336443496985 ) ) ;
#3866 = AXIS2_PLACEMENT_3D ( 'NONE', #839, #5438, #166 ) ;
#3867 = DIRECTION ( 'NONE',  ( 0.6123724356957943593, 0.6123724356957965798, -0.4999999999999980016 ) ) ;
#3868 = DIRECTION ( 'NONE',  ( 0.000000000000000000, -1.000000000000000000, 0.000000000000000000 ) ) ;
#3869 = CARTESIAN_POINT ( 'NONE',  ( -29.17588010445364333, 3.640280363561136934, 0.4429464061025738530 ) ) ;
#3870 = ORIENTED_EDGE ( 'NONE', *, *, #2210, .F. ) ;
#3871 = CARTESIAN_POINT ( 'NONE',  ( 32.58450752105228077, 29.34183427745565709, -1.268284308032732621 ) ) ;
#3872 = EDGE_CURVE ( 'NONE', #7484, #3366, #6029, .T. ) ;
#3873 = CARTESIAN_POINT ( 'NONE',  ( 28.21266185415718297, 28.93315775962295788, -3.305634810770912146 ) ) ;
#3874 = ADVANCED_FACE ( 'NONE', ( #1425 ), #721, .F. ) ;
#3875 = AXIS2_PLACEMENT_3D ( 'NONE', #1209, #2504, #1827 ) ;
#3876 = CARTESIAN_POINT ( 'NONE',  ( 25.20130892837148195, 22.77153051534968142, 1.017304770572604600 ) ) ;
#3877 = AXIS2_PLACEMENT_3D ( 'NONE', #6243, #2801, #6107 ) ;
#3878 = EDGE_CURVE ( 'NONE', #6368, #2776, #8259, .T. ) ;
#3879 = ORIENTED_EDGE ( 'NONE', *, *, #7634, .F. ) ;
#3880 = DIRECTION ( 'NONE',  ( 0.000000000000000000, -0.8660254037844362651, -0.5000000000000039968 ) ) ;
#3881 = CARTESIAN_POINT ( 'NONE',  ( 4.659345602109324247, 2.333177550288373592, 59.73125000429725162 ) ) ;
#3882 = CARTESIAN_POINT ( 'NONE',  ( 21.45199498680005945, 15.88407985065584960, 14.77230290440692073 ) ) ;
#3883 = ORIENTED_EDGE ( 'NONE', *, *, #7091, .T. ) ;
#3884 = CARTESIAN_POINT ( 'NONE',  ( 21.97428145529231713, 21.24550727419514473, 3.125960759269838629 ) ) ;
#3885 = CARTESIAN_POINT ( 'NONE',  ( 23.96111751460550465, 20.06354493670511019, 5.445004054758685541 ) ) ;
#3886 = VERTEX_POINT ( 'NONE', #3638 ) ;
#3887 = CARTESIAN_POINT ( 'NONE',  ( -53.51693657151911054, 5.000000000000000000, 15.00000000000000000 ) ) ;
#3888 = CARTESIAN_POINT ( 'NONE',  ( -4.369614819336569589, -29.40240786209382762, 13.85042336158019971 ) ) ;
#3889 = FACE_OUTER_BOUND ( 'NONE', #3782, .T. ) ;
#3890 = CARTESIAN_POINT ( 'NONE',  ( 28.51392308115068275, 25.71474076571376699, -1.964725900932222658 ) ) ;
#3891 = CARTESIAN_POINT ( 'NONE',  ( -13.35772761402214925, -0.7569925703595637989, 59.69375000429730704 ) ) ;
#3892 = VERTEX_POINT ( 'NONE', #3552 ) ;
#3893 = CARTESIAN_POINT ( 'NONE',  ( 51.88409695360144980, 51.88409695360142138, -18.94519052838326800 ) ) ;
#3894 = AXIS2_PLACEMENT_3D ( 'NONE', #8745, #2061, #6705 ) ;
#3895 = CARTESIAN_POINT ( 'NONE',  ( 5.000000000000150102, -35.84834810792915505, 12.00000000000000178 ) ) ;
#3896 = ORIENTED_EDGE ( 'NONE', *, *, #6035, .T. ) ;
#3897 = CARTESIAN_POINT ( 'NONE',  ( 17.01664322823236475, 24.08771104009769104, 12.87845415495617019 ) ) ;
#3898 = CARTESIAN_POINT ( 'NONE',  ( 27.09926194332657801, 29.90749934845315394, 1.596484696953878846 ) ) ;
#3899 = FACE_OUTER_BOUND ( 'NONE', #428, .T. ) ;
#3900 = AXIS2_PLACEMENT_3D ( 'NONE', #6318, #4405, #5067 ) ;
#3901 = CARTESIAN_POINT ( 'NONE',  ( 5.000000000000138556, -29.58039891549805489, 12.00000000000000000 ) ) ;
#3902 = CARTESIAN_POINT ( 'NONE',  ( 5.663402772561845211, -6.937332271101833925, 56.56875000429725731 ) ) ;
#3903 = AXIS2_PLACEMENT_3D ( 'NONE', #187, #1660, #6303 ) ;
#3904 = EDGE_LOOP ( 'NONE', ( #8571, #8391, #7270, #4214 ) ) ;
#3905 = CARTESIAN_POINT ( 'NONE',  ( 18.90734140310952682, 18.76895824226220100, 4.756863834191536355 ) ) ;
#3906 = ADVANCED_FACE ( 'NONE', ( #6250 ), #2231, .F. ) ;
#3907 = CARTESIAN_POINT ( 'NONE',  ( 5.000000000000150102, -51.00379267415675599, -7.850000000000080469 ) ) ;
#3908 = CARTESIAN_POINT ( 'NONE',  ( -13.35772755334122408, -6.937332457858510715, 57.21875000429725588 ) ) ;
#3909 = CARTESIAN_POINT ( 'NONE',  ( 29.11432090173630627, 28.11908856206037655, -3.563116616758121857 ) ) ;
#3910 = CARTESIAN_POINT ( 'NONE',  ( 27.99999606124358209, 31.83499564762047740, 0.9725328953916201336 ) ) ;
#3911 = DIRECTION ( 'NONE',  ( -1.000000000000000000, 0.000000000000000000, 0.000000000000000000 ) ) ;
#3912 = CIRCLE ( 'NONE', #372, 3.174999999999997602 ) ;
#3913 = DIRECTION ( 'NONE',  ( 0.6123724356957943593, 0.6123724356957964687, -0.4999999999999978351 ) ) ;
#3914 = CIRCLE ( 'NONE', #7132, 0.7500000000000006661 ) ;
#3915 = AXIS2_PLACEMENT_3D ( 'NONE', #3319, #5971, #6019 ) ;
#3916 = FACE_OUTER_BOUND ( 'NONE', #8435, .T. ) ;
#3917 = DIRECTION ( 'NONE',  ( -1.000000000000000000, 0.000000000000000000, 0.000000000000000000 ) ) ;
#3918 = CARTESIAN_POINT ( 'NONE',  ( 20.21846579909756514, 22.64824421211911698, 8.733598935451132306 ) ) ;
#3919 = ORIENTED_EDGE ( 'NONE', *, *, #8596, .T. ) ;
#3920 = CARTESIAN_POINT ( 'NONE',  ( 22.65973571378532014, 18.23145962671145881, 7.536840448547139637 ) ) ;
#3921 = CARTESIAN_POINT ( 'NONE',  ( 26.03712651147816359, 27.02170052481072560, 5.333772464950301107 ) ) ;
#3922 = VECTOR ( 'NONE', #70, 1000.000000000000114 ) ;
#3923 = CARTESIAN_POINT ( 'NONE',  ( 21.53509842687248010, 23.93662960318415145, 1.756511868327100601 ) ) ;
#3924 = CARTESIAN_POINT ( 'NONE',  ( -8.011175953459542143, 7.407214119053565859, 15.00000000000000000 ) ) ;
#3925 = EDGE_LOOP ( 'NONE', ( #8666, #6110, #6862, #8027 ) ) ;
#3926 = DIRECTION ( 'NONE',  ( -0.8660254037844398178, -1.255248039901265127E-16, -0.4999999999999980016 ) ) ;
#3927 = CARTESIAN_POINT ( 'NONE',  ( 5.663402711880920926, -0.7569923836028872310, 62.34375000429726299 ) ) ;
#3928 = CARTESIAN_POINT ( 'NONE',  ( 21.63613771870294400, 15.89789926815411647, 14.70290865593157470 ) ) ;
#3929 = ORIENTED_EDGE ( 'NONE', *, *, #6868, .F. ) ;
#3930 = EDGE_CURVE ( 'NONE', #832, #7335, #7924, .T. ) ;
#3931 = ORIENTED_EDGE ( 'NONE', *, *, #2509, .F. ) ;
#3932 = CARTESIAN_POINT ( 'NONE',  ( 24.67112891569741251, 21.12658752238301574, 4.219514499187352108 ) ) ;
#3933 = CARTESIAN_POINT ( 'NONE',  ( -37.58039891549807976, 2.000000000000001776, 15.00000000000000000 ) ) ;
#3934 = ORIENTED_EDGE ( 'NONE', *, *, #6035, .F. ) ;
#3935 = CARTESIAN_POINT ( 'NONE',  ( 17.93579176777276984, 21.90881983162730862, 4.865979879156901333 ) ) ;
#3936 = DIRECTION ( 'NONE',  ( 0.000000000000000000, 0.000000000000000000, -1.000000000000000000 ) ) ;
#3937 = CARTESIAN_POINT ( 'NONE',  ( 19.59995195328814788, 23.49752453118584938, 6.746084235070338053 ) ) ;
#3938 = CARTESIAN_POINT ( 'NONE',  ( 54.32066644360193663, 49.93981447026727949, -18.34226454171595222 ) ) ;
#3939 = ORIENTED_EDGE ( 'NONE', *, *, #6640, .T. ) ;
#3940 = CARTESIAN_POINT ( 'NONE',  ( 2.391767351292891863, -29.25249787190121253, 14.97592621144833558 ) ) ;
#3941 = EDGE_LOOP ( 'NONE', ( #2178, #4149, #2662, #2702 ) ) ;
#3942 = CARTESIAN_POINT ( 'NONE',  ( -11.26540327149793264, -1.436829937441292504, 61.19375000429726441 ) ) ;
#3943 = ORIENTED_EDGE ( 'NONE', *, *, #3813, .F. ) ;
#3944 = ADVANCED_FACE ( 'NONE', ( #4261 ), #6457, .F. ) ;
#3945 = DIRECTION ( 'NONE',  ( 1.000000000000000000, 0.000000000000000000, 0.000000000000000000 ) ) ;
#3946 = CARTESIAN_POINT ( 'NONE',  ( 28.95575767119509791, 29.57014272593999493, -3.369207474831765303 ) ) ;
#3947 = CARTESIAN_POINT ( 'NONE',  ( 27.80013764613017102, 24.00620854700309437, 0.3073029757792097860 ) ) ;
#3948 = CARTESIAN_POINT ( 'NONE',  ( -2.083439512346564104, 3.977313414420391879, 55.00000000000000000 ) ) ;
#3949 = CARTESIAN_POINT ( 'NONE',  ( -13.35772761402214925, -0.7569925703595637989, 57.94375000429725731 ) ) ;
#3950 = CARTESIAN_POINT ( 'NONE',  ( -29.39159543048700129, 3.500552555149236245, 14.60522045248278822 ) ) ;
#3951 = VERTEX_POINT ( 'NONE', #2978 ) ;
#3952 = ADVANCED_FACE ( 'NONE', ( #7535 ), #5703, .F. ) ;
#3953 = CARTESIAN_POINT ( 'NONE',  ( 27.84968248127385237, 23.95210990337347567, 2.270004054758865575 ) ) ;
#3954 = CARTESIAN_POINT ( 'NONE',  ( 22.50794774233614959, 25.80119769420813114, 5.397943810500998474 ) ) ;
#3955 = CYLINDRICAL_SURFACE ( 'NONE', #1516, 2.999999999999999112 ) ;
#3956 = CARTESIAN_POINT ( 'NONE',  ( 26.85409251486035132, 25.85886017518441449, -1.717647866758126307 ) ) ;
#3957 = CARTESIAN_POINT ( 'NONE',  ( 34.11600667473001636, 30.59985395823655097, 0.9432055721709023954 ) ) ;
#3958 = CARTESIAN_POINT ( 'NONE',  ( 25.30924350167781611, 23.22463880186185037, 6.293050084604400851 ) ) ;
#3959 =( BOUNDED_CURVE ( )  B_SPLINE_CURVE ( 2, ( #7316, #7355, #5355, #2037, #6104, #2616, #4728, #3450, #6149, #712, #2575 ),
 .UNSPECIFIED., .F., .T. ) 
 B_SPLINE_CURVE_WITH_KNOTS ( ( 3, 2, 2, 2, 2, 3 ),
 ( 0.05789939861110841163, 0.05944670070515391952, 0.06160701764994086505, 0.06376733459472783139, 0.06592765153951478385, 0.06654066639027485242 ),
 .UNSPECIFIED. ) 
 CURVE ( )  GEOMETRIC_REPRESENTATION_ITEM ( )  RATIONAL_B_SPLINE_CURVE ( ( 0.9690584114100418978, 0.9454795931545019183, 1.000000000000000000, 0.9238795325112867385, 1.000000000000000000, 0.9238795325112867385, 1.000000000000000000, 0.9238795325112867385, 1.000000000000000000, 0.9783999393561292335, 0.9690584114094749069 ) ) 
 REPRESENTATION_ITEM ( '' )  );
#3960 = CARTESIAN_POINT ( 'NONE',  ( 19.24023947710790949, 21.32484417692361589, 4.168443858628876342 ) ) ;
#3961 = CARTESIAN_POINT ( 'NONE',  ( 26.60698640064414278, 22.22613442730938971, 4.285860458283955232 ) ) ;
#3962 = CARTESIAN_POINT ( 'NONE',  ( 27.07196948794555169, 23.17439691004517144, 2.905004054774577238 ) ) ;
#3963 = VERTEX_POINT ( 'NONE', #7669 ) ;
#3964 = CARTESIAN_POINT ( 'NONE',  ( 30.44985098189600947, 28.37791756495682804, -2.999496006628493916 ) ) ;
#3965 = CARTESIAN_POINT ( 'NONE',  ( 19.90701178871795562, 20.90224412839365087, 10.37336055999141315 ) ) ;
#3966 = ORIENTED_EDGE ( 'NONE', *, *, #463, .T. ) ;
#3967 = EDGE_CURVE ( 'NONE', #3892, #4663, #5889, .T. ) ;
#3968 = CARTESIAN_POINT ( 'NONE',  ( 3.571078430037629481, -6.257494904020105331, 57.06875000429725731 ) ) ;
#3969 = DIRECTION ( 'NONE',  ( -0.000000000000000000, 0.8660254037844363761, 0.5000000000000039968 ) ) ;
#3970 = ORIENTED_EDGE ( 'NONE', *, *, #6012, .T. ) ;
#3971 =( BOUNDED_CURVE ( )  B_SPLINE_CURVE ( 2, ( #7668, #2139, #809, #4866, #8378, #95, #227, #4992, #4298, #271, #3551 ),
 .UNSPECIFIED., .F., .T. ) 
 B_SPLINE_CURVE_WITH_KNOTS ( ( 3, 2, 2, 2, 2, 3 ),
 ( 0.2047848799493722505, 0.2063320733999130796, 0.2084922386584754095, 0.2106524039170377394, 0.2128125691756000692, 0.2134255409836443296 ),
 .UNSPECIFIED. ) 
 CURVE ( )  GEOMETRIC_REPRESENTATION_ITEM ( )  RATIONAL_B_SPLINE_CURVE ( ( 0.9690584114101681301, 0.9454795931543559240, 1.000000000000000000, 0.9238795325112867385, 1.000000000000000000, 0.9238795325112867385, 1.000000000000000000, 0.9238795325112867385, 1.000000000000000000, 0.9783999393561285673, 0.9690584114094742407 ) ) 
 REPRESENTATION_ITEM ( '' )  );
#3972 = LINE ( 'NONE', #1400, #3323 ) ;
#3973 = CARTESIAN_POINT ( 'NONE',  ( -0.5979653602172937399, -13.84716238882884909, 58.90625000429725588 ) ) ;
#3974 = CARTESIAN_POINT ( 'NONE',  ( 21.98818783267114085, 15.93923588581442807, 14.54496732713263896 ) ) ;
#3975 = ORIENTED_EDGE ( 'NONE', *, *, #6698, .T. ) ;
#3976 = CARTESIAN_POINT ( 'NONE',  ( 20.26721055975514219, 23.81175195306929027, 5.924479444045918974 ) ) ;
#3977 = FACE_OUTER_BOUND ( 'NONE', #5032, .T. ) ;
#3978 = VERTEX_POINT ( 'NONE', #8340 ) ;
#3979 = CARTESIAN_POINT ( 'NONE',  ( 29.87188850981258881, 28.91482859641033443, -4.058571642719390304 ) ) ;
#3980 = PERSON_AND_ORGANIZATION ( #3255, #2214 ) ;
#3981 = EDGE_CURVE ( 'NONE', #6003, #8488, #6708, .T. ) ;
#3982 = CARTESIAN_POINT ( 'NONE',  ( 21.18790847847022718, 23.98709079390745913, 8.219344844166156960 ) ) ;
#3983 = EDGE_CURVE ( 'NONE', #7695, #6362, #7005, .T. ) ;
#3984 = DIRECTION ( 'NONE',  ( 0.4999999999999976130, 0.000000000000000000, -0.8660254037844399289 ) ) ;
#3985 = ORIENTED_EDGE ( 'NONE', *, *, #3017, .F. ) ;
#3986 = CARTESIAN_POINT ( 'NONE',  ( 19.78956493730902721, 24.17041691064352094, 4.667508484949317804 ) ) ;
#3987 = CYLINDRICAL_SURFACE ( 'NONE', #1178, 2.756000000000000227 ) ;
#3988 = VERTEX_POINT ( 'NONE', #8252 ) ;
#3989 = ORIENTED_EDGE ( 'NONE', *, *, #4964, .F. ) ;
#3990 = CARTESIAN_POINT ( 'NONE',  ( 31.38102390700338873, 28.10711788895306640, -3.376957256584642408 ) ) ;
#3991 = CARTESIAN_POINT ( 'NONE',  ( 28.79721087106198496, 26.72527745412279288, -1.650121006628494813 ) ) ;
#3992 = EDGE_CURVE ( 'NONE', #2298, #2610, #2226, .T. ) ;
#3993 = CARTESIAN_POINT ( 'NONE',  ( -13.35772755334122408, -6.937332457858510715, 57.21875000429725588 ) ) ;
#3994 = CARTESIAN_POINT ( 'NONE',  ( -36.34574100945205544, -5.000000000000000888, 12.86150977676168417 ) ) ;
#3995 = ADVANCED_FACE ( 'NONE', ( #4347 ), #2181, .F. ) ;
#3996 = CARTESIAN_POINT ( 'NONE',  ( -9.725014864222524480, -11.93733242219115631, 61.24375000429725446 ) ) ;
#3997 = EDGE_CURVE ( 'NONE', #8105, #6190, #2644, .T. ) ;
#3998 = CARTESIAN_POINT ( 'NONE',  ( -29.54185681012416964, 4.694418333038961499, 13.33376007795133233 ) ) ;
#3999 = ORIENTED_EDGE ( 'NONE', *, *, #2041, .T. ) ;
#4000 = CARTESIAN_POINT ( 'NONE',  ( 28.72165140428258567, 24.82407882638219832, 1.911248195246985304 ) ) ;
#4001 = CARTESIAN_POINT ( 'NONE',  ( 23.32931777243220139, 25.75909618545376745, 6.193598935451144705 ) ) ;
#4002 = CARTESIAN_POINT ( 'NONE',  ( -1.258016406335731308, 3.514756646476620894, 63.10962446139320292 ) ) ;
#4003 = CARTESIAN_POINT ( 'NONE',  ( 20.85271538129390478, 18.04447797616708726, 6.086884246279407051 ) ) ;
#4004 = CARTESIAN_POINT ( 'NONE',  ( -28.95572732150280615, -2.775367281111366324, 14.92363117576603315 ) ) ;
#4005 = DIRECTION ( 'NONE',  ( -0.7071067811865487940, 0.7071067811865462405, 0.000000000000000000 ) ) ;
#4006 = CARTESIAN_POINT ( 'NONE',  ( 33.12241018499477718, 30.61243884614891186, 1.614282287139896743 ) ) ;
#4007 = CARTESIAN_POINT ( 'NONE',  ( 20.55385307480841206, 19.56927906147560847, 3.460846478282979088 ) ) ;
#4008 = CARTESIAN_POINT ( 'NONE',  ( 25.82927340731052013, 21.44842143397585232, 4.920860458284194827 ) ) ;
#4009 = ORIENTED_EDGE ( 'NONE', *, *, #6451, .F. ) ;
#4010 = CARTESIAN_POINT ( 'NONE',  ( 23.08648258945073550, 20.25699823657637566, 2.444014520138435120 ) ) ;
#4011 = CARTESIAN_POINT ( 'NONE',  ( 23.90042619449694072, 21.47289768060168313, 8.025679384218685541 ) ) ;
#4012 = CARTESIAN_POINT ( 'NONE',  ( 33.06111104451652238, 30.55788620311398773, 1.614524978458597992 ) ) ;
#4013 = CARTESIAN_POINT ( 'NONE',  ( 3.952837579269846469, -2.611763746947021847, 62.77672463929458502 ) ) ;
#4014 =( BOUNDED_CURVE ( )  B_SPLINE_CURVE ( 2, ( #441, #4553, #8504, #7137, #2489, #8465, #1246, #7221, #1068, #2441, #1906 ),
 .UNSPECIFIED., .F., .T. ) 
 B_SPLINE_CURVE_WITH_KNOTS ( ( 3, 2, 2, 2, 2, 3 ),
 ( 0.4162912474196022172, 0.4186559268718664795, 0.4269892602051997832, 0.4353225935385330869, 0.4436559268718665017, 0.4496245807529355432 ),
 .UNSPECIFIED. ) 
 CURVE ( )  GEOMETRIC_REPRESENTATION_ITEM ( )  RATIONAL_B_SPLINE_CURVE ( ( 0.9690584114092961610, 0.9783999393559227320, 1.000000000000000000, 0.9238795325112867385, 1.000000000000000000, 0.9238795325112867385, 1.000000000000000000, 0.9238795325112867385, 1.000000000000000000, 0.9454795931553640065, 0.9690584114092961610 ) ) 
 REPRESENTATION_ITEM ( '' )  );
#4015 = B_SPLINE_CURVE_WITH_KNOTS ( 'NONE', 3,
 ( #5957, #466, #8665, #7342, #2601, #5293 ),
 .UNSPECIFIED., .F., .F.,
 ( 4, 2, 4 ),
 ( -1.126944407825853231E-05, 0.0004450501290938392997, 0.0009013697022659371977 ),
 .UNSPECIFIED. ) ;
#4016 = VECTOR ( 'NONE', #3539, 1000.000000000000000 ) ;
#4017 = CARTESIAN_POINT ( 'NONE',  ( 19.67468844003816741, 23.57226101793827766, 5.762504054758132988 ) ) ;
#4018 = PLANE ( 'NONE',  #6699 ) ;
#4019 = CARTESIAN_POINT ( 'NONE',  ( 0.7375624851938314963, 2.463170180408507992, 57.61875000429726157 ) ) ;
#4020 = CARTESIAN_POINT ( 'NONE',  ( 17.38096675741919128, 24.45203456928450336, 0.000000000000000000 ) ) ;
#4021 = ORIENTED_EDGE ( 'NONE', *, *, #2782, .F. ) ;
#4022 = CARTESIAN_POINT ( 'NONE',  ( 27.14051656771667353, 23.89784332412002499, 3.176715691967250788 ) ) ;
#4023 = CARTESIAN_POINT ( 'NONE',  ( 20.82902378630443607, 21.54951969177019677, 2.723080426438581725 ) ) ;
#4024 = DIRECTION ( 'NONE',  ( -0.000000000000000000, -0.5000000000000042188, 0.8660254037844361541 ) ) ;
#4025 =( BOUNDED_CURVE ( )  B_SPLINE_CURVE ( 2, ( #456, #3114, #3160, #7909, #505, #3208, #5329, #2682, #6119, #6838, #3383 ),
 .UNSPECIFIED., .F., .F. ) 
 B_SPLINE_CURVE_WITH_KNOTS ( ( 3, 2, 2, 2, 2, 3 ),
 ( 0.1529432911914671844, 0.1544906264529848916, 0.1566509897056602707, 0.1588113529583356498, 0.1609717162110110567, 0.1615847442021837166 ),
 .UNSPECIFIED. ) 
 CURVE ( )  GEOMETRIC_REPRESENTATION_ITEM ( )  RATIONAL_B_SPLINE_CURVE ( ( 0.9690584114094693557, 0.9454795931551639443, 1.000000000000000000, 0.9238795325112867385, 1.000000000000000000, 0.9238795325112867385, 1.000000000000000000, 0.9238795325112867385, 1.000000000000000000, 0.9783999393555964375, 0.9690584114090139423 ) ) 
 REPRESENTATION_ITEM ( '' )  );
#4026 = ORIENTED_EDGE ( 'NONE', *, *, #5935, .F. ) ;
#4027 = CARTESIAN_POINT ( 'NONE',  ( -8.183940499725219198, -12.86099905814850430, 55.00000000000000000 ) ) ;
#4028 = VECTOR ( 'NONE', #6441, 999.9999999999998863 ) ;
#4029 = CIRCLE ( 'NONE', #1336, 3.250000000000001332 ) ;
#4030 = DIRECTION ( 'NONE',  ( -1.000000000000000000, 0.000000000000000000, 0.000000000000000000 ) ) ;
#4031 = AXIS2_PLACEMENT_3D ( 'NONE', #4127, #3503, #2175 ) ;
#4032 = ORIENTED_EDGE ( 'NONE', *, *, #7592, .F. ) ;
#4033 = LINE ( 'NONE', #4079, #2934 ) ;
#4034 = CARTESIAN_POINT ( 'NONE',  ( 28.72483936225867751, 32.26938075557286112, -0.9811455559540520621 ) ) ;
#4035 = CARTESIAN_POINT ( 'NONE',  ( -12.35367044356962651, -10.02750239174977054, 57.35625000429725873 ) ) ;
#4036 = DIRECTION ( 'NONE',  ( 0.000000000000000000, 0.8660254037844363761, 0.5000000000000039968 ) ) ;
#4037 = AXIS2_PLACEMENT_3D ( 'NONE', #3083, #558, #8579 ) ;
#4038 = VECTOR ( 'NONE', #7004, 1000.000000000000227 ) ;
#4039 = DIRECTION ( 'NONE',  ( -0.6123724356957944703, -0.6123724356957964687, 0.4999999999999980016 ) ) ;
#4040 = CARTESIAN_POINT ( 'NONE',  ( -2.011400214089371641, 3.734830207054516737, 62.77258589500262076 ) ) ;
#4041 = CARTESIAN_POINT ( 'NONE',  ( 22.81842042459603803, 21.96377917081801101, 2.030834979900828952 ) ) ;
#4042 = CARTESIAN_POINT ( 'NONE',  ( -9.725015023087241417, 4.243007465307788273, 59.41875000429725873 ) ) ;
#4043 = EDGE_CURVE ( 'NONE', #5690, #7113, #5542, .T. ) ;
#4044 = LINE ( 'NONE', #8208, #8725 ) ;
#4045 = CARTESIAN_POINT ( 'NONE',  ( 19.54392835112463089, 18.81515417002745494, 5.110335759269828415 ) ) ;
#4046 = CYLINDRICAL_SURFACE ( 'NONE', #4899, 3.174999999999992273 ) ;
#4047 = EDGE_CURVE ( 'NONE', #7933, #6147, #1533, .T. ) ;
#4048 = CARTESIAN_POINT ( 'NONE',  ( 0.3240296984646230394, 3.687310598531427619, 62.98708162842945057 ) ) ;
#4049 = CARTESIAN_POINT ( 'NONE',  ( 19.15916024223524872, 23.05673282013627556, 5.830227280839425319 ) ) ;
#4050 = CARTESIAN_POINT ( 'NONE',  ( 28.67506476363054446, 24.88113566450342162, -0.4070720242208000217 ) ) ;
#4051 = CARTESIAN_POINT ( 'NONE',  ( 26.38851242428150812, 22.49093984637995902, 3.816248195245561803 ) ) ;
#4052 = AXIS2_PLACEMENT_3D ( 'NONE', #7099, #2365, #5132 ) ;
#4053 = VERTEX_POINT ( 'NONE', #5045 ) ;
#4054 = CARTESIAN_POINT ( 'NONE',  ( 24.79145891414529501, 23.95243924062259921, 7.470647946887995161 ) ) ;
#4055 = CARTESIAN_POINT ( 'NONE',  ( 18.67227284101924667, 22.68831019528680670, 4.222345621683897932 ) ) ;
#4056 = EDGE_CURVE ( 'NONE', #5914, #553, #7761, .T. ) ;
#4057 = CARTESIAN_POINT ( 'NONE',  ( -4.999999999999849010, -60.09705941389336914, -2.000000000000112799 ) ) ;
#4058 = CARTESIAN_POINT ( 'NONE',  ( 30.91098961946480728, 27.11706052033774128, -2.232697024220776871 ) ) ;
#4059 = CIRCLE ( 'NONE', #7738, 3.570485226445756499 ) ;
#4060 = AXIS2_PLACEMENT_3D ( 'NONE', #5316, #8029, #2047 ) ;
#4061 = CARTESIAN_POINT ( 'NONE',  ( 5.000000000000138556, -29.58039891549805489, 2.999999999999999112 ) ) ;
#4062 = CYLINDRICAL_SURFACE ( 'NONE', #8269, 3.174999999999992273 ) ;
#4063 = DIRECTION ( 'NONE',  ( -0.6123724356957943593, -0.6123724356957965798, 0.4999999999999980016 ) ) ;
#4064 = DIRECTION ( 'NONE',  ( -1.449435587473489291E-16, 1.000000000000000000, -0.000000000000000000 ) ) ;
#4065 = ORIENTED_EDGE ( 'NONE', *, *, #6335, .F. ) ;
#4066 = EDGE_CURVE ( 'NONE', #483, #7657, #2487, .T. ) ;
#4067 = AXIS2_PLACEMENT_3D ( 'NONE', #2630, #1078, #3824 ) ;
#4068 = CARTESIAN_POINT ( 'NONE',  ( 22.83126784869253356, 23.44565290343741282, 1.631417525168215921 ) ) ;
#4069 = CARTESIAN_POINT ( 'NONE',  ( 30.49555136731240168, 26.11469939397759177, 1.110860458283768448 ) ) ;
#4070 = COORDINATED_UNIVERSAL_TIME_OFFSET ( 6, 0, .BEHIND. ) ;
#4071 = CARTESIAN_POINT ( 'NONE',  ( 26.28061351455746575, 30.17818609245759021, 0.3687888175491251808 ) ) ;
#4072 = FACE_OUTER_BOUND ( 'NONE', #4119, .T. ) ;
#4073 = VERTEX_POINT ( 'NONE', #484 ) ;
#4074 = CARTESIAN_POINT ( 'NONE',  ( 21.96562147180416247, 24.76480378724088283, 7.584344844165540778 ) ) ;
#4075 = ORIENTED_EDGE ( 'NONE', *, *, #2546, .F. ) ;
#4076 = DIRECTION ( 'NONE',  ( -0.7071067811865487940, 0.7071067811865462405, 0.000000000000000000 ) ) ;
#4077 = ORIENTED_EDGE ( 'NONE', *, *, #2157, .F. ) ;
#4078 = EDGE_LOOP ( 'NONE', ( #8262, #1447, #4473, #878 ) ) ;
#4079 = CARTESIAN_POINT ( 'NONE',  ( 2.000000000000150546, -61.82911022146227253, 0.9999999999998898659 ) ) ;
#4080 = CARTESIAN_POINT ( 'NONE',  ( 27.16941337559136116, 30.71395476890553411, 0.2888544440459455687 ) ) ;
#4081 =( BOUNDED_CURVE ( )  B_SPLINE_CURVE ( 2, ( #5271, #6028, #2758, #8164, #8030, #2095, #1424, #7984, #7363 ),
 .UNSPECIFIED., .F., .T. ) 
 B_SPLINE_CURVE_WITH_KNOTS ( ( 3, 2, 2, 2, 3 ),
 ( 0.7333333333333330595, 0.7416666666666664742, 0.7499999999999997780, 0.7583333333333329707, 0.7666666666666663854 ),
 .UNSPECIFIED. ) 
 CURVE ( )  GEOMETRIC_REPRESENTATION_ITEM ( )  RATIONAL_B_SPLINE_CURVE ( ( 1.000000000000001998, 0.9238795325112847401, 1.000000000000000000, 0.9238795325112867385, 1.000000000000000000, 0.9238795325112867385, 1.000000000000000000, 0.9238795325112897361, 0.9999999999999970024 ) ) 
 REPRESENTATION_ITEM ( '' )  );
#4082 = CARTESIAN_POINT ( 'NONE',  ( -11.26540327149793264, -1.436829937441292504, 53.69375000429725731 ) ) ;
#4083 = EDGE_CURVE ( 'NONE', #5389, #491, #5215, .T. ) ;
#4084 = DIRECTION ( 'NONE',  ( 0.8660254037844397068, 1.255248039901264634E-16, 0.4999999999999979461 ) ) ;
#4085 = LINE ( 'NONE', #6108, #6280 ) ;
#4086 = CARTESIAN_POINT ( 'NONE',  ( 28.14255938037532445, 28.99720063415312765, 3.195693726122918132 ) ) ;
#4087 = CARTESIAN_POINT ( 'NONE',  ( -56.10379267415694926, -5.000000000000000888, -2.749999999999965805 ) ) ;
#4088 = CARTESIAN_POINT ( 'NONE',  ( 29.40510846794111188, 25.50753589004073874, 1.000004054758692584 ) ) ;
#4089 = DIRECTION ( 'NONE',  ( -0.000000000000000000, -0.000000000000000000, -1.000000000000000000 ) ) ;
#4090 = CARTESIAN_POINT ( 'NONE',  ( 22.39871399926014206, 21.78432894451502477, 8.274451418065066122 ) ) ;
#4091 = CARTESIAN_POINT ( 'NONE',  ( 0.3168511119992396541, -15.10153896051496147, 15.00000000000000000 ) ) ;
#4092 = B_SPLINE_CURVE_WITH_KNOTS ( 'NONE', 3,
 ( #2340, #3705, #8363, #7697, #4247, #6949, #5734, #970, #7654, #7039, #6326, #6408, #5029, #256, #6908, #5652, #2294, #4976, #1632 ),
 .UNSPECIFIED., .F., .F.,
 ( 4, 3, 3, 3, 3, 3, 4 ),
 ( -2.834466948091890464E-06, -4.235164736271501695E-22, 8.160856536620828526E-06, 5.415930209277034890E-05, 9.767513283976684473E-05, 0.0001397573423121480660, 0.0001819338080862500766 ),
 .UNSPECIFIED. ) ;
#4093 = EDGE_CURVE ( 'NONE', #5727, #3293, #8168, .T. ) ;
#4094 = CARTESIAN_POINT ( 'NONE',  ( -3.847162497313595608, 3.952837579269299795, 55.14375000429726015 ) ) ;
#4095 = ADVANCED_FACE ( 'NONE', ( #1191 ), #7877, .T. ) ;
#4096 = DIRECTION ( 'NONE',  ( -0.7071067811865487940, 0.7071067811865462405, 0.000000000000000000 ) ) ;
#4097 = CARTESIAN_POINT ( 'NONE',  ( 19.94511520277200844, 22.12302379563191934, 9.449783657485818722 ) ) ;
#4098 = FACE_OUTER_BOUND ( 'NONE', #2791, .T. ) ;
#4099 = ORIENTED_EDGE ( 'NONE', *, *, #5888, .T. ) ;
#4100 = CARTESIAN_POINT ( 'NONE',  ( 21.14332533401601921, 21.98234500753846632, 1.859752246345275362 ) ) ;
#4101 = CARTESIAN_POINT ( 'NONE',  ( 20.22769882768657013, 24.24373618195413016, 2.952345621683907684 ) ) ;
#4102 = CARTESIAN_POINT ( 'NONE',  ( 31.84287543965816525, 27.46468770738555421, -3.598120030723343632 ) ) ;
#4103 = LINE ( 'NONE', #5467, #4310 ) ;
#4104 = VERTEX_POINT ( 'NONE', #3236 ) ;
#4105 = EDGE_CURVE ( 'NONE', #493, #1840, #1103, .T. ) ;
#4106 = ADVANCED_FACE ( 'NONE', ( #3809 ), #3095, .F. ) ;
#4107 = CARTESIAN_POINT ( 'NONE',  ( 2.325632514888146485, -9.430868524081022386, 54.99999999999999289 ) ) ;
#4108 = CYLINDRICAL_SURFACE ( 'NONE', #5333, 3.174999999999992273 ) ;
#4109 = CARTESIAN_POINT ( 'NONE',  ( -56.10379267415694926, 4.999999999999999112, -2.749999999999965805 ) ) ;
#4110 = ORIENTED_EDGE ( 'NONE', *, *, #5265, .F. ) ;
#4111 = CARTESIAN_POINT ( 'NONE',  ( 23.37806253308977489, 26.92260392640393007, 3.384479444045930485 ) ) ;
#4112 = CARTESIAN_POINT ( 'NONE',  ( 28.16241238731148755, 23.78156041397675580, 3.015860458284044476 ) ) ;
#4113 = ORIENTED_EDGE ( 'NONE', *, *, #183, .F. ) ;
#4114 = CYLINDRICAL_SURFACE ( 'NONE', #1227, 3.000000000000000000 ) ;
#4115 = CARTESIAN_POINT ( 'NONE',  ( 21.74980215621474144, 20.51331071906142967, 9.688576913240424915 ) ) ;
#4116 = EDGE_CURVE ( 'NONE', #491, #1559, #2720, .T. ) ;
#4117 = EDGE_LOOP ( 'NONE', ( #530, #7238, #2288, #5290 ) ) ;
#4118 = CARTESIAN_POINT ( 'NONE',  ( 19.79578132314182426, 19.79578132314167505, 7.254809471616630034 ) ) ;
#4119 = EDGE_LOOP ( 'NONE', ( #5071, #5237, #1184, #6804, #757 ) ) ;
#4120 = CARTESIAN_POINT ( 'NONE',  ( 32.27636770071144667, 30.29463311760651933, 0.8656146642386993717 ) ) ;
#4121 = VERTEX_POINT ( 'NONE', #1066 ) ;
#4122 = ORIENTED_EDGE ( 'NONE', *, *, #4481, .F. ) ;
#4123 =( BOUNDED_CURVE ( )  B_SPLINE_CURVE ( 2, ( #5011, #7682, #7857, #4360, #4482, #2452, #4398, #7022, #8476, #7105, #285 ),
 .UNSPECIFIED., .F., .T. ) 
 B_SPLINE_CURVE_WITH_KNOTS ( ( 3, 2, 2, 2, 2, 3 ),
 ( 0.2134255409836443296, 0.2149728732604878623, 0.2171332323460116176, 0.2192935914315354284, 0.2214539505170591838, 0.2220669773257379354 ),
 .UNSPECIFIED. ) 
 CURVE ( )  GEOMETRIC_REPRESENTATION_ITEM ( )  RATIONAL_B_SPLINE_CURVE ( ( 0.9690584114094733525, 0.9454795931551591703, 1.000000000000000000, 0.9238795325112867385, 1.000000000000000000, 0.9238795325112867385, 1.000000000000000000, 0.9238795325112867385, 1.000000000000000000, 0.9783999393561803037, 0.9690584114095190937 ) ) 
 REPRESENTATION_ITEM ( '' )  );
#4124 = FACE_OUTER_BOUND ( 'NONE', #2713, .T. ) ;
#4125 = CARTESIAN_POINT ( 'NONE',  ( 30.13996248439643111, 32.21189590133542424, 0.3641149498618248548 ) ) ;
#4126 = CARTESIAN_POINT ( 'NONE',  ( -0.5979653602172937399, -13.84716238882884909, 57.90625000429724878 ) ) ;
#4127 = CARTESIAN_POINT ( 'NONE',  ( 19.79578132314182426, 19.79578132314167505, 7.254809471616630034 ) ) ;
#4128 = CARTESIAN_POINT ( 'NONE',  ( 17.22807610562860248, 24.29914391749391811, 2.434235771201338494 ) ) ;
#4129 = VERTEX_POINT ( 'NONE', #7889 ) ;
#4130 = PLANE ( 'NONE',  #4060 ) ;
#4131 = CARTESIAN_POINT ( 'NONE',  ( -13.35772761402214925, -0.7569925703595637989, 59.69375000429725731 ) ) ;
#4132 = CARTESIAN_POINT ( 'NONE',  ( 21.59931149021435104, 18.35663824661768473, 7.701090691967234392 ) ) ;
#4133 = CARTESIAN_POINT ( 'NONE',  ( -35.95909305024391500, 1.755754489027105292, 12.19181586677030005 ) ) ;
#4134 = CARTESIAN_POINT ( 'NONE',  ( 1.111308890589046250, 3.842613071475127207, 62.83577164735866205 ) ) ;
#4135 = EDGE_LOOP ( 'NONE', ( #6706, #8619, #8362, #7119 ) ) ;
#4136 = CARTESIAN_POINT ( 'NONE',  ( 30.23049075029786081, 26.43656165117076284, -1.677072024220791491 ) ) ;
#4137 = EDGE_CURVE ( 'NONE', #2526, #3698, #1811, .T. ) ;
#4138 = CARTESIAN_POINT ( 'NONE',  ( 25.23355589064468418, 29.61440786397925962, 0.2225084849494987915 ) ) ;
#4139 = PLANE ( 'NONE',  #5012 ) ;
#4140 = CARTESIAN_POINT ( 'NONE',  ( 24.50037915559488511, 25.49561149527059456, 6.622891809991419798 ) ) ;
#4141 = CARTESIAN_POINT ( 'NONE',  ( 18.97332353999918553, 23.40159962707278396, 5.305903494686119437 ) ) ;
#4142 = CARTESIAN_POINT ( 'NONE',  ( -8.431887326654132764, -10.15749502186990405, 56.24375000429726157 ) ) ;
#4143 = CARTESIAN_POINT ( 'NONE',  ( 17.13155843955374635, 24.18188948186502429, 2.199039060134965862 ) ) ;
#4144 = ORIENTED_EDGE ( 'NONE', *, *, #7880, .T. ) ;
#4145 = CYLINDRICAL_SURFACE ( 'NONE', #1343, 3.174999999999992273 ) ;
#4146 = CARTESIAN_POINT ( 'NONE',  ( 1.035767554059784379, -11.15943443744516017, 55.00000000000000000 ) ) ;
#4147 = DIRECTION ( 'NONE',  ( 0.6123724356957943593, 0.6123724356957965798, -0.4999999999999980016 ) ) ;
#4148 = DIRECTION ( 'NONE',  ( -0.7674234614174771929, 0.6123724356957942483, -0.1898979485566346936 ) ) ;
#4149 = ORIENTED_EDGE ( 'NONE', *, *, #3641, .T. ) ;
#4150 = ORIENTED_EDGE ( 'NONE', *, *, #6520, .T. ) ;
#4151 = CARTESIAN_POINT ( 'NONE',  ( 23.14459973690478378, 26.38727298050119785, 2.601653251266037969 ) ) ;
#4152 = CARTESIAN_POINT ( 'NONE',  ( 19.99386488554636188, 23.44257837971209568, 3.701237765238244215 ) ) ;
#4153 = ADVANCED_FACE ( 'NONE', ( #4124 ), #8106, .T. ) ;
#4154 = CARTESIAN_POINT ( 'NONE',  ( 30.87453616407528756, 27.42582266990937612, 1.600881177995036042 ) ) ;
#4155 = EDGE_CURVE ( 'NONE', #2689, #1689, #3959, .T. ) ;
#4156 = CARTESIAN_POINT ( 'NONE',  ( 5.000000000000147438, -37.14738621360572068, 5.249999999999884537 ) ) ;
#4157 = CARTESIAN_POINT ( 'NONE',  ( 28.18524963901520053, 31.24494731933038949, -6.447924899272133636 ) ) ;
#4158 = LINE ( 'NONE', #3444, #763 ) ;
#4159 = VECTOR ( 'NONE', #5307, 1000.000000000000114 ) ;
#4160 = VERTEX_POINT ( 'NONE', #2086 ) ;
#4161 = CARTESIAN_POINT ( 'NONE',  ( -11.26540327149793264, -1.436829937441292504, 55.69375000429725731 ) ) ;
#4162 = FACE_OUTER_BOUND ( 'NONE', #1806, .T. ) ;
#4163 = CARTESIAN_POINT ( 'NONE',  ( -8.431887326654132764, -10.15749502186990405, 59.74375000429725446 ) ) ;
#4164 = DIRECTION ( 'NONE',  ( 0.7674234614174771929, -0.6123724356957944703, 0.1898979485566346381 ) ) ;
#4165 = AXIS2_PLACEMENT_3D ( 'NONE', #1701, #6521, #1121 ) ;
#4166 = VECTOR ( 'NONE', #42, 1000.000000000000227 ) ;
#4167 = CYLINDRICAL_SURFACE ( 'NONE', #5709, 7.799999999999999822 ) ;
#4168 = B_SPLINE_CURVE_WITH_KNOTS ( 'NONE', 3,
 ( #8, #4783, #4004, #7452, #6831, #6114, #8033, #6882, #762, #1387, #140, #6792, #6697, #1964 ),
 .UNSPECIFIED., .F., .F.,
 ( 4, 2, 2, 2, 2, 2, 4 ),
 ( -1.527059268765038345E-05, 0.001186205202712693925, 0.002387680998113038498, 0.002988418895813211868, 0.003589156793513385239, 0.004189894691213558175, 0.004790632588913731546 ),
 .UNSPECIFIED. ) ;
#4169 = CARTESIAN_POINT ( 'NONE',  ( 33.33051964807275880, 29.88655697238485942, 1.189609643283332296 ) ) ;
#4170 = ORIENTED_EDGE ( 'NONE', *, *, #7213, .T. ) ;
#4171 = LINE ( 'NONE', #3511, #5177 ) ;
#4172 = CARTESIAN_POINT ( 'NONE',  ( 28.77330872576781218, 31.20308713878939244, 1.748598935451159520 ) ) ;
#4173 = AXIS2_PLACEMENT_3D ( 'NONE', #7000, #2351, #1720 ) ;
#4174 = CARTESIAN_POINT ( 'NONE',  ( 21.17862773785851260, 21.79301279260338120, 2.980792525168208140 ) ) ;
#4175 = CARTESIAN_POINT ( 'NONE',  ( -24.19136619868218574, -17.67153845153809044, 55.00000000000000000 ) ) ;
#4176 = CIRCLE ( 'NONE', #8561, 3.253008291094207305 ) ;
#4177 = FACE_OUTER_BOUND ( 'NONE', #336, .T. ) ;
#4178 = EDGE_CURVE ( 'NONE', #1600, #2624, #2775, .T. ) ;
#4179 = CARTESIAN_POINT ( 'NONE',  ( 22.40108884403127121, 19.43191248267246252, -2.835019274460142446E-15 ) ) ;
#4180 = DIRECTION ( 'NONE',  ( 1.000000000000000000, 0.000000000000000000, 0.000000000000000000 ) ) ;
#4181 = CARTESIAN_POINT ( 'NONE',  ( -9.725014864222524480, -11.93733242219115631, 55.74375000429726157 ) ) ;
#4182 = CARTESIAN_POINT ( 'NONE',  ( 20.36561234068236459, 21.20463201420480459, 2.494752246345274482 ) ) ;
#4183 = CARTESIAN_POINT ( 'NONE',  ( 24.01067094733692286, 20.17567136095980729, 3.396929797841681697 ) ) ;
#4184 = ORIENTED_EDGE ( 'NONE', *, *, #5508, .F. ) ;
#4185 = CARTESIAN_POINT ( 'NONE',  ( 20.73679314781409744, 17.93761083237714971, 4.385274099067750342 ) ) ;
#4186 = ORIENTED_EDGE ( 'NONE', *, *, #2159, .F. ) ;
#4187 = CARTESIAN_POINT ( 'NONE',  ( -3.803942671797810871, 2.895597534623198577, 63.63128973610471206 ) ) ;
#4188 = CARTESIAN_POINT ( 'NONE',  ( 31.61103510665268956, 27.36839441953327423, -7.000000000000018652 ) ) ;
#4189 = CARTESIAN_POINT ( 'NONE',  ( 31.96118768725181880, 36.20382837437099255, 4.249999999999994671 ) ) ;
#4190 = DIRECTION ( 'NONE',  ( 0.000000000000000000, 0.000000000000000000, 1.000000000000000000 ) ) ;
#4191 = ORIENTED_EDGE ( 'NONE', *, *, #8596, .F. ) ;
#4192 = CARTESIAN_POINT ( 'NONE',  ( 25.57089864856118311, 27.64283206550015493, 4.094739949861808448 ) ) ;
#4193 = CARTESIAN_POINT ( 'NONE',  ( 26.15857718223817585, 30.05614976013922401, 0.1152272808394508991 ) ) ;
#4194 = ORIENTED_EDGE ( 'NONE', *, *, #7743, .T. ) ;
#4195 = AXIS2_PLACEMENT_3D ( 'NONE', #1945, #5962, #5826 ) ;
#4196 = CARTESIAN_POINT ( 'NONE',  ( 28.00388439547723607, 30.50532242226391588, -4.624789158722663274 ) ) ;
#4197 = CIRCLE ( 'NONE', #1935, 1.999999999999997780 ) ;
#4198 = CARTESIAN_POINT ( 'NONE',  ( 32.42210672479843225, 27.36753119013451752, -3.029929837105538315 ) ) ;
#4199 = ORIENTED_EDGE ( 'NONE', *, *, #1506, .T. ) ;
#4200 = FACE_OUTER_BOUND ( 'NONE', #8350, .T. ) ;
#4201 = AXIS2_PLACEMENT_3D ( 'NONE', #2234, #2894, #1563 ) ;
#4202 = ADVANCED_FACE ( 'NONE', ( #1904 ), #2665, .T. ) ;
#4203 = CARTESIAN_POINT ( 'NONE',  ( -29.58039891549807621, -5.000000000000000000, 12.00000000000000000 ) ) ;
#4204 = AXIS2_PLACEMENT_3D ( 'NONE', #168, #6199, #4941 ) ;
#4205 = ORIENTED_EDGE ( 'NONE', *, *, #5817, .T. ) ;
#4206 = EDGE_LOOP ( 'NONE', ( #7815, #6099, #3879, #969 ) ) ;
#4207 = CARTESIAN_POINT ( 'NONE',  ( -28.92014487765375108, 2.072265610947116699, 0.000000000000000000 ) ) ;
#4208 = CARTESIAN_POINT ( 'NONE',  ( -74.29263897105740000, 179.3582965884160103, 12.00000000000000000 ) ) ;
#4209 = CARTESIAN_POINT ( 'NONE',  ( -8.431887326654132764, -10.15749502186990405, 54.24375000429725446 ) ) ;
#4210 = CARTESIAN_POINT ( 'NONE',  ( 26.22245064941458637, 23.82091947310267699, 6.085607074906178582 ) ) ;
#4211 = CARTESIAN_POINT ( 'NONE',  ( 31.84336236515980545, 27.46098055155664497, -3.602227879046674630 ) ) ;
#4212 = CARTESIAN_POINT ( 'NONE',  ( 51.88409695360144980, 51.88409695360142138, -18.94519052838326800 ) ) ;
#4213 = CARTESIAN_POINT ( 'NONE',  ( 33.35947849617870986, 29.87613938565828775, 1.202306458061636052 ) ) ;
#4214 = ORIENTED_EDGE ( 'NONE', *, *, #5060, .F. ) ;
#4215 = EDGE_CURVE ( 'NONE', #557, #8583, #3390, .T. ) ;
#4216 = ORIENTED_EDGE ( 'NONE', *, *, #1735, .T. ) ;
#4217 = CARTESIAN_POINT ( 'NONE',  ( 19.79578132314182426, 19.79578132314167505, 7.254809471616630034 ) ) ;
#4218 = CARTESIAN_POINT ( 'NONE',  ( 27.95193869567176037, 31.24518864754375613, 0.9529438105010180626 ) ) ;
#4219 = CARTESIAN_POINT ( 'NONE',  ( 17.38096675741929786, 24.45203456928451757, 12.00000000000000000 ) ) ;
#4220 = CARTESIAN_POINT ( 'NONE',  ( 24.21020631112658705, 23.48143213002942176, 1.300335759269848124 ) ) ;
#4221 = CARTESIAN_POINT ( 'NONE',  ( 29.61293513017654888, 34.44497961741661385, 0.1373897234066410455 ) ) ;
#4222 = APPLICATION_CONTEXT ( 'configuration controlled 3d designs of mechanical parts and assemblies' ) ;
#4223 = CARTESIAN_POINT ( 'NONE',  ( -6.381535974763376196, -11.64716244561416225, 56.38125000429726441 ) ) ;
#4224 = EDGE_CURVE ( 'NONE', #1414, #3242, #49, .T. ) ;
#4225 = FACE_OUTER_BOUND ( 'NONE', #921, .T. ) ;
#4226 = DIRECTION ( 'NONE',  ( 1.000000000000000000, 0.000000000000000000, 0.000000000000000000 ) ) ;
#4227 = CARTESIAN_POINT ( 'NONE',  ( -29.48999844658040814, -4.680178694259292449, 1.646281492073782271 ) ) ;
#4228 = B_SPLINE_CURVE_WITH_KNOTS ( 'NONE', 3,
 ( #3274, #8677, #7834, #1766, #4848, #8768, #3405, #6237, #2127, #4120, #2033, #8103, #2083, #748, #5390, #4810, #6100, #2705, #33, #4769, #4680, #2745, #2837, #6778, #4723, #7483, #8150, #8239 ),
 .UNSPECIFIED., .F., .F.,
 ( 4, 2, 2, 2, 2, 2, 2, 2, 2, 2, 2, 2, 2, 4 ),
 ( 0.01010620383002590675, 0.01058470231662144052, 0.01106320080321698297, 0.01154169928981252542, 0.01202019777640806961, 0.01249869626300361206, 0.01297719474959915451, 0.01345569323619469695, 0.01393419172279023940, 0.01441269020938578185, 0.01489118869598132430, 0.01584818566917240573, 0.01680518264236348716, 0.01776217961555456859 ),
 .UNSPECIFIED. ) ;
#4229 = CARTESIAN_POINT ( 'NONE',  ( 24.03852050145026453, 27.87352008782714563, 4.207064145391598231 ) ) ;
#4230 = CARTESIAN_POINT ( 'NONE',  ( 23.33855080102120283, 27.35458815528878418, 0.4123456216839124777 ) ) ;
#4231 = ORIENTED_EDGE ( 'NONE', *, *, #1765, .T. ) ;
#4232 = CARTESIAN_POINT ( 'NONE',  ( 27.92793977385631621, 25.49816136083445883, -1.208979992217877442 ) ) ;
#4233 = CARTESIAN_POINT ( 'NONE',  ( 2.100138173033944788, 4.192092770787326117, 62.01986644952213368 ) ) ;
#4234 = ORIENTED_EDGE ( 'NONE', *, *, #939, .F. ) ;
#4235 = CARTESIAN_POINT ( 'NONE',  ( 1.765688056981038478, 5.209600506204530745, 61.26785022822021887 ) ) ;
#4236 = B_SPLINE_CURVE_WITH_KNOTS ( 'NONE', 3,
 ( #6406, #8400, #1544, #383 ),
 .UNSPECIFIED., .F., .F.,
 ( 4, 4 ),
 ( 0.006372761156017739750, 0.007794874264743742800 ),
 .UNSPECIFIED. ) ;
#4237 = CARTESIAN_POINT ( 'NONE',  ( 27.57469180995047964, 31.01035273048564989, -4.737020988650968434 ) ) ;
#4238 = CARTESIAN_POINT ( 'NONE',  ( 6.667459821652518492, -3.847162317494146944, 61.20625000429729567 ) ) ;
#4239 = DIRECTION ( 'NONE',  ( 0.6123724356957942483, 0.6123724356957963577, -0.4999999999999978906 ) ) ;
#4240 = ORIENTED_EDGE ( 'NONE', *, *, #3863, .F. ) ;
#4241 = EDGE_CURVE ( 'NONE', #4334, #4129, #4033, .T. ) ;
#4242 = CARTESIAN_POINT ( 'NONE',  ( 27.92633685137494481, 29.70393192568673513, -2.402377708172809267 ) ) ;
#4243 = CARTESIAN_POINT ( 'NONE',  ( 29.42980867311933224, 26.13655872124711621, -0.9689498672677074875 ) ) ;
#4244 = CARTESIAN_POINT ( 'NONE',  ( 21.54929087221371731, 24.99800436637941559, 2.431237765238257076 ) ) ;
#4245 = CYLINDRICAL_SURFACE ( 'NONE', #8279, 3.174999999999992273 ) ;
#4246 = VERTEX_POINT ( 'NONE', #6063 ) ;
#4247 = CARTESIAN_POINT ( 'NONE',  ( 29.18133589081443091, 33.56371770441739955, 0.6117648784073395074 ) ) ;
#4248 = VERTEX_POINT ( 'NONE', #7976 ) ;
#4249 = CARTESIAN_POINT ( 'NONE',  ( 26.39342057027713651, 30.36644863412908180, -2.039645120844007398 ) ) ;
#4250 =( BOUNDED_CURVE ( )  B_SPLINE_CURVE ( 2, ( #1946, #3803, #5253, #7967, #4676, #611, #4589, #7306, #7387, #3937, #6636 ),
 .UNSPECIFIED., .F., .F. ) 
 B_SPLINE_CURVE_WITH_KNOTS ( ( 3, 2, 2, 2, 2, 3 ),
 ( 0.8162912474196022394, 0.8186559268718665017, 0.8269892602051998054, 0.8353225935385331091, 0.8436559268718664129, 0.8496245807529355654 ),
 .UNSPECIFIED. ) 
 CURVE ( )  GEOMETRIC_REPRESENTATION_ITEM ( )  RATIONAL_B_SPLINE_CURVE ( ( 0.9690584114092961610, 0.9783999393559227320, 1.000000000000000000, 0.9238795325112867385, 1.000000000000000000, 0.9238795325112867385, 1.000000000000000000, 0.9238795325112867385, 1.000000000000000000, 0.9454795931553637844, 0.9690584114092966050 ) ) 
 REPRESENTATION_ITEM ( '' )  );
#4251 = ORIENTED_EDGE ( 'NONE', *, *, #6643, .T. ) ;
#4252 = DIRECTION ( 'NONE',  ( 0.000000000000000000, 0.5000000000000043299, -0.8660254037844362651 ) ) ;
#4253 = DIRECTION ( 'NONE',  ( 1.000000000000000000, 0.000000000000000000, 0.000000000000000000 ) ) ;
#4254 = CARTESIAN_POINT ( 'NONE',  ( 4.354242928328329931, -3.847162340206101039, 60.70625000429725304 ) ) ;
#4255 = DIRECTION ( 'NONE',  ( -0.000000000000000000, 0.8660254037844363761, 0.5000000000000039968 ) ) ;
#4256 = DIRECTION ( 'NONE',  ( 0.000000000000000000, -1.000000000000000000, 0.000000000000000000 ) ) ;
#4257 = CARTESIAN_POINT ( 'NONE',  ( -4.674151223109563880, -36.76803758660797428, 13.59294890425822722 ) ) ;
#4258 = ORIENTED_EDGE ( 'NONE', *, *, #857, .F. ) ;
#4259 = ADVANCED_FACE ( 'NONE', ( #8771 ), #2749, .F. ) ;
#4260 = CARTESIAN_POINT ( 'NONE',  ( 30.25571489726169006, 30.25571489726159413, -1.285690528383340414 ) ) ;
#4261 = FACE_OUTER_BOUND ( 'NONE', #6606, .T. ) ;
#4262 = CARTESIAN_POINT ( 'NONE',  ( 21.49195962607076282, 24.73463286966716979, 3.951028251266031077 ) ) ;
#4263 = CARTESIAN_POINT ( 'NONE',  ( 29.80196420490963405, 34.79925790006976882, -0.1147383710950468372 ) ) ;
#4264 = EDGE_CURVE ( 'NONE', #3849, #5994, #1943, .T. ) ;
#4265 = EDGE_CURVE ( 'NONE', #8481, #7811, #7243, .T. ) ;
#4266 = CARTESIAN_POINT ( 'NONE',  ( 0.7375626091084444003, -10.15749493184066843, 62.29375000429725873 ) ) ;
#4267 = CARTESIAN_POINT ( 'NONE',  ( 32.53034316444532692, 27.74166728162804318, -1.865668147509292663 ) ) ;
#4268 = CARTESIAN_POINT ( 'NONE',  ( 27.68976662231217745, 28.67434063564475721, 3.984397464950343526 ) ) ;
#4269 = CARTESIAN_POINT ( 'NONE',  ( 4.659345723471169265, -10.02750222470952046, 56.43125000429725446 ) ) ;
#4270 = CARTESIAN_POINT ( 'NONE',  ( 25.31533474429073394, 27.74286325818575705, -1.374185440985400852 ) ) ;
#4271 = CARTESIAN_POINT ( 'NONE',  ( 24.52095353485937679, 23.52572119518343285, 0.1873521332418706664 ) ) ;
#4272 = VERTEX_POINT ( 'NONE', #973 ) ;
#4273 = CARTESIAN_POINT ( 'NONE',  ( 2.415366977435428275, 4.102209819931264434, 62.57497850912010762 ) ) ;
#4274 = CARTESIAN_POINT ( 'NONE',  ( 31.77334735221897688, 31.49189985248457191, 1.249033221483828004 ) ) ;
#4275 = CARTESIAN_POINT ( 'NONE',  ( 5.663402711880920926, -0.7569923836028872310, 61.34375000429730562 ) ) ;
#4276 = CARTESIAN_POINT ( 'NONE',  ( -29.58039891549807621, 5.000000000000003553, 12.00000000000000000 ) ) ;
#4277 = VERTEX_POINT ( 'NONE', #1591 ) ;
#4278 = CARTESIAN_POINT ( 'NONE',  ( 28.68175062189581936, 30.75368403883480894, 1.554739949861820625 ) ) ;
#4279 = DIRECTION ( 'NONE',  ( 1.000000000000000000, 0.000000000000000000, 0.000000000000000000 ) ) ;
#4280 = ORIENTED_EDGE ( 'NONE', *, *, #913, .T. ) ;
#4281 = CARTESIAN_POINT ( 'NONE',  ( -2.848642563427003616, -28.97624230254429989, 0.1174423441533972157 ) ) ;
#4282 = CARTESIAN_POINT ( 'NONE',  ( 18.89697544670488583, 22.79454802460498541, 6.397504054758913483 ) ) ;
#4283 = ORIENTED_EDGE ( 'NONE', *, *, #2271, .T. ) ;
#4284 = CARTESIAN_POINT ( 'NONE',  ( 29.29163607448434448, 26.49245375904742872, -2.599725900932214007 ) ) ;
#4285 = ORIENTED_EDGE ( 'NONE', *, *, #2536, .F. ) ;
#4286 = CARTESIAN_POINT ( 'NONE',  ( 27.84968248127385237, 23.95210990337347567, 2.270004054758865575 ) ) ;
#4287 = CARTESIAN_POINT ( 'NONE',  ( -45.90379267415695352, 5.000000000000000888, -2.749999999999965361 ) ) ;
#4288 = CARTESIAN_POINT ( 'NONE',  ( -6.381535974763376196, -11.64716244561416225, 57.13125000429724309 ) ) ;
#4289 = CARTESIAN_POINT ( 'NONE',  ( 24.38151078654993498, 17.31044297468429960, 2.603082024791051996 ) ) ;
#4290 = CYLINDRICAL_SURFACE ( 'NONE', #3735, 3.570485226445753835 ) ;
#4291 = VERTEX_POINT ( 'NONE', #4207 ) ;
#4292 =( BOUNDED_SURFACE ( )  B_SPLINE_SURFACE ( 3, 2, ( 
 ( #365, #5224, #5758 ),
 ( #7144, #5053, #7271 ),
 ( #540, #1030, #3727 ),
 ( #5094, #7765, #3199 ),
 ( #7849, #1821, #6431 ),
 ( #1201, #3066, #1112 ) ),
 .UNSPECIFIED., .F., .F., .T. ) 
 B_SPLINE_SURFACE_WITH_KNOTS ( ( 4, 2, 4 ),
 ( 3, 3 ),
 ( 0.01245508722923882074, 0.01478128368730818529, 0.01710748014537755157 ),
 ( 0.000000000000000000, 1.000000000000000000 ),
 .UNSPECIFIED. ) 
 GEOMETRIC_REPRESENTATION_ITEM ( )  RATIONAL_B_SPLINE_SURFACE ( (
 ( 1.000000000000000000, 0.7775133899709675278, 1.000000000000000000),
 ( 1.000000000000000000, 0.7758244441216133325, 1.000000000000000000),
 ( 1.000000000000000000, 0.7737898739923092517, 1.000000000000000000),
 ( 1.000000000000000000, 0.7697731800223996945, 1.000000000000000000),
 ( 1.000000000000000000, 0.7677856492802104249, 1.000000000000000000),
 ( 1.000000000000000000, 0.7658807746131748306, 1.000000000000000000) ) ) 
 REPRESENTATION_ITEM ( '' )  SURFACE ( )  );
#4293 = CARTESIAN_POINT ( 'NONE',  ( 29.40510846794111188, 25.50753589004073874, 1.000004054758692584 ) ) ;
#4294 = AXIS2_PLACEMENT_3D ( 'NONE', #4295, #4988, #6379 ) ;
#4295 = CARTESIAN_POINT ( 'NONE',  ( 33.55179442448603311, 30.15551646448397349, 1.790448451617639103 ) ) ;
#4296 = ORIENTED_EDGE ( 'NONE', *, *, #4775, .T. ) ;
#4297 = B_SPLINE_CURVE_WITH_KNOTS ( 'NONE', 3,
 ( #1737, #412, #2454, #5765 ),
 .UNSPECIFIED., .F., .F.,
 ( 4, 4 ),
 ( 0.006372761156017739750, 0.007794874264743742800 ),
 .UNSPECIFIED. ) ;
#4298 = CARTESIAN_POINT ( 'NONE',  ( 27.25867117830445352, 31.06138867074852072, -1.088879156000651216 ) ) ;
#4299 = CARTESIAN_POINT ( 'NONE',  ( 28.15350075715110734, 32.53435273048563658, -2.161616515050653220 ) ) ;
#4300 = CARTESIAN_POINT ( 'NONE',  ( 23.21069697665828357, 26.01893438178484885, 4.771484696953861793 ) ) ;
#4301 = DIRECTION ( 'NONE',  ( -0.000000000000000000, -0.8660254037844362651, -0.5000000000000043299 ) ) ;
#4302 = CARTESIAN_POINT ( 'NONE',  ( 24.45203456928472363, 17.38096675741900299, 2.999999999999999112 ) ) ;
#4303 = CARTESIAN_POINT ( 'NONE',  ( -7.096359481243011302, 6.152837547367449922, 54.78125000429724878 ) ) ;
#4304 = ORIENTED_EDGE ( 'NONE', *, *, #4633, .T. ) ;
#4305 = EDGE_CURVE ( 'NONE', #1761, #4498, #7660, .T. ) ;
#4306 = AXIS2_PLACEMENT_3D ( 'NONE', #3538, #1586, #879 ) ;
#4307 = CARTESIAN_POINT ( 'NONE',  ( 17.68083900582140799, 21.48341851867572316, 6.731469715189399849 ) ) ;
#4308 = CARTESIAN_POINT ( 'NONE',  ( 19.67296334770880506, 22.25507353483425277, 9.305740214859365977 ) ) ;
#4309 = CARTESIAN_POINT ( 'NONE',  ( -7.096359284875418005, -13.84716245263254208, 55.88125000429726441 ) ) ;
#4310 = VECTOR ( 'NONE', #8224, 1000.000000000000000 ) ;
#4311 = EDGE_CURVE ( 'NONE', #493, #5511, #1248, .T. ) ;
#4312 = CARTESIAN_POINT ( 'NONE',  ( 26.83351813559586319, 27.82875047527157975, 4.717891809991430208 ) ) ;
#4313 = CARTESIAN_POINT ( 'NONE',  ( 22.27739336408112436, 24.70492187797613681, 1.106283309014598260 ) ) ;
#4314 = CARTESIAN_POINT ( 'NONE',  ( -24.19136619868218574, -17.67153845153809044, 55.00000000000000000 ) ) ;
#4315 = AXIS2_PLACEMENT_3D ( 'NONE', #1923, #7107, #5901 ) ;
#4316 = EDGE_LOOP ( 'NONE', ( #6619, #5153, #1882, #6261 ) ) ;
#4317 = CIRCLE ( 'NONE', #6865, 11.99999999999999645 ) ;
#4318 = CARTESIAN_POINT ( 'NONE',  ( -3.631598324354714968, 2.928697764902735923, 63.61222319270548553 ) ) ;
#4319 = CARTESIAN_POINT ( 'NONE',  ( -10.48223877320723396, 0.9735026263727116769, 59.05625000429724736 ) ) ;
#4320 = LINE ( 'NONE', #5682, #7841 ) ;
#4321 = CARTESIAN_POINT ( 'NONE',  ( -37.14738621360594095, -5.000000000000000000, 5.250000000000037303 ) ) ;
#4322 = ORIENTED_EDGE ( 'NONE', *, *, #6877, .F. ) ;
#4323 = EDGE_CURVE ( 'NONE', #5809, #5481, #7352, .T. ) ;
#4324 = CARTESIAN_POINT ( 'NONE',  ( 27.97418906082694434, 30.78242646595352028, 0.8821096969538824162 ) ) ;
#4325 = CARTESIAN_POINT ( 'NONE',  ( -60.21308481767799492, -1.767949192431147232, -1.799038105676616039 ) ) ;
#4326 = ORIENTED_EDGE ( 'NONE', *, *, #4745, .T. ) ;
#4327 = AXIS2_PLACEMENT_3D ( 'NONE', #2562, #5161, #6582 ) ;
#4328 = DIRECTION ( 'NONE',  ( 0.6123724356957944703, 0.6123724356957964687, -0.4999999999999980016 ) ) ;
#4329 = DIRECTION ( 'NONE',  ( 1.000000000000000000, 0.000000000000000000, 0.000000000000000000 ) ) ;
#4330 = ORIENTED_EDGE ( 'NONE', *, *, #7770, .F. ) ;
#4331 = PLANE ( 'NONE',  #638 ) ;
#4332 = ADVANCED_FACE ( 'NONE', ( #799 ), #2299, .F. ) ;
#4333 = CARTESIAN_POINT ( 'NONE',  ( 31.47439741934828561, 27.50136935549404527, 1.626764064077504957 ) ) ;
#4334 = VERTEX_POINT ( 'NONE', #5525 ) ;
#4335 = AXIS2_PLACEMENT_3D ( 'NONE', #7235, #3828, #3917 ) ;
#4336 = CARTESIAN_POINT ( 'NONE',  ( 26.03040646601455066, 22.05737840215522638, 6.071764064074362643 ) ) ;
#4337 = LINE ( 'NONE', #2263, #7722 ) ;
#4338 = CARTESIAN_POINT ( 'NONE',  ( -11.26540322416676254, -6.257495049690469990, 59.46875000429725588 ) ) ;
#4339 = DIRECTION ( 'NONE',  ( -1.000000000000000000, -1.449435587473489784E-16, -0.000000000000000000 ) ) ;
#4340 = VECTOR ( 'NONE', #1352, 1000.000000000000000 ) ;
#4341 = FACE_OUTER_BOUND ( 'NONE', #5821, .T. ) ;
#4342 = AXIS2_PLACEMENT_3D ( 'NONE', #4217, #6878, #6923 ) ;
#4343 = ORIENTED_EDGE ( 'NONE', *, *, #1603, .T. ) ;
#4344 = EDGE_LOOP ( 'NONE', ( #3077, #7855, #5242, #2725 ) ) ;
#4345 = CARTESIAN_POINT ( 'NONE',  ( 31.65224915740894929, 28.20353566324303785, 0.9658811779950408072 ) ) ;
#4346 = EDGE_CURVE ( 'NONE', #1979, #14, #883, .T. ) ;
#4347 = FACE_OUTER_BOUND ( 'NONE', #1793, .T. ) ;
#4348 = CARTESIAN_POINT ( 'NONE',  ( 22.36283255105984225, 24.43476596799880696, 6.714114949861797577 ) ) ;
#4349 = CARTESIAN_POINT ( 'NONE',  ( 29.42724878977713843, 34.08889193250777083, 0.3898372723884533375 ) ) ;
#4350 = CARTESIAN_POINT ( 'NONE',  ( 22.01219966245429660, 18.11462708455392701, 7.036288817549094965 ) ) ;
#4351 = CARTESIAN_POINT ( 'NONE',  ( -12.04856776978863131, -3.847162501255296352, 61.33125000429726725 ) ) ;
#4352 = ORIENTED_EDGE ( 'NONE', *, *, #5817, .F. ) ;
#4353 = CARTESIAN_POINT ( 'NONE',  ( 24.20154632763845370, 27.00072864307514919, 5.758719844165513635 ) ) ;
#4354 = CARTESIAN_POINT ( 'NONE',  ( -3.847162420730151577, -3.847162420730698251, 64.25000000000000000 ) ) ;
#4355 = CARTESIAN_POINT ( 'NONE',  ( -7.096359284875418005, -13.84716245263254208, 58.63125000429726441 ) ) ;
#4356 = CARTESIAN_POINT ( 'NONE',  ( 24.25417730735065547, 25.09319698087311323, -0.6802477536547123504 ) ) ;
#4357 = CARTESIAN_POINT ( 'NONE',  ( 25.29866652819303496, 24.30343418851709103, -0.4476478667581329507 ) ) ;
#4358 = EDGE_CURVE ( 'NONE', #8308, #7436, #6897, .T. ) ;
#4359 = CARTESIAN_POINT ( 'NONE',  ( 23.49613442730946034, 19.11528245397460424, 6.825860458283696808 ) ) ;
#4360 = CARTESIAN_POINT ( 'NONE',  ( 29.16680059125157598, 31.59657900427336585, 1.427314172660950176 ) ) ;
#4361 = CARTESIAN_POINT ( 'NONE',  ( -0.8878996403717404062, 3.451681430566072351, 63.20787557816804991 ) ) ;
#4362 = CARTESIAN_POINT ( 'NONE',  ( 25.43468894934602886, 30.22336483216308167, 1.373412090742633040 ) ) ;
#4363 = DIRECTION ( 'NONE',  ( 0.6123724356957943593, 0.6123724356957963577, -0.4999999999999978351 ) ) ;
#4364 = CARTESIAN_POINT ( 'NONE',  ( 21.74456761209195221, 17.84699503419155420, 7.254809471616630034 ) ) ;
#4365 = ORIENTED_EDGE ( 'NONE', *, *, #726, .T. ) ;
#4366 = CARTESIAN_POINT ( 'NONE',  ( 29.45946361522947754, 31.53139703216846357, 0.9197399498618219482 ) ) ;
#4367 = CARTESIAN_POINT ( 'NONE',  ( 26.67410538004125797, 30.57167795794139664, 0.04750405475850791315 ) ) ;
#4368 = EDGE_LOOP ( 'NONE', ( #608, #3029, #4660, #2516, #5084 ) ) ;
#4369 = ADVANCED_FACE ( 'NONE', ( #7043 ), #5619, .F. ) ;
#4370 = CARTESIAN_POINT ( 'NONE',  ( 24.45584289731097982, 28.83669487064549131, 0.8575084849493372907 ) ) ;
#4371 = ADVANCED_FACE ( 'NONE', ( #8285 ), #6460, .T. ) ;
#4372 = CARTESIAN_POINT ( 'NONE',  ( -29.06204729725100577, -3.216316401940215730, 0.2457822004594043264 ) ) ;
#4373 = EDGE_CURVE ( 'NONE', #5684, #5646, #8454, .T. ) ;
#4374 = ORIENTED_EDGE ( 'NONE', *, *, #1692, .F. ) ;
#4375 = CARTESIAN_POINT ( 'NONE',  ( 23.79209754524690013, 21.39056636893498009, 8.069982074906160818 ) ) ;
#4376 = CARTESIAN_POINT ( 'NONE',  ( 17.84699503419169631, 21.74456761209179589, 7.254809471616630034 ) ) ;
#4377 = ORIENTED_EDGE ( 'NONE', *, *, #251, .F. ) ;
#4378 = CARTESIAN_POINT ( 'NONE',  ( -4.040000463079467252, 3.961377414754268411, 62.54592156966129579 ) ) ;
#4379 = APPROVAL_ROLE ( '' ) ;
#4380 = EDGE_CURVE ( 'NONE', #4246, #6311, #801, .T. ) ;
#4381 = CARTESIAN_POINT ( 'NONE',  ( 26.77273355213095840, 22.87516097422968642, 3.502532958034883848 ) ) ;
#4382 = CARTESIAN_POINT ( 'NONE',  ( -28.92944699276683096, -2.680639309771994938, 0.07321047033461022813 ) ) ;
#4383 = ORIENTED_EDGE ( 'NONE', *, *, #1990, .T. ) ;
#4384 = CARTESIAN_POINT ( 'NONE',  ( 4.903740276488513850, -29.56825443864723724, 12.77893088529749832 ) ) ;
#4385 = CARTESIAN_POINT ( 'NONE',  ( 17.00202937545617488, 24.07309718732149051, 13.00000000000000000 ) ) ;
#4386 = VERTEX_POINT ( 'NONE', #5961 ) ;
#4387 = DIRECTION ( 'NONE',  ( 0.6123724356957943593, 0.6123724356957963577, -0.4999999999999978351 ) ) ;
#4388 = CARTESIAN_POINT ( 'NONE',  ( 29.37644142355093990, 26.13376817995430201, 1.351090691967253621 ) ) ;
#4389 = DIRECTION ( 'NONE',  ( -1.000000000000000000, -1.449435587473489784E-16, -0.000000000000000000 ) ) ;
#4390 = CARTESIAN_POINT ( 'NONE',  ( -8.011175953459542143, 7.407214119053565859, 15.00000000000000000 ) ) ;
#4391 = CARTESIAN_POINT ( 'NONE',  ( -11.26540322416676254, -6.257495049690469990, 58.71875000429725588 ) ) ;
#4392 = FACE_OUTER_BOUND ( 'NONE', #8358, .T. ) ;
#4393 = CARTESIAN_POINT ( 'NONE',  ( 28.22953136670865959, 32.12710394460880536, -1.222495945241319104 ) ) ;
#4394 = CARTESIAN_POINT ( 'NONE',  ( -14.36178466311282165, -3.847162523967251335, 57.08125000429726015 ) ) ;
#4395 = CARTESIAN_POINT ( 'NONE',  ( 26.19733456278537176, 23.36785020991102613, -0.09598547986155230027 ) ) ;
#4396 = CARTESIAN_POINT ( 'NONE',  ( 24.32708790047567859, 25.16610757399813636, -0.7397790036547080561 ) ) ;
#4397 = CARTESIAN_POINT ( 'NONE',  ( 26.67410538004125797, 30.57167795794139664, 0.04750405475850791315 ) ) ;
#4398 = CARTESIAN_POINT ( 'NONE',  ( 31.53094744834716323, 29.44634274853104827, 1.213050084604647694 ) ) ;
#4399 = ADVANCED_FACE ( 'NONE', ( #3225 ), #8670, .F. ) ;
#4400 = DIRECTION ( 'NONE',  ( -1.000000000000000000, -1.449435587473489784E-16, 0.000000000000000000 ) ) ;
#4401 = CARTESIAN_POINT ( 'NONE',  ( -12.35367044356962651, -10.02750239174977054, 60.10625000429730136 ) ) ;
#4402 = CARTESIAN_POINT ( 'NONE',  ( 27.87270669531786993, 27.04267240654630200, 4.908825085735079696 ) ) ;
#4403 = ORIENTED_EDGE ( 'NONE', *, *, #4590, .F. ) ;
#4404 = CARTESIAN_POINT ( 'NONE',  ( 25.94211982202716626, 26.55650487677205263, -0.9085824748317717914 ) ) ;
#4405 = DIRECTION ( 'NONE',  ( 0.6123724356957943593, 0.6123724356957965798, -0.4999999999999980016 ) ) ;
#4406 = FACE_OUTER_BOUND ( 'NONE', #3762, .T. ) ;
#4407 = CARTESIAN_POINT ( 'NONE',  ( 24.76185472198323723, 23.93182043321165153, 7.448825085735067297 ) ) ;
#4408 = ORIENTED_EDGE ( 'NONE', *, *, #1554, .T. ) ;
#4409 = CARTESIAN_POINT ( 'NONE',  ( -51.00379267415695494, -5.000000000000000000, -2.749999999999965805 ) ) ;
#4410 = DIRECTION ( 'NONE',  ( 0.6123724356957943593, 0.6123724356957964687, -0.4999999999999978351 ) ) ;
#4411 = ADVANCED_FACE ( 'NONE', ( #7548 ), #5325, .F. ) ;
#4412 = CARTESIAN_POINT ( 'NONE',  ( 18.24485898071784362, 21.18566407459650236, 5.628827058486136181 ) ) ;
#4413 = VERTEX_POINT ( 'NONE', #1484 ) ;
#4414 = ADVANCED_FACE ( 'NONE', ( #8008, #4586, #1944 ), #8222, .T. ) ;
#4415 = CARTESIAN_POINT ( 'NONE',  ( 23.42246876689927504, 17.50710743910764933, 0.7914379685949558541 ) ) ;
#4416 = LINE ( 'NONE', #4501, #2206 ) ;
#4417 = CARTESIAN_POINT ( 'NONE',  ( -3.847162344146708435, -11.64716242073069630, 59.26875000429726015 ) ) ;
#4418 = CARTESIAN_POINT ( 'NONE',  ( 16.89604817361668410, 23.96711598548199973, 13.00000000000003730 ) ) ;
#4419 = ORIENTED_EDGE ( 'NONE', *, *, #7091, .F. ) ;
#4420 = DIRECTION ( 'NONE',  ( -1.449435587473489291E-16, 1.000000000000000000, -0.000000000000000000 ) ) ;
#4421 = CARTESIAN_POINT ( 'NONE',  ( 22.80320278647695531, 27.18405475981146324, 2.206883484949330398 ) ) ;
#4422 = VERTEX_POINT ( 'NONE', #109 ) ;
#4423 = DIRECTION ( 'NONE',  ( 1.000000000000000000, 0.000000000000000000, 0.000000000000000000 ) ) ;
#4424 = CARTESIAN_POINT ( 'NONE',  ( 25.14706179655406970, 28.08786689043274620, -0.006797941513844262332 ) ) ;
#4425 = CARTESIAN_POINT ( 'NONE',  ( 24.06028159027614421, 28.03330965412813214, -0.1346451208439941594 ) ) ;
#4426 = CARTESIAN_POINT ( 'NONE',  ( 3.952837579269846469, -3.847162420730697363, 59.95624999992848103 ) ) ;
#4427 = CARTESIAN_POINT ( 'NONE',  ( -10.48223877320723396, 0.9735026263727116769, 58.30625000429726157 ) ) ;
#4428 = ORIENTED_EDGE ( 'NONE', *, *, #1767, .T. ) ;
#4429 = DIRECTION ( 'NONE',  ( 0.6123724356957943593, 0.6123724356957965798, -0.4999999999999980016 ) ) ;
#4430 = CARTESIAN_POINT ( 'NONE',  ( 2.030690022762220881, 4.243007580729762473, 58.86875000429725446 ) ) ;
#4431 = CARTESIAN_POINT ( 'NONE',  ( 27.64847372429171202, 30.07600223818674579, -3.279185440985390887 ) ) ;
#4432 = AXIS2_PLACEMENT_3D ( 'NONE', #1421, #5532, #2754 ) ;
#4433 = CARTESIAN_POINT ( 'NONE',  ( 26.27379117898204797, 31.11430599886170967, 0.6744613676883682851 ) ) ;
#4434 = DIRECTION ( 'NONE',  ( 0.000000000000000000, 0.000000000000000000, -1.000000000000000000 ) ) ;
#4435 = EDGE_CURVE ( 'NONE', #4761, #459, #1232, .T. ) ;
#4436 = ORIENTED_EDGE ( 'NONE', *, *, #2812, .T. ) ;
#4437 = AXIS2_PLACEMENT_3D ( 'NONE', #7646, #1702, #8438 ) ;
#4438 = CIRCLE ( 'NONE', #481, 3.249999999999992006 ) ;
#4439 = AXIS2_PLACEMENT_3D ( 'NONE', #4974, #4329, #5732 ) ;
#4440 = CARTESIAN_POINT ( 'NONE',  ( 28.60615371964085796, 29.32664962510669682, -3.626919573561514287 ) ) ;
#4441 = CYLINDRICAL_SURFACE ( 'NONE', #4335, 180.0000000000000284 ) ;
#4442 = CARTESIAN_POINT ( 'NONE',  ( 22.78991265578795833, 18.89234007788758873, 6.401288817549099619 ) ) ;
#4443 = CARTESIAN_POINT ( 'NONE',  ( 17.64603765918677780, 22.48655247906640753, 7.718992617688336999 ) ) ;
#4444 = CARTESIAN_POINT ( 'NONE',  ( 22.53123052726934006, 21.69221085374663716, 9.316116696887988269 ) ) ;
#4445 = CARTESIAN_POINT ( 'NONE',  ( 23.94485924531544541, 21.14567692987850123, 1.765899099067772982 ) ) ;
#4446 = VECTOR ( 'NONE', #1578, 1000.000000000000000 ) ;
#4447 = CARTESIAN_POINT ( 'NONE',  ( 23.16976154122283305, 27.06733411912295395, 2.908788817549107453 ) ) ;
#4448 = ORIENTED_EDGE ( 'NONE', *, *, #4093, .F. ) ;
#4449 = FACE_OUTER_BOUND ( 'NONE', #1719, .T. ) ;
#4450 = CARTESIAN_POINT ( 'NONE',  ( 4.659345723471169265, -10.02750222470952046, 56.43125000429725446 ) ) ;
#4451 = CARTESIAN_POINT ( 'NONE',  ( 22.40569152793823449, 18.50811895003783292, 6.715004054758820118 ) ) ;
#4452 = CIRCLE ( 'NONE', #8421, 75.00000000000000000 ) ;
#4453 = CARTESIAN_POINT ( 'NONE',  ( -1.999999999999849898, -53.51693657151912475, 15.00000000000000000 ) ) ;
#4454 = ORIENTED_EDGE ( 'NONE', *, *, #7054, .T. ) ;
#4455 = CARTESIAN_POINT ( 'NONE',  ( -3.870629081817211770, 3.997792263465476115, 62.54411383145552605 ) ) ;
#4456 = DIRECTION ( 'NONE',  ( -1.449435587473489291E-16, 1.000000000000000000, -0.000000000000000000 ) ) ;
#4457 = CARTESIAN_POINT ( 'NONE',  ( -11.64716242073014918, -5.082561094514375988, 58.65172463929458502 ) ) ;
#4458 =( GEOMETRIC_REPRESENTATION_CONTEXT ( 3 ) GLOBAL_UNCERTAINTY_ASSIGNED_CONTEXT ( ( #6426 ) ) GLOBAL_UNIT_ASSIGNED_CONTEXT ( ( #3845, #2430, #6538 ) ) REPRESENTATION_CONTEXT ( 'NONE', 'WORKASPACE' ) );
#4459 = CARTESIAN_POINT ( 'NONE',  ( 15.86692174927304855, 21.07631213824002714, 14.88465652794421779 ) ) ;
#4460 = ADVANCED_FACE ( 'NONE', ( #4832 ), #5548, .T. ) ;
#4461 = DIRECTION ( 'NONE',  ( -0.7674234614174771929, 0.6123724356957942483, -0.1898979485566349434 ) ) ;
#4462 = CARTESIAN_POINT ( 'NONE',  ( 31.08077279281921435, 30.25073850404764642, 2.289450085735120322 ) ) ;
#4463 = ORIENTED_EDGE ( 'NONE', *, *, #10, .F. ) ;
#4464 = CARTESIAN_POINT ( 'NONE',  ( 17.36489730721583769, 24.43596511908115687, 12.20869260754017560 ) ) ;
#4465 = CARTESIAN_POINT ( 'NONE',  ( 25.54383595665926165, 28.35207336178583049, 2.866484696953872202 ) ) ;
#4466 = CARTESIAN_POINT ( 'NONE',  ( 24.35862877314427166, 28.73948074647878315, 0.9368834849493370420 ) ) ;
#4467 = CARTESIAN_POINT ( 'NONE',  ( -37.14738621360594095, 5.000000000000000000, 5.250000000000037303 ) ) ;
#4468 = VECTOR ( 'NONE', #5752, 1000.000000000000227 ) ;
#4469 = AXIS2_PLACEMENT_3D ( 'NONE', #2355, #312, #6880 ) ;
#4470 = EDGE_CURVE ( 'NONE', #3988, #3115, #1536, .T. ) ;
#4471 = CARTESIAN_POINT ( 'NONE',  ( -13.35772755334122408, -6.937332457858510715, 58.21875000429725588 ) ) ;
#4472 = EDGE_CURVE ( 'NONE', #4272, #1768, #680, .T. ) ;
#4473 = ORIENTED_EDGE ( 'NONE', *, *, #6877, .T. ) ;
#4474 = VECTOR ( 'NONE', #2398, 1000.000000000000000 ) ;
#4475 = CARTESIAN_POINT ( 'NONE',  ( 20.45240143336458516, 24.34997401126469541, 5.127504054743097228 ) ) ;
#4476 = CARTESIAN_POINT ( 'NONE',  ( 28.54828674544011236, 32.44585932334010181, -0.5602005277221884239 ) ) ;
#4477 = CARTESIAN_POINT ( 'NONE',  ( -12.35367044356962651, -10.02750239174977054, 54.60625000429725162 ) ) ;
#4478 = CARTESIAN_POINT ( 'NONE',  ( 33.75155419526976885, 29.73551684100198855, -0.1902266784506096708 ) ) ;
#4479 = CARTESIAN_POINT ( 'NONE',  ( 27.82567114257770768, 24.99618678970337271, -1.425516729861545873 ) ) ;
#4480 = CARTESIAN_POINT ( 'NONE',  ( 1.343811831765524989, 3.922745594522599522, 61.48649135602236271 ) ) ;
#4481 = EDGE_CURVE ( 'NONE', #4794, #2270, #5188, .T. ) ;
#4482 = CARTESIAN_POINT ( 'NONE',  ( 30.09147723252647921, 30.94611848630436057, 1.604408963332733862 ) ) ;
#4483 = CARTESIAN_POINT ( 'NONE',  ( 29.46072788713404123, 28.74023198166804605, 3.051503754004326829 ) ) ;
#4484 = DIRECTION ( 'NONE',  ( -0.4999999999999979461, 0.000000000000000000, 0.8660254037844397068 ) ) ;
#4485 = CARTESIAN_POINT ( 'NONE',  ( -28.93233314277482293, 2.493743586676670176, 0.02111069444581964785 ) ) ;
#4486 = CARTESIAN_POINT ( 'NONE',  ( 20.14995553478197365, 23.98495512115883699, 7.382064145391588283 ) ) ;
#4487 = CARTESIAN_POINT ( 'NONE',  ( 22.80320278647695531, 27.18405475981146324, 2.206883484949330398 ) ) ;
#4488 = CARTESIAN_POINT ( 'NONE',  ( 29.86758688837343456, 27.43780847535165535, -2.792695229427384351 ) ) ;
#4489 = CARTESIAN_POINT ( 'NONE',  ( 24.34533864245526757, 20.44776606455490864, 5.131288817549100933 ) ) ;
#4490 = ORIENTED_EDGE ( 'NONE', *, *, #4380, .F. ) ;
#4491 = CARTESIAN_POINT ( 'NONE',  ( -2.336480805930638116, -14.75619715825016165, 54.26348434466141413 ) ) ;
#4492 = CARTESIAN_POINT ( 'NONE',  ( 2.030690022762220881, 4.243007580729762473, 59.86875000429725446 ) ) ;
#4493 = CARTESIAN_POINT ( 'NONE',  ( 19.27359779963713393, 19.99409370510288397, 3.993080426438592401 ) ) ;
#4494 = VERTEX_POINT ( 'NONE', #2656 ) ;
#4495 = VERTEX_POINT ( 'NONE', #6842 ) ;
#4496 = CARTESIAN_POINT ( 'NONE',  ( 24.80737758771569546, 21.56470434411904336, 5.081715691967240822 ) ) ;
#4497 = CYLINDRICAL_SURFACE ( 'NONE', #7013, 3.000000000000000000 ) ;
#4498 = VERTEX_POINT ( 'NONE', #3475 ) ;
#4499 = B_SPLINE_CURVE_WITH_KNOTS ( 'NONE', 3,
 ( #4528, #1211, #2455, #5101 ),
 .UNSPECIFIED., .F., .F.,
 ( 4, 4 ),
 ( 0.7141156741523316809, 1.000000000000000000 ),
 .UNSPECIFIED. ) ;
#4500 = CARTESIAN_POINT ( 'NONE',  ( -3.225173917154390058, 4.136565130498372156, 62.54690661035797206 ) ) ;
#4501 = CARTESIAN_POINT ( 'NONE',  ( 33.45433164488601108, 30.23328776381734073, 1.766331412150941249 ) ) ;
#4502 = DIRECTION ( 'NONE',  ( 0.6123724356957942483, 0.6123724356957963577, -0.4999999999999978906 ) ) ;
#4503 = CARTESIAN_POINT ( 'NONE',  ( -10.48223877320723396, 0.9735026263727116769, 56.30625000429726157 ) ) ;
#4504 = CARTESIAN_POINT ( 'NONE',  ( 2.030690022762220881, 4.243007580729762473, 56.11875000429729710 ) ) ;
#4505 = ORIENTED_EDGE ( 'NONE', *, *, #7233, .T. ) ;
#4506 = CARTESIAN_POINT ( 'NONE',  ( -13.16675191164765479, -0.1907254272288085306, 55.00000000000000711 ) ) ;
#4507 = EDGE_CURVE ( 'NONE', #7289, #4726, #1572, .T. ) ;
#4508 = CARTESIAN_POINT ( 'NONE',  ( 3.952837579269846469, -3.847162420730697363, 59.95624999992848103 ) ) ;
#4509 = ORIENTED_EDGE ( 'NONE', *, *, #5050, .F. ) ;
#4510 = CARTESIAN_POINT ( 'NONE',  ( -4.999999999999849898, -51.00379267415675599, 2.349999999999916600 ) ) ;
#4511 = CARTESIAN_POINT ( 'NONE',  ( 26.27369674054092030, 28.05129181485270351, -1.053002708172809498 ) ) ;
#4512 = CARTESIAN_POINT ( 'NONE',  ( -3.847162420730151577, -3.847162420730698251, 55.00000000000000000 ) ) ;
#4513 = CARTESIAN_POINT ( 'NONE',  ( -30.65219568522262961, 5.000000000000003553, 2.999999999999985345 ) ) ;
#4514 = CARTESIAN_POINT ( 'NONE',  ( 5.663402711880920926, -0.7569923836028872310, 59.59375000429725588 ) ) ;
#4515 = CARTESIAN_POINT ( 'NONE',  ( -4.111694629018622926, 3.945963168340886451, 62.29121272536045950 ) ) ;
#4516 = EDGE_LOOP ( 'NONE', ( #5917, #7323, #692, #5221 ) ) ;
#4517 = CARTESIAN_POINT ( 'NONE',  ( 21.54612398267776641, 26.33479986549478369, 4.548412090742639968 ) ) ;
#4518 = CARTESIAN_POINT ( 'NONE',  ( -29.58039891549807621, 5.000000000000003553, 2.999999999999999112 ) ) ;
#4519 = CARTESIAN_POINT ( 'NONE',  ( 6.667459821652518492, -3.847162317494146500, 58.45625000429725304 ) ) ;
#4520 =( BOUNDED_CURVE ( )  B_SPLINE_CURVE ( 2, ( #5219, #1907, #6648, #2535, #8021, #3239, #5886, #5932, #4600 ),
 .UNSPECIFIED., .F., .F. ) 
 B_SPLINE_CURVE_WITH_KNOTS ( ( 3, 2, 2, 2, 3 ),
 ( 0.2545706246116051230, 0.2570571061492544773, 0.2595435876869038316, 0.2620300692245532415, 0.2645165507622025958 ),
 .UNSPECIFIED. ) 
 CURVE ( )  GEOMETRIC_REPRESENTATION_ITEM ( )  RATIONAL_B_SPLINE_CURVE ( ( 1.000000000000008216, 0.9238795325112786339, 1.000000000000000000, 0.9238795325112867385, 1.000000000000000000, 0.9238795325112867385, 1.000000000000000000, 0.9238795325112614254, 1.000000000000025313 ) ) 
 REPRESENTATION_ITEM ( '' )  );
#4521 = EDGE_CURVE ( 'NONE', #6867, #4927, #5678, .T. ) ;
#4522 = CARTESIAN_POINT ( 'NONE',  ( 25.59877918789715778, 29.61481654216473913, -1.433123128316080797 ) ) ;
#4523 = CARTESIAN_POINT ( 'NONE',  ( 31.08607345393957999, 30.24705378041691262, 2.331116696888023476 ) ) ;
#4524 = CARTESIAN_POINT ( 'NONE',  ( 24.13761876932519002, 27.93154786845223114, 4.121690967454202159 ) ) ;
#4525 = ADVANCED_FACE ( 'NONE', ( #5721 ), #5763, .T. ) ;
#4526 = DIRECTION ( 'NONE',  ( 1.000000000000000000, 0.000000000000000000, 0.000000000000000000 ) ) ;
#4527 = CARTESIAN_POINT ( 'NONE',  ( 28.10749503438845665, 32.00506761228898256, -1.476057481953221506 ) ) ;
#4528 = CARTESIAN_POINT ( 'NONE',  ( -1.760138124709619500, 3.668457722260118459, 61.63823541798099370 ) ) ;
#4529 = CARTESIAN_POINT ( 'NONE',  ( 23.09740623073870225, 19.64869273657276949, 7.950881177995009708 ) ) ;
#4530 = EDGE_LOOP ( 'NONE', ( #6330, #6826, #8716, #112 ) ) ;
#4531 = CARTESIAN_POINT ( 'NONE',  ( 32.27462011825066668, 30.49702504393867741, 0.08449665140612683256 ) ) ;
#4532 = CARTESIAN_POINT ( 'NONE',  ( 18.19561054666552735, 22.62388663373911868, 5.940903494686122777 ) ) ;
#4533 = ORIENTED_EDGE ( 'NONE', *, *, #1666, .T. ) ;
#4534 = CARTESIAN_POINT ( 'NONE',  ( 20.75738543353878995, 23.15891660985048262, 2.391511868327085288 ) ) ;
#4535 = EDGE_LOOP ( 'NONE', ( #226, #6731, #2880, #616, #301 ) ) ;
#4536 = FACE_OUTER_BOUND ( 'NONE', #1399, .T. ) ;
#4537 = CARTESIAN_POINT ( 'NONE',  ( 6.667459821652518492, -3.847162317494146944, 56.70625000429725304 ) ) ;
#4538 = DIRECTION ( 'NONE',  ( -6.778899719113335399E-17, -2.508129176913471926E-17, -1.000000000000000000 ) ) ;
#4539 = ORIENTED_EDGE ( 'NONE', *, *, #5105, .F. ) ;
#4540 = CARTESIAN_POINT ( 'NONE',  ( 21.72764249879426757, 18.91940509366745715, 5.372509246279403961 ) ) ;
#4541 = CARTESIAN_POINT ( 'NONE',  ( 33.50342845027461181, 29.90837511061961607, 1.188939218100173667 ) ) ;
#4542 = ORIENTED_EDGE ( 'NONE', *, *, #2111, .F. ) ;
#4543 = CARTESIAN_POINT ( 'NONE',  ( -3.806099573875302955, 4.011666108335877112, 62.54372193485821185 ) ) ;
#4544 = APPLICATION_PROTOCOL_DEFINITION ( 'international standard', 'config_control_design', 1994, #7835 ) ;
#4545 = PLANE ( 'NONE',  #4195 ) ;
#4546 = CARTESIAN_POINT ( 'NONE',  ( 29.35556363279749092, 25.56163453367041782, -0.9626970242207835149 ) ) ;
#4547 = CARTESIAN_POINT ( 'NONE',  ( -13.35772761402214925, -0.7569925703595637989, 56.94375000429730704 ) ) ;
#4548 = ORIENTED_EDGE ( 'NONE', *, *, #3507, .T. ) ;
#4549 = CARTESIAN_POINT ( 'NONE',  ( 3.952837579269842916, -3.847162617467742241, 55.20624653460305353 ) ) ;
#4550 = DIRECTION ( 'NONE',  ( 0.000000000000000000, 0.000000000000000000, 1.000000000000000000 ) ) ;
#4551 = ORIENTED_EDGE ( 'NONE', *, *, #1990, .F. ) ;
#4552 = CARTESIAN_POINT ( 'NONE',  ( 26.15823758607271188, 29.40091082966913660, 0.1410282512660440690 ) ) ;
#4553 = CARTESIAN_POINT ( 'NONE',  ( 28.32815953879827475, 24.43058696089700277, 2.232532958034874948 ) ) ;
#4554 = CARTESIAN_POINT ( 'NONE',  ( -30.21322360027778231, 5.000000000000002665, 2.239678045771096748 ) ) ;
#4555 = CARTESIAN_POINT ( 'NONE',  ( 6.667459821652518492, -3.847162317494146500, 62.20625000429726015 ) ) ;
#4556 = CARTESIAN_POINT ( 'NONE',  ( -4.239269007649827614, 3.918534675624705255, 62.30565550803333252 ) ) ;
#4557 = VERTEX_POINT ( 'NONE', #1531 ) ;
#4558 = DIRECTION ( 'NONE',  ( 0.6123724356957942483, 0.6123724356957963577, -0.4999999999999978906 ) ) ;
#4559 = CARTESIAN_POINT ( 'NONE',  ( 2.667400250340502765, 3.780410531929551787, 53.33544489693367296 ) ) ;
#4560 = CARTESIAN_POINT ( 'NONE',  ( 26.09304773762439567, 28.52057625151942233, -2.009185440985397531 ) ) ;
#4561 = CARTESIAN_POINT ( 'NONE',  ( 25.19502748666845804, 29.62330357374207424, 0.2259034946861457338 ) ) ;
#4562 = DIRECTION ( 'NONE',  ( 0.2987345747344077318, 0.07945931129894695522, -0.9510225400620900826 ) ) ;
#4563 = CARTESIAN_POINT ( 'NONE',  ( 25.51654350128178095, 21.61897092338139714, 4.175004054784960061 ) ) ;
#4564 = ADVANCED_FACE ( 'NONE', ( #2370 ), #8533, .T. ) ;
#4565 =( BOUNDED_CURVE ( )  B_SPLINE_CURVE ( 2, ( #5814, #3833, #509, #4572, #1088, #8620, #1930, #1045, #7956, #3746, #5773, #8523, #7913 ),
 .UNSPECIFIED., .F., .T. ) 
 B_SPLINE_CURVE_WITH_KNOTS ( ( 3, 2, 2, 2, 2, 2, 3 ),
 ( 0.4400278490741855730, 0.4560270538680853414, 0.4880254624640803507, 0.5200238710600753045, 0.5520222796560703138, 0.5840206882520653231, 0.6000198444321213076 ),
 .UNSPECIFIED. ) 
 CURVE ( )  GEOMETRIC_REPRESENTATION_ITEM ( )  RATIONAL_B_SPLINE_CURVE ( ( 0.9755282581475768211, 0.9755282573890644571, 1.000000000000000000, 0.9510565162951535312, 1.000000000000000000, 0.9510565162951535312, 1.000000000000000000, 0.9510565162951535312, 1.000000000000000000, 0.9510565162951535312, 1.000000000000000000, 0.9755283317468520510, 0.9755282581477980886 ) ) 
 REPRESENTATION_ITEM ( '' )  );
#4566 = VECTOR ( 'NONE', #573, 1000.000000000000000 ) ;
#4567 = CARTESIAN_POINT ( 'NONE',  ( 29.97552146167979714, 27.89091676186378876, 2.483050084604482066 ) ) ;
#4568 = CARTESIAN_POINT ( 'NONE',  ( -30.70038159891783991, 1.430815608132188554, 3.083460450729222924 ) ) ;
#4569 = LINE ( 'NONE', #2550, #497 ) ;
#4570 = CARTESIAN_POINT ( 'NONE',  ( 29.75141138862890600, 29.02263720753176202, -3.224039240730135258 ) ) ;
#4571 = CARTESIAN_POINT ( 'NONE',  ( 17.89455984768559205, 21.91059720195314853, 4.857345621683896830 ) ) ;
#4572 = CARTESIAN_POINT ( 'NONE',  ( -10.48223867854489022, -8.667827598125645849, 56.85625000429723741 ) ) ;
#4573 = CARTESIAN_POINT ( 'NONE',  ( 31.92190070849930450, 27.44294852142352781, -3.752573866459924190 ) ) ;
#4574 = AXIS2_PLACEMENT_3D ( 'NONE', #4735, #1380, #5448 ) ;
#4575 = AXIS2_PLACEMENT_3D ( 'NONE', #7866, #2555, #3834 ) ;
#4576 =( BOUNDED_CURVE ( )  B_SPLINE_CURVE ( 2, ( #4112, #2121, #2075, #3439, #5561, #790, #5478, #7517, #6771 ),
 .UNSPECIFIED., .F., .T. ) 
 B_SPLINE_CURVE_WITH_KNOTS ( ( 3, 2, 2, 2, 3 ),
 ( 0.1451455220467643137, 0.1476325112803811568, 0.1501195005139980276, 0.1526064897476148430, 0.1550934789812316861 ),
 .UNSPECIFIED. ) 
 CURVE ( )  GEOMETRIC_REPRESENTATION_ITEM ( )  RATIONAL_B_SPLINE_CURVE ( ( 0.9999999999999888978, 0.9238795325112978407, 1.000000000000000000, 0.9238795325112867385, 1.000000000000000000, 0.9238795325112867385, 1.000000000000000000, 0.9238795325116446744, 0.9999999999996420641 ) ) 
 REPRESENTATION_ITEM ( '' )  );
#4577 = LINE ( 'NONE', #1837, #7281 ) ;
#4578 = EDGE_CURVE ( 'NONE', #72, #5038, #282, .T. ) ;
#4579 = CARTESIAN_POINT ( 'NONE',  ( -12.35367056493147331, 2.333177383248123959, 60.55625000429725446 ) ) ;
#4580 = CARTESIAN_POINT ( 'NONE',  ( -3.847162420730148913, -3.847162420730696919, 54.26348434466141413 ) ) ;
#4581 = ORIENTED_EDGE ( 'NONE', *, *, #4224, .F. ) ;
#4582 = ORIENTED_EDGE ( 'NONE', *, *, #5777, .F. ) ;
#4583 = CARTESIAN_POINT ( 'NONE',  ( 21.82263654642245854, 25.36717793973661372, 4.654479444045928282 ) ) ;
#4584 = CYLINDRICAL_SURFACE ( 'NONE', #5867, 3.174999999999992273 ) ;
#4585 = CIRCLE ( 'NONE', #5297, 1.500000000000003997 ) ;
#4586 = FACE_BOUND ( 'NONE', #5804, .T. ) ;
#4587 = DATE_AND_TIME ( #6094, #1072 ) ;
#4588 = LINE ( 'NONE', #432, #7311 ) ;
#4589 = CARTESIAN_POINT ( 'NONE',  ( 21.92085543370605549, 22.77549668748383382, 8.275693726122899108 ) ) ;
#4590 = EDGE_CURVE ( 'NONE', #7898, #2748, #5530, .T. ) ;
#4591 = CARTESIAN_POINT ( 'NONE',  ( -13.35772755334122408, -6.937332457858510715, 59.96875000429730562 ) ) ;
#4592 = ORIENTED_EDGE ( 'NONE', *, *, #1210, .F. ) ;
#4593 = CARTESIAN_POINT ( 'NONE',  ( -13.85334039231206837, -2.959930245561242401, 54.99999999999997868 ) ) ;
#4594 = EDGE_LOOP ( 'NONE', ( #684, #639, #192, #1742, #1836, #467 ) ) ;
#4595 = CARTESIAN_POINT ( 'NONE',  ( -11.64716242073015096, -3.847162420730698251, 65.00000000000000000 ) ) ;
#4596 = EDGE_LOOP ( 'NONE', ( #290, #5493, #2217, #1948 ) ) ;
#4597 = CARTESIAN_POINT ( 'NONE',  ( 30.43191025779585601, 29.70313607669871558, -3.779664240730132185 ) ) ;
#4598 = DIRECTION ( 'NONE',  ( -0.000000000000000000, -0.000000000000000000, -1.000000000000000000 ) ) ;
#4599 = APPROVAL_PERSON_ORGANIZATION ( #3980, #8740, #4715 ) ;
#4600 = CARTESIAN_POINT ( 'NONE',  ( 32.82869034731328384, 28.44783837397828918, -0.7941395417167583792 ) ) ;
#4601 = CARTESIAN_POINT ( 'NONE',  ( -12.35367056493147331, 2.333177383248123071, 60.55625000429725446 ) ) ;
#4602 = CARTESIAN_POINT ( 'NONE',  ( 17.60201607442041549, 21.01817284610602243, 5.659295421319462172 ) ) ;
#4603 = ORIENTED_EDGE ( 'NONE', *, *, #3489, .T. ) ;
#4604 = ADVANCED_FACE ( 'NONE', ( #995 ), #5057, .T. ) ;
#4605 = CARTESIAN_POINT ( 'NONE',  ( 21.61433555455551314, 25.51190813245563049, 4.178788817549111023 ) ) ;
#4606 = CARTESIAN_POINT ( 'NONE',  ( 32.15489628851444337, 28.18186822466228847, 1.071139064077324843 ) ) ;
#4607 = CARTESIAN_POINT ( 'NONE',  ( 32.19612820860244540, 28.18009085433465799, 1.079773321549387877 ) ) ;
#4608 = CIRCLE ( 'NONE', #1514, 1.500000000000003997 ) ;
#4609 = CARTESIAN_POINT ( 'NONE',  ( 27.63180550819400949, 26.63657316851807977, -2.352647866758123207 ) ) ;
#4610 = CARTESIAN_POINT ( 'NONE',  ( 22.66350408105299863, 26.56107665895429193, 2.968942518048120149 ) ) ;
#4611 = AXIS2_PLACEMENT_3D ( 'NONE', #2273, #5629, #4913 ) ;
#4612 = CARTESIAN_POINT ( 'NONE',  ( -53.16885618361808241, 1.698011448891348918, -13.99999999999995914 ) ) ;
#4613 = CARTESIAN_POINT ( 'NONE',  ( 18.88010593415328131, 19.60060183961901714, 4.314365189229056874 ) ) ;
#4614 = ADVANCED_FACE ( 'NONE', ( #6935 ), #7771, .T. ) ;
#4615 = PLANE ( 'NONE',  #943 ) ;
#4616 = CARTESIAN_POINT ( 'NONE',  ( 29.23583980979459440, 33.71376254397852534, 0.6525554462530197553 ) ) ;
#4617 = EDGE_CURVE ( 'NONE', #4766, #4695, #7603, .T. ) ;
#4618 = VERTEX_POINT ( 'NONE', #4359 ) ;
#4619 = CARTESIAN_POINT ( 'NONE',  ( 23.43744870711897832, 19.00917262004512054, 6.901840448547136297 ) ) ;
#4620 = CARTESIAN_POINT ( 'NONE',  ( 22.73264630691034327, 18.30437021983648194, 7.477309198547145819 ) ) ;
#4621 = DIRECTION ( 'NONE',  ( 0.6123724356957943593, 0.6123724356957963577, -0.4999999999999978906 ) ) ;
#4622 = CARTESIAN_POINT ( 'NONE',  ( 5.000000000000150102, -60.09705941389336914, -2.000000000000112799 ) ) ;
#4623 =( BOUNDED_CURVE ( )  B_SPLINE_CURVE ( 2, ( #5120, #5789, #308, #6341, #353, #5701, #3588, #268, #4421 ),
 .UNSPECIFIED., .F., .T. ) 
 B_SPLINE_CURVE_WITH_KNOTS ( ( 3, 2, 2, 2, 3 ),
 ( 0.4333333333333331816, 0.4416666666666665408, 0.4499999999999999556, 0.4583333333333333148, 0.4666666666666667296 ),
 .UNSPECIFIED. ) 
 CURVE ( )  GEOMETRIC_REPRESENTATION_ITEM ( )  RATIONAL_B_SPLINE_CURVE ( ( 1.000000000000001554, 0.9238795325112851842, 1.000000000000000000, 0.9238795325112867385, 1.000000000000000000, 0.9238795325112867385, 1.000000000000000000, 0.9238795325112861834, 1.000000000000000444 ) ) 
 REPRESENTATION_ITEM ( '' )  );
#4624 = ORIENTED_EDGE ( 'NONE', *, *, #4311, .T. ) ;
#4625 = CARTESIAN_POINT ( 'NONE',  ( 2.013036016660572969, 4.014486828032106658, 62.65803820324113360 ) ) ;
#4626 = CARTESIAN_POINT ( 'NONE',  ( -7.096359481243010414, 6.152837547367450810, 57.53125000429725588 ) ) ;
#4627 = EDGE_CURVE ( 'NONE', #2434, #6120, #3674, .T. ) ;
#4628 = CARTESIAN_POINT ( 'NONE',  ( 0.7375624851938314963, 2.463170180408507992, 61.11875000429725446 ) ) ;
#4629 = ORIENTED_EDGE ( 'NONE', *, *, #6542, .T. ) ;
#4630 = CARTESIAN_POINT ( 'NONE',  ( 24.16591326640032023, 21.22510817252140569, 6.578916884747135541 ) ) ;
#4631 = FACE_BOUND ( 'NONE', #5597, .T. ) ;
#4632 = VERTEX_POINT ( 'NONE', #4480 ) ;
#4633 = EDGE_CURVE ( 'NONE', #8072, #3988, #3203, .T. ) ;
#4634 = CARTESIAN_POINT ( 'NONE',  ( 21.67564782362761022, 17.88171872450048383, 5.307927975779179519 ) ) ;
#4635 = DIRECTION ( 'NONE',  ( -0.8660254037844398178, -1.255248039901265127E-16, -0.4999999999999980016 ) ) ;
#4636 = EDGE_CURVE ( 'NONE', #6443, #3308, #7148, .T. ) ;
#4637 = CARTESIAN_POINT ( 'NONE',  ( 30.66134947518704479, 32.44910258440795303, 1.020730270166881670 ) ) ;
#4638 =( BOUNDED_CURVE ( )  B_SPLINE_CURVE ( 2, ( #7477, #4193, #8142, #1362, #6134, #8233, #6904, #4841, #7560, #7428, #2205 ),
 .UNSPECIFIED., .F., .F. ) 
 B_SPLINE_CURVE_WITH_KNOTS ( ( 3, 2, 2, 2, 2, 3 ),
 ( 0.2496245807529356153, 0.2519892602051998498, 0.2603225935385331535, 0.2686559268718664573, 0.2769892602051997610, 0.2829579140862689135 ),
 .UNSPECIFIED. ) 
 CURVE ( )  GEOMETRIC_REPRESENTATION_ITEM ( )  RATIONAL_B_SPLINE_CURVE ( ( 0.9690584114092968271, 0.9783999393559232871, 1.000000000000000000, 0.9238795325112867385, 1.000000000000000000, 0.9238795325112867385, 1.000000000000000000, 0.9238795325112867385, 1.000000000000000000, 0.9454795931553637844, 0.9690584114092966050 ) ) 
 REPRESENTATION_ITEM ( '' )  );
#4639 = ORIENTED_EDGE ( 'NONE', *, *, #3342, .F. ) ;
#4640 = ORIENTED_EDGE ( 'NONE', *, *, #4264, .T. ) ;
#4641 = CARTESIAN_POINT ( 'NONE',  ( 4.383357052601173365, -29.50265757433417591, 13.83252721360144122 ) ) ;
#4642 = ORIENTED_EDGE ( 'NONE', *, *, #5238, .F. ) ;
#4643 = CARTESIAN_POINT ( 'NONE',  ( -11.64716242073014918, -3.847162420730699584, 61.33124999992848103 ) ) ;
#4644 = VERTEX_POINT ( 'NONE', #7193 ) ;
#4645 = DIRECTION ( 'NONE',  ( 1.000000000000000000, -0.000000000000000000, -0.000000000000000000 ) ) ;
#4646 = CARTESIAN_POINT ( 'NONE',  ( 31.84582907557020093, 28.90502398169131126, 0.3082918847471562973 ) ) ;
#4647 = CARTESIAN_POINT ( 'NONE',  ( -9.725015023087241417, 4.243007465307788273, 59.41875000429725873 ) ) ;
#4648 = DIRECTION ( 'NONE',  ( -0.6123724356957943593, -0.6123724356957965798, 0.4999999999999980016 ) ) ;
#4649 = CARTESIAN_POINT ( 'NONE',  ( 19.79584256038540602, 19.79584256038526391, 7.254759471616625710 ) ) ;
#4650 = CARTESIAN_POINT ( 'NONE',  ( -29.20345366842109414, 2.000000000000003997, 15.00000000000000000 ) ) ;
#4651 = VERTEX_POINT ( 'NONE', #1206 ) ;
#4652 = CARTESIAN_POINT ( 'NONE',  ( -3.847162420730148913, -3.847162420730696919, 54.26348434466141413 ) ) ;
#4653 = CARTESIAN_POINT ( 'NONE',  ( 26.99011493601333811, 31.77879081883041579, 0.1034120907426298447 ) ) ;
#4654 = DIRECTION ( 'NONE',  ( 1.224646799147353207E-16, 1.000000000000000000, -0.000000000000000000 ) ) ;
#4655 = CARTESIAN_POINT ( 'NONE',  ( 19.93653363940344292, 23.17920688299984633, 5.221028251266024434 ) ) ;
#4656 = DIRECTION ( 'NONE',  ( 0.4999999999999980016, 0.000000000000000000, -0.8660254037844398178 ) ) ;
#4657 = CARTESIAN_POINT ( 'NONE',  ( 27.68116988385818189, 31.14643225143546346, -4.189120397845717214 ) ) ;
#4658 = CARTESIAN_POINT ( 'NONE',  ( 29.24286769472875491, 34.48841892490453631, -0.2626464011636143736 ) ) ;
#4659 = CARTESIAN_POINT ( 'NONE',  ( 28.67865544448504878, 34.04408143115227148, 0.5845964782830102013 ) ) ;
#4660 = ORIENTED_EDGE ( 'NONE', *, *, #6258, .F. ) ;
#4661 = CARTESIAN_POINT ( 'NONE',  ( 22.69875132068333912, 23.53777099420578978, 0.5897522463452852248 ) ) ;
#4662 = CARTESIAN_POINT ( 'NONE',  ( 24.86194871209809421, 20.02143389221820868, 4.409376325544933195 ) ) ;
#4663 = VERTEX_POINT ( 'NONE', #589 ) ;
#4664 = FACE_OUTER_BOUND ( 'NONE', #7088, .T. ) ;
#4665 = CARTESIAN_POINT ( 'NONE',  ( 29.10869600147865910, 28.12412198814588749, -3.524153521716998139 ) ) ;
#4666 = ORIENTED_EDGE ( 'NONE', *, *, #3565, .F. ) ;
#4667 = CARTESIAN_POINT ( 'NONE',  ( 1.745659494988570648, 3.968861110668882475, 62.71046237810723767 ) ) ;
#4668 = CARTESIAN_POINT ( 'NONE',  ( -0.2818075376987962954, -12.27949401213179925, 54.99999999999998579 ) ) ;
#4669 = CARTESIAN_POINT ( 'NONE',  ( 22.19839152834318696, 20.11378682852719990, 8.833050084604398222 ) ) ;
#4670 = DIRECTION ( 'NONE',  ( 0.6123724356957943593, 0.6123724356957965798, -0.4999999999999980016 ) ) ;
#4671 = ORIENTED_EDGE ( 'NONE', *, *, #1454, .T. ) ;
#4672 = CARTESIAN_POINT ( 'NONE',  ( 21.27584186202521366, 21.89022691677008581, 2.901417525168213718 ) ) ;
#4673 = DIRECTION ( 'NONE',  ( -0.7071067811865487940, 0.7071067811865462405, 0.000000000000000000 ) ) ;
#4674 = DATE_AND_TIME ( #5251, #5599 ) ;
#4675 = CARTESIAN_POINT ( 'NONE',  ( 23.32143188050896399, 19.42385930261101734, 5.044747093457479181 ) ) ;
#4676 = CARTESIAN_POINT ( 'NONE',  ( 23.36032564952662582, 21.27572094971065653, 7.884334847394837809 ) ) ;
#4677 = ORIENTED_EDGE ( 'NONE', *, *, #7023, .T. ) ;
#4678 = CARTESIAN_POINT ( 'NONE',  ( -5.243481757389273135, -13.76055250731836743, 55.00000000000000711 ) ) ;
#4679 = ADVANCED_FACE ( 'NONE', ( #3154 ), #5942, .F. ) ;
#4680 = CARTESIAN_POINT ( 'NONE',  ( 32.78051095303342777, 28.56625104514564129, -0.8515541587257664524 ) ) ;
#4681 = EDGE_CURVE ( 'NONE', #3886, #4845, #7279, .T. ) ;
#4682 = VERTEX_POINT ( 'NONE', #5274 ) ;
#4683 = CARTESIAN_POINT ( 'NONE',  ( 29.08987389503977639, 26.66009548201799007, -2.157695229427385897 ) ) ;
#4684 = CARTESIAN_POINT ( 'NONE',  ( 29.36224949106276938, 31.43418290800175541, 0.9991149498618236979 ) ) ;
#4685 = CARTESIAN_POINT ( 'NONE',  ( -6.381536127930263369, 3.952837554385830288, 53.28125000429726299 ) ) ;
#4686 = CARTESIAN_POINT ( 'NONE',  ( -9.247053980597316425, 4.085368013051266622, 55.00000000000000000 ) ) ;
#4687 = VERTEX_POINT ( 'NONE', #7947 ) ;
#4688 = LINE ( 'NONE', #673, #4859 ) ;
#4689 = CARTESIAN_POINT ( 'NONE',  ( -30.54200919156631855, -1.754464807094121559, 2.809151394679396230 ) ) ;
#4690 = VERTEX_POINT ( 'NONE', #6517 ) ;
#4691 = DIRECTION ( 'NONE',  ( 0.000000000000000000, 0.000000000000000000, 1.000000000000000000 ) ) ;
#4692 = DIRECTION ( 'NONE',  ( -1.000000000000000000, 0.000000000000000000, 0.000000000000000000 ) ) ;
#4693 = CARTESIAN_POINT ( 'NONE',  ( 22.06713708074638802, 20.28954200643436678, 8.418871651406089285 ) ) ;
#4694 = CARTESIAN_POINT ( 'NONE',  ( 33.62956572381940390, 30.23328776381734073, 1.726948451617638103 ) ) ;
#4695 = VERTEX_POINT ( 'NONE', #409 ) ;
#4696 = CARTESIAN_POINT ( 'NONE',  ( 27.64938348899601195, 31.19312636425521745, -4.235453461074012438 ) ) ;
#4697 = EDGE_CURVE ( 'NONE', #4073, #1285, #7554, .T. ) ;
#4698 = CARTESIAN_POINT ( 'NONE',  ( 23.98414172864957550, 23.15410743987799336, 8.083825085735066196 ) ) ;
#4699 = DIRECTION ( 'NONE',  ( 0.6123724356957943593, 0.6123724356957963577, -0.4999999999999978351 ) ) ;
#4700 = CARTESIAN_POINT ( 'NONE',  ( 23.56325340670671054, 27.46082598460683499, 2.587504054758665184 ) ) ;
#4701 = ORIENTED_EDGE ( 'NONE', *, *, #4380, .T. ) ;
#4702 = CARTESIAN_POINT ( 'NONE',  ( 23.26080750811660636, 27.09580709449348390, 4.842064145391594465 ) ) ;
#4703 = CARTESIAN_POINT ( 'NONE',  ( 21.60751321898010247, 26.44802803885973574, 4.484461367688354905 ) ) ;
#4704 = ORIENTED_EDGE ( 'NONE', *, *, #3997, .T. ) ;
#4705 = CARTESIAN_POINT ( 'NONE',  ( 17.84699503419169631, 21.74456761209179589, 7.254809471616630034 ) ) ;
#4706 = LINE ( 'NONE', #2823, #3176 ) ;
#4707 = VECTOR ( 'NONE', #2341, 1000.000000000000227 ) ;
#4708 = CARTESIAN_POINT ( 'NONE',  ( 30.57656540274756907, 30.57656540274746604, -1.547663869101489897 ) ) ;
#4709 = CARTESIAN_POINT ( 'NONE',  ( 24.91533176265896543, 28.70926086178582537, 3.486690967454090462 ) ) ;
#4710 = CARTESIAN_POINT ( 'NONE',  ( 18.11926245337727792, 22.01683503127739883, 7.032504054771504975 ) ) ;
#4711 = CARTESIAN_POINT ( 'NONE',  ( 28.23390360912356201, 24.33633103122321373, 1.956288817549107106 ) ) ;
#4712 = ORIENTED_EDGE ( 'NONE', *, *, #4745, .F. ) ;
#4713 = CARTESIAN_POINT ( 'NONE',  ( 26.36655236599499119, 27.09532654709192556, 4.239908183963442490 ) ) ;
#4714 = CARTESIAN_POINT ( 'NONE',  ( 23.71492374599489139, 19.81735116809445429, 4.723462330669494946 ) ) ;
#4715 = APPROVAL_ROLE ( '' ) ;
#4716 = CARTESIAN_POINT ( 'NONE',  ( 17.84699503419169631, 21.74456761209179589, 7.254809471616630034 ) ) ;
#4717 = CARTESIAN_POINT ( 'NONE',  ( 32.53079079368478688, 27.36735434238737597, -3.084701131397103779 ) ) ;
#4718 = VERTEX_POINT ( 'NONE', #1869 ) ;
#4719 = CARTESIAN_POINT ( 'NONE',  ( -4.766204225801348393, -13.81638298439723123, 55.00000000000002842 ) ) ;
#4720 = AXIS2_PLACEMENT_3D ( 'NONE', #1874, #1828, #3207 ) ;
#4721 = ORIENTED_EDGE ( 'NONE', *, *, #6753, .F. ) ;
#4722 = AXIS2_PLACEMENT_3D ( 'NONE', #2126, #7522, #3495 ) ;
#4723 = CARTESIAN_POINT ( 'NONE',  ( 32.19001649902576645, 28.01515846782066177, -2.397058968562586045 ) ) ;
#4724 = AXIS2_PLACEMENT_3D ( 'NONE', #4806, #706, #3401 ) ;
#4725 = ADVANCED_FACE ( 'NONE', ( #5803 ), #544, .T. ) ;
#4726 = VERTEX_POINT ( 'NONE', #5845 ) ;
#4727 =( BOUNDED_CURVE ( )  B_SPLINE_CURVE ( 2, ( #8393, #4362, #7645, #1669, #5603, #1537, #6313, #6977, #7068 ),
 .UNSPECIFIED., .F., .T. ) 
 B_SPLINE_CURVE_WITH_KNOTS ( ( 3, 2, 2, 2, 3 ),
 ( 0.6666666666666664076, 0.6749999999999998224, 0.6833333333333331261, 0.6916666666666665408, 0.6999999999999998446 ),
 .UNSPECIFIED. ) 
 CURVE ( )  GEOMETRIC_REPRESENTATION_ITEM ( )  RATIONAL_B_SPLINE_CURVE ( ( 1.000000000000001998, 0.9238795325112847401, 1.000000000000000000, 0.9238795325112867385, 1.000000000000000000, 0.9238795325112867385, 1.000000000000000000, 0.9238795325112877377, 0.9999999999999990008 ) ) 
 REPRESENTATION_ITEM ( '' )  );
#4728 = CARTESIAN_POINT ( 'NONE',  ( 24.53153050834416860, 22.44692580852817443, 6.928050084604429060 ) ) ;
#4729 = CARTESIAN_POINT ( 'NONE',  ( 30.95355692593039265, 30.33917187118529668, 1.289451418065093113 ) ) ;
#4730 = CARTESIAN_POINT ( 'NONE',  ( -12.35367044356962651, -10.02750239174977054, 60.10625000429725162 ) ) ;
#4731 = DIRECTION ( 'NONE',  ( 0.6123724356957943593, 0.6123724356957964687, -0.4999999999999978351 ) ) ;
#4732 = CIRCLE ( 'NONE', #4432, 4.305605725543819595 ) ;
#4733 = EDGE_CURVE ( 'NONE', #746, #1761, #6346, .T. ) ;
#4734 = AXIS2_PLACEMENT_3D ( 'NONE', #4020, #4760, #8187 ) ;
#4735 = CARTESIAN_POINT ( 'NONE',  ( -68.87945218822306970, -68.87945218822343918, 2.999999999999999112 ) ) ;
#4736 = LINE ( 'NONE', #6418, #3447 ) ;
#4737 = ORIENTED_EDGE ( 'NONE', *, *, #2383, .F. ) ;
#4738 = CARTESIAN_POINT ( 'NONE',  ( 23.64588294170416560, 21.21610452868235797, 2.287304770572598400 ) ) ;
#4739 = CARTESIAN_POINT ( 'NONE',  ( 5.898059818321144121E-14, -2.000000000000000444, 3.000000000000000000 ) ) ;
#4740 = DIRECTION ( 'NONE',  ( 0.000000000000000000, -1.000000000000000000, 0.000000000000000000 ) ) ;
#4741 = CARTESIAN_POINT ( 'NONE',  ( 21.79779393105905427, 19.72586051411984442, 4.064878993371479510 ) ) ;
#4742 = B_SPLINE_CURVE_WITH_KNOTS ( 'NONE', 3,
 ( #3570, #5726, #6361, #8273 ),
 .UNSPECIFIED., .F., .F.,
 ( 4, 4 ),
 ( 1.252090671179648868E-15, 2.246401337273733561E-05 ),
 .UNSPECIFIED. ) ;
#4743 = CARTESIAN_POINT ( 'NONE',  ( 51.88409695360144980, 51.88409695360142138, -18.94519052838326800 ) ) ;
#4744 = EDGE_CURVE ( 'NONE', #2414, #217, #954, .T. ) ;
#4745 = EDGE_CURVE ( 'NONE', #4726, #4718, #284, .T. ) ;
#4746 = CARTESIAN_POINT ( 'NONE',  ( 1.343811831765524989, 3.922745594522599522, 61.48649135602236271 ) ) ;
#4747 = CARTESIAN_POINT ( 'NONE',  ( 17.84699503419169631, 21.74456761209179589, 7.254809471616630034 ) ) ;
#4748 = CARTESIAN_POINT ( 'NONE',  ( 18.61629063694055120, 22.58931870079247162, 4.310354879155967822 ) ) ;
#4749 = CARTESIAN_POINT ( 'NONE',  ( 23.93987575963904391, 24.66037166510482592, 0.1830804264385781366 ) ) ;
#4750 = ORIENTED_EDGE ( 'NONE', *, *, #3007, .T. ) ;
#4751 = CARTESIAN_POINT ( 'NONE',  ( 25.19671126859952182, 21.18067391433170599, 6.794773321549362421 ) ) ;
#4752 = CARTESIAN_POINT ( 'NONE',  ( 23.79557675538625361, 24.79080909506195596, 7.198360559991429319 ) ) ;
#4753 = ADVANCED_FACE ( 'NONE', ( #2545 ), #4046, .F. ) ;
#4754 = CYLINDRICAL_SURFACE ( 'NONE', #6030, 2.756000000000000227 ) ;
#4755 = CARTESIAN_POINT ( 'NONE',  ( 18.33020800258322325, 22.91586978290712651, 0.2396105323324699832 ) ) ;
#4756 = CARTESIAN_POINT ( 'NONE',  ( 21.70623582718693356, 19.27645741416461078, 3.871020007781861505 ) ) ;
#4757 = B_SPLINE_CURVE_WITH_KNOTS ( 'NONE', 3,
 ( #1584, #4372, #7037, #6985 ),
 .UNSPECIFIED., .F., .F.,
 ( 4, 4 ),
 ( 0.001197357199231599122, 0.001860911250262475489 ),
 .UNSPECIFIED. ) ;
#4758 = CARTESIAN_POINT ( 'NONE',  ( -6.381535974763375307, -11.64716244561416225, 61.88125000429724309 ) ) ;
#4759 = CYLINDRICAL_SURFACE ( 'NONE', #5046, 3.174999999999992273 ) ;
#4760 = DIRECTION ( 'NONE',  ( -0.3535533905932738974, -0.3535533905932752852, -0.8660254037844381525 ) ) ;
#4761 = VERTEX_POINT ( 'NONE', #7496 ) ;
#4762 = CARTESIAN_POINT ( 'NONE',  ( 22.60034953975611671, 26.14489093307026835, 4.019479444045929384 ) ) ;
#4763 = CARTESIAN_POINT ( 'NONE',  ( 22.31969323740504052, 18.87097974323910421, 8.585881177995007718 ) ) ;
#4764 = CARTESIAN_POINT ( 'NONE',  ( 28.00604395115728096, 30.51099658685793159, -4.652322344785609687 ) ) ;
#4765 = CARTESIAN_POINT ( 'NONE',  ( 32.44723546040130202, 27.35658004943137556, -3.039223802624598125 ) ) ;
#4766 = VERTEX_POINT ( 'NONE', #3418 ) ;
#4767 = CARTESIAN_POINT ( 'NONE',  ( 24.66702466274727712, 22.26549348643533932, 7.355607074906208354 ) ) ;
#4768 = ORIENTED_EDGE ( 'NONE', *, *, #88, .F. ) ;
#4769 = CARTESIAN_POINT ( 'NONE',  ( 32.79884024130394948, 28.64825207821836628, -0.7161294921228721355 ) ) ;
#4770 = ORIENTED_EDGE ( 'NONE', *, *, #1624, .F. ) ;
#4771 = CARTESIAN_POINT ( 'NONE',  ( 29.81402980096912358, 26.52077984909691466, -1.282665104477248796 ) ) ;
#4772 = CARTESIAN_POINT ( 'NONE',  ( 30.12934373131308874, 30.01127311404342279, -3.846268046558586562 ) ) ;
#4773 = CARTESIAN_POINT ( 'NONE',  ( -7.096359284875418005, -13.84716245263254208, 60.38125000429725731 ) ) ;
#4774 = CARTESIAN_POINT ( 'NONE',  ( 21.64333810682771642, 26.43201398966248661, 4.469037090726176054 ) ) ;
#4775 = EDGE_CURVE ( 'NONE', #2372, #6651, #2232, .T. ) ;
#4776 = DIRECTION ( 'NONE',  ( -0.7071067811865437980, 0.7071067811865512365, 1.321813969358234666E-14 ) ) ;
#4777 = CARTESIAN_POINT ( 'NONE',  ( 26.39651270900444402, 29.68976266087643623, 2.222943810501011530 ) ) ;
#4778 = ORIENTED_EDGE ( 'NONE', *, *, #2028, .T. ) ;
#4779 = CARTESIAN_POINT ( 'NONE',  ( 25.12305163578892575, 21.22547905788857037, 4.496288817549098482 ) ) ;
#4780 = CARTESIAN_POINT ( 'NONE',  ( 5.663402711880920926, -0.7569923836028872310, 61.34375000429726299 ) ) ;
#4781 = CARTESIAN_POINT ( 'NONE',  ( 2.000000000000150546, -2.428612866367529932E-14, 12.00000000000000000 ) ) ;
#4782 = CARTESIAN_POINT ( 'NONE',  ( 20.84328801259282926, 20.22890295784770132, 9.544451418065062143 ) ) ;
#4783 = CARTESIAN_POINT ( 'NONE',  ( -28.84739185458337118, -2.385953079411601063, 15.00000000000000355 ) ) ;
#4784 = DIRECTION ( 'NONE',  ( 0.000000000000000000, -0.5000000000000042188, 0.8660254037844362651 ) ) ;
#4785 = VERTEX_POINT ( 'NONE', #8118 ) ;
#4786 = ADVANCED_FACE ( 'NONE', ( #2099 ), #8077, .F. ) ;
#4787 = CARTESIAN_POINT ( 'NONE',  ( 31.27326436064610604, 26.89241238731139561, 0.4758604582840259001 ) ) ;
#4788 = CARTESIAN_POINT ( 'NONE',  ( 20.77157787888006268, 24.22029137304575030, 3.066237765238255975 ) ) ;
#4789 = PLANE ( 'NONE',  #6007 ) ;
#4790 = EDGE_CURVE ( 'NONE', #8241, #5727, #8444, .T. ) ;
#4791 = ORIENTED_EDGE ( 'NONE', *, *, #3177, .T. ) ;
#4792 = CARTESIAN_POINT ( 'NONE',  ( 25.97442426193317999, 21.95838690766537127, 6.159773321549370628 ) ) ;
#4793 = CARTESIAN_POINT ( 'NONE',  ( 23.93710617590941325, 21.10762182303506407, 1.749483270138448621 ) ) ;
#4794 = VERTEX_POINT ( 'NONE', #2005 ) ;
#4795 = DIRECTION ( 'NONE',  ( 0.6123724356957943593, 0.6123724356957965798, -0.4999999999999980016 ) ) ;
#4796 = CARTESIAN_POINT ( 'NONE',  ( -11.64716242073014918, -5.082561094514375988, 55.90172463929457791 ) ) ;
#4797 = CARTESIAN_POINT ( 'NONE',  ( 17.13326277945013487, 23.88733547410459934, 1.567415044673495350 ) ) ;
#4798 = ORIENTED_EDGE ( 'NONE', *, *, #8577, .F. ) ;
#4799 = CARTESIAN_POINT ( 'NONE',  ( 25.95418085716029921, 33.02524866902564327, -7.000000000000018652 ) ) ;
#4800 = DIRECTION ( 'NONE',  ( -0.7674234614174771929, 0.6123724356957941373, -0.1898979485566344994 ) ) ;
#4801 = FACE_OUTER_BOUND ( 'NONE', #8625, .T. ) ;
#4802 = DIRECTION ( 'NONE',  ( 0.1898979485566346936, 0.4999999999999977240, 0.8449489742783193869 ) ) ;
#4803 = ORIENTED_EDGE ( 'NONE', *, *, #8751, .F. ) ;
#4804 = CARTESIAN_POINT ( 'NONE',  ( 23.52970744195963348, 22.80093326086246819, 1.855960759269845273 ) ) ;
#4805 = CARTESIAN_POINT ( 'NONE',  ( 19.93687323556890334, 23.83444581346993374, 5.195227280839418427 ) ) ;
#4806 = CARTESIAN_POINT ( 'NONE',  ( -54.79072049753064277, -1.754464807094125112, -11.19084860532055004 ) ) ;
#4807 = EDGE_LOOP ( 'NONE', ( #7733, #5728 ) ) ;
#4808 = FACE_OUTER_BOUND ( 'NONE', #7310, .T. ) ;
#4809 = EDGE_LOOP ( 'NONE', ( #626, #4231, #7975, #3430, #4551 ) ) ;
#4810 = CARTESIAN_POINT ( 'NONE',  ( 32.76573019861294256, 29.23289077398176872, 0.04108598591656209553 ) ) ;
#4811 = ORIENTED_EDGE ( 'NONE', *, *, #2407, .F. ) ;
#4812 = CARTESIAN_POINT ( 'NONE',  ( -2.555544031370902580, 3.952837591950914220, 55.07367448862677861 ) ) ;
#4813 = CARTESIAN_POINT ( 'NONE',  ( 11.11656979112473920, 15.35921047824384011, 15.00000000000000000 ) ) ;
#4814 = CARTESIAN_POINT ( 'NONE',  ( -13.35772761402214925, -0.7569925703595637989, 59.69375000429725731 ) ) ;
#4815 = CARTESIAN_POINT ( 'NONE',  ( 24.29914391749427693, 17.22807610562864156, 2.434235771201131548 ) ) ;
#4816 = EDGE_CURVE ( 'NONE', #2307, #377, #4168, .T. ) ;
#4817 = FACE_OUTER_BOUND ( 'NONE', #1688, .T. ) ;
#4818 = CARTESIAN_POINT ( 'NONE',  ( -2.028486401781055992, 3.738808198077318234, 61.79509505797241076 ) ) ;
#4819 = VERTEX_POINT ( 'NONE', #3465 ) ;
#4820 = CARTESIAN_POINT ( 'NONE',  ( 18.94270288202423913, 19.55708793676910418, 4.806417525168202864 ) ) ;
#4821 = DIRECTION ( 'NONE',  ( 0.1898979485566346936, 0.4999999999999977240, 0.8449489742783193869 ) ) ;
#4822 = CARTESIAN_POINT ( 'NONE',  ( -1.731175654463915636, 3.660341240721201927, 62.89996694561088475 ) ) ;
#4823 = CARTESIAN_POINT ( 'NONE',  ( 29.74671840344261753, 29.16347704820185882, -4.323263384041545976 ) ) ;
#4824 = CARTESIAN_POINT ( 'NONE',  ( -8.011175953459542143, 7.407214119053565859, 15.00000000000000000 ) ) ;
#4825 = CARTESIAN_POINT ( 'NONE',  ( -1.026749095362521791, 3.425063419690423494, 63.23142748068845265 ) ) ;
#4826 = ORIENTED_EDGE ( 'NONE', *, *, #1419, .T. ) ;
#4827 = CARTESIAN_POINT ( 'NONE',  ( 49.44752746360097007, 53.82837943693556326, -19.54811651505058379 ) ) ;
#4828 = CARTESIAN_POINT ( 'NONE',  ( 51.88409695360144980, 51.88409695360142138, -18.94519052838326800 ) ) ;
#4829 = DIRECTION ( 'NONE',  ( 0.6123724356957944703, 0.6123724356957963577, -0.4999999999999978906 ) ) ;
#4830 = CARTESIAN_POINT ( 'NONE',  ( 25.56675111230672925, 20.72623629242684373, 3.833907575544930335 ) ) ;
#4831 = CARTESIAN_POINT ( 'NONE',  ( 19.66080994047372243, 20.49982961399616954, 3.070220996345277342 ) ) ;
#4832 = FACE_OUTER_BOUND ( 'NONE', #7458, .T. ) ;
#4833 = CARTESIAN_POINT ( 'NONE',  ( 22.62120730980913308, 18.24035533647437646, 7.540235458283937930 ) ) ;
#4834 = ORIENTED_EDGE ( 'NONE', *, *, #251, .T. ) ;
#4835 = CARTESIAN_POINT ( 'NONE',  ( -2.367483574666890078, 3.169220296521291669, 63.44668758721440582 ) ) ;
#4836 = CARTESIAN_POINT ( 'NONE',  ( 2.524236667271749113, -9.048716683129583771, 54.99999999999999289 ) ) ;
#4837 = DIRECTION ( 'NONE',  ( 1.000000000000000000, -0.000000000000000000, -0.000000000000000000 ) ) ;
#4838 = DIRECTION ( 'NONE',  ( 1.000000000000000000, 1.449435587473489291E-16, -0.000000000000000000 ) ) ;
#4839 = ORIENTED_EDGE ( 'NONE', *, *, #6045, .T. ) ;
#4840 = CARTESIAN_POINT ( 'NONE',  ( 24.86333708749231164, 27.67157449261887336, 3.422109696953869129 ) ) ;
#4841 = CARTESIAN_POINT ( 'NONE',  ( 28.31216090170611466, 25.88238248868432478, -1.522695229427386998 ) ) ;
#4842 = DIRECTION ( 'NONE',  ( 0.6123724356957943593, 0.6123724356957965798, -0.4999999999999980016 ) ) ;
#4843 = CARTESIAN_POINT ( 'NONE',  ( 32.12246857579185644, 28.22489599789152237, -1.218711182450880282 ) ) ;
#4844 = EDGE_CURVE ( 'NONE', #1143, #5958, #7366, .T. ) ;
#4845 = VERTEX_POINT ( 'NONE', #6164 ) ;
#4846 = CARTESIAN_POINT ( 'NONE',  ( 24.45203456928472363, 17.38096675741900299, 12.00000000000000000 ) ) ;
#4847 = ORIENTED_EDGE ( 'NONE', *, *, #566, .T. ) ;
#4848 = CARTESIAN_POINT ( 'NONE',  ( 31.47183506637934158, 31.23664011765364279, 1.147828802121492187 ) ) ;
#4849 =( BOUNDED_CURVE ( )  B_SPLINE_CURVE ( 2, ( #2115, #2691, #3354, #5380, #4019, #6767, #22, #2779, #6851, #6048, #7513, #651, #3394 ),
 .UNSPECIFIED., .F., .T. ) 
 B_SPLINE_CURVE_WITH_KNOTS ( ( 3, 2, 2, 2, 2, 2, 3 ),
 ( 0.4374999996125570334, 0.4500000000000000111, 0.4749999999999999778, 0.5000000000000000000, 0.5250000000000000222, 0.5500000000000000444, 0.5624999996125570334 ),
 .UNSPECIFIED. ) 
 CURVE ( )  GEOMETRIC_REPRESENTATION_ITEM ( )  RATIONAL_B_SPLINE_CURVE ( ( 0.9755282581475768211, 0.9755282573890644571, 1.000000000000000000, 0.9510565162951535312, 1.000000000000000000, 0.9510565162951535312, 1.000000000000000000, 0.9510565162951535312, 1.000000000000000000, 0.9510565162951535312, 1.000000000000000000, 0.9755282589060891851, 0.9755282581475768211 ) ) 
 REPRESENTATION_ITEM ( '' )  );
#4850 = CIRCLE ( 'NONE', #6846, 180.0000000000000284 ) ;
#4851 = ORIENTED_EDGE ( 'NONE', *, *, #4305, .T. ) ;
#4852 = CARTESIAN_POINT ( 'NONE',  ( 24.21893006772166856, 28.11650264562353740, 1.698942518051111961 ) ) ;
#4853 = CARTESIAN_POINT ( 'NONE',  ( 21.74456761209195221, 17.84699503419155420, 7.254809471616630034 ) ) ;
#4854 = CARTESIAN_POINT ( 'NONE',  ( 0.7375626091084444003, -10.15749493184066843, 57.54375000429725162 ) ) ;
#4855 = EDGE_CURVE ( 'NONE', #4991, #4386, #7407, .T. ) ;
#4856 = CARTESIAN_POINT ( 'NONE',  ( 30.18282146127475940, 26.28524888337438981, 0.3650040547586626549 ) ) ;
#4857 = CARTESIAN_POINT ( 'NONE',  ( 32.05097735397973935, 27.67012538064502536, -0.1591395417160283432 ) ) ;
#4858 = VECTOR ( 'NONE', #6543, 1000.000000000000227 ) ;
#4859 = VECTOR ( 'NONE', #848, 1000.000000000000000 ) ;
#4860 = DIRECTION ( 'NONE',  ( -0.000000000000000000, -0.000000000000000000, -1.000000000000000000 ) ) ;
#4861 = AXIS2_PLACEMENT_3D ( 'NONE', #5397, #4164, #2040 ) ;
#4862 = CARTESIAN_POINT ( 'NONE',  ( -2.200159834465431619, 3.777241900435468480, 62.63244773540804999 ) ) ;
#4863 =( BOUNDED_CURVE ( )  B_SPLINE_CURVE ( 2, ( #5233, #8518, #5191, #7952, #1924, #2592, #8616, #3740, #5808, #5902, #2506 ),
 .UNSPECIFIED., .F., .T. ) 
 B_SPLINE_CURVE_WITH_KNOTS ( ( 3, 2, 2, 2, 2, 3 ),
 ( 0.5829579140862688469, 0.5853225935385331091, 0.5936559268718664129, 0.6019892602051997166, 0.6103225935385331313, 0.6162912474196022838 ),
 .UNSPECIFIED. ) 
 CURVE ( )  GEOMETRIC_REPRESENTATION_ITEM ( )  RATIONAL_B_SPLINE_CURVE ( ( 0.9690584114092961610, 0.9783999393559227320, 1.000000000000000000, 0.9238795325112867385, 1.000000000000000000, 0.9238795325112867385, 1.000000000000000000, 0.9238795325112867385, 1.000000000000000000, 0.9454795931553637844, 0.9690584114092966050 ) ) 
 REPRESENTATION_ITEM ( '' )  );
#4864 = ORIENTED_EDGE ( 'NONE', *, *, #267, .F. ) ;
#4865 = CARTESIAN_POINT ( 'NONE',  ( 17.84699503419169631, 21.74456761209179589, 7.254809471616630034 ) ) ;
#4866 = CARTESIAN_POINT ( 'NONE',  ( 29.48336576052364677, 27.05358734750185334, -2.478979992217838824 ) ) ;
#4867 = CARTESIAN_POINT ( 'NONE',  ( 28.10641514189428136, 32.44052306146321740, -2.273908918831272441 ) ) ;
#4868 = AXIS2_PLACEMENT_3D ( 'NONE', #6369, #2921, #3666 ) ;
#4869 = CARTESIAN_POINT ( 'NONE',  ( 22.38513177387262942, 24.16272684818439842, 2.121997291827173893 ) ) ;
#4870 = DIRECTION ( 'NONE',  ( 0.7071067811865463515, 0.7071067811865487940, -0.000000000000000000 ) ) ;
#4871 = VECTOR ( 'NONE', #2413, 1000.000000000000227 ) ;
#4872 = CARTESIAN_POINT ( 'NONE',  ( -11.26540322416676254, -6.257495049690469990, 55.96875000429726299 ) ) ;
#4873 = EDGE_CURVE ( 'NONE', #4129, #5925, #3064, .T. ) ;
#4874 = AXIS2_PLACEMENT_3D ( 'NONE', #3044, #3755, #1057 ) ;
#4875 = CARTESIAN_POINT ( 'NONE',  ( 51.88409695360144980, 51.88409695360142138, -18.94519052838326800 ) ) ;
#4876 = DIRECTION ( 'NONE',  ( 0.3535533905932714549, 0.3535533905932728427, 0.8660254037844398178 ) ) ;
#4877 = CARTESIAN_POINT ( 'NONE',  ( -9.725015023087241417, 4.243007465307788273, 54.91875000429725873 ) ) ;
#4878 = CARTESIAN_POINT ( 'NONE',  ( 25.03189030068431364, 25.87090997420677141, -1.315247753654711138 ) ) ;
#4879 = CARTESIAN_POINT ( 'NONE',  ( 22.77166191380836224, 23.61068158733080935, 0.5302209963452896302 ) ) ;
#4880 = CARTESIAN_POINT ( 'NONE',  ( 23.62324506831455295, 22.90274916284855067, 7.817788516794668574 ) ) ;
#4881 = CARTESIAN_POINT ( 'NONE',  ( 2.208066273222059728, 4.111335568579306710, 61.67836852085875421 ) ) ;
#4882 = VERTEX_POINT ( 'NONE', #6212 ) ;
#4883 = CARTESIAN_POINT ( 'NONE',  ( -2.143497289135798844, 4.369125616633142251, 62.01011690413861999 ) ) ;
#4884 = EDGE_CURVE ( 'NONE', #1044, #2876, #5321, .T. ) ;
#4885 = DIRECTION ( 'NONE',  ( -0.7674234614174771929, 0.6123724356957944703, -0.1898979485566346104 ) ) ;
#4886 = CARTESIAN_POINT ( 'NONE',  ( 28.63868340798505940, 33.63127218175890931, 0.02921016270842485829 ) ) ;
#4887 = CARTESIAN_POINT ( 'NONE',  ( 29.62062424981206377, 25.23977227647733201, 1.825235458283960721 ) ) ;
#4888 = EDGE_LOOP ( 'NONE', ( #2339, #4184, #2007, #2156, #5991 ) ) ;
#4889 = CARTESIAN_POINT ( 'NONE',  ( 25.59319787137397029, 27.37079294568574994, -0.4973777081728122940 ) ) ;
#4890 = CARTESIAN_POINT ( 'NONE',  ( 29.45277775696424172, 25.65884865783624846, -1.042072024220925375 ) ) ;
#4891 = ORIENTED_EDGE ( 'NONE', *, *, #4578, .T. ) ;
#4892 = VECTOR ( 'NONE', #6843, 1000.000000000000000 ) ;
#4893 = CARTESIAN_POINT ( 'NONE',  ( 30.51229894781823049, 30.51229894781813101, -1.495190528383337547 ) ) ;
#4894 = VECTOR ( 'NONE', #8294, 1000.000000000000000 ) ;
#4895 = CARTESIAN_POINT ( 'NONE',  ( 30.39833724314572194, 26.01748526981099374, 1.190235458283964043 ) ) ;
#4896 = ORIENTED_EDGE ( 'NONE', *, *, #183, .T. ) ;
#4897 = ADVANCED_FACE ( 'NONE', ( #1338 ), #6101, .T. ) ;
#4898 = CARTESIAN_POINT ( 'NONE',  ( 29.01161660245721308, 25.11404402455686835, 1.321288817549116201 ) ) ;
#4899 = AXIS2_PLACEMENT_3D ( 'NONE', #2053, #7537, #5406 ) ;
#4900 = CARTESIAN_POINT ( 'NONE',  ( 30.97491717777799636, 26.18624129496072683, -0.5956681475093091871 ) ) ;
#4901 = ADVANCED_FACE ( 'NONE', ( #7632 ), #3555, .F. ) ;
#4902 = EDGE_CURVE ( 'NONE', #7375, #8570, #7040, .T. ) ;
#4903 = CARTESIAN_POINT ( 'NONE',  ( 25.54505127008087939, 24.69041001630285947, -0.1954497828896233635 ) ) ;
#4904 = DIRECTION ( 'NONE',  ( 1.000000000000000000, -0.000000000000000000, -0.000000000000000000 ) ) ;
#4905 = CARTESIAN_POINT ( 'NONE',  ( 0.7375624851938314963, 2.463170180408507992, 55.61875000429726157 ) ) ;
#4906 = CARTESIAN_POINT ( 'NONE',  ( 25.63678183948360001, 24.80674755071202142, 6.734450085735081970 ) ) ;
#4907 = CARTESIAN_POINT ( 'NONE',  ( 23.96111751460550465, 20.06354493670511019, 5.445004054758684653 ) ) ;
#4908 =( BOUNDED_CURVE ( )  B_SPLINE_CURVE ( 2, ( #5876, #1138, #1097, #3982, #6501, #6587, #5164, #3802, #2477 ),
 .UNSPECIFIED., .F., .T. ) 
 B_SPLINE_CURVE_WITH_KNOTS ( ( 3, 2, 2, 2, 3 ),
 ( 0.03571980173780039958, 0.03820706283293699018, 0.04069432392807358079, 0.04318158502321017139, 0.04566884611834676200 ),
 .UNSPECIFIED. ) 
 CURVE ( )  GEOMETRIC_REPRESENTATION_ITEM ( )  RATIONAL_B_SPLINE_CURVE ( ( 1.000000000000382139, 0.9238795325109047107, 1.000000000000000000, 0.9238795325112867385, 1.000000000000000000, 0.9238795325112867385, 1.000000000000000000, 0.9238795325112819645, 1.000000000000004885 ) ) 
 REPRESENTATION_ITEM ( '' )  );
#4909 = LINE ( 'NONE', #351, #2051 ) ;
#4910 = CARTESIAN_POINT ( 'NONE',  ( 33.43050790262989125, 29.87426140030496313, 1.211423905663739919 ) ) ;
#4911 = VERTEX_POINT ( 'NONE', #1025 ) ;
#4912 = DIRECTION ( 'NONE',  ( -0.7674234614174771929, 0.6123724356957942483, -0.1898979485566349434 ) ) ;
#4913 = DIRECTION ( 'NONE',  ( -0.1898979485566461567, -0.5000000000000016653, -0.8449489742783143909 ) ) ;
#4914 = CARTESIAN_POINT ( 'NONE',  ( 24.69597153106082033, 26.76790494799979214, 4.809114949861808874 ) ) ;
#4915 = CARTESIAN_POINT ( 'NONE',  ( 5.000000000000147438, -37.14738621360572068, 5.249999999999884537 ) ) ;
#4916 =( BOUNDED_CURVE ( )  B_SPLINE_CURVE ( 2, ( #4487, #5147, #8573, #5855, #3921, #552, #7337, #8618, #6525 ),
 .UNSPECIFIED., .F., .T. ) 
 B_SPLINE_CURVE_WITH_KNOTS ( ( 3, 2, 2, 2, 3 ),
 ( 0.4666666666666667296, 0.4749999999999999778, 0.4833333333333332815, 0.4916666666666665297, 0.4999999999999998335 ),
 .UNSPECIFIED. ) 
 CURVE ( )  GEOMETRIC_REPRESENTATION_ITEM ( )  RATIONAL_B_SPLINE_CURVE ( ( 0.9999999999999994449, 0.9238795325112872936, 1.000000000000000000, 0.9238795325112867385, 1.000000000000000000, 0.9238795325112867385, 1.000000000000000000, 0.9238795325112882928, 0.9999999999999984457 ) ) 
 REPRESENTATION_ITEM ( '' )  );
#4917 = CARTESIAN_POINT ( 'NONE',  ( -1.312788713530040008, -11.64716239584722857, 56.65625000429726299 ) ) ;
#4918 = EDGE_LOOP ( 'NONE', ( #7619, #8521 ) ) ;
#4919 = CARTESIAN_POINT ( 'NONE',  ( 19.79578132314182426, 19.79578132314167505, 7.254809471616630034 ) ) ;
#4920 = CARTESIAN_POINT ( 'NONE',  ( 24.75419008017791711, 29.54286596299621692, 1.929037090741533955 ) ) ;
#4921 = CARTESIAN_POINT ( 'NONE',  ( 2.030690181626937374, -11.93733230676918566, 56.29375000429725873 ) ) ;
#4922 = B_SPLINE_CURVE_WITH_KNOTS ( 'NONE', 3,
 ( #2868, #5604, #7686, #6940, #910, #7029, #3695, #4930, #1538, #6266 ),
 .UNSPECIFIED., .F., .F.,
 ( 4, 2, 2, 2, 4 ),
 ( 4.416519766332463267E-19, 0.0006117702368224982225, 0.001223540473644996011, 0.001835310710467493800, 0.002447080947289991589 ),
 .UNSPECIFIED. ) ;
#4923 = CARTESIAN_POINT ( 'NONE',  ( 26.37165948145124261, 30.20665906782812726, 2.302064145391607752 ) ) ;
#4924 = CARTESIAN_POINT ( 'NONE',  ( 24.41731449333479986, 28.84559058040841251, 0.8609034946861424675 ) ) ;
#4925 = ORIENTED_EDGE ( 'NONE', *, *, #531, .F. ) ;
#4926 = CARTESIAN_POINT ( 'NONE',  ( 25.43785583888193713, 28.88656933304772423, -0.7437622347617454110 ) ) ;
#4927 = VERTEX_POINT ( 'NONE', #8254 ) ;
#4928 = CARTESIAN_POINT ( 'NONE',  ( 0.9857298376542275031, 5.041909481036928931, 61.42656193346162752 ) ) ;
#4929 = CYLINDRICAL_SURFACE ( 'NONE', #2752, 0.1270000000000014173 ) ;
#4930 = CARTESIAN_POINT ( 'NONE',  ( 3.920885934897077263, -29.29959267898517794, 0.6572228707266301040 ) ) ;
#4931 = CARTESIAN_POINT ( 'NONE',  ( 24.81811763849226082, 28.61204673761911721, 3.566065967454089325 ) ) ;
#4932 = ORIENTED_EDGE ( 'NONE', *, *, #3073, .T. ) ;
#4933 = CARTESIAN_POINT ( 'NONE',  ( 27.03316470357308177, 30.27583794716950649, -0.5733467487339451996 ) ) ;
#4934 = CARTESIAN_POINT ( 'NONE',  ( 19.51038589310780580, 21.69513961450665818, 9.231302208648241248 ) ) ;
#4935 = ORIENTED_EDGE ( 'NONE', *, *, #8383, .T. ) ;
#4936 = DIRECTION ( 'NONE',  ( 0.6123724356957944703, 0.6123724356957963577, -0.4999999999999978906 ) ) ;
#4937 = LINE ( 'NONE', #2959, #2763 ) ;
#4938 = ORIENTED_EDGE ( 'NONE', *, *, #1158, .F. ) ;
#4939 = DIRECTION ( 'NONE',  ( 1.000000000000000000, 0.000000000000000000, -0.000000000000000000 ) ) ;
#4940 = LINE ( 'NONE', #4376, #3021 ) ;
#4941 = DIRECTION ( 'NONE',  ( 0.4999999999999976130, 0.000000000000000000, -0.8660254037844399289 ) ) ;
#4942 = CARTESIAN_POINT ( 'NONE',  ( 1.757669868907226762, -35.95992243406082878, 12.19325240168031677 ) ) ;
#4943 = CARTESIAN_POINT ( 'NONE',  ( -1.312788866696924517, 3.952837604152769746, 55.75625000429725020 ) ) ;
#4944 = EDGE_CURVE ( 'NONE', #6311, #7038, #2942, .T. ) ;
#4945 = CARTESIAN_POINT ( 'NONE',  ( -1.079696138442213460, 3.445376943331239339, 61.23461323505313914 ) ) ;
#4946 = CARTESIAN_POINT ( 'NONE',  ( 22.31281142020599617, 24.71434259651778120, 1.121511868327043304 ) ) ;
#4947 = EDGE_CURVE ( 'NONE', #6787, #3719, #6187, .T. ) ;
#4948 = B_SPLINE_CURVE_WITH_KNOTS ( 'NONE', 3,
 ( #4650, #5314, #7322, #1250, #3950, #3280, #8026, #1958, #7359, #1291, #3998, #6691, #625, #3328, #92, #8292 ),
 .UNSPECIFIED., .F., .F.,
 ( 4, 2, 2, 2, 2, 2, 2, 4 ),
 ( -2.206900848557626375E-05, 0.001163644856702151197, 0.001756501789296013903, 0.002349358721889876610, 0.002942215654483737366, 0.003535072587077598555, 0.004127929519671459310, 0.004720786452265320066 ),
 .UNSPECIFIED. ) ;
#4949 = CARTESIAN_POINT ( 'NONE',  ( 51.88409695360144980, 51.88409695360142138, -18.94519052838326800 ) ) ;
#4950 = ORIENTED_EDGE ( 'NONE', *, *, #697, .F. ) ;
#4951 = CARTESIAN_POINT ( 'NONE',  ( 27.37708188662474740, 31.27465446452245956, 0.3960842350703678849 ) ) ;
#4952 = CARTESIAN_POINT ( 'NONE',  ( 27.99937293908153535, 32.03430036801649550, -2.708820336131416706 ) ) ;
#4953 = CARTESIAN_POINT ( 'NONE',  ( 20.48078383655210999, 23.42158893043077228, 3.803202058486141013 ) ) ;
#4954 = DIRECTION ( 'NONE',  ( 0.000000000000000000, -1.000000000000000000, 0.000000000000000000 ) ) ;
#4955 = CYLINDRICAL_SURFACE ( 'NONE', #1782, 1.500000000000003997 ) ;
#4956 = CARTESIAN_POINT ( 'NONE',  ( 2.667424136074621810, 3.780393177928261128, 54.33544364751611511 ) ) ;
#4957 = LINE ( 'NONE', #7676, #2049 ) ;
#4958 = CARTESIAN_POINT ( 'NONE',  ( 17.31064923991191407, 24.38171705177723680, 2.604001492381163185 ) ) ;
#4959 = CARTESIAN_POINT ( 'NONE',  ( 5.663402711880920926, -0.7569923836028872310, 59.59375000429725588 ) ) ;
#4960 = CARTESIAN_POINT ( 'NONE',  ( 27.82632532088019772, 23.99132573450308925, 0.2814610478416856854 ) ) ;
#4961 = CARTESIAN_POINT ( 'NONE',  ( 23.05510635741478254, 25.48263487130979854, 0.4712833090145945869 ) ) ;
#4962 = DIRECTION ( 'NONE',  ( 0.1898979485566344716, 0.4999999999999979461, 0.8449489742783192758 ) ) ;
#4963 =( BOUNDED_CURVE ( )  B_SPLINE_CURVE ( 2, ( #6249, #1520, #1469, #4345, #6879, #6961, #5536, #4172, #4218, #4951, #5667 ),
 .UNSPECIFIED., .F., .T. ) 
 B_SPLINE_CURVE_WITH_KNOTS ( ( 3, 2, 2, 2, 2, 3 ),
 ( 0.1496245807529354988, 0.1519892602051997610, 0.1603225935385331757, 0.1686559268718664795, 0.1769892602051997832, 0.1829579140862688247 ),
 .UNSPECIFIED. ) 
 CURVE ( )  GEOMETRIC_REPRESENTATION_ITEM ( )  RATIONAL_B_SPLINE_CURVE ( ( 0.9690584114092961610, 0.9783999393559227320, 1.000000000000000000, 0.9238795325112867385, 1.000000000000000000, 0.9238795325112867385, 1.000000000000000000, 0.9238795325112867385, 1.000000000000000000, 0.9454795931553640065, 0.9690584114092961610 ) ) 
 REPRESENTATION_ITEM ( '' )  );
#4964 = EDGE_CURVE ( 'NONE', #7113, #1559, #986, .T. ) ;
#4965 = ORIENTED_EDGE ( 'NONE', *, *, #8202, .F. ) ;
#4966 = CARTESIAN_POINT ( 'NONE',  ( 0.4408434839056087351, 3.709823788806350109, 62.96612714736141214 ) ) ;
#4967 = CARTESIAN_POINT ( 'NONE',  ( 20.83662256122185497, 24.73419513912196521, 4.813788817549094823 ) ) ;
#4968 = CARTESIAN_POINT ( 'NONE',  ( -0.5979653602172937399, -13.84716238882884909, 60.65625000429729852 ) ) ;
#4969 = FACE_OUTER_BOUND ( 'NONE', #4368, .T. ) ;
#4970 = ORIENTED_EDGE ( 'NONE', *, *, #7246, .T. ) ;
#4971 = CARTESIAN_POINT ( 'NONE',  ( 28.89442499522869667, 26.82249157828950104, -1.729496006628496785 ) ) ;
#4972 = FACE_OUTER_BOUND ( 'NONE', #7737, .T. ) ;
#4973 = CARTESIAN_POINT ( 'NONE',  ( 25.27034973267219797, 21.37277715475988416, 3.453462330681582149 ) ) ;
#4974 = CARTESIAN_POINT ( 'NONE',  ( 5.000000000000150102, -51.00379267415675599, -2.750000000000082157 ) ) ;
#4975 = VERTEX_POINT ( 'NONE', #3014 ) ;
#4976 = CARTESIAN_POINT ( 'NONE',  ( 29.22767501652285560, 33.70368972181493916, 0.6575040794284826573 ) ) ;
#4977 = ADVANCED_FACE ( 'NONE', ( #6297 ), #7094, .F. ) ;
#4978 = CARTESIAN_POINT ( 'NONE',  ( 32.68258638195185029, 28.20128776381735491, -1.667541219316143186 ) ) ;
#4979 = ORIENTED_EDGE ( 'NONE', *, *, #4373, .T. ) ;
#4980 = CARTESIAN_POINT ( 'NONE',  ( -3.833474683159906693, 2.872820214571572439, 61.14743092640836153 ) ) ;
#4981 = DIRECTION ( 'NONE',  ( -0.7071067811865487940, 0.7071067811865462405, 0.000000000000000000 ) ) ;
#4982 = CARTESIAN_POINT ( 'NONE',  ( 3.571078382706458942, -1.436829791770927400, 58.09375000429725588 ) ) ;
#4983 = CARTESIAN_POINT ( 'NONE',  ( 27.18356633527615429, 22.39489045245899490, 2.499956852490333947 ) ) ;
#4984 = CARTESIAN_POINT ( 'NONE',  ( 31.84589147951555432, 27.44801680783142572, -3.618014329620069081 ) ) ;
#4985 = B_SPLINE_CURVE_WITH_KNOTS ( 'NONE', 3,
 ( #8497, #7830, #1718, #1059, #4459, #3134, #5080, #2433, #1850, #570, #3270, #6590, #8457, #4418 ),
 .UNSPECIFIED., .F., .F.,
 ( 4, 2, 2, 2, 2, 2, 4 ),
 ( -2.725140523857198465E-05, 0.0005568304767033663630, 0.001140912358645304863, 0.001724994240587243580, 0.002309076122529181430, 0.003477239886413049322, 0.004645403650296918083 ),
 .UNSPECIFIED. ) ;
#4986 = DIRECTION ( 'NONE',  ( -0.1898979485566341385, -0.4999999999999980016, -0.8449489742783192758 ) ) ;
#4987 = EDGE_CURVE ( 'NONE', #6546, #8488, #1652, .T. ) ;
#4988 = DIRECTION ( 'NONE',  ( -0.7674234614174771929, 0.6123724356957944703, -0.1898979485566346381 ) ) ;
#4989 = EDGE_CURVE ( 'NONE', #3364, #3217, #889, .T. ) ;
#4990 = ORIENTED_EDGE ( 'NONE', *, *, #8651, .T. ) ;
#4991 = VERTEX_POINT ( 'NONE', #3642 ) ;
#4992 = CARTESIAN_POINT ( 'NONE',  ( 26.99328182554933520, 30.44199531971504413, -2.013762234761721892 ) ) ;
#4993 = CARTESIAN_POINT ( 'NONE',  ( 28.28952302831649845, 27.56902712285052104, 4.007788516794684064 ) ) ;
#4994 = CARTESIAN_POINT ( 'NONE',  ( 20.82970578720531307, 22.60730086151707496, 3.391997291827167249 ) ) ;
#4995 = CARTESIAN_POINT ( 'NONE',  ( -37.14738621360594095, 5.000000000000000000, 5.250000000000037303 ) ) ;
#4996 = AXIS2_PLACEMENT_3D ( 'NONE', #2990, #5681, #7731 ) ;
#4997 = LINE ( 'NONE', #401, #6602 ) ;
#4998 = AXIS2_PLACEMENT_3D ( 'NONE', #2711, #8247, #6204 ) ;
#4999 = CIRCLE ( 'NONE', #7989, 1.500000000000001332 ) ;
#5000 = CARTESIAN_POINT ( 'NONE',  ( 3.571078382706458942, -1.436829791770927400, 62.84375000429726299 ) ) ;
#5001 = ORIENTED_EDGE ( 'NONE', *, *, #5447, .F. ) ;
#5002 = CARTESIAN_POINT ( 'NONE',  ( -37.14738621360594095, 5.000000000000000000, 6.750000000000041744 ) ) ;
#5003 = CYLINDRICAL_SURFACE ( 'NONE', #2925, 3.174999999999992273 ) ;
#5004 = CARTESIAN_POINT ( 'NONE',  ( 3.919597934379546178, 2.528212847890608739, 54.25761827937763826 ) ) ;
#5005 = AXIS2_PLACEMENT_3D ( 'NONE', #1212, #3251, #5102 ) ;
#5006 = EDGE_CURVE ( 'NONE', #3186, #4794, #7865, .T. ) ;
#5007 = CARTESIAN_POINT ( 'NONE',  ( 23.86774160585605031, 28.70825642573569780, 2.638992617688352915 ) ) ;
#5008 = CARTESIAN_POINT ( 'NONE',  ( 24.11143109457528766, 27.94643068095217231, 4.147532895391603525 ) ) ;
#5009 = CARTESIAN_POINT ( 'NONE',  ( -3.847162420730151577, -3.847162420730698251, 65.00000000000000000 ) ) ;
#5010 = EDGE_CURVE ( 'NONE', #4644, #7929, #8420, .T. ) ;
#5011 = CARTESIAN_POINT ( 'NONE',  ( 27.45181837337500141, 31.34939095127514719, -0.5874959452413207606 ) ) ;
#5012 = AXIS2_PLACEMENT_3D ( 'NONE', #56, #642, #1301 ) ;
#5013 = CARTESIAN_POINT ( 'NONE',  ( 1.505777188253097476, 5.153719666758483697, 61.32113848018566671 ) ) ;
#5014 = CARTESIAN_POINT ( 'NONE',  ( 25.26236998215126306, 21.45965248970698269, 5.041623099233946803 ) ) ;
#5015 = VECTOR ( 'NONE', #4084, 1000.000000000000114 ) ;
#5016 = CARTESIAN_POINT ( 'NONE',  ( 28.61079796502381356, 33.76361233504817250, 0.002125735585642461300 ) ) ;
#5017 = DIRECTION ( 'NONE',  ( 0.000000000000000000, 0.000000000000000000, -1.000000000000000000 ) ) ;
#5018 = ORIENTED_EDGE ( 'NONE', *, *, #2700, .T. ) ;
#5019 = EDGE_CURVE ( 'NONE', #5389, #1832, #905, .T. ) ;
#5020 = AXIS2_PLACEMENT_3D ( 'NONE', #1038, #374, #5807 ) ;
#5021 = CARTESIAN_POINT ( 'NONE',  ( 25.24427592072077431, 28.18508101459945081, -0.08617294151384601031 ) ) ;
#5022 = B_SPLINE_CURVE_WITH_KNOTS ( 'NONE', 3,
 ( #6405, #4281, #8323, #2290, #6320, #332 ),
 .UNSPECIFIED., .F., .F.,
 ( 4, 2, 4 ),
 ( 0.003717980078344166293, 0.004247388871045862553, 0.004776797663747558813 ),
 .UNSPECIFIED. ) ;
#5023 = CARTESIAN_POINT ( 'NONE',  ( 26.18078410114971177, 23.38160178571278180, -0.05972590093222605173 ) ) ;
#5024 = ORIENTED_EDGE ( 'NONE', *, *, #452, .F. ) ;
#5025 = DIRECTION ( 'NONE',  ( 0.000000000000000000, -0.5000000000000042188, 0.8660254037844362651 ) ) ;
#5026 = CARTESIAN_POINT ( 'NONE',  ( 27.28748526981108924, 22.90663329647635038, 3.730235458283957861 ) ) ;
#5027 = AXIS2_PLACEMENT_3D ( 'NONE', #3820, #5799, #5182 ) ;
#5028 = ORIENTED_EDGE ( 'NONE', *, *, #3147, .T. ) ;
#5029 = CARTESIAN_POINT ( 'NONE',  ( 29.19539889687299095, 33.64256589114283713, 0.6579594791551803823 ) ) ;
#5030 = DIRECTION ( 'NONE',  ( 0.6123724356957943593, 0.6123724356957964687, -0.4999999999999978351 ) ) ;
#5031 = VERTEX_POINT ( 'NONE', #896 ) ;
#5032 = EDGE_LOOP ( 'NONE', ( #2975, #4240, #5749, #4639, #36, #3817, #8188 ) ) ;
#5033 = CIRCLE ( 'NONE', #1783, 3.934549601321606804 ) ;
#5034 = CARTESIAN_POINT ( 'NONE',  ( -2.834679588437053699, 3.086718493940185937, 61.15071408547787257 ) ) ;
#5035 = CARTESIAN_POINT ( 'NONE',  ( -4.900914404842867889, -29.55236883778322010, 12.79008786300250833 ) ) ;
#5036 = CARTESIAN_POINT ( 'NONE',  ( -3.847162420730151577, -3.847162420730698251, 65.00000000000000000 ) ) ;
#5037 = CARTESIAN_POINT ( 'NONE',  ( -0.6907227028655891221, 3.523078437115727102, 61.26338392101732921 ) ) ;
#5038 = VERTEX_POINT ( 'NONE', #7671 ) ;
#5039 = VECTOR ( 'NONE', #5908, 1000.000000000000000 ) ;
#5040 = CARTESIAN_POINT ( 'NONE',  ( 5.000000000000137668, -29.58039891549806200, 12.19887034011678928 ) ) ;
#5041 = VECTOR ( 'NONE', #2520, 1000.000000000000227 ) ;
#5042 = CARTESIAN_POINT ( 'NONE',  ( -29.41208193097757118, -4.094362344389545605, 0.8520599704825855270 ) ) ;
#5043 = ORIENTED_EDGE ( 'NONE', *, *, #4633, .F. ) ;
#5044 = ORIENTED_EDGE ( 'NONE', *, *, #840, .F. ) ;
#5045 = CARTESIAN_POINT ( 'NONE',  ( 28.02410456157705809, 30.51191018825071666, -4.543069973243961002 ) ) ;
#5046 = AXIS2_PLACEMENT_3D ( 'NONE', #1445, #4147, #7472 ) ;
#5047 = CARTESIAN_POINT ( 'NONE',  ( 23.93245047021533267, 20.68977722661866991, 5.796090691967236808 ) ) ;
#5048 = CARTESIAN_POINT ( 'NONE',  ( 23.03782100691164203, 18.79518031979220183, 15.00000000000000178 ) ) ;
#5049 = CARTESIAN_POINT ( 'NONE',  ( 18.07830535592445642, 20.16291005574016992, 5.117159095838416327 ) ) ;
#5050 = EDGE_CURVE ( 'NONE', #5425, #483, #2651, .T. ) ;
#5051 = CARTESIAN_POINT ( 'NONE',  ( -9.725015023087241417, 4.243007465307788273, 54.91875000429725873 ) ) ;
#5052 = CARTESIAN_POINT ( 'NONE',  ( 22.48497865849128274, 26.27890775761813202, 5.471065967454078915 ) ) ;
#5053 = CARTESIAN_POINT ( 'NONE',  ( -1.655098656909109511, 4.197671806095801372, 62.26352874432870976 ) ) ;
#5054 = CARTESIAN_POINT ( 'NONE',  ( -7.096359284875418005, -13.84716245263254208, 61.38125000429725020 ) ) ;
#5055 = CARTESIAN_POINT ( 'NONE',  ( 26.05580514226220501, 27.05103748193791802, 5.352891809991426442 ) ) ;
#5056 = CARTESIAN_POINT ( 'NONE',  ( 26.62121127357863770, 22.19293518650478703, 4.302309198547154878 ) ) ;
#5057 = PLANE ( 'NONE',  #1940 ) ;
#5058 = EDGE_CURVE ( 'NONE', #2721, #5038, #6439, .T. ) ;
#5059 = ORIENTED_EDGE ( 'NONE', *, *, #1833, .F. ) ;
#5060 = EDGE_CURVE ( 'NONE', #1840, #7933, #4014, .T. ) ;
#5061 = EDGE_CURVE ( 'NONE', #1969, #1217, #8310, .T. ) ;
#5062 = CARTESIAN_POINT ( 'NONE',  ( -11.64716242073014918, -2.611763825451610455, 59.26077536504075738 ) ) ;
#5063 = CARTESIAN_POINT ( 'NONE',  ( 17.84699503419169631, 21.74456761209179589, 7.254809471616630034 ) ) ;
#5064 = DIRECTION ( 'NONE',  ( -0.7071067811865487940, 0.7071067811865462405, 0.000000000000000000 ) ) ;
#5065 = ORIENTED_EDGE ( 'NONE', *, *, #3023, .F. ) ;
#5066 = CARTESIAN_POINT ( 'NONE',  ( 26.41876307415962799, 29.22700047928619682, 2.152109696953875773 ) ) ;
#5067 = DIRECTION ( 'NONE',  ( -0.7674234614174771929, 0.6123724356957942483, -0.1898979485566349434 ) ) ;
#5068 = CARTESIAN_POINT ( 'NONE',  ( -29.41208193097757118, -4.094362344389545605, 0.8520599704825855270 ) ) ;
#5069 = CYLINDRICAL_SURFACE ( 'NONE', #8552, 3.174999999999992273 ) ;
#5070 = B_SPLINE_CURVE_WITH_KNOTS ( 'NONE', 3,
 ( #419, #4573, #1089, #2510 ),
 .UNSPECIFIED., .F., .F.,
 ( 4, 4 ),
 ( 0.000000000000000000, 2.246401337167756865E-05 ),
 .UNSPECIFIED. ) ;
#5071 = ORIENTED_EDGE ( 'NONE', *, *, #7658, .T. ) ;
#5072 = CARTESIAN_POINT ( 'NONE',  ( 1.757669868907226762, -60.20863374002504997, -1.806747598319797365 ) ) ;
#5073 = CARTESIAN_POINT ( 'NONE',  ( 28.33098300814500092, 27.34640899481222576, -2.889153521717001460 ) ) ;
#5074 = ORIENTED_EDGE ( 'NONE', *, *, #7026, .F. ) ;
#5075 = CARTESIAN_POINT ( 'NONE',  ( 19.41934613415669730, 22.22758353928324482, 7.867109696953852982 ) ) ;
#5076 = ORIENTED_EDGE ( 'NONE', *, *, #997, .T. ) ;
#5077 = CARTESIAN_POINT ( 'NONE',  ( 23.02844897920037681, 18.09534801613101962, 0.3400574467415958813 ) ) ;
#5078 = CARTESIAN_POINT ( 'NONE',  ( -4.979818107097004898, -29.57468682744834254, 12.40028397932658422 ) ) ;
#5079 = CARTESIAN_POINT ( 'NONE',  ( 26.98597119740699668, 23.53725770324106747, 4.775881177995022320 ) ) ;
#5080 = CARTESIAN_POINT ( 'NONE',  ( 15.89790676321393370, 21.63622025818750316, 14.70287534904543847 ) ) ;
#5081 = ORIENTED_EDGE ( 'NONE', *, *, #7384, .F. ) ;
#5082 = CARTESIAN_POINT ( 'NONE',  ( 30.59007024715159417, 30.59007024715149470, -1.558690528383338547 ) ) ;
#5083 = CARTESIAN_POINT ( 'NONE',  ( -30.17879131768737722, -5.000000000000000888, 2.180039582903944950 ) ) ;
#5084 = ORIENTED_EDGE ( 'NONE', *, *, #6866, .T. ) ;
#5085 = CARTESIAN_POINT ( 'NONE',  ( -4.870655029817593018, -29.54381383304357200, 2.119321583221049909 ) ) ;
#5086 = CARTESIAN_POINT ( 'NONE',  ( 27.68476676486534416, 24.14022537155095449, 1.758889499187366923 ) ) ;
#5087 = EDGE_CURVE ( 'NONE', #4690, #3886, #400, .T. ) ;
#5088 = CARTESIAN_POINT ( 'NONE',  ( -0.6641182141589019317, 3.775674230573613066, 62.84123999304523522 ) ) ;
#5089 = CARTESIAN_POINT ( 'NONE',  ( 31.40037500165113471, 30.67987909618517151, 1.467788516794696241 ) ) ;
#5090 = CARTESIAN_POINT ( 'NONE',  ( 2.787913837084587954, 0.9735027566642470154, 57.48125000429725873 ) ) ;
#5091 = ORIENTED_EDGE ( 'NONE', *, *, #6277, .F. ) ;
#5092 = ORIENTED_EDGE ( 'NONE', *, *, #1284, .F. ) ;
#5093 = CARTESIAN_POINT ( 'NONE',  ( -1.757669868906927446, -54.78933266505500654, -11.19325240168044111 ) ) ;
#5094 = CARTESIAN_POINT ( 'NONE',  ( 0.7693468084855203948, 3.876894021032877724, 62.78481960975717868 ) ) ;
#5095 = CARTESIAN_POINT ( 'NONE',  ( 4.659345723471169265, -10.02750222470952046, 58.18125000429725446 ) ) ;
#5096 = CARTESIAN_POINT ( 'NONE',  ( 29.89203389506996444, 28.89680155539403472, -4.198116616758118980 ) ) ;
#5097 = CARTESIAN_POINT ( 'NONE',  ( 31.67755612783352959, 29.25002761393830042, 1.675679384218711654 ) ) ;
#5098 = CARTESIAN_POINT ( 'NONE',  ( 0.3168511119992396541, -15.10153896051496147, 15.00000000000000000 ) ) ;
#5099 = ORIENTED_EDGE ( 'NONE', *, *, #1268, .F. ) ;
#5100 = CARTESIAN_POINT ( 'NONE',  ( 28.03638417163785945, 31.83910166408224285, -1.723879156000628798 ) ) ;
#5101 = CARTESIAN_POINT ( 'NONE',  ( -1.079696138442213460, 3.445376943331239339, 61.23461323505313914 ) ) ;
#5102 = DIRECTION ( 'NONE',  ( 0.4999999999999978351, 0.000000000000000000, -0.8660254037844399289 ) ) ;
#5103 = CARTESIAN_POINT ( 'NONE',  ( 30.23717660856313927, 32.30911002550212885, 0.2847399498618231606 ) ) ;
#5104 = CARTESIAN_POINT ( 'NONE',  ( 26.63314828259469991, 28.71775298241044538, -1.867840904161558901 ) ) ;
#5105 = EDGE_CURVE ( 'NONE', #1979, #6325, #333, .T. ) ;
#5106 = LINE ( 'NONE', #5909, #344 ) ;
#5107 = ORIENTED_EDGE ( 'NONE', *, *, #3133, .F. ) ;
#5108 = CARTESIAN_POINT ( 'NONE',  ( -3.847162420730148913, -3.847162420730696919, 54.25000000000004263 ) ) ;
#5109 = CARTESIAN_POINT ( 'NONE',  ( 1.757371788126080858, -54.79151974380567935, -11.18946427016412670 ) ) ;
#5110 = CARTESIAN_POINT ( 'NONE',  ( 22.15757642337400313, 15.96679544914094606, 14.45598774483591420 ) ) ;
#5111 = CARTESIAN_POINT ( 'NONE',  ( 22.16435120491309974, 20.38675613060107850, 8.339496651406090422 ) ) ;
#5112 = ORIENTED_EDGE ( 'NONE', *, *, #5892, .F. ) ;
#5113 = EDGE_CURVE ( 'NONE', #4663, #2298, #486, .T. ) ;
#5114 = CARTESIAN_POINT ( 'NONE',  ( 1.802517240753667371, 5.217518781094758751, 63.01140638568320185 ) ) ;
#5115 = CARTESIAN_POINT ( 'NONE',  ( 33.53210294421937476, 30.31105906315070797, 1.702831412150947132 ) ) ;
#5116 = EDGE_CURVE ( 'NONE', #6279, #1012, #1308, .T. ) ;
#5117 = CARTESIAN_POINT ( 'NONE',  ( 19.20195944687149492, 21.60349062318316271, 3.661511868327089747 ) ) ;
#5118 = CARTESIAN_POINT ( 'NONE',  ( -0.5979655565848825960, 6.152837611171149135, 56.25625000429729994 ) ) ;
#5119 = CARTESIAN_POINT ( 'NONE',  ( -13.39463122233613390, -0.8635556396639217924, 54.99999999999999289 ) ) ;
#5120 = CARTESIAN_POINT ( 'NONE',  ( 27.28748526981108924, 22.90663329647635038, 3.730235458283957861 ) ) ;
#5121 = ORIENTED_EDGE ( 'NONE', *, *, #3325, .T. ) ;
#5122 = EDGE_CURVE ( 'NONE', #8488, #1172, #7801, .T. ) ;
#5123 = CARTESIAN_POINT ( 'NONE',  ( 23.94747453455649477, 27.84504711245662278, 2.273788817549121877 ) ) ;
#5124 = CARTESIAN_POINT ( 'NONE',  ( 29.24019275153265696, 25.69565135821827440, 0.4888894991873693474 ) ) ;
#5125 = CARTESIAN_POINT ( 'NONE',  ( -3.847162420730151577, -3.847162420730698251, 64.25000000000000000 ) ) ;
#5126 = CARTESIAN_POINT ( 'NONE',  ( 3.952837579269846469, -3.847162420730697363, 57.20624999992846682 ) ) ;
#5127 = CIRCLE ( 'NONE', #6986, 1.500000000000001332 ) ;
#5128 = CARTESIAN_POINT ( 'NONE',  ( -74.29263897105740000, 179.3582965884160103, 12.00000000000000000 ) ) ;
#5129 = VERTEX_POINT ( 'NONE', #3142 ) ;
#5130 = ORIENTED_EDGE ( 'NONE', *, *, #1934, .T. ) ;
#5131 = CARTESIAN_POINT ( 'NONE',  ( 3.095771217061015435, -7.401831533493221649, 55.00000000000000000 ) ) ;
#5132 = DIRECTION ( 'NONE',  ( -0.1898979485566461567, -0.5000000000000016653, -0.8449489742783143909 ) ) ;
#5133 = CARTESIAN_POINT ( 'NONE',  ( -13.35772761402214925, -0.7569925703595637989, 60.69375000429726441 ) ) ;
#5134 =( BOUNDED_CURVE ( )  B_SPLINE_CURVE ( 3, ( #122, #8235, #2875, #3493 ),
 .UNSPECIFIED., .F., .T. ) 
 B_SPLINE_CURVE_WITH_KNOTS ( ( 4, 4 ),
 ( 3.910713945421783411, 4.712388980384689674 ),
 .UNSPECIFIED. ) 
 CURVE ( )  GEOMETRIC_REPRESENTATION_ITEM ( )  RATIONAL_B_SPLINE_CURVE ( ( 1.000000000000000000, 0.9471563508928639852, 0.9471563508928639852, 1.000000000000000000 ) ) 
 REPRESENTATION_ITEM ( '' )  );
#5135 = CARTESIAN_POINT ( 'NONE',  ( 32.77000462712288709, 28.34172854004905773, -0.7181595514528307245 ) ) ;
#5136 = AXIS2_PLACEMENT_3D ( 'NONE', #6701, #2501, #4526 ) ;
#5137 = CARTESIAN_POINT ( 'NONE',  ( 29.52822667210004681, 24.68771185222017195, 0.5993763255449480187 ) ) ;
#5138 = DIRECTION ( 'NONE',  ( -0.000000000000000000, -0.000000000000000000, -1.000000000000000000 ) ) ;
#5139 = DIRECTION ( 'NONE',  ( 0.6123724356957943593, 0.6123724356957965798, -0.4999999999999980016 ) ) ;
#5140 = CIRCLE ( 'NONE', #1334, 1.500000000000001332 ) ;
#5141 = AXIS2_PLACEMENT_3D ( 'NONE', #5108, #8622, #1748 ) ;
#5142 = AXIS2_PLACEMENT_3D ( 'NONE', #5377, #8181, #3389 ) ;
#5143 = CARTESIAN_POINT ( 'NONE',  ( 25.89639238670134702, 29.79396496460147503, 0.6825040547454935824 ) ) ;
#5144 = LINE ( 'NONE', #2412, #206 ) ;
#5145 = DIRECTION ( 'NONE',  ( 0.4999999999999981126, 0.000000000000000000, -0.8660254037844397068 ) ) ;
#5146 = CARTESIAN_POINT ( 'NONE',  ( 19.54302143704252614, 22.37250578991662309, 9.585135673094825393 ) ) ;
#5147 = CARTESIAN_POINT ( 'NONE',  ( 23.10154996934509342, 27.89022585216209649, 3.278412090742662599 ) ) ;
#5148 = ORIENTED_EDGE ( 'NONE', *, *, #3232, .F. ) ;
#5149 = AXIS2_PLACEMENT_3D ( 'NONE', #1466, #2227, #2177 ) ;
#5150 = CARTESIAN_POINT ( 'NONE',  ( 21.04664374111692027, 25.01967180494086307, 2.325979879145829265 ) ) ;
#5151 = CARTESIAN_POINT ( 'NONE',  ( 24.37384641126335438, 23.51920515748533447, 0.7608349799008355951 ) ) ;
#5152 = EDGE_CURVE ( 'NONE', #7515, #718, #3099, .T. ) ;
#5153 = ORIENTED_EDGE ( 'NONE', *, *, #5815, .F. ) ;
#5154 = CARTESIAN_POINT ( 'NONE',  ( 5.898059818321144121E-14, -2.000000000000000444, 3.000000000000000000 ) ) ;
#5155 = CARTESIAN_POINT ( 'NONE',  ( 5.663402772561845211, -6.937332271101833925, 59.31875000429725731 ) ) ;
#5156 = CARTESIAN_POINT ( 'NONE',  ( 3.952837579269848245, -3.847162420730697363, 55.00000000000000000 ) ) ;
#5157 = EDGE_LOOP ( 'NONE', ( #1065, #2735, #1175, #711 ) ) ;
#5158 = AXIS2_PLACEMENT_3D ( 'NONE', #507, #3254, #7997 ) ;
#5159 = ORIENTED_EDGE ( 'NONE', *, *, #3189, .F. ) ;
#5160 = CARTESIAN_POINT ( 'NONE',  ( 21.19656846195865896, 20.46779428086148300, 3.760960759269835307 ) ) ;
#5161 = DIRECTION ( 'NONE',  ( 0.000000000000000000, 0.000000000000000000, 1.000000000000000000 ) ) ;
#5162 = ORIENTED_EDGE ( 'NONE', *, *, #2313, .T. ) ;
#5163 = CARTESIAN_POINT ( 'NONE',  ( -1.210312511336971042, 3.419418536981873924, 61.22419041916533899 ) ) ;
#5164 = CARTESIAN_POINT ( 'NONE',  ( 23.88931166941380724, 21.48778049310142180, 7.990607074906797891 ) ) ;
#5165 = CC_DESIGN_SECURITY_CLASSIFICATION ( #7843, ( #7441 ) ) ;
#5166 = DIRECTION ( 'NONE',  ( -1.669238443041283238E-16, 0.5000000000000042188, -0.8660254037844361541 ) ) ;
#5167 = ORIENTED_EDGE ( 'NONE', *, *, #6920, .T. ) ;
#5168 = CARTESIAN_POINT ( 'NONE',  ( 3.095771217061015435, -7.401831533493221649, 55.00000000000000000 ) ) ;
#5169 = EDGE_CURVE ( 'NONE', #7207, #5809, #1790, .T. ) ;
#5170 = DIRECTION ( 'NONE',  ( 0.6123724356957943593, 0.6123724356957964687, -0.4999999999999978351 ) ) ;
#5171 = ADVANCED_FACE ( 'NONE', ( #3899 ), #1807, .T. ) ;
#5172 = VERTEX_POINT ( 'NONE', #7423 ) ;
#5173 = CARTESIAN_POINT ( 'NONE',  ( -1.999999999999857891, -2.457601578116998692E-14, 0.000000000000000000 ) ) ;
#5174 = CARTESIAN_POINT ( 'NONE',  ( 27.51112803408199881, 25.73353295976999533, 3.973871651406113426 ) ) ;
#5175 = CARTESIAN_POINT ( 'NONE',  ( -1.999999999999853895, -53.16885618361779109, -14.00000000000011369 ) ) ;
#5176 = DIRECTION ( 'NONE',  ( -1.000000000000000000, -1.449435587473489784E-16, -0.000000000000000000 ) ) ;
#5177 = VECTOR ( 'NONE', #3085, 1000.000000000000227 ) ;
#5178 = CARTESIAN_POINT ( 'NONE',  ( 4.659345723471169265, -10.02750222470952046, 61.93125000429726157 ) ) ;
#5179 = CARTESIAN_POINT ( 'NONE',  ( -4.177531165445542705, 3.931808312332810029, 62.29873361775948126 ) ) ;
#5180 = AXIS2_PLACEMENT_3D ( 'NONE', #8714, #4837, #786 ) ;
#5181 = CARTESIAN_POINT ( 'NONE',  ( 26.86466948834515733, 24.78006478852914896, 5.023050084604458121 ) ) ;
#5182 = DIRECTION ( 'NONE',  ( 1.000000000000000000, 0.000000000000000000, 0.000000000000000000 ) ) ;
#5183 = CARTESIAN_POINT ( 'NONE',  ( -0.5979655565848825960, 6.152837611171149135, 56.25625000429725020 ) ) ;
#5184 = CARTESIAN_POINT ( 'NONE',  ( 30.82693254137484473, 28.39940402747961201, 2.370210634218703039 ) ) ;
#5185 = CARTESIAN_POINT ( 'NONE',  ( 28.40951850152767122, 27.41428616185174150, -2.987647866758119441 ) ) ;
#5186 = CARTESIAN_POINT ( 'NONE',  ( -11.64716242073015096, -3.847162420730698251, 65.00000000000000000 ) ) ;
#5187 = CARTESIAN_POINT ( 'NONE',  ( -11.64716242073014918, -5.082561094514375988, 59.40172463929458502 ) ) ;
#5188 =( BOUNDED_CURVE ( )  B_SPLINE_CURVE ( 2, ( #2564, #5250, #4634, #1278, #3309, #7303, #6008, #3935, #8719 ),
 .UNSPECIFIED., .F., .T. ) 
 B_SPLINE_CURVE_WITH_KNOTS ( ( 3, 2, 2, 2, 3 ),
 ( 0.005877277081609120699, 0.008364457575356891092, 0.01085163806910465975, 0.01333881856285243014, 0.01582599905660020054 ),
 .UNSPECIFIED. ) 
 CURVE ( )  GEOMETRIC_REPRESENTATION_ITEM ( )  RATIONAL_B_SPLINE_CURVE ( ( 1.000000000000060396, 0.9238795325112262313, 1.000000000000000000, 0.9238795325112866275, 1.000000000000000000, 0.9238795325112866275, 1.000000000000000000, 0.9238795325111732737, 1.000000000000113243 ) ) 
 REPRESENTATION_ITEM ( '' )  );
#5189 = CARTESIAN_POINT ( 'NONE',  ( 30.98523465978666280, 27.69198470791418387, -2.238949867267739258 ) ) ;
#5190 = CARTESIAN_POINT ( 'NONE',  ( 28.64034383399122063, 33.62912483942088215, 0.02903167004944856577 ) ) ;
#5191 = CARTESIAN_POINT ( 'NONE',  ( 22.19890135281863408, 26.00161884526267642, 3.042405606789785111 ) ) ;
#5192 = ORIENTED_EDGE ( 'NONE', *, *, #2584, .T. ) ;
#5193 = CARTESIAN_POINT ( 'NONE',  ( 21.53105660278341205, 18.70157224990904865, 3.714014520138433362 ) ) ;
#5194 = CARTESIAN_POINT ( 'NONE',  ( 17.61111540407917175, 20.03864391797416999, 4.916283309014578329 ) ) ;
#5195 = ORIENTED_EDGE ( 'NONE', *, *, #7074, .T. ) ;
#5196 = CARTESIAN_POINT ( 'NONE',  ( 24.78649979696225003, 20.99257069783515206, 2.767927975779195027 ) ) ;
#5197 = DIRECTION ( 'NONE',  ( -0.000000000000000000, 0.8660254037844363761, 0.5000000000000039968 ) ) ;
#5198 = ORIENTED_EDGE ( 'NONE', *, *, #7467, .F. ) ;
#5199 = PLANE ( 'NONE',  #2760 ) ;
#5200 = CARTESIAN_POINT ( 'NONE',  ( -54.90090699118695028, -4.999999999999999112, -10.99999999999996092 ) ) ;
#5201 = CARTESIAN_POINT ( 'NONE',  ( 32.68258638195185029, 28.20128776381735491, -1.667541219316143186 ) ) ;
#5202 = EDGE_LOOP ( 'NONE', ( #1348, #7648 ) ) ;
#5203 = CARTESIAN_POINT ( 'NONE',  ( 21.58917375023746743, 24.83184699383387795, 3.871653251266031326 ) ) ;
#5204 = CARTESIAN_POINT ( 'NONE',  ( 33.49810741092860411, 29.90351441199761240, 1.191442663794944901 ) ) ;
#5205 = ORIENTED_EDGE ( 'NONE', *, *, #2277, .F. ) ;
#5206 = CARTESIAN_POINT ( 'NONE',  ( 1.461253600721607482, 3.945754213036043900, 61.50128972943322481 ) ) ;
#5207 = DIRECTION ( 'NONE',  ( 0.6123724356957943593, 0.6123724356957964687, -0.4999999999999978351 ) ) ;
#5208 = DIRECTION ( 'NONE',  ( 0.6123724356957943593, 0.6123724356957964687, -0.4999999999999978351 ) ) ;
#5209 = CARTESIAN_POINT ( 'NONE',  ( 2.787913837084587954, 0.9735027566642469044, 55.48125000429725873 ) ) ;
#5210 = CARTESIAN_POINT ( 'NONE',  ( -0.5979655565848825960, 6.152837611171149135, 59.00625000429729283 ) ) ;
#5211 = ORIENTED_EDGE ( 'NONE', *, *, #2961, .T. ) ;
#5212 = CARTESIAN_POINT ( 'NONE',  ( 2.097261479932214900, -29.21562370637361639, 15.00000000000000533 ) ) ;
#5213 = CARTESIAN_POINT ( 'NONE',  ( 1.757371788126080858, -30.54280843784145461, 2.810535729835987873 ) ) ;
#5214 = ORIENTED_EDGE ( 'NONE', *, *, #6849, .T. ) ;
#5215 = LINE ( 'NONE', #2396, #2794 ) ;
#5216 = CARTESIAN_POINT ( 'NONE',  ( 27.04705123516194476, 27.77582541625888268, 3.684283183963445119 ) ) ;
#5217 = CARTESIAN_POINT ( 'NONE',  ( 22.42105110017794445, 27.20972698299521753, 3.834037090742671516 ) ) ;
#5218 = EDGE_CURVE ( 'NONE', #1002, #5257, #2155, .T. ) ;
#5219 = CARTESIAN_POINT ( 'NONE',  ( 27.56669487064555923, 31.94754684397999611, -1.682491515050866804 ) ) ;
#5220 = CARTESIAN_POINT ( 'NONE',  ( 4.659345723471169265, -10.02750222470952046, 56.43125000429725446 ) ) ;
#5221 = ORIENTED_EDGE ( 'NONE', *, *, #4578, .F. ) ;
#5222 = CARTESIAN_POINT ( 'NONE',  ( 18.04465840079259920, 19.88081591436500517, 4.932221592578383884 ) ) ;
#5223 = ORIENTED_EDGE ( 'NONE', *, *, #5981, .F. ) ;
#5224 = CARTESIAN_POINT ( 'NONE',  ( -2.448301914076436603, 4.094272747305600646, 62.31155858457096031 ) ) ;
#5225 = CARTESIAN_POINT ( 'NONE',  ( -7.096359481243011302, 6.152837547367449922, 56.53125000429724167 ) ) ;
#5226 = CARTESIAN_POINT ( 'NONE',  ( 31.99229163378922181, 27.56401554671539600, -0.08315955145283410177 ) ) ;
#5227 = CARTESIAN_POINT ( 'NONE',  ( 30.71361281506015573, 26.69757546079235766, 2.290242071549390079 ) ) ;
#5228 = CARTESIAN_POINT ( 'NONE',  ( 31.09985280097075133, 27.29713530852647452, 0.2753383364435150193 ) ) ;
#5229 = CARTESIAN_POINT ( 'NONE',  ( 3.952837579269842028, -3.847162628651521921, 60.70624633536703385 ) ) ;
#5230 = ADVANCED_FACE ( 'NONE', ( #4801 ), #8091, .F. ) ;
#5231 = CARTESIAN_POINT ( 'NONE',  ( 36.20382837437111334, 31.96118768725171577, 4.249999999999994671 ) ) ;
#5232 = CARTESIAN_POINT ( 'NONE',  ( 28.64381603926384656, 33.62496128869791079, 0.02855571306184523372 ) ) ;
#5233 = CARTESIAN_POINT ( 'NONE',  ( 22.39204854788917132, 26.28962112578928867, 3.543788817549104131 ) ) ;
#5234 = EDGE_LOOP ( 'NONE', ( #1251, #8525, #1665, #3273, #8147, #3615 ) ) ;
#5235 = CARTESIAN_POINT ( 'NONE',  ( 23.23603292747796800, 22.39701325395527931, 8.740647946887992958 ) ) ;
#5236 = CARTESIAN_POINT ( 'NONE',  ( 20.97580454060201660, 20.13678486707931725, 10.58611669688798607 ) ) ;
#5237 = ORIENTED_EDGE ( 'NONE', *, *, #1282, .T. ) ;
#5238 = EDGE_CURVE ( 'NONE', #3963, #5965, #5473, .T. ) ;
#5239 = CARTESIAN_POINT ( 'NONE',  ( 29.04012437126531054, 28.18548311748730484, -3.049165020099151580 ) ) ;
#5240 = CARTESIAN_POINT ( 'NONE',  ( 20.56727793064268894, 24.94812990397718622, 4.032508484949319794 ) ) ;
#5241 =( BOUNDED_CURVE ( )  B_SPLINE_CURVE ( 2, ( #1659, #5502, #5633, #4353, #947, #8384, #3600, #2982, #6929 ),
 .UNSPECIFIED., .F., .T. ) 
 B_SPLINE_CURVE_WITH_KNOTS ( ( 3, 2, 2, 2, 3 ),
 ( 0.4000000000000000222, 0.4083333333333332704, 0.4166666666666666297, 0.4249999999999998779, 0.4333333333333331816 ),
 .UNSPECIFIED. ) 
 CURVE ( )  GEOMETRIC_REPRESENTATION_ITEM ( )  RATIONAL_B_SPLINE_CURVE ( ( 1.000000000000000000, 0.9238795325112867385, 1.000000000000000000, 0.9238795325112867385, 1.000000000000000000, 0.9238795325112867385, 1.000000000000000000, 0.9238795325112882928, 0.9999999999999984457 ) ) 
 REPRESENTATION_ITEM ( '' )  );
#5242 = ORIENTED_EDGE ( 'NONE', *, *, #4521, .T. ) ;
#5243 = CARTESIAN_POINT ( 'NONE',  ( 4.643248306457634200, -29.53540562669798319, 1.569167399431895538 ) ) ;
#5244 = CARTESIAN_POINT ( 'NONE',  ( 4.659345602109324247, 2.333177550288373592, 56.98125000429724452 ) ) ;
#5245 = CARTESIAN_POINT ( 'NONE',  ( 20.30521973252837142, 15.86408654292483966, 14.99628996912738899 ) ) ;
#5246 = VERTEX_POINT ( 'NONE', #4189 ) ;
#5247 = CARTESIAN_POINT ( 'NONE',  ( 20.14920691803835595, 21.92680199235012140, 3.947622291827164620 ) ) ;
#5248 = FACE_BOUND ( 'NONE', #2511, .T. ) ;
#5249 = ORIENTED_EDGE ( 'NONE', *, *, #1565, .T. ) ;
#5250 = CARTESIAN_POINT ( 'NONE',  ( 22.51728837527515026, 17.72861249245699966, 6.309956852491489521 ) ) ;
#5251 = CALENDAR_DATE ( 2026, 1, 6 ) ;
#5252 = CARTESIAN_POINT ( 'NONE',  ( -4.999999999999853451, -29.58039891549810108, 15.00000000000000000 ) ) ;
#5253 = CARTESIAN_POINT ( 'NONE',  ( 23.70694399548394671, 19.90422650303965924, 6.311623099233940160 ) ) ;
#5254 =( BOUNDED_CURVE ( )  B_SPLINE_CURVE ( 2, ( #2724, #8174, #8217, #103, #2103, #1261, #3341, #3423, #13 ),
 .UNSPECIFIED., .F., .T. ) 
 B_SPLINE_CURVE_WITH_KNOTS ( ( 3, 2, 2, 2, 3 ),
 ( 0.01582599905660020054, 0.01831252351910625173, 0.02079904798161230292, 0.02328557244411835411, 0.02577209690662440530 ),
 .UNSPECIFIED. ) 
 CURVE ( )  GEOMETRIC_REPRESENTATION_ITEM ( )  RATIONAL_B_SPLINE_CURVE ( ( 0.9999999999998866462, 0.9238795325114000923, 1.000000000000000000, 0.9238795325112867385, 1.000000000000000000, 0.9238795325112867385, 1.000000000000000000, 0.9238795325112776347, 1.000000000000009104 ) ) 
 REPRESENTATION_ITEM ( '' )  );
#5255 = ADVANCED_FACE ( 'NONE', ( #8051 ), #6900, .F. ) ;
#5256 = CARTESIAN_POINT ( 'NONE',  ( -4.287089039430273196, -13.83748096270717909, 55.00000000000001421 ) ) ;
#5257 = VERTEX_POINT ( 'NONE', #6718 ) ;
#5258 = FACE_BOUND ( 'NONE', #3011, .T. ) ;
#5259 = CARTESIAN_POINT ( 'NONE',  ( 32.25211041268131851, 28.27908234882870886, 0.9917640640771624438 ) ) ;
#5260 = EDGE_LOOP ( 'NONE', ( #6641, #7042, #6062, #7070, #1992 ) ) ;
#5261 = CARTESIAN_POINT ( 'NONE',  ( 27.43494886082352835, 28.15544476628929615, -2.670634810770913248 ) ) ;
#5262 = CARTESIAN_POINT ( 'NONE',  ( 27.07441932796317374, 24.26618192283638109, 1.006884246279426964 ) ) ;
#5263 = CARTESIAN_POINT ( 'NONE',  ( -13.35772761402214925, -0.7569925703595637989, 54.19375000429725731 ) ) ;
#5264 = CARTESIAN_POINT ( 'NONE',  ( 5.000000000000147438, -35.64738621360572068, 5.249999999999884537 ) ) ;
#5265 = EDGE_CURVE ( 'NONE', #1467, #7741, #5476, .T. ) ;
#5266 = EDGE_CURVE ( 'NONE', #2876, #3308, #4849, .T. ) ;
#5267 = CARTESIAN_POINT ( 'NONE',  ( -0.5979653602172937399, -13.84716238882884909, 61.65625000429724878 ) ) ;
#5268 = DIRECTION ( 'NONE',  ( -1.000000000000000000, 0.000000000000000000, 0.000000000000000000 ) ) ;
#5269 = ORIENTED_EDGE ( 'NONE', *, *, #5541, .T. ) ;
#5270 = CARTESIAN_POINT ( 'NONE',  ( 25.27823562458338458, 27.70801403760497195, 4.602314172660707747 ) ) ;
#5271 = CARTESIAN_POINT ( 'NONE',  ( 25.91405475981158801, 30.29490673314610660, -0.3331165150506562589 ) ) ;
#5272 = CARTESIAN_POINT ( 'NONE',  ( 31.21457864045556363, 26.78630255338173427, 0.5518404485471626320 ) ) ;
#5273 = CARTESIAN_POINT ( 'NONE',  ( 27.22711576768949726, 31.24315312195708927, -2.762654378316073966 ) ) ;
#5274 = CARTESIAN_POINT ( 'NONE',  ( -37.14738621360594095, -5.000000000000000000, 3.750000000000033751 ) ) ;
#5275 = ADVANCED_FACE ( 'NONE', ( #2733 ), #8137, .F. ) ;
#5276 = DIRECTION ( 'NONE',  ( 0.000000000000000000, -1.000000000000000000, 0.000000000000000000 ) ) ;
#5277 = ADVANCED_FACE ( 'NONE', ( #6130 ), #4759, .F. ) ;
#5278 = AXIS2_PLACEMENT_3D ( 'NONE', #5472, #2732, #1493 ) ;
#5279 = DIRECTION ( 'NONE',  ( -0.7674234614174771929, 0.6123724356957942483, -0.1898979485566349434 ) ) ;
#5280 = CARTESIAN_POINT ( 'NONE',  ( 28.64205612857817584, 33.62701951692525171, 0.02881332558199710403 ) ) ;
#5281 = CARTESIAN_POINT ( 'NONE',  ( 23.67812990397727901, 28.05898187731172300, 1.492508484949175651 ) ) ;
#5282 = ADVANCED_FACE ( 'NONE', ( #1403 ), #4108, .F. ) ;
#5283 = ORIENTED_EDGE ( 'NONE', *, *, #6753, .T. ) ;
#5284 = CARTESIAN_POINT ( 'NONE',  ( 30.22654219766767270, 30.10850479157106818, -3.925644784220301720 ) ) ;
#5285 = CARTESIAN_POINT ( 'NONE',  ( 28.15350075715110734, 32.53435273048563658, -2.161616515050653220 ) ) ;
#5286 = DIRECTION ( 'NONE',  ( 0.6123724356957943593, 0.6123724356957963577, -0.4999999999999978351 ) ) ;
#5287 = VECTOR ( 'NONE', #5459, 1000.000000000000227 ) ;
#5288 = LINE ( 'NONE', #8710, #5710 ) ;
#5289 = AXIS2_PLACEMENT_3D ( 'NONE', #1329, #1, #8203 ) ;
#5290 = ORIENTED_EDGE ( 'NONE', *, *, #7325, .T. ) ;
#5291 = DIRECTION ( 'NONE',  ( -0.7674234614174771929, 0.6123724356957942483, -0.1898979485566349434 ) ) ;
#5292 = CARTESIAN_POINT ( 'NONE',  ( 2.281283816809105414, 4.054871919462397223, 62.60542345919499496 ) ) ;
#5293 = CARTESIAN_POINT ( 'NONE',  ( 29.25125054341748765, 29.53269804315168301, -4.239414278250495549 ) ) ;
#5294 = ORIENTED_EDGE ( 'NONE', *, *, #8390, .T. ) ;
#5295 = CARTESIAN_POINT ( 'NONE',  ( 21.68233368189289578, 23.75426709883184273, 7.269739949861802053 ) ) ;
#5296 = DIRECTION ( 'NONE',  ( 1.000000000000000000, 0.000000000000000000, 0.000000000000000000 ) ) ;
#5297 = AXIS2_PLACEMENT_3D ( 'NONE', #4321, #2869, #5017 ) ;
#5298 = DIRECTION ( 'NONE',  ( -0.7674234614174771929, 0.6123724356957942483, -0.1898979485566349434 ) ) ;
#5299 = CARTESIAN_POINT ( 'NONE',  ( 5.000000000000150102, -53.51693657151913897, 12.00000000000000000 ) ) ;
#5300 =( BOUNDED_CURVE ( )  B_SPLINE_CURVE ( 2, ( #3986, #1367, #79, #4074, #3404, #6013, #4767, #7481, #613 ),
 .UNSPECIFIED., .F., .F. ) 
 B_SPLINE_CURVE_WITH_KNOTS ( ( 3, 2, 2, 2, 3 ),
 ( 0.05561614435014812508, 0.05810273882373178517, 0.06058933329731543138, 0.06307592777089909841, 0.06556252224448273769 ),
 .UNSPECIFIED. ) 
 CURVE ( )  GEOMETRIC_REPRESENTATION_ITEM ( )  RATIONAL_B_SPLINE_CURVE ( ( 0.9999999999997088995, 0.9238795325115779500, 1.000000000000000000, 0.9238795325112868495, 1.000000000000000000, 0.9238795325112868495, 1.000000000000000000, 0.9238795325121716973, 0.9999999999991151522 ) ) 
 REPRESENTATION_ITEM ( '' )  );
#5301 = CYLINDRICAL_SURFACE ( 'NONE', #3025, 3.174999999999992273 ) ;
#5302 = ORIENTED_EDGE ( 'NONE', *, *, #7294, .T. ) ;
#5303 = ORIENTED_EDGE ( 'NONE', *, *, #3818, .T. ) ;
#5304 = CARTESIAN_POINT ( 'NONE',  ( -12.71988328004013624, -8.484025677252148512, 54.99999999999998579 ) ) ;
#5305 = AXIS2_PLACEMENT_3D ( 'NONE', #8332, #5620, #1461 ) ;
#5306 = ORIENTED_EDGE ( 'NONE', *, *, #8180, .F. ) ;
#5307 = DIRECTION ( 'NONE',  ( 0.6123724356957931381, 0.6123724356957952475, -0.5000000000000007772 ) ) ;
#5308 = EDGE_LOOP ( 'NONE', ( #5283, #4065, #3347, #6604, #6896 ) ) ;
#5309 = CARTESIAN_POINT ( 'NONE',  ( 32.62755728861167626, 27.83888140579480108, -1.945043147509704307 ) ) ;
#5310 = DIRECTION ( 'NONE',  ( 0.6123724356957943593, 0.6123724356957964687, -0.4999999999999978351 ) ) ;
#5311 = CARTESIAN_POINT ( 'NONE',  ( -3.847162322546356261, -13.84716242073069736, 55.01875000429725304 ) ) ;
#5312 = CARTESIAN_POINT ( 'NONE',  ( -5.432865110223756844, 4.797838443297758992, 54.99999999999998579 ) ) ;
#5313 = CARTESIAN_POINT ( 'NONE',  ( -14.36178466311282165, -3.847162523967251335, 60.83125000429726725 ) ) ;
#5314 = CARTESIAN_POINT ( 'NONE',  ( -29.25252626824570257, 2.392182317085507659, 15.00000000000000178 ) ) ;
#5315 = ORIENTED_EDGE ( 'NONE', *, *, #7770, .T. ) ;
#5316 = CARTESIAN_POINT ( 'NONE',  ( -53.16885618361808241, 1.698011448891348918, -13.99999999999995914 ) ) ;
#5317 = CARTESIAN_POINT ( 'NONE',  ( -3.847162518913948226, 6.152837579269300861, 61.89375000429725304 ) ) ;
#5318 = CARTESIAN_POINT ( 'NONE',  ( -29.58039891549807621, 5.000000000000003553, 15.00000000000000000 ) ) ;
#5319 = CIRCLE ( 'NONE', #3768, 2.756000000000000227 ) ;
#5320 = CARTESIAN_POINT ( 'NONE',  ( 20.09984500332365087, 22.90808240845020194, 7.311484696953855611 ) ) ;
#5321 = LINE ( 'NONE', #634, #242 ) ;
#5322 = CIRCLE ( 'NONE', #3059, 11.01313751143150022 ) ;
#5323 = CARTESIAN_POINT ( 'NONE',  ( 27.64676247501363804, 31.20300897733838141, -4.244811863898159565 ) ) ;
#5324 = AXIS2_PLACEMENT_3D ( 'NONE', #3594, #4301, #7008 ) ;
#5325 = TOROIDAL_SURFACE ( 'NONE', #2655, 3.934549601321607692, 0.1270000000000010010 ) ;
#5326 = VERTEX_POINT ( 'NONE', #5514 ) ;
#5327 = CARTESIAN_POINT ( 'NONE',  ( 20.48528144459506350, 19.63064019081702583, 3.935834979900822983 ) ) ;
#5328 = FACE_OUTER_BOUND ( 'NONE', #584, .T. ) ;
#5329 = CARTESIAN_POINT ( 'NONE',  ( 25.07772229592707447, 27.16232699574303666, -0.5978409041616937758 ) ) ;
#5330 = VERTEX_POINT ( 'NONE', #8229 ) ;
#5331 = CARTESIAN_POINT ( 'NONE',  ( 20.75688963252141761, 25.59740445240105444, 5.178992617688348510 ) ) ;
#5332 = CARTESIAN_POINT ( 'NONE',  ( 20.82980022564643718, 25.67031504552608467, 5.119461367688352915 ) ) ;
#5333 = AXIS2_PLACEMENT_3D ( 'NONE', #6807, #6183, #115 ) ;
#5334 = CARTESIAN_POINT ( 'NONE',  ( 33.00174750400819335, 30.51345739333319429, 1.555111486220631001 ) ) ;
#5335 = EDGE_CURVE ( 'NONE', #6291, #2721, #4908, .T. ) ;
#5336 = LINE ( 'NONE', #777, #7844 ) ;
#5337 = EDGE_CURVE ( 'NONE', #574, #8017, #7211, .T. ) ;
#5338 = DIRECTION ( 'NONE',  ( 0.000000000000000000, -0.8660254037844362651, -0.5000000000000039968 ) ) ;
#5339 = DIRECTION ( 'NONE',  ( 0.6123724356957943593, 0.6123724356957965798, -0.4999999999999980016 ) ) ;
#5340 = CARTESIAN_POINT ( 'NONE',  ( 18.43801783210962952, 22.33559041000214407, 7.694799472284678643 ) ) ;
#5341 = CARTESIAN_POINT ( 'NONE',  ( -1.999999999999853895, -53.16885618361779109, -14.00000000000011369 ) ) ;
#5342 = ORIENTED_EDGE ( 'NONE', *, *, #7511, .T. ) ;
#5343 = CARTESIAN_POINT ( 'NONE',  ( 19.80028496738515997, 22.74109006126381871, 4.358827058486139272 ) ) ;
#5344 = CARTESIAN_POINT ( 'NONE',  ( 27.46948074647890436, 31.85033271981342651, -1.603116515050649671 ) ) ;
#5345 = EDGE_LOOP ( 'NONE', ( #8236, #7252 ) ) ;
#5346 = COORDINATED_UNIVERSAL_TIME_OFFSET ( 6, 0, .BEHIND. ) ;
#5347 = CARTESIAN_POINT ( 'NONE',  ( 19.86576237281765955, 23.66847986526169478, 4.947405606789774701 ) ) ;
#5348 = CARTESIAN_POINT ( 'NONE',  ( 23.09052441353964369, 25.49205558985143938, 0.4865118683270358013 ) ) ;
#5349 = ORIENTED_EDGE ( 'NONE', *, *, #1340, .F. ) ;
#5350 = CARTESIAN_POINT ( 'NONE',  ( 26.29425649460671721, 22.39668391670634406, 3.540004054759410046 ) ) ;
#5351 = ORIENTED_EDGE ( 'NONE', *, *, #2407, .T. ) ;
#5352 = CARTESIAN_POINT ( 'NONE',  ( 21.74456761209195221, 17.84699503419155420, 7.254809471616630034 ) ) ;
#5353 = ORIENTED_EDGE ( 'NONE', *, *, #3069, .T. ) ;
#5354 = ORIENTED_EDGE ( 'NONE', *, *, #7625, .F. ) ;
#5355 = CARTESIAN_POINT ( 'NONE',  ( 21.34601362115267520, 24.63926357302469938, 6.346659047710567769 ) ) ;
#5356 = CARTESIAN_POINT ( 'NONE',  ( 30.93186741021825625, 27.68919416662162547, 0.08109069196726020889 ) ) ;
#5357 = CARTESIAN_POINT ( 'NONE',  ( 1.668290188914569594, 1.668250756064237894, 52.80085540633402985 ) ) ;
#5358 = CARTESIAN_POINT ( 'NONE',  ( -10.77465664296077108, 3.261589926678001738, 55.00000000000004263 ) ) ;
#5359 = DIRECTION ( 'NONE',  ( 0.6123724356957943593, 0.6123724356957965798, -0.4999999999999980016 ) ) ;
#5360 = CARTESIAN_POINT ( 'NONE',  ( 17.64144911235591451, 21.79455847909876098, 6.556204788245408643 ) ) ;
#5361 = ORIENTED_EDGE ( 'NONE', *, *, #3610, .F. ) ;
#5362 = EDGE_CURVE ( 'NONE', #6190, #2146, #6677, .T. ) ;
#5363 = CARTESIAN_POINT ( 'NONE',  ( 24.45686559448732922, 27.75011554635933209, 3.806659047710556631 ) ) ;
#5364 = CARTESIAN_POINT ( 'NONE',  ( 29.46139144378232544, 29.31926735160956810, -4.243443433122822128 ) ) ;
#5365 = CARTESIAN_POINT ( 'NONE',  ( 15.86623943712986495, 20.10888012424896942, 15.00000000000000000 ) ) ;
#5366 = CARTESIAN_POINT ( 'NONE',  ( 17.60339465940246484, 20.84606790299886114, 7.126028251266021130 ) ) ;
#5367 = DIRECTION ( 'NONE',  ( -0.7674234614174771929, 0.6123724356957942483, -0.1898979485566349434 ) ) ;
#5368 = ORIENTED_EDGE ( 'NONE', *, *, #2756, .F. ) ;
#5369 = CARTESIAN_POINT ( 'NONE',  ( -29.02123764450595900, -3.009914653950976238, 0.1750978084657400791 ) ) ;
#5370 = CARTESIAN_POINT ( 'NONE',  ( 19.79578132314182426, 19.79578132314167505, 7.254809471616630034 ) ) ;
#5371 = CARTESIAN_POINT ( 'NONE',  ( 19.59320000846907206, 20.42323429724040551, 3.171418857498198740 ) ) ;
#5372 = CARTESIAN_POINT ( 'NONE',  ( 30.51229894781823049, 30.51229894781813101, -1.495190528383337547 ) ) ;
#5373 = ORIENTED_EDGE ( 'NONE', *, *, #8577, .T. ) ;
#5374 = CARTESIAN_POINT ( 'NONE',  ( 24.60522859470557577, 22.17770008081032174, 7.450210634218683126 ) ) ;
#5375 = CARTESIAN_POINT ( 'NONE',  ( 24.67813918783059890, 22.25061067393534842, 7.390679384218688419 ) ) ;
#5376 = DIRECTION ( 'NONE',  ( 0.6123724356957943593, 0.6123724356957963577, -0.4999999999999978351 ) ) ;
#5377 = CARTESIAN_POINT ( 'NONE',  ( 19.79578132314182426, 19.79578132314167505, 7.254809471616630034 ) ) ;
#5378 = DIRECTION ( 'NONE',  ( 0.6123724356957944703, 0.6123724356957964687, -0.4999999999999980016 ) ) ;
#5379 = CARTESIAN_POINT ( 'NONE',  ( 3.571078430037629481, -6.257494904020105331, 62.56875000429726441 ) ) ;
#5380 = CARTESIAN_POINT ( 'NONE',  ( 2.787913837084587954, 0.9735027566642469044, 57.48125000429725162 ) ) ;
#5381 = DIRECTION ( 'NONE',  ( 0.7071067811865463515, 0.7071067811865486830, -0.000000000000000000 ) ) ;
#5382 = VERTEX_POINT ( 'NONE', #1894 ) ;
#5383 = CARTESIAN_POINT ( 'NONE',  ( 24.08562409415865346, 26.89386149928521519, 4.057109696953865807 ) ) ;
#5384 = EDGE_CURVE ( 'NONE', #3258, #8570, #2566, .T. ) ;
#5385 = CARTESIAN_POINT ( 'NONE',  ( 22.10645559212943212, 18.20888301422903055, 7.312532958037397890 ) ) ;
#5386 = CALENDAR_DATE ( 2026, 1, 6 ) ;
#5387 = CARTESIAN_POINT ( 'NONE',  ( 5.000000000000150102, -60.09705941389336914, -2.000000000000112799 ) ) ;
#5388 = DIRECTION ( 'NONE',  ( -0.8660254037844399289, -1.255248039901265127E-16, -0.4999999999999980571 ) ) ;
#5389 = VERTEX_POINT ( 'NONE', #3227 ) ;
#5390 = CARTESIAN_POINT ( 'NONE',  ( 32.70096899099679177, 29.45530153234251713, 0.2622084404623195586 ) ) ;
#5391 = ADVANCED_FACE ( 'NONE', ( #7926, #610, #3889 ), #8538, .F. ) ;
#5392 = ORIENTED_EDGE ( 'NONE', *, *, #198, .F. ) ;
#5393 = ADVANCED_FACE ( 'NONE', ( #7881 ), #1803, .F. ) ;
#5394 = DIRECTION ( 'NONE',  ( 0.000000000000000000, 0.000000000000000000, -1.000000000000000000 ) ) ;
#5395 = CARTESIAN_POINT ( 'NONE',  ( 29.38019021516292284, 30.10896439625986787, 1.779283183963448201 ) ) ;
#5396 = CARTESIAN_POINT ( 'NONE',  ( 5.663402772561845211, -6.937332271101833925, 61.06875000429725731 ) ) ;
#5397 = CARTESIAN_POINT ( 'NONE',  ( 28.67865544448504878, 34.04408143115227148, 0.5845964782830102013 ) ) ;
#5398 = DIRECTION ( 'NONE',  ( -0.6123724356957943593, -0.6123724356957965798, 0.4999999999999980016 ) ) ;
#5399 = CARTESIAN_POINT ( 'NONE',  ( -11.64716242073015096, -3.847162420730699584, 56.58124999992848103 ) ) ;
#5400 = ORIENTED_EDGE ( 'NONE', *, *, #3641, .F. ) ;
#5401 = EDGE_CURVE ( 'NONE', #6444, #2018, #4588, .T. ) ;
#5402 = DIRECTION ( 'NONE',  ( 0.1898979485566414105, 0.4999999999999920064, 0.8449489742783211632 ) ) ;
#5403 = CARTESIAN_POINT ( 'NONE',  ( 4.659345602109323359, 2.333177550288373148, 61.48125000429725162 ) ) ;
#5404 = CARTESIAN_POINT ( 'NONE',  ( 28.06858752550019886, 30.53349980545914022, -4.716147918363479796 ) ) ;
#5405 = CARTESIAN_POINT ( 'NONE',  ( 22.38077327515999215, 23.10954745625691231, 7.494283183963425188 ) ) ;
#5406 = DIRECTION ( 'NONE',  ( -0.7674234614174771929, 0.6123724356957942483, -0.1898979485566349434 ) ) ;
#5407 = CARTESIAN_POINT ( 'NONE',  ( 1.668302839898647250, 1.668238104960692247, 54.80085439827179528 ) ) ;
#5408 = ORIENTED_EDGE ( 'NONE', *, *, #2746, .T. ) ;
#5409 = ORIENTED_EDGE ( 'NONE', *, *, #5907, .T. ) ;
#5410 = CARTESIAN_POINT ( 'NONE',  ( 18.50348358122088044, 22.40105615912098713, 6.718788817549091519 ) ) ;
#5411 = CARTESIAN_POINT ( 'NONE',  ( 24.73883050793916638, 20.84125793003877192, 4.810004054758688419 ) ) ;
#5412 = DIRECTION ( 'NONE',  ( 0.1898979485566344716, 0.4999999999999979461, 0.8449489742783192758 ) ) ;
#5413 = ORIENTED_EDGE ( 'NONE', *, *, #5449, .T. ) ;
#5414 = CARTESIAN_POINT ( 'NONE',  ( 23.43158640371082058, 26.26107075658493173, 6.410135673094839781 ) ) ;
#5415 = CARTESIAN_POINT ( 'NONE',  ( 24.49190886839088677, 20.47587151412307804, 7.370242071549365726 ) ) ;
#5416 = VERTEX_POINT ( 'NONE', #8589 ) ;
#5417 = CARTESIAN_POINT ( 'NONE',  ( 33.05065012774893063, 30.54921210096204476, 1.609964947884489295 ) ) ;
#5418 = CARTESIAN_POINT ( 'NONE',  ( 17.78364135526329193, 23.22057400912440528, 0.5492108085831974851 ) ) ;
#5419 = B_SPLINE_CURVE_WITH_KNOTS ( 'NONE', 3,
 ( #3714, #7047, #5661, #5744, #8372, #847, #1513, #2303, #6956, #5575, #7087, #4984, #7707, #1643, #4211, #1019, #8410, #3046, #3546 ),
 .UNSPECIFIED., .F., .F.,
 ( 4, 3, 3, 3, 3, 3, 4 ),
 ( 2.263465170623051670E-17, 4.163569493039316833E-05, 8.317834207805248456E-05, 0.0001261362291454151533, 0.0001715448998649150955, 0.0001796011209562991119, 0.0001824355879043892037 ),
 .UNSPECIFIED. ) ;
#5420 = TOROIDAL_SURFACE ( 'NONE', #6702, 3.934549601321607692, 0.1270000000000010010 ) ;
#5421 = CARTESIAN_POINT ( 'NONE',  ( 23.32272286763416602, 19.52000537518985723, 6.625338336443489240 ) ) ;
#5422 = CARTESIAN_POINT ( 'NONE',  ( -2.590997891751002147, -13.47898789179208201, 54.99999999999998579 ) ) ;
#5423 = DIRECTION ( 'NONE',  ( -0.000000000000000000, -0.000000000000000000, -1.000000000000000000 ) ) ;
#5424 = CARTESIAN_POINT ( 'NONE',  ( -14.11042116032646199, -3.847162420730696031, 54.25000000000004263 ) ) ;
#5425 = VERTEX_POINT ( 'NONE', #6635 ) ;
#5426 = ORIENTED_EDGE ( 'NONE', *, *, #6588, .T. ) ;
#5427 = CARTESIAN_POINT ( 'NONE',  ( 25.60678009676148648, 24.99239504201637274, 5.655076418065076105 ) ) ;
#5428 = FACE_OUTER_BOUND ( 'NONE', #7688, .T. ) ;
#5429 =( BOUNDED_CURVE ( )  B_SPLINE_CURVE ( 3, ( #7265, #3994, #2619, #1247 ),
 .UNSPECIFIED., .F., .T. ) 
 B_SPLINE_CURVE_WITH_KNOTS ( ( 4, 4 ),
 ( 4.712388980384689674, 5.548576959986070811 ),
 .UNSPECIFIED. ) 
 CURVE ( )  GEOMETRIC_REPRESENTATION_ITEM ( )  RATIONAL_B_SPLINE_CURVE ( ( 1.000000000000000000, 0.9425763179038026962, 0.9425763179038026962, 1.000000000000000000 ) ) 
 REPRESENTATION_ITEM ( '' )  );
#5430 = AXIS2_PLACEMENT_3D ( 'NONE', #4212, #5359, #7443 ) ;
#5431 = ADVANCED_FACE ( 'NONE', ( #7304 ), #4545, .F. ) ;
#5432 = CARTESIAN_POINT ( 'NONE',  ( 27.99559573243415400, 30.42537414545573782, 2.383598935451158418 ) ) ;
#5433 = CARTESIAN_POINT ( 'NONE',  ( 32.47262686952481658, 27.35216719026825061, -3.050657925943894622 ) ) ;
#5434 = ORIENTED_EDGE ( 'NONE', *, *, #654, .T. ) ;
#5435 = CARTESIAN_POINT ( 'NONE',  ( -7.526825520083723298, -13.14861050476850757, 54.99999999999996447 ) ) ;
#5436 = VERTEX_POINT ( 'NONE', #3846 ) ;
#5437 = TOROIDAL_SURFACE ( 'NONE', #1486, 3.934549601321607692, 0.1270000000000010010 ) ;
#5438 = DIRECTION ( 'NONE',  ( -1.449435587473489291E-16, 1.000000000000000000, 0.000000000000000000 ) ) ;
#5439 = AXIS2_PLACEMENT_3D ( 'NONE', #2133, #8109, #846 ) ;
#5440 = EDGE_LOOP ( 'NONE', ( #3458, #248, #5552, #6327 ) ) ;
#5441 = ORIENTED_EDGE ( 'NONE', *, *, #2418, .T. ) ;
#5442 = CARTESIAN_POINT ( 'NONE',  ( -74.29263897105740000, 179.3582965884160103, 15.00000000000000000 ) ) ;
#5443 = CARTESIAN_POINT ( 'NONE',  ( 29.84426701408297689, 28.06667193977098407, 2.068871651406116285 ) ) ;
#5444 = CARTESIAN_POINT ( 'NONE',  ( 2.030690181626937374, -11.93733230676918566, 55.29375000429725873 ) ) ;
#5445 = FACE_OUTER_BOUND ( 'NONE', #5559, .T. ) ;
#5446 = CIRCLE ( 'NONE', #1062, 4.305605725543819595 ) ;
#5447 = EDGE_CURVE ( 'NONE', #4422, #2526, #234, .T. ) ;
#5448 = DIRECTION ( 'NONE',  ( 1.000000000000000000, 0.000000000000000000, 0.000000000000000000 ) ) ;
#5449 = EDGE_CURVE ( 'NONE', #553, #2889, #6300, .T. ) ;
#5450 = CARTESIAN_POINT ( 'NONE',  ( -2.384325392391684506, 3.814437296038377223, 62.37384098348039174 ) ) ;
#5451 = VERTEX_POINT ( 'NONE', #7255 ) ;
#5452 = DIRECTION ( 'NONE',  ( 0.4999999999999980016, 0.000000000000000000, -0.8660254037844398178 ) ) ;
#5453 = CARTESIAN_POINT ( 'NONE',  ( -13.35772755334122408, -6.937332457858510715, 59.96875000429725588 ) ) ;
#5454 = AXIS2_PLACEMENT_3D ( 'NONE', #1581, #1626, #1043 ) ;
#5455 = CARTESIAN_POINT ( 'NONE',  ( -29.57819734437003589, 4.982553085464010323, 2.627736622431469549 ) ) ;
#5456 = CARTESIAN_POINT ( 'NONE',  ( 18.49656680720433499, 20.27416188151608978, 5.296997291827164389 ) ) ;
#5457 = DIRECTION ( 'NONE',  ( -0.1898979485566344716, -0.4999999999999979461, -0.8449489742783192758 ) ) ;
#5458 = CARTESIAN_POINT ( 'NONE',  ( 1.646181410981033544, 3.981989941784920717, 61.52585234615468579 ) ) ;
#5459 = DIRECTION ( 'NONE',  ( 0.6123724356957942483, 0.6123724356957963577, -0.4999999999999978906 ) ) ;
#5460 = CARTESIAN_POINT ( 'NONE',  ( 24.49263673932852470, 20.59506416142814444, 4.088462330669484501 ) ) ;
#5461 = DIRECTION ( 'NONE',  ( 0.000000000000000000, -1.000000000000000000, 0.000000000000000000 ) ) ;
#5462 = ORIENTED_EDGE ( 'NONE', *, *, #6565, .F. ) ;
#5463 = CARTESIAN_POINT ( 'NONE',  ( 24.78903811897307463, 19.94852329909318556, 4.468907575544928790 ) ) ;
#5464 = CARTESIAN_POINT ( 'NONE',  ( 21.94907101016852380, 24.77855536304263140, 7.620604423094841096 ) ) ;
#5465 = CARTESIAN_POINT ( 'NONE',  ( 24.65283221740601505, 21.20411872324008584, 6.680881177995014575 ) ) ;
#5466 = CARTESIAN_POINT ( 'NONE',  ( -11.64716242073014918, -3.847162420730699584, 61.33124999992848103 ) ) ;
#5467 = CARTESIAN_POINT ( 'NONE',  ( 3.952837579269848245, -3.847162420730697363, 65.00000000000000000 ) ) ;
#5468 = VECTOR ( 'NONE', #2419, 1000.000000000000227 ) ;
#5469 = ORIENTED_EDGE ( 'NONE', *, *, #1351, .T. ) ;
#5470 = AXIS2_PLACEMENT_3D ( 'NONE', #7935, #398, #4423 ) ;
#5471 = DIRECTION ( 'NONE',  ( 0.1898979485566346936, 0.4999999999999977240, 0.8449489742783193869 ) ) ;
#5472 = CARTESIAN_POINT ( 'NONE',  ( 30.51229894781822694, 30.51229894781813101, -1.495190528383337547 ) ) ;
#5473 = LINE ( 'NONE', #7556, #3922 ) ;
#5474 = CARTESIAN_POINT ( 'NONE',  ( 25.10180988082255027, 25.82230578628830742, -0.7656348107709204376 ) ) ;
#5475 = ORIENTED_EDGE ( 'NONE', *, *, #171, .T. ) ;
#5476 = CIRCLE ( 'NONE', #6328, 2.756000000000000227 ) ;
#5477 = CARTESIAN_POINT ( 'NONE',  ( 24.93348851975709124, 28.47802991307125353, 2.114479444045932688 ) ) ;
#5478 = CARTESIAN_POINT ( 'NONE',  ( 23.86823740687345818, 26.26976858318513663, -0.1484881316728947076 ) ) ;
#5479 = CARTESIAN_POINT ( 'NONE',  ( 27.89735177029688629, 24.10342267116979897, 0.2279279757792015415 ) ) ;
#5480 = CYLINDRICAL_SURFACE ( 'NONE', #7564, 2.756000000000000227 ) ;
#5481 = VERTEX_POINT ( 'NONE', #1180 ) ;
#5482 = DIRECTION ( 'NONE',  ( -0.7071067811865487940, 0.7071067811865462405, 0.000000000000000000 ) ) ;
#5483 = FACE_OUTER_BOUND ( 'NONE', #3904, .T. ) ;
#5484 =( BOUNDED_CURVE ( )  B_SPLINE_CURVE ( 2, ( #2554, #7864, #3789, #1166, #1791, #3873, #5239, #4488, #3257, #8485, #1880 ),
 .UNSPECIFIED., .F., .T. ) 
 B_SPLINE_CURVE_WITH_KNOTS ( ( 3, 2, 2, 2, 2, 3 ),
 ( 0.1162912474196021728, 0.1186559268718664351, 0.1269892602051998498, 0.1353225935385331535, 0.1436559268718664573, 0.1496245807529354988 ),
 .UNSPECIFIED. ) 
 CURVE ( )  GEOMETRIC_REPRESENTATION_ITEM ( )  RATIONAL_B_SPLINE_CURVE ( ( 0.9690584114092961610, 0.9783999393559227320, 1.000000000000000000, 0.9238795325112867385, 1.000000000000000000, 0.9238795325112867385, 1.000000000000000000, 0.9238795325112867385, 1.000000000000000000, 0.9454795931553640065, 0.9690584114092961610 ) ) 
 REPRESENTATION_ITEM ( '' )  );
#5485 = ORIENTED_EDGE ( 'NONE', *, *, #1598, .T. ) ;
#5486 = CARTESIAN_POINT ( 'NONE',  ( 24.71758875297275182, 25.43808465843852318, -0.4519195735613859011 ) ) ;
#5487 = CARTESIAN_POINT ( 'NONE',  ( 25.87952287415620489, 26.60001877962196914, -1.400634810770919447 ) ) ;
#5488 = CARTESIAN_POINT ( 'NONE',  ( -3.847162322546356261, -13.84716242073069736, 57.76875000429726015 ) ) ;
#5489 = LINE ( 'NONE', #803, #6307 ) ;
#5490 = CYLINDRICAL_SURFACE ( 'NONE', #4998, 1.999999999999999556 ) ;
#5491 = CARTESIAN_POINT ( 'NONE',  ( -1.731175654463915636, 3.660341240721201927, 62.89996694561088475 ) ) ;
#5492 =( BOUNDED_CURVE ( )  B_SPLINE_CURVE ( 2, ( #331, #2334, #4243, #3079, #6404, #3660, #5104, #2995, #2915, #6944, #4367 ),
 .UNSPECIFIED., .F., .F. ) 
 B_SPLINE_CURVE_WITH_KNOTS ( ( 3, 2, 2, 2, 2, 3 ),
 ( 0.1875051744398605336, 0.1890524147447336933, 0.1912126454205520243, 0.1933728760963703552, 0.1955331067721887139, 0.1961460971431336908 ),
 .UNSPECIFIED. ) 
 CURVE ( )  GEOMETRIC_REPRESENTATION_ITEM ( )  RATIONAL_B_SPLINE_CURVE ( ( 0.9690584114094742407, 0.9454795931551581711, 1.000000000000000000, 0.9238795325112867385, 1.000000000000000000, 0.9238795325112867385, 1.000000000000000000, 0.9238795325112867385, 1.000000000000000000, 0.9783999393561356728, 0.9690584114094804580 ) ) 
 REPRESENTATION_ITEM ( '' )  );
#5493 = ORIENTED_EDGE ( 'NONE', *, *, #7617, .F. ) ;
#5494 = CARTESIAN_POINT ( 'NONE',  ( 22.21559729603943367, 24.61712847235111212, 1.200886868327109891 ) ) ;
#5495 = DIRECTION ( 'NONE',  ( 1.000000000000000000, 1.449435587473489291E-16, -0.000000000000000000 ) ) ;
#5496 = ADVANCED_FACE ( 'NONE', ( #8629 ), #2431, .F. ) ;
#5497 = CARTESIAN_POINT ( 'NONE',  ( 30.45150897536433732, 29.86828995085263116, -4.898735690532822318 ) ) ;
#5498 = CARTESIAN_POINT ( 'NONE',  ( 29.54353201038885501, 29.38229180770309767, -4.341892076503124365 ) ) ;
#5499 = CARTESIAN_POINT ( 'NONE',  ( 19.41886067068697130, -11.82789982460787037, 55.00000000000000711 ) ) ;
#5500 = B_SPLINE_CURVE_WITH_KNOTS ( 'NONE', 3,
 ( #6502, #569, #4637, #434, #3132, #5827 ),
 .UNSPECIFIED., .F., .F.,
 ( 4, 2, 4 ),
 ( 0.001746766632315811547, 0.002207933840368680491, 0.002669101048421549868 ),
 .UNSPECIFIED. ) ;
#5501 = CARTESIAN_POINT ( 'NONE',  ( 27.69233394305008034, 31.13954051185954341, -4.181562074608138779 ) ) ;
#5502 = CARTESIAN_POINT ( 'NONE',  ( 22.32383697601142813, 27.11251285882843476, 3.913412090742647731 ) ) ;
#5503 = CARTESIAN_POINT ( 'NONE',  ( 21.51450614114775561, 18.71532382571081143, 3.750274099067759437 ) ) ;
#5504 = CARTESIAN_POINT ( 'NONE',  ( 22.89261695506703731, 21.89738461539108272, 1.516883383241858452 ) ) ;
#5505 = CARTESIAN_POINT ( 'NONE',  ( 24.86436950727030748, 24.02534983374761879, 7.411116696888007560 ) ) ;
#5506 = ORIENTED_EDGE ( 'NONE', *, *, #8430, .T. ) ;
#5507 = CARTESIAN_POINT ( 'NONE',  ( 31.19295950325323830, 28.11983045344898713, -2.753718522408180824 ) ) ;
#5508 = EDGE_CURVE ( 'NONE', #6190, #1600, #2608, .T. ) ;
#5509 = CARTESIAN_POINT ( 'NONE',  ( -1.312788713530040008, -11.64716239584722679, 56.65625000429726299 ) ) ;
#5510 = CARTESIAN_POINT ( 'NONE',  ( 27.70071726615744723, 31.13478676334266382, -4.176272013928499227 ) ) ;
#5511 = VERTEX_POINT ( 'NONE', #7828 ) ;
#5512 = CARTESIAN_POINT ( 'NONE',  ( 2.283974306554212852, 4.076040719650309896, 62.60176279608524652 ) ) ;
#5513 = CARTESIAN_POINT ( 'NONE',  ( 27.36614531617382795, 36.74294143439120575, -0.7174786224448636007 ) ) ;
#5514 = CARTESIAN_POINT ( 'NONE',  ( 5.000000000000150102, -54.90090699118668738, -11.00000000000011191 ) ) ;
#5515 = CYLINDRICAL_SURFACE ( 'NONE', #927, 3.000000000000000444 ) ;
#5516 = ORIENTED_EDGE ( 'NONE', *, *, #2153, .F. ) ;
#5517 = EDGE_CURVE ( 'NONE', #1768, #850, #1296, .T. ) ;
#5518 = CARTESIAN_POINT ( 'NONE',  ( 24.46656292738711258, 27.40736802126579263, 0.5488270584861527635 ) ) ;
#5519 = CARTESIAN_POINT ( 'NONE',  ( -1.999999999999852118, -37.58039891549805134, 15.00000000000000000 ) ) ;
#5520 = CARTESIAN_POINT ( 'NONE',  ( 28.02328553867007699, 30.51141425854361700, -4.544699167740638757 ) ) ;
#5521 = DIRECTION ( 'NONE',  ( -0.7071067811865487940, 0.7071067811865462405, 0.000000000000000000 ) ) ;
#5522 = EDGE_LOOP ( 'NONE', ( #594, #8758 ) ) ;
#5523 = CARTESIAN_POINT ( 'NONE',  ( 24.68928567279553832, 20.89535657366845101, 2.847302975779196554 ) ) ;
#5524 = DIRECTION ( 'NONE',  ( 0.7674234614174770819, -0.6123724356957943593, 0.1898979485566345826 ) ) ;
#5525 = CARTESIAN_POINT ( 'NONE',  ( 2.000000000000150546, -61.82911022146227253, 0.9999999999998898659 ) ) ;
#5526 = CARTESIAN_POINT ( 'NONE',  ( 25.50290052122380757, 29.40047309912393558, 1.003788817549122525 ) ) ;
#5527 = CARTESIAN_POINT ( 'NONE',  ( -10.48223867854489022, -8.667827598125645849, 54.10625000429725162 ) ) ;
#5528 = EDGE_CURVE ( 'NONE', #7168, #798, #1451, .T. ) ;
#5529 = CARTESIAN_POINT ( 'NONE',  ( 17.38096675741929786, 24.45203456928451757, 15.00000000000000000 ) ) ;
#5530 =( BOUNDED_CURVE ( )  B_SPLINE_CURVE ( 2, ( #7681, #5639, #2904, #4232, #8309, #2324, #6973, #4926, #904, #3606, #1034 ),
 .UNSPECIFIED., .F., .T. ) 
 B_SPLINE_CURVE_WITH_KNOTS ( ( 3, 2, 2, 2, 2, 3 ),
 ( 0.1702245482122724252, 0.1717714943371406178, 0.1739313142838245785, 0.1760911342305085392, 0.1782509541771924999, 0.1788638279989925861 ),
 .UNSPECIFIED. ) 
 CURVE ( )  GEOMETRIC_REPRESENTATION_ITEM ( )  RATIONAL_B_SPLINE_CURVE ( ( 0.9690584114094762391, 0.9454795931551558397, 1.000000000000000000, 0.9238795325112867385, 1.000000000000000000, 0.9238795325112867385, 1.000000000000000000, 0.9238795325112867385, 1.000000000000000000, 0.9783999393566846781, 0.9690584114099554114 ) ) 
 REPRESENTATION_ITEM ( '' )  );
#5531 = DIRECTION ( 'NONE',  ( -1.000000000000000000, 0.000000000000000000, 0.000000000000000000 ) ) ;
#5532 = DIRECTION ( 'NONE',  ( 0.6123724356957942483, 0.6123724356957965798, -0.4999999999999977796 ) ) ;
#5533 = ORIENTED_EDGE ( 'NONE', *, *, #5169, .F. ) ;
#5534 = ORIENTED_EDGE ( 'NONE', *, *, #4902, .T. ) ;
#5535 = CARTESIAN_POINT ( 'NONE',  ( 21.72714261027516258, 25.70017067412715761, 1.770354879156003092 ) ) ;
#5536 = CARTESIAN_POINT ( 'NONE',  ( 29.69798536704264080, 30.55262662082045111, 1.925693726122924332 ) ) ;
#5537 = DIRECTION ( 'NONE',  ( 0.1898979485566346104, 0.4999999999999977796, 0.8449489742783193869 ) ) ;
#5538 = CARTESIAN_POINT ( 'NONE',  ( 22.73405372452582540, 23.34843877927070110, 1.710792525168217670 ) ) ;
#5539 = CARTESIAN_POINT ( 'NONE',  ( 24.07309718732166104, 17.00202937545602566, 13.00000000000000000 ) ) ;
#5540 = EDGE_CURVE ( 'NONE', #3242, #7416, #6391, .T. ) ;
#5541 = EDGE_CURVE ( 'NONE', #2372, #4053, #6613, .T. ) ;
#5542 = B_SPLINE_CURVE_WITH_KNOTS ( 'NONE', 3,
 ( #4219, #6925, #4464, #7219, #3054, #2532, #3897, #355 ),
 .UNSPECIFIED., .F., .F.,
 ( 4, 2, 2, 4 ),
 ( 0.000000000000000000, 0.0003132861647857446965, 0.0006265723295714893930, 0.001253144659142969679 ),
 .UNSPECIFIED. ) ;
#5543 = CARTESIAN_POINT ( 'NONE',  ( -10.48223877320723396, 0.9735026263727116769, 55.55625000429724736 ) ) ;
#5544 = CARTESIAN_POINT ( 'NONE',  ( 18.09599928081663123, 22.33834263151387844, 7.666838110547361751 ) ) ;
#5545 = CARTESIAN_POINT ( 'NONE',  ( 3.223905391135041931, 3.223905391135057474, 54.30085697738021366 ) ) ;
#5546 = CARTESIAN_POINT ( 'NONE',  ( 29.86298922860147087, 25.84695187433367991, 2.984773321549384573 ) ) ;
#5547 = CARTESIAN_POINT ( 'NONE',  ( 27.04795814924404951, 24.21847379636971098, -0.7905167298615467519 ) ) ;
#5548 = PLANE ( 'NONE',  #814 ) ;
#5549 = APPROVAL_STATUS ( 'not_yet_approved' ) ;
#5550 = EDGE_CURVE ( 'NONE', #2493, #3076, #5319, .T. ) ;
#5551 = CARTESIAN_POINT ( 'NONE',  ( 17.83857764360686105, 21.81160570745887384, 4.945354879155999583 ) ) ;
#5552 = ORIENTED_EDGE ( 'NONE', *, *, #7565, .T. ) ;
#5553 = EDGE_CURVE ( 'NONE', #5326, #945, #7385, .T. ) ;
#5554 = CARTESIAN_POINT ( 'NONE',  ( -0.08866684332820039260, 3.606244924372647542, 63.06577981380319642 ) ) ;
#5555 = ADVANCED_FACE ( 'NONE', ( #121 ), #4114, .T. ) ;
#5556 = DIRECTION ( 'NONE',  ( 0.6123724356957943593, 0.6123724356957965798, -0.4999999999999980016 ) ) ;
#5557 = CARTESIAN_POINT ( 'NONE',  ( 28.60532926023839551, 33.73856461419752151, 0.01271651809580244021 ) ) ;
#5558 = CARTESIAN_POINT ( 'NONE',  ( 29.82175730851348305, 25.84872924466127486, 2.976139064077295782 ) ) ;
#5559 = EDGE_LOOP ( 'NONE', ( #270, #5713, #7391, #2438 ) ) ;
#5560 = CARTESIAN_POINT ( 'NONE',  ( 27.27676523973495648, 24.33596014585604905, 4.038916884747140834 ) ) ;
#5561 = CARTESIAN_POINT ( 'NONE',  ( 25.31734515897707638, 24.33277114564427990, -0.4285285217170085037 ) ) ;
#5562 = CARTESIAN_POINT ( 'NONE',  ( 26.09505815231073456, 25.11048413897794518, -1.063528521717006736 ) ) ;
#5563 = CARTESIAN_POINT ( 'NONE',  ( 32.46014436208685794, 27.35433656759813559, -3.045036870070807922 ) ) ;
#5564 = ORIENTED_EDGE ( 'NONE', *, *, #3189, .T. ) ;
#5565 = DIRECTION ( 'NONE',  ( 0.7071067811865484609, -0.7071067811865467956, 0.000000000000000000 ) ) ;
#5566 = B_SPLINE_CURVE_WITH_KNOTS ( 'NONE', 3,
 ( #7203, #2557, #2512, #5243, #1222, #3259, #68, #1443, #6668, #4061 ),
 .UNSPECIFIED., .F., .F.,
 ( 4, 2, 2, 2, 4 ),
 ( 1.939479807224432123E-18, 0.0005546726258667400303, 0.001109345251733478109, 0.001664017877600215863, 0.002218690503466953182 ),
 .UNSPECIFIED. ) ;
#5567 = LINE ( 'NONE', #7041, #4707 ) ;
#5568 = VECTOR ( 'NONE', #1272, 1000.000000000000114 ) ;
#5569 = EDGE_LOOP ( 'NONE', ( #3042, #5882 ) ) ;
#5570 = DIRECTION ( 'NONE',  ( 0.6123724356957942483, 0.6123724356957963577, -0.4999999999999978906 ) ) ;
#5571 = CARTESIAN_POINT ( 'NONE',  ( 18.50348358122088044, 22.40105615912098713, 6.718788817549091519 ) ) ;
#5572 = B_SPLINE_CURVE_WITH_KNOTS ( 'NONE', 3,
 ( #6241, #8286, #169, #2882, #2219, #6953, #3888, #6586, #1137, #3005, #5035, #5078, #7171, #6412 ),
 .UNSPECIFIED., .F., .F.,
 ( 4, 2, 2, 2, 2, 2, 4 ),
 ( -1.527059268764976343E-05, 0.001186205202712693058, 0.002387680998113035895, 0.002988418895813206230, 0.003589156793513376565, 0.004189894691213546900, 0.004790632588913717668 ),
 .UNSPECIFIED. ) ;
#5573 = CARTESIAN_POINT ( 'NONE',  ( 0.7375624851938314963, 2.463170180408507992, 58.36875000429725446 ) ) ;
#5574 = FACE_OUTER_BOUND ( 'NONE', #6769, .T. ) ;
#5575 = CARTESIAN_POINT ( 'NONE',  ( 31.85397013172502056, 27.43422027919740458, -3.644075095914543816 ) ) ;
#5576 = VECTOR ( 'NONE', #545, 1000.000000000000114 ) ;
#5577 = CARTESIAN_POINT ( 'NONE',  ( -3.589903856133779492, -29.18338599386769161, 0.4559469879240018453 ) ) ;
#5578 = VECTOR ( 'NONE', #5197, 999.9999999999998863 ) ;
#5579 = CARTESIAN_POINT ( 'NONE',  ( -1.760138124709619500, 3.668457722260118459, 61.63823541798099370 ) ) ;
#5580 = EDGE_LOOP ( 'NONE', ( #7600, #6885, #873 ) ) ;
#5581 = CARTESIAN_POINT ( 'NONE',  ( 20.14484841932571868, 20.87362260042263529, 9.319908183963422132 ) ) ;
#5582 = DIRECTION ( 'NONE',  ( 1.000000000000000000, 0.000000000000000000, 0.000000000000000000 ) ) ;
#5583 = CIRCLE ( 'NONE', #4315, 10.26325873959631352 ) ;
#5584 = CARTESIAN_POINT ( 'NONE',  ( 22.31434729918983351, 23.16898855296778947, 7.954408963333096771 ) ) ;
#5585 = AXIS2_PLACEMENT_3D ( 'NONE', #4708, #5378, #5471 ) ;
#5586 = CARTESIAN_POINT ( 'NONE',  ( 26.26558945021630365, 23.02291620661965510, 3.891090691967247217 ) ) ;
#5587 = DIRECTION ( 'NONE',  ( 0.1898979485566344716, 0.4999999999999979461, 0.8449489742783192758 ) ) ;
#5588 = AXIS2_PLACEMENT_3D ( 'NONE', #1358, #700, #4802 ) ;
#5589 =( BOUNDED_CURVE ( )  B_SPLINE_CURVE ( 3, ( #5042, #7711, #5083, #1645 ),
 .UNSPECIFIED., .F., .T. ) 
 B_SPLINE_CURVE_WITH_KNOTS ( ( 4, 4 ),
 ( 0.7727694462279580678, 1.570796326794896114 ),
 .UNSPECIFIED. ) 
 CURVE ( )  GEOMETRIC_REPRESENTATION_ITEM ( )  RATIONAL_B_SPLINE_CURVE ( ( 1.000000000000000000, 0.9476298201037556268, 0.9476298201037556268, 1.000000000000000000 ) ) 
 REPRESENTATION_ITEM ( '' )  );
#5590 = CARTESIAN_POINT ( 'NONE',  ( 0.9555972247617081639, 3.811762526455289457, 62.86609133602031108 ) ) ;
#5591 = CIRCLE ( 'NONE', #6580, 4.305605725543819595 ) ;
#5592 = DIRECTION ( 'NONE',  ( 0.6123724356957942483, 0.6123724356957963577, -0.4999999999999978906 ) ) ;
#5593 = CARTESIAN_POINT ( 'NONE',  ( 25.11867939338010558, 29.01625197128022293, 1.317504054771283739 ) ) ;
#5594 = CARTESIAN_POINT ( 'NONE',  ( -29.58039891549808686, -5.000000000000020428, 2.741781998505409046 ) ) ;
#5595 = CARTESIAN_POINT ( 'NONE',  ( 25.12211689354343491, 29.55039298061705111, 0.2854347446861402182 ) ) ;
#5596 = CARTESIAN_POINT ( 'NONE',  ( 23.74324054152571861, 22.74800820184976757, 0.8223521332418672891 ) ) ;
#5597 = EDGE_LOOP ( 'NONE', ( #8482, #3929 ) ) ;
#5598 = CARTESIAN_POINT ( 'NONE',  ( 0.3168511119992396541, -15.10153896051496147, 15.00000000000000000 ) ) ;
#5599 = LOCAL_TIME ( 1, 31, 28.00000000000000000, #8097 ) ;
#5600 = ORIENTED_EDGE ( 'NONE', *, *, #3766, .T. ) ;
#5601 = CARTESIAN_POINT ( 'NONE',  ( -2.929383298543059233, 4.200160116538107502, 62.13382645000411486 ) ) ;
#5602 = AXIS2_PLACEMENT_3D ( 'NONE', #4568, #1785, #4484 ) ;
#5603 = CARTESIAN_POINT ( 'NONE',  ( 28.37026549147914167, 29.35483950481170723, 3.428772464950303966 ) ) ;
#5604 = CARTESIAN_POINT ( 'NONE',  ( 2.278930093357883102, -28.92014487765356989, 7.623296525288699970E-18 ) ) ;
#5605 = CARTESIAN_POINT ( 'NONE',  ( 22.12270391730997332, 26.50355589064444217, 2.762508484949234955 ) ) ;
#5606 = ORIENTED_EDGE ( 'NONE', *, *, #2486, .F. ) ;
#5607 = CARTESIAN_POINT ( 'NONE',  ( 27.33899900856137322, 25.26706559162218113, -0.4594960066284989875 ) ) ;
#5608 = ADVANCED_FACE ( 'NONE', ( #7563 ), #6773, .T. ) ;
#5609 = AXIS2_PLACEMENT_3D ( 'NONE', #2523, #1234, #3936 ) ;
#5610 = CARTESIAN_POINT ( 'NONE',  ( -60.09705941389355388, -5.000000000000004441, -1.999999999999960032 ) ) ;
#5611 = EDGE_CURVE ( 'NONE', #14, #3300, #8486, .T. ) ;
#5612 = AXIS2_PLACEMENT_3D ( 'NONE', #228, #3513, #2940 ) ;
#5613 = LINE ( 'NONE', #3035, #1189 ) ;
#5614 = ORIENTED_EDGE ( 'NONE', *, *, #4155, .F. ) ;
#5615 = DIRECTION ( 'NONE',  ( -0.6123724356957931381, -0.6123724356957952475, 0.5000000000000011102 ) ) ;
#5616 = VECTOR ( 'NONE', #1813, 1000.000000000000114 ) ;
#5617 = CARTESIAN_POINT ( 'NONE',  ( 19.89115447342983245, 21.60812583503446049, 9.440101141866481527 ) ) ;
#5618 = EDGE_LOOP ( 'NONE', ( #5400, #2956, #6626, #4326 ) ) ;
#5619 = CYLINDRICAL_SURFACE ( 'NONE', #382, 3.174999999999992273 ) ;
#5620 = DIRECTION ( 'NONE',  ( 0.000000000000000000, 0.000000000000000000, 1.000000000000000000 ) ) ;
#5621 = CARTESIAN_POINT ( 'NONE',  ( 0.7375624851938314963, 2.463170180408507992, 61.11875000429725446 ) ) ;
#5622 = ADVANCED_FACE ( 'NONE', ( #5688 ), #1675, .F. ) ;
#5623 = CARTESIAN_POINT ( 'NONE',  ( 26.47117762286126208, 24.38657292304530344, 5.344334847394847543 ) ) ;
#5624 = CARTESIAN_POINT ( 'NONE',  ( 0.3559725090573658823, 3.729200466791322999, 61.36743180079764670 ) ) ;
#5625 = CARTESIAN_POINT ( 'NONE',  ( 24.72257223864907161, 21.92338992321200664, 1.130899099067708802 ) ) ;
#5626 = CARTESIAN_POINT ( 'NONE',  ( 17.68082350071883724, 21.48354099316287247, 6.731400725394538931 ) ) ;
#5627 = ORIENTED_EDGE ( 'NONE', *, *, #5888, .F. ) ;
#5628 = FACE_OUTER_BOUND ( 'NONE', #1775, .T. ) ;
#5629 = DIRECTION ( 'NONE',  ( 0.7674234614174771929, -0.6123724356957944703, 0.1898979485566346104 ) ) ;
#5630 = CARTESIAN_POINT ( 'NONE',  ( 24.40027606074736255, 22.62268098643535197, 6.513871651406100582 ) ) ;
#5631 = CARTESIAN_POINT ( 'NONE',  ( 9.471765852957380716, 2.400698041091699153, 14.54073926501837022 ) ) ;
#5632 = CARTESIAN_POINT ( 'NONE',  ( -11.26540322416676254, -6.257495049690469990, 61.46875000429726299 ) ) ;
#5633 = CARTESIAN_POINT ( 'NONE',  ( 23.26269165182494092, 27.05662075095179020, 4.836065967454082681 ) ) ;
#5634 = CARTESIAN_POINT ( 'NONE',  ( 29.71783837397880390, 25.33698640064410768, 1.745860458284105743 ) ) ;
#5635 = CARTESIAN_POINT ( 'NONE',  ( -29.50544104123656552, -4.734860871730882437, 1.760339864903123885 ) ) ;
#5636 = CARTESIAN_POINT ( 'NONE',  ( 22.78897791354245683, 27.21725400061606592, 2.190434744686130308 ) ) ;
#5637 = CARTESIAN_POINT ( 'NONE',  ( 22.56083780768755176, 26.57687516195511890, 1.047345621683911210 ) ) ;
#5638 =( BOUNDED_CURVE ( )  B_SPLINE_CURVE ( 2, ( #1390, #4049, #101, #1966, #3960, #7459, #5327, #2679, #6754, #7332, #686 ),
 .UNSPECIFIED., .F., .T. ) 
 B_SPLINE_CURVE_WITH_KNOTS ( ( 3, 2, 2, 2, 2, 3 ),
 ( 0.8496245807529355654, 0.8519892602051998276, 0.8603225935385331313, 0.8686559268718664351, 0.8769892602051998498, 0.8829579140862690023 ),
 .UNSPECIFIED. ) 
 CURVE ( )  GEOMETRIC_REPRESENTATION_ITEM ( )  RATIONAL_B_SPLINE_CURVE ( ( 0.9690584114092966050, 0.9783999393559230651, 1.000000000000000000, 0.9238795325112867385, 1.000000000000000000, 0.9238795325112867385, 1.000000000000000000, 0.9238795325112867385, 1.000000000000000000, 0.9454795931553630073, 0.9690584114092970491 ) ) 
 REPRESENTATION_ITEM ( '' )  );
#5639 = CARTESIAN_POINT ( 'NONE',  ( 29.15891469933050928, 25.26134212143004021, 0.2784623306695200307 ) ) ;
#5640 = ADVANCED_FACE ( 'NONE', ( #4406 ), #5649, .F. ) ;
#5641 = ORIENTED_EDGE ( 'NONE', *, *, #2700, .F. ) ;
#5642 = CARTESIAN_POINT ( 'NONE',  ( -3.700519445785592332, 2.915479986669188506, 63.61995003124204828 ) ) ;
#5643 = CARTESIAN_POINT ( 'NONE',  ( 24.91575163619394573, 22.83114693637797998, 6.614334847394844452 ) ) ;
#5644 = CARTESIAN_POINT ( 'NONE',  ( 4.199890828075703908, -29.47360027171682262, 0.9586128622405948319 ) ) ;
#5645 = DIRECTION ( 'NONE',  ( 1.000000000000000000, 0.000000000000000000, 0.000000000000000000 ) ) ;
#5646 = VERTEX_POINT ( 'NONE', #1582 ) ;
#5647 = CARTESIAN_POINT ( 'NONE',  ( 30.25136854105130979, 27.00869529745467190, 0.6367156919672573023 ) ) ;
#5648 = DIRECTION ( 'NONE',  ( 0.6123724356957943593, 0.6123724356957963577, -0.4999999999999978351 ) ) ;
#5649 = CYLINDRICAL_SURFACE ( 'NONE', #3058, 2.756000000000000227 ) ;
#5650 = CARTESIAN_POINT ( 'NONE',  ( -37.14738621360594095, 5.000000000000000000, 6.750000000000041744 ) ) ;
#5651 = ORIENTED_EDGE ( 'NONE', *, *, #8218, .T. ) ;
#5652 = CARTESIAN_POINT ( 'NONE',  ( 29.21303163302151518, 33.68006770206479672, 0.6613858365632774294 ) ) ;
#5653 = ORIENTED_EDGE ( 'NONE', *, *, #3342, .T. ) ;
#5654 = EDGE_CURVE ( 'NONE', #3719, #6787, #4608, .T. ) ;
#5655 = CARTESIAN_POINT ( 'NONE',  ( 30.88872860941678411, 28.48719743310430985, 2.275607074906984995 ) ) ;
#5656 = ORIENTED_EDGE ( 'NONE', *, *, #2486, .T. ) ;
#5657 = CARTESIAN_POINT ( 'NONE',  ( -3.858388187518017265, 2.867298275344222436, 61.14774396831343495 ) ) ;
#5658 = PLANE ( 'NONE',  #80 ) ;
#5659 = CARTESIAN_POINT ( 'NONE',  ( -1.312788713530040008, -11.64716239584722857, 57.40625000429724878 ) ) ;
#5660 = CARTESIAN_POINT ( 'NONE',  ( 19.01185194397540812, 23.39270391730993737, 5.302508484949432166 ) ) ;
#5661 = CARTESIAN_POINT ( 'NONE',  ( 31.90018419972069097, 27.42792240213325528, -3.728819095508180137 ) ) ;
#5662 = CARTESIAN_POINT ( 'NONE',  ( -37.58039891549807976, -4.999999999999997335, 15.00000000000000000 ) ) ;
#5663 = ADVANCED_FACE ( 'NONE', ( #2336 ), #6454, .T. ) ;
#5664 = CARTESIAN_POINT ( 'NONE',  ( 23.16976154122283305, 27.06733411912295395, 2.908788817549107453 ) ) ;
#5665 = VERTEX_POINT ( 'NONE', #207 ) ;
#5666 = EDGE_CURVE ( 'NONE', #4386, #7438, #8723, .T. ) ;
#5667 = CARTESIAN_POINT ( 'NONE',  ( 27.05832650789113458, 30.95589908579125904, -0.2662111824508655578 ) ) ;
#5668 = DIRECTION ( 'NONE',  ( -1.449435587473489784E-16, 1.000000000000000000, -0.000000000000000000 ) ) ;
#5669 = CARTESIAN_POINT ( 'NONE',  ( 23.51176671785948713, 24.12615177260436283, 1.075792525168218994 ) ) ;
#5670 = CARTESIAN_POINT ( 'NONE',  ( 23.86624813165776260, 17.96675319504594270, 15.00000000000000355 ) ) ;
#5671 = CARTESIAN_POINT ( 'NONE',  ( 23.56325340670671054, 27.46082598460683499, 2.587504054758665184 ) ) ;
#5672 = CARTESIAN_POINT ( 'NONE',  ( 2.787913931746929475, -8.667827467834110067, 59.68125000429726867 ) ) ;
#5673 = ADVANCED_FACE ( 'NONE', ( #7651 ), #6984, .T. ) ;
#5674 = LINE ( 'NONE', #6887, #5847 ) ;
#5675 = FACE_OUTER_BOUND ( 'NONE', #841, .T. ) ;
#5676 = CARTESIAN_POINT ( 'NONE',  ( 30.23302907230868541, 25.39251425242881766, 0.02390757554494492981 ) ) ;
#5677 = CARTESIAN_POINT ( 'NONE',  ( 26.41737469876541411, 21.57685987888552859, 3.139376325544935842 ) ) ;
#5678 = LINE ( 'NONE', #2243, #8023 ) ;
#5679 = DIRECTION ( 'NONE',  ( 0.000000000000000000, 0.5000000000000037748, -0.8660254037844363761 ) ) ;
#5680 = CARTESIAN_POINT ( 'NONE',  ( -3.881404667397666763, 3.995475512454995215, 62.26378428562689038 ) ) ;
#5681 = DIRECTION ( 'NONE',  ( 0.000000000000000000, 0.8660254037844362651, 0.5000000000000042188 ) ) ;
#5682 = CARTESIAN_POINT ( 'NONE',  ( 21.74456761209195221, 17.84699503419155420, 7.254809471616630034 ) ) ;
#5683 = DIRECTION ( 'NONE',  ( 0.8660254037844398178, 1.255248039901264880E-16, 0.4999999999999980016 ) ) ;
#5684 = VERTEX_POINT ( 'NONE', #3700 ) ;
#5685 = CARTESIAN_POINT ( 'NONE',  ( 27.57741490072174528, 30.51821999460043955, -1.991172941513835282 ) ) ;
#5686 = CARTESIAN_POINT ( 'NONE',  ( 19.94307797876263777, 21.51717234971408033, 9.464804643901516101 ) ) ;
#5687 = ORIENTED_EDGE ( 'NONE', *, *, #7128, .T. ) ;
#5688 = FACE_OUTER_BOUND ( 'NONE', #5202, .T. ) ;
#5689 = DIRECTION ( 'NONE',  ( 0.6123724356957943593, 0.6123724356957965798, -0.4999999999999980016 ) ) ;
#5690 = VERTEX_POINT ( 'NONE', #2997 ) ;
#5691 = FACE_OUTER_BOUND ( 'NONE', #7872, .T. ) ;
#5692 = CARTESIAN_POINT ( 'NONE',  ( -11.64716242073015096, -3.847162420730698251, 64.25000000000000000 ) ) ;
#5693 = EDGE_CURVE ( 'NONE', #7218, #8583, #371, .T. ) ;
#5694 = ORIENTED_EDGE ( 'NONE', *, *, #2782, .T. ) ;
#5695 = CARTESIAN_POINT ( 'NONE',  ( 1.196702849541851243, 3.893919205113562487, 61.46684440936657268 ) ) ;
#5696 = CARTESIAN_POINT ( 'NONE',  ( 24.53963216564333649, 23.55505815231049738, 0.2064714782829117912 ) ) ;
#5697 = DIRECTION ( 'NONE',  ( 0.1898979485566344716, 0.4999999999999979461, 0.8449489742783192758 ) ) ;
#5698 = EDGE_LOOP ( 'NONE', ( #3086, #2872, #5653, #3537, #6372, #7073, #4343 ) ) ;
#5699 = CARTESIAN_POINT ( 'NONE',  ( 23.76191917230968187, 22.77734515897683920, 0.8414714782829135764 ) ) ;
#5700 = AXIS2_PLACEMENT_3D ( 'NONE', #3367, #6329, #7656 ) ;
#5701 = CARTESIAN_POINT ( 'NONE',  ( 23.48176497513737004, 24.31179926390871415, -0.003581142501787843747 ) ) ;
#5702 = ORIENTED_EDGE ( 'NONE', *, *, #7117, .T. ) ;
#5703 = CYLINDRICAL_SURFACE ( 'NONE', #950, 3.174999999999992273 ) ;
#5704 = CARTESIAN_POINT ( 'NONE',  ( 23.15848626849365033, 23.88726044959057404, 6.859283183963428954 ) ) ;
#5705 = CARTESIAN_POINT ( 'NONE',  ( 17.38096675741924813, 24.45203456928456376, 13.00000000000000000 ) ) ;
#5706 = EDGE_CURVE ( 'NONE', #4911, #6180, #7612, .T. ) ;
#5707 = AXIS2_PLACEMENT_3D ( 'NONE', #8427, #2364, #8470 ) ;
#5708 = CARTESIAN_POINT ( 'NONE',  ( 19.32334732341160688, 18.46870606963357275, 4.884550217110353643 ) ) ;
#5709 = AXIS2_PLACEMENT_3D ( 'NONE', #6155, #4860, #5531 ) ;
#5710 = VECTOR ( 'NONE', #3119, 999.9999999999998863 ) ;
#5711 = EDGE_CURVE ( 'NONE', #2889, #7657, #5022, .T. ) ;
#5712 = CARTESIAN_POINT ( 'NONE',  ( -10.48223877320723396, 0.9735026263727116769, 61.05625000429724736 ) ) ;
#5713 = ORIENTED_EDGE ( 'NONE', *, *, #3612, .T. ) ;
#5714 = CIRCLE ( 'NONE', #5585, 4.059620185954159410 ) ;
#5715 = CARTESIAN_POINT ( 'NONE',  ( 24.27384742064316114, 19.89299544730840807, 6.190860458283946599 ) ) ;
#5716 = CARTESIAN_POINT ( 'NONE',  ( -35.84834810792921900, 5.000000000000002665, 11.99999999999999822 ) ) ;
#5717 = CARTESIAN_POINT ( 'NONE',  ( 2.030690022762220881, 4.243007580729762473, 54.36875000429725446 ) ) ;
#5718 = AXIS2_PLACEMENT_3D ( 'NONE', #1649, #2891, #7051 ) ;
#5719 = CARTESIAN_POINT ( 'NONE',  ( 24.34440390020977674, 28.77267998728338938, 0.9204347446861369519 ) ) ;
#5720 = CARTESIAN_POINT ( 'NONE',  ( 22.86188850666747996, 27.29016459374108905, 2.130903494686135602 ) ) ;
#5721 = FACE_OUTER_BOUND ( 'NONE', #1221, .T. ) ;
#5722 = CARTESIAN_POINT ( 'NONE',  ( 24.17663329647645298, 19.79578132314170347, 6.270235458283944574 ) ) ;
#5723 = VECTOR ( 'NONE', #3223, 1000.000000000000227 ) ;
#5724 = CARTESIAN_POINT ( 'NONE',  ( 22.55160477909853967, 24.98138319212010217, 6.828598935451142715 ) ) ;
#5725 = LINE ( 'NONE', #5063, #6712 ) ;
#5726 = CARTESIAN_POINT ( 'NONE',  ( 28.03808041168337795, 30.54990935881048486, -4.719001982240574655 ) ) ;
#5727 = VERTEX_POINT ( 'NONE', #3619 ) ;
#5728 = ORIENTED_EDGE ( 'NONE', *, *, #539, .T. ) ;
#5729 = CARTESIAN_POINT ( 'NONE',  ( 31.94304319973690554, 29.00223810585801587, 0.2289168847471620694 ) ) ;
#5730 = CARTESIAN_POINT ( 'NONE',  ( 24.25947796847102822, 25.08951225724237588, -0.6385811425017866583 ) ) ;
#5731 = CARTESIAN_POINT ( 'NONE',  ( 21.81468022496883918, 25.61739771741289218, 3.356120843999329306 ) ) ;
#5732 = DIRECTION ( 'NONE',  ( 0.000000000000000000, 0.000000000000000000, -1.000000000000000000 ) ) ;
#5733 = ORIENTED_EDGE ( 'NONE', *, *, #6565, .T. ) ;
#5734 = CARTESIAN_POINT ( 'NONE',  ( 29.18111849609361741, 33.56759999034801467, 0.6155725650514656255 ) ) ;
#5735 = DIRECTION ( 'NONE',  ( 1.000000000000000000, 0.000000000000000000, 0.000000000000000000 ) ) ;
#5736 = EDGE_CURVE ( 'NONE', #574, #5665, #1583, .T. ) ;
#5737 = VECTOR ( 'NONE', #5286, 1000.000000000000000 ) ;
#5738 = CARTESIAN_POINT ( 'NONE',  ( 26.30863921777600467, 21.51996333495875646, 3.214331852490633246 ) ) ;
#5739 = VERTEX_POINT ( 'NONE', #2379 ) ;
#5740 = AXIS2_PLACEMENT_3D ( 'NONE', #8379, #7586, #2310 ) ;
#5741 = CARTESIAN_POINT ( 'NONE',  ( 1.545937999340995850, 5.162354241554868217, 62.97358213797547677 ) ) ;
#5742 = DIRECTION ( 'NONE',  ( -0.7071067811865487940, 0.7071067811865462405, 0.000000000000000000 ) ) ;
#5743 = CARTESIAN_POINT ( 'NONE',  ( 23.57897909930395386, 24.40901338807533349, -0.08295614250188117211 ) ) ;
#5744 = CARTESIAN_POINT ( 'NONE',  ( 31.89231442083607959, 27.42527835179259199, -3.717697488433723052 ) ) ;
#5745 = VECTOR ( 'NONE', #5587, 1000.000000000000114 ) ;
#5746 = VECTOR ( 'NONE', #3564, 1000.000000000000227 ) ;
#5747 = CARTESIAN_POINT ( 'NONE',  ( 27.59550896215224114, 23.79279146970796432, 3.136623099233953216 ) ) ;
#5748 = VERTEX_POINT ( 'NONE', #5068 ) ;
#5749 = ORIENTED_EDGE ( 'NONE', *, *, #1919, .F. ) ;
#5750 = CARTESIAN_POINT ( 'NONE',  ( -4.999999999999857003, -29.58039891549810463, 2.741781998505588902 ) ) ;
#5751 = CARTESIAN_POINT ( 'NONE',  ( 27.17955111556825543, 24.23874602168934089, 4.118291884747141474 ) ) ;
#5752 = DIRECTION ( 'NONE',  ( -0.6123724356957930270, -0.6123724356957951365, 0.5000000000000009992 ) ) ;
#5753 = CARTESIAN_POINT ( 'NONE',  ( -12.35367044356962651, -10.02750239174977054, 55.60625000429725873 ) ) ;
#5754 = VERTEX_POINT ( 'NONE', #1707 ) ;
#5755 = VERTEX_POINT ( 'NONE', #381 ) ;
#5756 = EDGE_CURVE ( 'NONE', #2776, #4272, #555, .T. ) ;
#5757 = FACE_OUTER_BOUND ( 'NONE', #3318, .T. ) ;
#5758 = CARTESIAN_POINT ( 'NONE',  ( -2.425442505448483832, 3.589454579055139316, 61.68003526504224965 ) ) ;
#5759 = CARTESIAN_POINT ( 'NONE',  ( 2.030690022762220881, 4.243007580729762473, 53.36875000429725446 ) ) ;
#5760 =( BOUNDED_CURVE ( )  B_SPLINE_CURVE ( 2, ( #264, #4457, #7046, #7750, #6413, #3630, #4417, #3756, #5784, #1595, #7086, #8334, #7127 ),
 .UNSPECIFIED., .F., .T. ) 
 B_SPLINE_CURVE_WITH_KNOTS ( ( 3, 2, 2, 2, 2, 2, 3 ),
 ( 0.5624999996125570334, 0.5749999999999999556, 0.5999999999999999778, 0.6250000000000000000, 0.6500000000000000222, 0.6750000000000000444, 0.6874999996125570334 ),
 .UNSPECIFIED. ) 
 CURVE ( )  GEOMETRIC_REPRESENTATION_ITEM ( )  RATIONAL_B_SPLINE_CURVE ( ( 0.9755282581475768211, 0.9755282573890644571, 1.000000000000000000, 0.9510565162951535312, 1.000000000000000000, 0.9510565162951535312, 1.000000000000000000, 0.9510565162951535312, 1.000000000000000000, 0.9510565162951535312, 1.000000000000000000, 0.9755282589060891851, 0.9755282581475768211 ) ) 
 REPRESENTATION_ITEM ( '' )  );
#5761 = CARTESIAN_POINT ( 'NONE',  ( 29.38175130754751407, 25.54675172117041271, -0.9885389521583076711 ) ) ;
#5762 = CARTESIAN_POINT ( 'NONE',  ( 27.52816646666943257, 31.95644255374305942, -1.679096505313851129 ) ) ;
#5763 = CYLINDRICAL_SURFACE ( 'NONE', #6179, 3.000000000000000000 ) ;
#5764 = ORIENTED_EDGE ( 'NONE', *, *, #3662, .T. ) ;
#5765 = CARTESIAN_POINT ( 'NONE',  ( 31.93335778894310906, 27.44957170237793775, -3.759815487094163355 ) ) ;
#5766 = CARTESIAN_POINT ( 'NONE',  ( 31.76127166198615726, 30.93123737321460354, 1.733825085735093641 ) ) ;
#5767 =( BOUNDED_CURVE ( )  B_SPLINE_CURVE ( 2, ( #3032, #7112, #6364, #5023, #1004, #5730, #8321, #1542, #8442 ),
 .UNSPECIFIED., .F., .T. ) 
 B_SPLINE_CURVE_WITH_KNOTS ( ( 3, 2, 2, 2, 3 ),
 ( 0.4999999999999998335, 0.5083333333333331927, 0.5166666666666666075, 0.5249999999999999112, 0.5333333333333332149 ),
 .UNSPECIFIED. ) 
 CURVE ( )  GEOMETRIC_REPRESENTATION_ITEM ( )  RATIONAL_B_SPLINE_CURVE ( ( 1.000000000000001554, 0.9238795325112851842, 1.000000000000000000, 0.9238795325112867385, 1.000000000000000000, 0.9238795325112867385, 1.000000000000000000, 0.9238795325112877377, 0.9999999999999990008 ) ) 
 REPRESENTATION_ITEM ( '' )  );
#5768 = CARTESIAN_POINT ( 'NONE',  ( 31.43085760136191098, 31.43085760136181506, -2.245190528383326001 ) ) ;
#5769 = ORIENTED_EDGE ( 'NONE', *, *, #1169, .T. ) ;
#5770 = ADVANCED_FACE ( 'NONE', ( #5858 ), #6177, .F. ) ;
#5771 = CARTESIAN_POINT ( 'NONE',  ( 28.19598540196158964, 27.46721122086443856, -1.954039240730141902 ) ) ;
#5772 = CARTESIAN_POINT ( 'NONE',  ( -3.847162420730151577, -3.847162420730698251, 65.00000000000000000 ) ) ;
#5773 = CARTESIAN_POINT ( 'NONE',  ( 3.571078430037629481, -6.257494904020105331, 57.81875000429725731 ) ) ;
#5774 = CARTESIAN_POINT ( 'NONE',  ( -53.51693657151911054, 5.000000000000000000, 3.000000000000000000 ) ) ;
#5775 = ORIENTED_EDGE ( 'NONE', *, *, #10, .T. ) ;
#5776 = FACE_OUTER_BOUND ( 'NONE', #5618, .T. ) ;
#5777 = EDGE_CURVE ( 'NONE', #1969, #5964, #1834, .T. ) ;
#5778 = CARTESIAN_POINT ( 'NONE',  ( 6.667459821652518492, -3.847162317494146944, 62.20625000429726015 ) ) ;
#5779 = ORIENTED_EDGE ( 'NONE', *, *, #6665, .F. ) ;
#5780 = DIRECTION ( 'NONE',  ( 0.1898979485566345271, 0.4999999999999979461, 0.8449489742783193869 ) ) ;
#5781 = ORIENTED_EDGE ( 'NONE', *, *, #7944, .F. ) ;
#5782 = CARTESIAN_POINT ( 'NONE',  ( -4.064194554336778786, 3.956175684885432364, 62.54625613671199602 ) ) ;
#5783 = DIRECTION ( 'NONE',  ( -0.1898979485566344994, -0.4999999999999980016, -0.8449489742783193869 ) ) ;
#5784 = CARTESIAN_POINT ( 'NONE',  ( 0.7375626091084444003, -10.15749493184066843, 59.54375000429725873 ) ) ;
#5785 = CARTESIAN_POINT ( 'NONE',  ( -4.067232210851710938, -13.84716242289142585, 55.00943705405365591 ) ) ;
#5786 = ORIENTED_EDGE ( 'NONE', *, *, #5517, .T. ) ;
#5787 = DIRECTION ( 'NONE',  ( 0.000000000000000000, 0.000000000000000000, 1.000000000000000000 ) ) ;
#5788 = B_SPLINE_CURVE_WITH_KNOTS ( 'NONE', 3,
 ( #5916, #5204, #4541, #7251 ),
 .UNSPECIFIED., .F., .F.,
 ( 4, 4 ),
 ( 0.000000000000000000, 2.246401337297415925E-05 ),
 .UNSPECIFIED. ) ;
#5789 = CARTESIAN_POINT ( 'NONE',  ( 27.08635221110968061, 22.29767632829241819, 2.579331852490655663 ) ) ;
#5790 = ORIENTED_EDGE ( 'NONE', *, *, #5401, .T. ) ;
#5791 = CARTESIAN_POINT ( 'NONE',  ( 17.22400575451992566, 24.29507356638524129, 14.17157287525381903 ) ) ;
#5792 = CARTESIAN_POINT ( 'NONE',  ( 24.76612296332559993, 27.57436036845217231, 3.501484696953868880 ) ) ;
#5793 = CARTESIAN_POINT ( 'NONE',  ( 27.38469939397780095, 23.00384742064304788, 3.650860458283961663 ) ) ;
#5794 = DIRECTION ( 'NONE',  ( 1.000000000000000000, -0.000000000000000000, -0.000000000000000000 ) ) ;
#5795 = CARTESIAN_POINT ( 'NONE',  ( 3.571078430037629481, -6.257494904020105331, 59.81875000429725731 ) ) ;
#5796 = MANIFOLD_SOLID_BREP ( 'Cut-Extrude19', #54 ) ;
#5797 = ORIENTED_EDGE ( 'NONE', *, *, #5006, .F. ) ;
#5798 = CARTESIAN_POINT ( 'NONE',  ( 23.10429579210569173, 27.00186837000443774, 3.884799472279049759 ) ) ;
#5799 = DIRECTION ( 'NONE',  ( 0.000000000000000000, 0.000000000000000000, 1.000000000000000000 ) ) ;
#5800 = CARTESIAN_POINT ( 'NONE',  ( 4.615290477624049537, 1.832520304646159781, 53.21437958137505575 ) ) ;
#5801 = CARTESIAN_POINT ( 'NONE',  ( 30.43100334371375126, 33.26048769658788729, 0.6951356730948651252 ) ) ;
#5802 = CARTESIAN_POINT ( 'NONE',  ( 30.15881012257868576, 27.32932576970436145, -3.330516729861534575 ) ) ;
#5803 = FACE_OUTER_BOUND ( 'NONE', #3742, .T. ) ;
#5804 = EDGE_LOOP ( 'NONE', ( #2350, #8053 ) ) ;
#5805 =( BOUNDED_CURVE ( )  B_SPLINE_CURVE ( 2, ( #7095, #5834, #5708, #7010, #5049, #7760, #1727, #1653, #1694 ),
 .UNSPECIFIED., .F., .T. ) 
 B_SPLINE_CURVE_WITH_KNOTS ( ( 3, 2, 2, 2, 3 ),
 ( 1.313835307516223052E-06, 0.001128789871500719298, 0.003287343337511160375, 0.005445896803521601236, 0.006058411246856804620 ),
 .UNSPECIFIED. ) 
 CURVE ( )  GEOMETRIC_REPRESENTATION_ITEM ( )  RATIONAL_B_SPLINE_CURVE ( ( 0.9620156742193537447, 0.9602400383827541797, 1.000000000000000000, 0.9238795325112867385, 1.000000000000000000, 0.9238795325112867385, 1.000000000000000000, 0.9783999393554798640, 0.9690584114089132450 ) ) 
 REPRESENTATION_ITEM ( '' )  );
#5806 = CARTESIAN_POINT ( 'NONE',  ( 30.27707739094993400, 26.37950481304948980, 0.6412481952470754365 ) ) ;
#5807 = DIRECTION ( 'NONE',  ( 0.1898979485566346104, 0.4999999999999977796, 0.8449489742783193869 ) ) ;
#5808 = CARTESIAN_POINT ( 'NONE',  ( 25.14775184096716742, 21.85450188909494784, 2.527334895522738378 ) ) ;
#5809 = VERTEX_POINT ( 'NONE', #2460 ) ;
#5810 = CARTESIAN_POINT ( 'NONE',  ( 31.06019841879817278, 28.25196101367139434, -2.247490753720562839 ) ) ;
#5811 = CARTESIAN_POINT ( 'NONE',  ( 18.10538395380641319, 18.94440362732884253, 4.340220996345267146 ) ) ;
#5812 = ORIENTED_EDGE ( 'NONE', *, *, #7826, .T. ) ;
#5813 = EDGE_CURVE ( 'NONE', #7811, #4927, #3624, .T. ) ;
#5814 = CARTESIAN_POINT ( 'NONE',  ( -11.64716242073015096, -3.847162420730699584, 56.58124999992848103 ) ) ;
#5815 = EDGE_CURVE ( 'NONE', #1448, #1044, #4565, .T. ) ;
#5816 = CARTESIAN_POINT ( 'NONE',  ( 24.85042735528599778, 20.06175147245617651, 4.404956852503241649 ) ) ;
#5817 = EDGE_CURVE ( 'NONE', #152, #7268, #5484, .T. ) ;
#5818 = PLANE ( 'NONE',  #7848 ) ;
#5819 = CARTESIAN_POINT ( 'NONE',  ( -13.35772761402214925, -0.7569925703595637989, 57.94375000429725731 ) ) ;
#5820 = CARTESIAN_POINT ( 'NONE',  ( 20.92852283385339618, 18.49874442083155657, 4.506020007782123749 ) ) ;
#5821 = EDGE_LOOP ( 'NONE', ( #7154, #741, #1972, #6734 ) ) ;
#5822 = CARTESIAN_POINT ( 'NONE',  ( 23.71977719158041253, 21.94218211726839840, 7.069496651406097065 ) ) ;
#5823 = CARTESIAN_POINT ( 'NONE',  ( 18.13692482647500270, 22.51777679980949287, 6.016883484949310912 ) ) ;
#5824 = ORIENTED_EDGE ( 'NONE', *, *, #6801, .T. ) ;
#5825 = CARTESIAN_POINT ( 'NONE',  ( 23.69371412097074270, 17.25212607802068732, 1.211164689692295404 ) ) ;
#5826 = DIRECTION ( 'NONE',  ( 0.7071067811865463515, 0.7071067811865487940, 0.000000000000000000 ) ) ;
#5827 = CARTESIAN_POINT ( 'NONE',  ( 31.19299623381891351, 32.17757024715147907, 1.124022464950323652 ) ) ;
#5828 = CARTESIAN_POINT ( 'NONE',  ( -3.847162322546356261, -13.84716242073069736, 55.01875000429730278 ) ) ;
#5829 = ORIENTED_EDGE ( 'NONE', *, *, #7520, .T. ) ;
#5830 = CARTESIAN_POINT ( 'NONE',  ( 3.952837517055230787, -5.082561207486694599, 55.13577535411774022 ) ) ;
#5831 = CARTESIAN_POINT ( 'NONE',  ( 2.787913837084587954, 0.9735027566642469044, 60.23125000429725873 ) ) ;
#5832 = CARTESIAN_POINT ( 'NONE',  ( 23.75432733948595043, 27.55704483192999987, 1.772405606789791976 ) ) ;
#5833 = CARTESIAN_POINT ( 'NONE',  ( 25.84490569786046166, 26.45929075260534447, -0.8292074748317775912 ) ) ;
#5834 = CARTESIAN_POINT ( 'NONE',  ( 19.73918934656813917, 18.09296151393438379, 5.013439338280713642 ) ) ;
#5835 = AXIS2_PLACEMENT_3D ( 'NONE', #1505, #2793, #710 ) ;
#5836 = CARTESIAN_POINT ( 'NONE',  ( 5.663402711880920926, -0.7569923836028872310, 62.34375000429726299 ) ) ;
#5837 = CARTESIAN_POINT ( 'NONE',  ( 20.15992467951722489, 17.85885359057369826, 5.328349873074078147 ) ) ;
#5838 = ORIENTED_EDGE ( 'NONE', *, *, #3967, .F. ) ;
#5839 = CARTESIAN_POINT ( 'NONE',  ( 27.21128783430248177, 23.40857034185812324, 3.450338336443529830 ) ) ;
#5840 = CARTESIAN_POINT ( 'NONE',  ( 30.85392190118889033, 31.73749429678349898, 1.075171049416760782 ) ) ;
#5841 = CARTESIAN_POINT ( 'NONE',  ( -13.35772755334122408, -6.937332457858510715, 60.96875000429725588 ) ) ;
#5842 = CARTESIAN_POINT ( 'NONE',  ( 26.87076073095805384, 29.29828924485308050, -2.644185440985394209 ) ) ;
#5843 = CIRCLE ( 'NONE', #4173, 5.100000000000000533 ) ;
#5844 = CARTESIAN_POINT ( 'NONE',  ( 28.17077495683779986, 31.00025930971192878, 2.540604423094858344 ) ) ;
#5845 = CARTESIAN_POINT ( 'NONE',  ( 22.90041691064381624, 27.28126888397853378, 2.127508484949884426 ) ) ;
#5846 = CARTESIAN_POINT ( 'NONE',  ( 3.571078430037629481, -6.257494904020105331, 60.56875000429725731 ) ) ;
#5847 = VECTOR ( 'NONE', #1567, 1000.000000000000114 ) ;
#5848 = AXIS2_PLACEMENT_3D ( 'NONE', #1418, #4731, #8201 ) ;
#5849 = CARTESIAN_POINT ( 'NONE',  ( 29.43361623674905303, 28.57897498297098338, -3.370449782889734625 ) ) ;
#5850 = DIRECTION ( 'NONE',  ( -0.000000000000000000, -0.000000000000000000, -1.000000000000000000 ) ) ;
#5851 = CARTESIAN_POINT ( 'NONE',  ( 18.82223895995449681, 22.71981153785218055, 7.381084235070339616 ) ) ;
#5852 = VERTEX_POINT ( 'NONE', #6447 ) ;
#5853 = ORIENTED_EDGE ( 'NONE', *, *, #6057, .T. ) ;
#5854 = CARTESIAN_POINT ( 'NONE',  ( 29.05297179536180252, 29.66735685010670309, -3.448582474831767275 ) ) ;
#5855 = CARTESIAN_POINT ( 'NONE',  ( 24.97925932097211188, 27.77844163640881092, 5.123719844165512960 ) ) ;
#5856 = ORIENTED_EDGE ( 'NONE', *, *, #1875, .F. ) ;
#5857 = CIRCLE ( 'NONE', #6295, 3.934549601321607248 ) ;
#5858 = FACE_OUTER_BOUND ( 'NONE', #2122, .T. ) ;
#5859 = VECTOR ( 'NONE', #6941, 1000.000000000000000 ) ;
#5860 = CARTESIAN_POINT ( 'NONE',  ( 23.16714625198178013, 20.36796393654480752, 2.400899099067752118 ) ) ;
#5861 =( BOUNDED_CURVE ( )  B_SPLINE_CURVE ( 2, ( #2879, #4900, #3667, #4284, #5073, #1548, #6370, #4249, #300 ),
 .UNSPECIFIED., .F., .T. ) 
 B_SPLINE_CURVE_WITH_KNOTS ( ( 3, 2, 2, 2, 3 ),
 ( 0.7666666666666663854, 0.7749999999999996891, 0.7833333333333329929, 0.7916666666666662966, 0.7999999999999997113 ),
 .UNSPECIFIED. ) 
 CURVE ( )  GEOMETRIC_REPRESENTATION_ITEM ( )  RATIONAL_B_SPLINE_CURVE ( ( 1.000000000000003109, 0.9238795325112837409, 1.000000000000000000, 0.9238795325112867385, 1.000000000000000000, 0.9238795325112867385, 1.000000000000000000, 0.9238795325112897361, 0.9999999999999970024 ) ) 
 REPRESENTATION_ITEM ( '' )  );
#5862 = ORIENTED_EDGE ( 'NONE', *, *, #516, .T. ) ;
#5863 = LINE ( 'NONE', #6450, #3463 ) ;
#5864 = CARTESIAN_POINT ( 'NONE',  ( 5.663402711880920926, -0.7569923836028872310, 59.59375000429725588 ) ) ;
#5865 = CARTESIAN_POINT ( 'NONE',  ( 18.77493911438478236, 22.67251169228496366, 6.143942518046692669 ) ) ;
#5866 = ORIENTED_EDGE ( 'NONE', *, *, #5654, .T. ) ;
#5867 = AXIS2_PLACEMENT_3D ( 'NONE', #2604, #8007, #7300 ) ;
#5868 = EDGE_CURVE ( 'NONE', #6546, #5330, #1437, .T. ) ;
#5869 = ORIENTED_EDGE ( 'NONE', *, *, #2143, .F. ) ;
#5870 = CARTESIAN_POINT ( 'NONE',  ( 21.11729506189210070, 19.04536164495289086, 4.620503993371476881 ) ) ;
#5871 = CARTESIAN_POINT ( 'NONE',  ( -37.58039891549807265, 2.788706820077976989, 14.99999999999999822 ) ) ;
#5872 = EDGE_LOOP ( 'NONE', ( #176, #5302, #8197, #2104, #3101, #882, #3843, #6758, #7582, #4603 ) ) ;
#5873 = EDGE_CURVE ( 'NONE', #1041, #7573, #8660, .T. ) ;
#5874 = CARTESIAN_POINT ( 'NONE',  ( 1.032353240776809455, 5.051933513187648828, 62.90116093202328784 ) ) ;
#5875 = DIRECTION ( 'NONE',  ( -0.7674234614174803015, 0.6123724356957915838, -0.1898979485566309189 ) ) ;
#5876 = CARTESIAN_POINT ( 'NONE',  ( 19.01185194397540812, 23.39270391730993737, 5.302508484949432166 ) ) ;
#5877 = B_SPLINE_CURVE_WITH_KNOTS ( 'NONE', 3,
 ( #7330, #6561, #3825, #501 ),
 .UNSPECIFIED., .F., .F.,
 ( 4, 4 ),
 ( 1.253930318502541255E-17, 2.246401337296186033E-05 ),
 .UNSPECIFIED. ) ;
#5878 = CARTESIAN_POINT ( 'NONE',  ( 26.10416226270773166, 28.50569343901941721, -1.974113131672880606 ) ) ;
#5879 = CARTESIAN_POINT ( 'NONE',  ( 22.23667155857958022, 19.83514038226765663, 9.339982074906155063 ) ) ;
#5880 = CARTESIAN_POINT ( 'NONE',  ( -11.06159955588965360, -10.78838386904941338, 55.00000000000002842 ) ) ;
#5881 = CARTESIAN_POINT ( 'NONE',  ( 3.952837579269846469, -2.611763746947021847, 60.02672463929457791 ) ) ;
#5882 = ORIENTED_EDGE ( 'NONE', *, *, #7509, .F. ) ;
#5883 = EDGE_CURVE ( 'NONE', #2744, #4651, #8159, .T. ) ;
#5884 = CARTESIAN_POINT ( 'NONE',  ( 27.82101543688362355, 24.57834219328697856, 2.621090691967253861 ) ) ;
#5885 = CARTESIAN_POINT ( 'NONE',  ( 27.58583245267948314, 23.61280438882656796, 4.801764064077191918 ) ) ;
#5886 = CARTESIAN_POINT ( 'NONE',  ( 32.44415459608385532, 30.04262341977196371, 1.005607074906204490 ) ) ;
#5887 = VECTOR ( 'NONE', #5376, 1000.000000000000000 ) ;
#5888 = EDGE_CURVE ( 'NONE', #5511, #7335, #8750, .T. ) ;
#5889 = CIRCLE ( 'NONE', #5612, 3.934549601321608581 ) ;
#5890 = CARTESIAN_POINT ( 'NONE',  ( -12.35367044356962651, -10.02750239174977054, 61.10625000429724452 ) ) ;
#5891 = CARTESIAN_POINT ( 'NONE',  ( 17.76057927332115582, 20.46436766024753595, 5.238350889651568920 ) ) ;
#5892 = EDGE_CURVE ( 'NONE', #750, #5246, #7034, .T. ) ;
#5893 = AXIS2_PLACEMENT_3D ( 'NONE', #4743, #723, #5367 ) ;
#5894 = FACE_OUTER_BOUND ( 'NONE', #6168, .T. ) ;
#5895 = CARTESIAN_POINT ( 'NONE',  ( -9.725014864222524480, -11.93733242219115631, 54.74375000429725446 ) ) ;
#5896 = CARTESIAN_POINT ( 'NONE',  ( 26.20088058585702484, 31.04139540573669009, 0.7339926176883638798 ) ) ;
#5897 = CARTESIAN_POINT ( 'NONE',  ( 32.26903880172747563, 28.25300144745968822, 1.020242071549392282 ) ) ;
#5898 = CARTESIAN_POINT ( 'NONE',  ( 33.50822777177577194, 29.91380576581165229, 1.187056478585107877 ) ) ;
#5899 = CARTESIAN_POINT ( 'NONE',  ( 25.61079943095013078, 21.71322685305432643, 4.451248195260007812 ) ) ;
#5900 = LINE ( 'NONE', #8614, #8123 ) ;
#5901 = DIRECTION ( 'NONE',  ( 1.000000000000000000, 0.000000000000000000, 0.000000000000000000 ) ) ;
#5902 = CARTESIAN_POINT ( 'NONE',  ( 25.65457086050994207, 21.75699828261199897, 3.139747093457490923 ) ) ;
#5903 = ORIENTED_EDGE ( 'NONE', *, *, #88, .T. ) ;
#5904 = CARTESIAN_POINT ( 'NONE',  ( 22.27208961470460125, 19.84456110080933655, 9.355210634218673604 ) ) ;
#5905 = FACE_OUTER_BOUND ( 'NONE', #1854, .T. ) ;
#5906 = ORIENTED_EDGE ( 'NONE', *, *, #707, .F. ) ;
#5907 = EDGE_CURVE ( 'NONE', #4557, #4882, #3298, .T. ) ;
#5908 = DIRECTION ( 'NONE',  ( -0.000000000000000000, -0.000000000000000000, -1.000000000000000000 ) ) ;
#5909 = CARTESIAN_POINT ( 'NONE',  ( -4.999999999999857003, -29.58039891549810108, 15.00000000000000000 ) ) ;
#5910 = ORIENTED_EDGE ( 'NONE', *, *, #5362, .T. ) ;
#5911 = DIRECTION ( 'NONE',  ( 0.6123724356957943593, 0.6123724356957963577, -0.4999999999999978351 ) ) ;
#5912 = CARTESIAN_POINT ( 'NONE',  ( 2.030690181626937374, -11.93733230676918566, 59.04375000429725873 ) ) ;
#5913 = CARTESIAN_POINT ( 'NONE',  ( 3.952837645061577643, -2.611763949433142606, 60.77672462774353335 ) ) ;
#5914 = VERTEX_POINT ( 'NONE', #6123 ) ;
#5915 = CARTESIAN_POINT ( 'NONE',  ( 20.19705912749035548, 23.00529653261690655, 7.232109696953855860 ) ) ;
#5916 = CARTESIAN_POINT ( 'NONE',  ( 33.49251763457166220, 29.89957453801537923, 1.194492582488361432 ) ) ;
#5917 = ORIENTED_EDGE ( 'NONE', *, *, #34, .F. ) ;
#5918 = DIRECTION ( 'NONE',  ( -1.000000000000000000, -1.449435587473489291E-16, 0.000000000000000000 ) ) ;
#5919 = CARTESIAN_POINT ( 'NONE',  ( -45.90379267415695352, -4.999999999999999112, -2.749999999999965361 ) ) ;
#5920 = EDGE_CURVE ( 'NONE', #3498, #7375, #3428, .T. ) ;
#5921 =( BOUNDED_CURVE ( )  B_SPLINE_CURVE ( 2, ( #2703, #2661, #5523, #8101, #1281, #124, #2742, #8063, #6142 ),
 .UNSPECIFIED., .F., .T. ) 
 B_SPLINE_CURVE_WITH_KNOTS ( ( 3, 2, 2, 2, 3 ),
 ( 0.2999999999999999889, 0.3083333333333333481, 0.3166666666666666519, 0.3249999999999999556, 0.3333333333333332593 ),
 .UNSPECIFIED. ) 
 CURVE ( )  GEOMETRIC_REPRESENTATION_ITEM ( )  RATIONAL_B_SPLINE_CURVE ( ( 1.000000000000000000, 0.9238795325112867385, 1.000000000000000000, 0.9238795325112867385, 1.000000000000000000, 0.9238795325112867385, 1.000000000000000000, 0.9238795325112872936, 0.9999999999999994449 ) ) 
 REPRESENTATION_ITEM ( '' )  );
#5922 = B_SPLINE_CURVE_WITH_KNOTS ( 'NONE', 3,
 ( #735, #1441, #4143, #3429, #111, #4797, #825, #3524, #18, #7419, #2730, #6713, #5418, #8752, #4755, #8132 ),
 .UNSPECIFIED., .F., .F.,
 ( 4, 2, 2, 2, 2, 2, 2, 4 ),
 ( 2.602085213965210642E-18, 0.0004183355919145300165, 0.0008366711838290574309, 0.001255006775743584737, 0.001673342367658112260, 0.002091677959572639349, 0.002510013551487166872, 0.003346684735316226254 ),
 .UNSPECIFIED. ) ;
#5923 = FACE_OUTER_BOUND ( 'NONE', #1800, .T. ) ;
#5924 = CARTESIAN_POINT ( 'NONE',  ( -4.999999999999849010, -60.09705941389336914, -2.000000000000112799 ) ) ;
#5925 = VERTEX_POINT ( 'NONE', #4057 ) ;
#5926 = CARTESIAN_POINT ( 'NONE',  ( -8.431887450568748221, 2.463170090379271038, 60.91875000429725873 ) ) ;
#5927 = ORIENTED_EDGE ( 'NONE', *, *, #8753, .F. ) ;
#5928 = DIRECTION ( 'NONE',  ( -0.7071067811865489050, 0.7071067811865461294, -0.000000000000000000 ) ) ;
#5929 = CARTESIAN_POINT ( 'NONE',  ( 24.28947971119314531, 24.90386476593802456, 0.4407925251682201506 ) ) ;
#5930 = ADVANCED_FACE ( 'NONE', ( #2154 ), #4754, .F. ) ;
#5931 = CARTESIAN_POINT ( 'NONE',  ( -12.35367056493147331, 2.333177383248123071, 54.05625000429726157 ) ) ;
#5932 = CARTESIAN_POINT ( 'NONE',  ( 33.02982340601504063, 29.05679534216226045, 0.3567640640770643468 ) ) ;
#5933 = EDGE_CURVE ( 'NONE', #4975, #152, #6083, .T. ) ;
#5934 = CARTESIAN_POINT ( 'NONE',  ( 4.659345602109323359, 2.333177550288373148, 59.73125000429725162 ) ) ;
#5935 = EDGE_CURVE ( 'NONE', #3857, #928, #52, .T. ) ;
#5936 = FACE_OUTER_BOUND ( 'NONE', #3281, .T. ) ;
#5937 = ORIENTED_EDGE ( 'NONE', *, *, #840, .T. ) ;
#5938 = CARTESIAN_POINT ( 'NONE',  ( 27.12758890713305604, 26.40709300166706797, 4.956503754004242701 ) ) ;
#5939 = CARTESIAN_POINT ( 'NONE',  ( -9.725014864222524480, -11.93733242219115631, 57.49375000429726157 ) ) ;
#5940 = CARTESIAN_POINT ( 'NONE',  ( 30.08589952945366264, 27.25641517657933477, -3.270985479861546530 ) ) ;
#5941 = CARTESIAN_POINT ( 'NONE',  ( 31.01008788733985355, 27.17508830096275929, -2.318070202158295512 ) ) ;
#5942 = CYLINDRICAL_SURFACE ( 'NONE', #4067, 5.100000000000000533 ) ;
#5943 = ADVANCED_FACE ( 'NONE', ( #4664 ), #7166, .F. ) ;
#5944 = CYLINDRICAL_SURFACE ( 'NONE', #632, 2.756000000000000227 ) ;
#5945 = CARTESIAN_POINT ( 'NONE',  ( -1.760138124709619500, 3.668457722260118459, 61.63823541798099370 ) ) ;
#5946 = CARTESIAN_POINT ( 'NONE',  ( 20.10888012424932825, 15.86623943712989160, 15.00000000000000000 ) ) ;
#5947 = CARTESIAN_POINT ( 'NONE',  ( -28.92014487765374398, 2.282170753714712230, -1.611856641238975253E-14 ) ) ;
#5948 = ORIENTED_EDGE ( 'NONE', *, *, #2885, .F. ) ;
#5949 = CARTESIAN_POINT ( 'NONE',  ( 21.38952718226024530, 22.38475952193595120, 9.162891809991414505 ) ) ;
#5950 = CARTESIAN_POINT ( 'NONE',  ( 16.94123525897814275, 21.78175007885777248, 8.294461367688338527 ) ) ;
#5951 = ORIENTED_EDGE ( 'NONE', *, *, #6588, .F. ) ;
#5952 = CARTESIAN_POINT ( 'NONE',  ( 29.20591012564537081, 28.22133611231259209, -3.603528521716994337 ) ) ;
#5953 = CARTESIAN_POINT ( 'NONE',  ( 20.71458622890256507, 24.61215880680358836, 4.560227280839423081 ) ) ;
#5954 = VERTEX_POINT ( 'NONE', #8131 ) ;
#5955 = LINE ( 'NONE', #3836, #8133 ) ;
#5956 = CARTESIAN_POINT ( 'NONE',  ( -0.5979655565848825960, 6.152837611171149135, 57.25625000429725731 ) ) ;
#5957 = CARTESIAN_POINT ( 'NONE',  ( 29.98714426048428550, 29.00257024715150322, -4.241403521717000302 ) ) ;
#5958 = VERTEX_POINT ( 'NONE', #2065 ) ;
#5959 = CARTESIAN_POINT ( 'NONE',  ( 20.03374776357014753, 23.27642100716655449, 5.141653251266024682 ) ) ;
#5960 = CARTESIAN_POINT ( 'NONE',  ( -37.09286487779497321, 4.086512407959548732, 14.15556627627901243 ) ) ;
#5961 = CARTESIAN_POINT ( 'NONE',  ( 31.11522493448554627, 32.09979894781812249, 1.187522464950325540 ) ) ;
#5962 = DIRECTION ( 'NONE',  ( 0.7071067811865487940, -0.7071067811865463515, 0.000000000000000000 ) ) ;
#5963 = CARTESIAN_POINT ( 'NONE',  ( 22.60206972777389112, 26.57509779163075692, 1.055979879157657342 ) ) ;
#5964 = VERTEX_POINT ( 'NONE', #5466 ) ;
#5965 = VERTEX_POINT ( 'NONE', #4102 ) ;
#5966 = CARTESIAN_POINT ( 'NONE',  ( -13.43687598142803452, -6.721423566535490224, 55.00000000000001421 ) ) ;
#5967 = EDGE_CURVE ( 'NONE', #5481, #2876, #622, .T. ) ;
#5968 = LINE ( 'NONE', #4595, #4566 ) ;
#5969 = CC_DESIGN_DATE_AND_TIME_ASSIGNMENT ( #4674, #1233, ( #7278 ) ) ;
#5970 = ORIENTED_EDGE ( 'NONE', *, *, #1598, .F. ) ;
#5971 = DIRECTION ( 'NONE',  ( -0.8660254037844398178, -1.255248039901265127E-16, -0.4999999999999980016 ) ) ;
#5972 = CARTESIAN_POINT ( 'NONE',  ( 29.23583980979459440, 33.71376254397852534, 0.6525554462530197553 ) ) ;
#5973 = CARTESIAN_POINT ( 'NONE',  ( -7.096359284875418005, -13.84716245263254208, 57.63125000429725731 ) ) ;
#5974 = CARTESIAN_POINT ( 'NONE',  ( -3.293772085786661918, 4.454335479851011748, 55.00000000000004263 ) ) ;
#5975 = DIRECTION ( 'NONE',  ( 0.000000000000000000, 0.000000000000000000, 1.000000000000000000 ) ) ;
#5976 = CARTESIAN_POINT ( 'NONE',  ( -4.198109292133341164, 3.927384014883553487, 62.30105016360034398 ) ) ;
#5977 = EDGE_CURVE ( 'NONE', #3296, #152, #8210, .T. ) ;
#5978 = ORIENTED_EDGE ( 'NONE', *, *, #743, .T. ) ;
#5979 = CARTESIAN_POINT ( 'NONE',  ( 28.42009547501245237, 26.33549077519649728, 3.753050084604406145 ) ) ;
#5980 = CARTESIAN_POINT ( 'NONE',  ( 21.61433555455551314, 25.51190813245563049, 4.178788817549111023 ) ) ;
#5981 = EDGE_CURVE ( 'NONE', #6444, #2903, #390, .T. ) ;
#5982 = CARTESIAN_POINT ( 'NONE',  ( -29.58039891549807621, 5.000000000000002665, 2.812368433865924278 ) ) ;
#5983 = CARTESIAN_POINT ( 'NONE',  ( 22.84485007408004620, 21.06725499976802851, 7.783871651406100156 ) ) ;
#5984 = CARTESIAN_POINT ( 'NONE',  ( 6.416096318866165049, -3.847162420730696919, 54.25000000000004263 ) ) ;
#5985 = ADVANCED_FACE ( 'NONE', ( #360 ), #6471, .F. ) ;
#5986 = CARTESIAN_POINT ( 'NONE',  ( 27.65002015676240532, 31.23389093583341847, -4.272845267367219257 ) ) ;
#5987 = ORIENTED_EDGE ( 'NONE', *, *, #6258, .T. ) ;
#5988 = CARTESIAN_POINT ( 'NONE',  ( 29.38885019865105264, 26.58966788321411201, -2.679100900932219531 ) ) ;
#5989 = LINE ( 'NONE', #7411, #3343 ) ;
#5990 = CARTESIAN_POINT ( 'NONE',  ( 24.76733827674719279, 23.91269702296915511, 0.4395502171103461420 ) ) ;
#5991 = ORIENTED_EDGE ( 'NONE', *, *, #2584, .F. ) ;
#5992 = CARTESIAN_POINT ( 'NONE',  ( 32.72075619307057082, 29.77995109919167760, -0.4060831152528367460 ) ) ;
#5993 = CARTESIAN_POINT ( 'NONE',  ( 21.46243777538527198, 22.45767011506097433, 9.103360559991418910 ) ) ;
#5994 = VERTEX_POINT ( 'NONE', #2358 ) ;
#5995 = CARTESIAN_POINT ( 'NONE',  ( 33.00423426538345950, 30.51501555610371597, 1.559694721516267091 ) ) ;
#5996 = VECTOR ( 'NONE', #326, 999.9999999999998863 ) ;
#5997 = CARTESIAN_POINT ( 'NONE',  ( 25.93319234184519573, 21.96016427799295556, 6.151139064077272067 ) ) ;
#5998 = AXIS2_PLACEMENT_3D ( 'NONE', #324, #5139, #7149 ) ;
#5999 = CARTESIAN_POINT ( 'NONE',  ( 19.55265210771771933, 23.45022468561855078, 5.508942518046426429 ) ) ;
#6000 = CARTESIAN_POINT ( 'NONE',  ( 2.787913931746929475, -8.667827467834110067, 62.43125000429724736 ) ) ;
#6001 = CARTESIAN_POINT ( 'NONE',  ( -1.312788866696924517, 3.952837604152769746, 61.25625000429725731 ) ) ;
#6002 = DIRECTION ( 'NONE',  ( 1.000000000000000000, 0.000000000000000000, 0.000000000000000000 ) ) ;
#6003 = VERTEX_POINT ( 'NONE', #6348 ) ;
#6004 = CARTESIAN_POINT ( 'NONE',  ( 24.06078147879524565, 21.25254407366844234, 3.467509246279413926 ) ) ;
#6005 = TOROIDAL_SURFACE ( 'NONE', #5141, 10.26325873959631352, 0.7500000000000000000 ) ;
#6006 = DIRECTION ( 'NONE',  ( -1.000000000000000000, 0.000000000000000000, 0.000000000000000000 ) ) ;
#6007 = AXIS2_PLACEMENT_3D ( 'NONE', #4659, #4829, #5412 ) ;
#6008 = CARTESIAN_POINT ( 'NONE',  ( 18.42424645353782964, 20.82577762984949743, 4.296511868327080208 ) ) ;
#6009 = CARTESIAN_POINT ( 'NONE',  ( 30.35974258952955296, 28.27513788971360853, 2.169334847394861043 ) ) ;
#6010 = DIRECTION ( 'NONE',  ( 0.8660254037844400399, 1.255248039901265866E-16, 0.4999999999999976685 ) ) ;
#6011 = ORIENTED_EDGE ( 'NONE', *, *, #2144, .F. ) ;
#6012 = EDGE_CURVE ( 'NONE', #2252, #4246, #2980, .T. ) ;
#6013 = CARTESIAN_POINT ( 'NONE',  ( 24.08135585281628366, 23.25132156404469086, 8.004450085735106413 ) ) ;
#6014 = ORIENTED_EDGE ( 'NONE', *, *, #8158, .F. ) ;
#6015 = CARTESIAN_POINT ( 'NONE',  ( 5.000000000000150102, -30.65219568522246263, 2.999999999999999112 ) ) ;
#6016 = B_SPLINE_CURVE_WITH_KNOTS ( 'NONE', 3,
 ( #1171, #6495, #1839, #1225, #2559, #5110, #3974, #3928, #3882, #2425, #6578, #424, #1750, #5245, #1886, #7164 ),
 .UNSPECIFIED., .F., .F.,
 ( 4, 2, 2, 2, 2, 2, 2, 4 ),
 ( 1.596416920550885460E-16, 0.001162490081322943786, 0.002324980162645727978, 0.002906225203307121266, 0.003487470243968514121, 0.004068715284629907843, 0.004359337804960598632, 0.004649960325291290289 ),
 .UNSPECIFIED. ) ;
#6017 = ORIENTED_EDGE ( 'NONE', *, *, #1224, .T. ) ;
#6018 = EDGE_LOOP ( 'NONE', ( #8225, #6239, #8300, #5534 ) ) ;
#6019 = DIRECTION ( 'NONE',  ( -0.4999999999999979461, 0.000000000000000000, 0.8660254037844397068 ) ) ;
#6020 = CARTESIAN_POINT ( 'NONE',  ( 28.09877127779488148, 27.36999709669773395, -1.874664240730142151 ) ) ;
#6021 = CARTESIAN_POINT ( 'NONE',  ( 5.663402711880920926, -0.7569923836028872310, 61.34375000429726299 ) ) ;
#6022 = CARTESIAN_POINT ( 'NONE',  ( 27.45619061578990028, 23.55861803788955555, 2.591288817549102230 ) ) ;
#6023 = CARTESIAN_POINT ( 'NONE',  ( -4.674151223109458186, -29.73250620654350129, 1.407051095741520097 ) ) ;
#6024 = VECTOR ( 'NONE', #8303, 1000.000000000000000 ) ;
#6025 = CARTESIAN_POINT ( 'NONE',  ( -4.226920893170852622, 3.921189520364529724, 62.30427550617245913 ) ) ;
#6026 = EDGE_LOOP ( 'NONE', ( #1897, #3271, #6764, #2540, #3540 ) ) ;
#6027 = PLANE ( 'NONE',  #6171 ) ;
#6028 = CARTESIAN_POINT ( 'NONE',  ( 26.21240194267969059, 31.00107782549675051, 0.7384120907426418023 ) ) ;
#6029 = LINE ( 'NONE', #5318, #1220 ) ;
#6030 = AXIS2_PLACEMENT_3D ( 'NONE', #647, #2642, #6800 ) ;
#6031 = CARTESIAN_POINT ( 'NONE',  ( 20.02969357105886417, 22.10162698799781467, 8.619114949861794273 ) ) ;
#6032 = CARTESIAN_POINT ( 'NONE',  ( -27.11318551214728956, 4.133574983146488968, 55.00000000000000000 ) ) ;
#6033 = VECTOR ( 'NONE', #3282, 1000.000000000000000 ) ;
#6034 = CARTESIAN_POINT ( 'NONE',  ( -6.381535974763375307, -11.64716244561416225, 59.88125000429725731 ) ) ;
#6035 = EDGE_CURVE ( 'NONE', #7741, #1002, #5805, .T. ) ;
#6036 = CARTESIAN_POINT ( 'NONE',  ( 21.25918687429887655, 17.96593692242663920, 5.702334895522722213 ) ) ;
#6037 = CARTESIAN_POINT ( 'NONE',  ( 30.49555136731240168, 26.11469939397759177, 1.110860458283768448 ) ) ;
#6038 = CYLINDRICAL_SURFACE ( 'NONE', #3894, 7.799999999999999822 ) ;
#6039 = EDGE_LOOP ( 'NONE', ( #260, #736, #2343, #7785 ) ) ;
#6040 = CARTESIAN_POINT ( 'NONE',  ( 21.92103832734968094, 22.76005800087212805, 1.224752246345276463 ) ) ;
#6041 = CARTESIAN_POINT ( 'NONE',  ( 25.63966170543175593, 20.79914688555187041, 3.774376325544934740 ) ) ;
#6042 = CARTESIAN_POINT ( 'NONE',  ( 33.09222379116838653, 30.58463151872383534, 1.621286947129325862 ) ) ;
#6043 = LINE ( 'NONE', #6176, #7001 ) ;
#6044 = ORIENTED_EDGE ( 'NONE', *, *, #3981, .T. ) ;
#6045 = EDGE_CURVE ( 'NONE', #6959, #8152, #1119, .T. ) ;
#6046 = CARTESIAN_POINT ( 'NONE',  ( 30.08436302261274164, 28.89180182151307008, -4.197705534674242678 ) ) ;
#6047 = DIRECTION ( 'NONE',  ( 0.000000000000000000, 0.5000000000000039968, -0.8660254037844363761 ) ) ;
#6048 = CARTESIAN_POINT ( 'NONE',  ( -10.48223877320723396, 0.9735026263727116769, 58.30625000429726157 ) ) ;
#6049 = DIRECTION ( 'NONE',  ( 0.000000000000000000, 1.000000000000000000, 0.000000000000000000 ) ) ;
#6050 = ORIENTED_EDGE ( 'NONE', *, *, #3692, .F. ) ;
#6051 = CARTESIAN_POINT ( 'NONE',  ( 27.78198088903205232, 24.23743949571766620, 1.679514499187365173 ) ) ;
#6052 = CARTESIAN_POINT ( 'NONE',  ( 21.65648630341257075, 20.80184504963452952, 2.979550217110346289 ) ) ;
#6053 = VERTEX_POINT ( 'NONE', #4350 ) ;
#6054 =( BOUNDED_CURVE ( )  B_SPLINE_CURVE ( 3, ( #836, #7519, #3363, #1316 ),
 .UNSPECIFIED., .F., .T. ) 
 B_SPLINE_CURVE_WITH_KNOTS ( ( 4, 4 ),
 ( 5.548576959986070811, 6.283185307179586232 ),
 .UNSPECIFIED. ) 
 CURVE ( )  GEOMETRIC_REPRESENTATION_ITEM ( )  RATIONAL_B_SPLINE_CURVE ( ( 1.000000000000000000, 0.9555325393476291618, 0.9555325393476291618, 1.000000000000000000 ) ) 
 REPRESENTATION_ITEM ( '' )  );
#6055 = CARTESIAN_POINT ( 'NONE',  ( 30.25571489726169006, 30.25571489726159413, -1.285690528383340414 ) ) ;
#6056 = DIRECTION ( 'NONE',  ( 0.000000000000000000, -1.000000000000000000, 0.000000000000000000 ) ) ;
#6057 = EDGE_CURVE ( 'NONE', #5925, #7695, #6509, .T. ) ;
#6058 = EDGE_LOOP ( 'NONE', ( #4509, #6644, #5413, #527 ) ) ;
#6059 = CARTESIAN_POINT ( 'NONE',  ( 24.20198915922979310, 17.13092134736416483, 12.74095994950810251 ) ) ;
#6060 = EDGE_LOOP ( 'NONE', ( #617, #1797, #6462, #425 ) ) ;
#6061 = DIRECTION ( 'NONE',  ( 0.8660254037844397068, 1.255248039901264634E-16, 0.4999999999999979461 ) ) ;
#6062 = ORIENTED_EDGE ( 'NONE', *, *, #2858, .F. ) ;
#6063 = CARTESIAN_POINT ( 'NONE',  ( 22.83189949353864279, 18.58925880641918482, 0.1681342116084714178 ) ) ;
#6064 = CARTESIAN_POINT ( 'NONE',  ( 31.06811608223653920, 28.12731098835765309, 0.9432918847471551960 ) ) ;
#6065 = CARTESIAN_POINT ( 'NONE',  ( -3.847162518913948226, 6.152837579269300861, 59.14375000429726015 ) ) ;
#6066 = CARTESIAN_POINT ( 'NONE',  ( 4.179490113886722646, -29.45931376595624585, 0.9338679084006573650 ) ) ;
#6067 = FACE_OUTER_BOUND ( 'NONE', #3815, .T. ) ;
#6068 = DIRECTION ( 'NONE',  ( -0.7071067811865489050, 0.7071067811865461294, -0.000000000000000000 ) ) ;
#6069 = VERTEX_POINT ( 'NONE', #5671 ) ;
#6070 = FACE_OUTER_BOUND ( 'NONE', #2907, .T. ) ;
#6071 = CARTESIAN_POINT ( 'NONE',  ( 25.90076462912258393, 22.00319205122223210, 3.861288817549102248 ) ) ;
#6072 = CARTESIAN_POINT ( 'NONE',  ( 33.00049333405941354, 30.51268770738554181, 1.552688916477293457 ) ) ;
#6073 = CARTESIAN_POINT ( 'NONE',  ( 21.58511955772618407, 23.65705297466514523, 7.349114949861798252 ) ) ;
#6074 = DIRECTION ( 'NONE',  ( 0.000000000000000000, -0.8660254037844362651, -0.5000000000000039968 ) ) ;
#6075 = CARTESIAN_POINT ( 'NONE',  ( 27.69850484019949732, 31.13596336573609236, -4.177596770913075019 ) ) ;
#6076 = ORIENTED_EDGE ( 'NONE', *, *, #7723, .F. ) ;
#6077 = CARTESIAN_POINT ( 'NONE',  ( 24.93520870777557619, 28.90823677163048089, -0.8490201208429593027 ) ) ;
#6078 = CARTESIAN_POINT ( 'NONE',  ( 26.60175006955742205, 23.15303657539095639, 5.089596415204925783 ) ) ;
#6079 = ORIENTED_EDGE ( 'NONE', *, *, #2951, .T. ) ;
#6080 = CARTESIAN_POINT ( 'NONE',  ( 23.16004736087824156, 19.32504777450112243, 4.091461047841672638 ) ) ;
#6081 = CARTESIAN_POINT ( 'NONE',  ( 23.30652272543077785, 18.46600790555088523, 5.679376325544930992 ) ) ;
#6082 = VERTEX_POINT ( 'NONE', #4426 ) ;
#6083 = LINE ( 'NONE', #4705, #5887 ) ;
#6084 = CARTESIAN_POINT ( 'NONE',  ( 27.65958824937504801, 30.06111942568674067, -3.244113131672873962 ) ) ;
#6085 = B_SPLINE_CURVE_WITH_KNOTS ( 'NONE', 3,
 ( #319, #4308, #7542, #899, #7060, #948, #6888, #5544, #3558, #6389, #1478, #2279, #819, #6351 ),
 .UNSPECIFIED., .F., .F.,
 ( 4, 2, 2, 2, 2, 2, 4 ),
 ( 0.000000000000000000, 0.0009908559073818466473, 0.001981711814763693295, 0.002477139768454614775, 0.002972567722145537990, 0.003467995675836461206, 0.003963423629527384855 ),
 .UNSPECIFIED. ) ;
#6086 = DIRECTION ( 'NONE',  ( 0.6123724356957942483, 0.6123724356957963577, -0.4999999999999978906 ) ) ;
#6087 = LINE ( 'NONE', #7512, #7552 ) ;
#6088 = CARTESIAN_POINT ( 'NONE',  ( 19.83424467124777024, 22.26402308426933629, 9.047314172660694709 ) ) ;
#6089 = LINE ( 'NONE', #1978, #7429 ) ;
#6090 = ORIENTED_EDGE ( 'NONE', *, *, #6196, .F. ) ;
#6091 = CARTESIAN_POINT ( 'NONE',  ( 22.36688674357112561, 25.60955998716753967, 3.236653251266034648 ) ) ;
#6092 = DIRECTION ( 'NONE',  ( 0.6123724356957942483, 0.6123724356957965798, -0.4999999999999977796 ) ) ;
#6093 = EDGE_CURVE ( 'NONE', #4845, #3128, #4997, .T. ) ;
#6094 = CALENDAR_DATE ( 2026, 1, 6 ) ;
#6095 = CARTESIAN_POINT ( 'NONE',  ( 30.70636093548687384, 26.90364344304261124, 0.5966230992339631722 ) ) ;
#6096 = ADVANCED_FACE ( 'NONE', ( #8505 ), #4955, .F. ) ;
#6097 = CARTESIAN_POINT ( 'NONE',  ( 19.79578132314182426, 19.79578132314167505, 7.254809471616630034 ) ) ;
#6098 = ORIENTED_EDGE ( 'NONE', *, *, #1118, .T. ) ;
#6099 = ORIENTED_EDGE ( 'NONE', *, *, #5337, .T. ) ;
#6100 = CARTESIAN_POINT ( 'NONE',  ( 32.78802017017262216, 29.12673020015796155, -0.07551906252016465926 ) ) ;
#6101 =( BOUNDED_SURFACE ( )  B_SPLINE_SURFACE ( 3, 1, ( 
 ( #4091, #2762 ),
 ( #2811, #5499 ),
 ( #8211, #2142 ),
 ( #4824, #8741 ),
 ( #1472, #6032 ),
 ( #2677, #4175 ),
 ( #813, #3515 ) ),
 .UNSPECIFIED., .T., .F., .T. ) 
 B_SPLINE_SURFACE_WITH_KNOTS ( ( 4, 3, 4 ),
 ( 2, 2 ),
 ( 0.000000000000000000, 0.5000000000000000000, 1.000000000000000000 ),
 ( 0.000000000000000000, 1.000000000000000000 ),
 .UNSPECIFIED. ) 
 GEOMETRIC_REPRESENTATION_ITEM ( )  RATIONAL_B_SPLINE_SURFACE ( (
 ( 1.000000000000000000, 1.000000000000000000),
 ( 0.3333333333333333703, 0.3333333333333337034),
 ( 0.3333333333333333703, 0.3333333333333337034),
 ( 1.000000000000000000, 1.000000000000000000),
 ( 0.3333333333333333703, 0.3333333333333333703),
 ( 0.3333333333333333703, 0.3333333333333333703),
 ( 1.000000000000000000, 1.000000000000000000) ) ) 
 REPRESENTATION_ITEM ( '' )  SURFACE ( )  );
#6102 = ORIENTED_EDGE ( 'NONE', *, *, #4265, .F. ) ;
#6103 = ORIENTED_EDGE ( 'NONE', *, *, #8440, .F. ) ;
#6104 = CARTESIAN_POINT ( 'NONE',  ( 23.09206029252358050, 23.94670154630137304, 7.319408963332493023 ) ) ;
#6105 = CARTESIAN_POINT ( 'NONE',  ( 30.35263685772930131, 28.28070344079011988, -2.920121006628492832 ) ) ;
#6106 = CARTESIAN_POINT ( 'NONE',  ( 0.7375624851938314963, 2.463170180408507992, 52.86875000429725446 ) ) ;
#6107 = DIRECTION ( 'NONE',  ( -0.7071067811865489050, 0.7071067811865462405, 0.000000000000000000 ) ) ;
#6108 = CARTESIAN_POINT ( 'NONE',  ( -61.82911022146240754, -2.000000000000003553, 1.000000000000028644 ) ) ;
#6109 = CARTESIAN_POINT ( 'NONE',  ( -1.873118679651529339, 3.700347119586363309, 62.84081852481455854 ) ) ;
#6110 = ORIENTED_EDGE ( 'NONE', *, *, #8434, .F. ) ;
#6111 = CARTESIAN_POINT ( 'NONE',  ( 24.87685786717628389, 20.97928528927833725, 3.774747093457488489 ) ) ;
#6112 = CARTESIAN_POINT ( 'NONE',  ( 34.26560297114860276, 31.23745730265363463, 0.9897833009958902917 ) ) ;
#6113 = CARTESIAN_POINT ( 'NONE',  ( 19.70307084321845537, 22.64387593709711055, 4.438202058486139912 ) ) ;
#6114 = CARTESIAN_POINT ( 'NONE',  ( -29.36634637321803254, -4.241565774256947918, 14.00338002382875580 ) ) ;
#6115 = DIRECTION ( 'NONE',  ( 0.000000000000000000, 0.8660254037844362651, 0.5000000000000042188 ) ) ;
#6116 = EDGE_CURVE ( 'NONE', #2296, #7700, #4059, .T. ) ;
#6117 = CARTESIAN_POINT ( 'NONE',  ( 26.67410538004125797, 30.57167795794139664, 0.04750405475850791315 ) ) ;
#6118 = CARTESIAN_POINT ( 'NONE',  ( 25.23355589064468418, 29.61440786397925962, 0.2225084849494987915 ) ) ;
#6119 = CARTESIAN_POINT ( 'NONE',  ( 24.92553219830313793, 28.72824969074761725, 0.8161208439993686836 ) ) ;
#6120 = VERTEX_POINT ( 'NONE', #3812 ) ;
#6121 = CARTESIAN_POINT ( 'NONE',  ( 26.34688490081260426, 25.50786522728991912, 6.200647946888004469 ) ) ;
#6122 = CARTESIAN_POINT ( 'NONE',  ( 19.16654139074648810, 21.59406990464148635, 3.646283309014584972 ) ) ;
#6123 = CARTESIAN_POINT ( 'NONE',  ( -4.999999999999857003, -29.58039891549810108, 2.999999999999999112 ) ) ;
#6124 = CARTESIAN_POINT ( 'NONE',  ( 0.7375624851938314963, 2.463170180408507992, 63.11875000429726157 ) ) ;
#6125 = VERTEX_POINT ( 'NONE', #4302 ) ;
#6126 = ORIENTED_EDGE ( 'NONE', *, *, #4105, .T. ) ;
#6127 = AXIS2_PLACEMENT_3D ( 'NONE', #1711, #4410, #3750 ) ;
#6128 = CARTESIAN_POINT ( 'NONE',  ( 33.02663973715208812, 28.64578776381734926, -0.9557645417160240964 ) ) ;
#6129 = FACE_OUTER_BOUND ( 'NONE', #8226, .T. ) ;
#6130 = FACE_OUTER_BOUND ( 'NONE', #4596, .T. ) ;
#6131 = FACE_OUTER_BOUND ( 'NONE', #7825, .T. ) ;
#6132 = VERTEX_POINT ( 'NONE', #6066 ) ;
#6133 = CARTESIAN_POINT ( 'NONE',  ( 26.36280357438301181, 23.12013033078636326, 3.811715691967247466 ) ) ;
#6134 = CARTESIAN_POINT ( 'NONE',  ( 26.23965641711084018, 28.32426111692657500, -1.546556141371096871 ) ) ;
#6135 = VERTEX_POINT ( 'NONE', #7979 ) ;
#6136 = VECTOR ( 'NONE', #7059, 1000.000000000000114 ) ;
#6137 = VECTOR ( 'NONE', #6824, 1000.000000000000000 ) ;
#6138 = CARTESIAN_POINT ( 'NONE',  ( 28.01744909450615140, 30.52618571187110419, -4.689596903769595038 ) ) ;
#6139 = CIRCLE ( 'NONE', #4439, 5.099999999999998757 ) ;
#6140 = CARTESIAN_POINT ( 'NONE',  ( 32.49728421485242080, 27.35426570278285396, -3.063736213543992282 ) ) ;
#6141 = ORIENTED_EDGE ( 'NONE', *, *, #7847, .T. ) ;
#6142 = CARTESIAN_POINT ( 'NONE',  ( 21.24777679980963541, 25.62862877314413979, 3.476883484949323755 ) ) ;
#6143 = EDGE_CURVE ( 'NONE', #4651, #557, #4520, .T. ) ;
#6144 = VERTEX_POINT ( 'NONE', #6740 ) ;
#6145 = CARTESIAN_POINT ( 'NONE',  ( -1.079696138442213460, 3.445376943331239339, 61.23461323505313914 ) ) ;
#6146 = AXIS2_PLACEMENT_3D ( 'NONE', #8339, #2180, #5582 ) ;
#6147 = VERTEX_POINT ( 'NONE', #6022 ) ;
#6148 = ORIENTED_EDGE ( 'NONE', *, *, #2077, .T. ) ;
#6149 = CARTESIAN_POINT ( 'NONE',  ( 24.87814885430149303, 21.07543136185715227, 5.355338336443509206 ) ) ;
#6150 = CARTESIAN_POINT ( 'NONE',  ( 30.01790574486632224, 26.47336435155194323, -0.1461105008126294957 ) ) ;
#6151 = CARTESIAN_POINT ( 'NONE',  ( 4.659345602109323359, 2.333177550288373148, 61.48125000429725162 ) ) ;
#6152 = CARTESIAN_POINT ( 'NONE',  ( 28.59611223157514459, 31.62425790006986048, -5.480164357762450145 ) ) ;
#6153 = CIRCLE ( 'NONE', #502, 3.240370349203909317 ) ;
#6154 =( BOUNDED_CURVE ( )  B_SPLINE_CURVE ( 2, ( #1111, #4517, #5052, #364, #7764, #2495, #1696, #3726, #7143 ),
 .UNSPECIFIED., .F., .T. ) 
 B_SPLINE_CURVE_WITH_KNOTS ( ( 3, 2, 2, 2, 3 ),
 ( 0.3333333333333332593, 0.3416666666666666186, 0.3499999999999999778, 0.3583333333333333370, 0.3666666666666666408 ),
 .UNSPECIFIED. ) 
 CURVE ( )  GEOMETRIC_REPRESENTATION_ITEM ( )  RATIONAL_B_SPLINE_CURVE ( ( 1.000000000000000444, 0.9238795325112861834, 1.000000000000000000, 0.9238795325112867385, 1.000000000000000000, 0.9238795325112867385, 1.000000000000000000, 0.9238795325112867385, 1.000000000000000000 ) ) 
 REPRESENTATION_ITEM ( '' )  );
#6155 = CARTESIAN_POINT ( 'NONE',  ( -3.847162420730151577, -3.847162420730698251, 65.00000000000000000 ) ) ;
#6156 = CARTESIAN_POINT ( 'NONE',  ( 33.32462387073914556, 29.88942464204328076, 1.186327886131457898 ) ) ;
#6157 = ORIENTED_EDGE ( 'NONE', *, *, #6584, .T. ) ;
#6158 = EDGE_CURVE ( 'NONE', #2296, #2563, #6733, .T. ) ;
#6159 = CARTESIAN_POINT ( 'NONE',  ( 24.62535811448239187, 21.82617579904545835, 1.210274099067771614 ) ) ;
#6160 = CARTESIAN_POINT ( 'NONE',  ( 31.95376322981303829, 27.57291125647831720, -0.07976454171602920251 ) ) ;
#6161 = AXIS2_PLACEMENT_3D ( 'NONE', #1592, #6201, #4981 ) ;
#6162 = CARTESIAN_POINT ( 'NONE',  ( -68.87945218822306970, -68.87945218822343918, 20.00000000000000000 ) ) ;
#6163 = CARTESIAN_POINT ( 'NONE',  ( 17.83685745558745595, 21.38139884890159692, 7.908854444045910093 ) ) ;
#6164 = CARTESIAN_POINT ( 'NONE',  ( 1.931589702686207888, -28.92014487765357345, 1.734723475976807094E-15 ) ) ;
#6165 = AXIS2_PLACEMENT_3D ( 'NONE', #4828, #991, #2318 ) ;
#6166 = CARTESIAN_POINT ( 'NONE',  ( 29.62062424981206377, 25.23977227647733201, 1.825235458283960721 ) ) ;
#6167 = EDGE_CURVE ( 'NONE', #7573, #2664, #2932, .T. ) ;
#6168 = EDGE_LOOP ( 'NONE', ( #2683, #3125, #8453, #8767, #3494, #3135 ) ) ;
#6169 = AXIS2_PLACEMENT_3D ( 'NONE', #1006, #4936, #2917 ) ;
#6170 = CARTESIAN_POINT ( 'NONE',  ( 26.49063469444816477, 30.46366275828614079, -2.119020120849087974 ) ) ;
#6171 = AXIS2_PLACEMENT_3D ( 'NONE', #7446, #5452, #8736 ) ;
#6172 = CARTESIAN_POINT ( 'NONE',  ( 23.86419558278438657, 21.03471122991004094, 1.809014520138436666 ) ) ;
#6173 = CARTESIAN_POINT ( 'NONE',  ( 24.08665651393665286, 23.24763684041395706, 8.046116696887997577 ) ) ;
#6174 = CARTESIAN_POINT ( 'NONE',  ( 31.11522493448554272, 32.09979894781812249, 1.187522464950324652 ) ) ;
#6175 = CARTESIAN_POINT ( 'NONE',  ( -6.381535974763375307, -11.64716244561416225, 56.38125000429725731 ) ) ;
#6176 = CARTESIAN_POINT ( 'NONE',  ( 18.79518031979232973, 23.03782100691145374, 14.99999999999996092 ) ) ;
#6177 = CONICAL_SURFACE ( 'NONE', #2359, 4.041115254481123742, 0.1745329251994329756 ) ;
#6178 = ORIENTED_EDGE ( 'NONE', *, *, #5122, .F. ) ;
#6179 = AXIS2_PLACEMENT_3D ( 'NONE', #8475, #241, #6309 ) ;
#6180 = VERTEX_POINT ( 'NONE', #535 ) ;
#6181 = CARTESIAN_POINT ( 'NONE',  ( 2.281283816809105414, 4.054871919462397223, 62.60542345919499496 ) ) ;
#6182 = CARTESIAN_POINT ( 'NONE',  ( -4.287089039430273196, -13.83748096270717909, 55.00000000000001421 ) ) ;
#6183 = DIRECTION ( 'NONE',  ( 0.6123724356957943593, 0.6123724356957965798, -0.4999999999999980016 ) ) ;
#6184 = CARTESIAN_POINT ( 'NONE',  ( 32.53079079368478688, 27.36735434238737597, -3.084701131397103779 ) ) ;
#6185 = EDGE_LOOP ( 'NONE', ( #8122, #3668, #6987, #1851, #3305, #7746 ) ) ;
#6186 = EDGE_CURVE ( 'NONE', #798, #1467, #97, .T. ) ;
#6187 = CIRCLE ( 'NONE', #380, 1.500000000000003997 ) ;
#6188 = CARTESIAN_POINT ( 'NONE',  ( 27.60834215824870697, 25.83074708393670704, 3.894496651406113674 ) ) ;
#6189 = CARTESIAN_POINT ( 'NONE',  ( 3.952837579269842028, -3.847162628651521921, 60.70624633536703385 ) ) ;
#6190 = VERTEX_POINT ( 'NONE', #3901 ) ;
#6191 = CARTESIAN_POINT ( 'NONE',  ( 20.01795247044156767, 22.10255717025728117, 3.533443858628879664 ) ) ;
#6192 = FACE_OUTER_BOUND ( 'NONE', #6720, .T. ) ;
#6193 = ORIENTED_EDGE ( 'NONE', *, *, #4944, .T. ) ;
#6194 = CARTESIAN_POINT ( 'NONE',  ( 28.59611223157514459, 31.62425790006986048, -5.480164357762450145 ) ) ;
#6195 = CARTESIAN_POINT ( 'NONE',  ( 32.54102560372884057, 27.37437499671430530, -3.093262376031228555 ) ) ;
#6196 = EDGE_CURVE ( 'NONE', #5172, #7804, #2578, .T. ) ;
#6197 = ORIENTED_EDGE ( 'NONE', *, *, #2612, .T. ) ;
#6198 = EDGE_CURVE ( 'NONE', #7249, #78, #5429, .T. ) ;
#6199 = DIRECTION ( 'NONE',  ( 0.8660254037844400399, 1.255248039901265866E-16, 0.4999999999999976685 ) ) ;
#6200 = B_SPLINE_CURVE_WITH_KNOTS ( 'NONE', 3,
 ( #6182, #21, #5422, #6850, #7471, #4668, #8136, #1310, #4146, #1402, #3481, #4107, #4836, #6806, #738, #3434 ),
 .UNSPECIFIED., .F., .F.,
 ( 4, 2, 2, 2, 2, 2, 2, 4 ),
 ( 0.000000000000000000, 0.002586985144512456234, 0.003880477716768684568, 0.005173970289024912468, 0.006467462861281140368, 0.007760955433537369136, 0.009054448005793596169, 0.01034794057804982494 ),
 .UNSPECIFIED. ) ;
#6201 = DIRECTION ( 'NONE',  ( 0.6123724356957943593, 0.6123724356957964687, -0.4999999999999978351 ) ) ;
#6202 = CARTESIAN_POINT ( 'NONE',  ( -11.26540327149793264, -1.436829937441292504, 59.19375000429725731 ) ) ;
#6203 = DIRECTION ( 'NONE',  ( 0.000000000000000000, 0.000000000000000000, -1.000000000000000000 ) ) ;
#6204 = DIRECTION ( 'NONE',  ( -0.7071067811865485719, 0.7071067811865464625, 0.000000000000000000 ) ) ;
#6205 = CARTESIAN_POINT ( 'NONE',  ( 22.26325393498200356, 19.56974739172183320, 0.000000000000000000 ) ) ;
#6206 = ORIENTED_EDGE ( 'NONE', *, *, #3981, .F. ) ;
#6207 = EDGE_CURVE ( 'NONE', #7436, #7695, #7450, .T. ) ;
#6208 = CARTESIAN_POINT ( 'NONE',  ( 26.50977227647743106, 22.12892030314268865, 4.365235458283954095 ) ) ;
#6209 = FACE_OUTER_BOUND ( 'NONE', #6235, .T. ) ;
#6210 = CARTESIAN_POINT ( 'NONE',  ( 26.44016974576684120, 28.86994815878841081, 3.653598935451152219 ) ) ;
#6211 = CARTESIAN_POINT ( 'NONE',  ( 23.18585436129487931, 20.37761695616807245, 4.181884246279410355 ) ) ;
#6212 = CARTESIAN_POINT ( 'NONE',  ( -29.58039891549807976, -5.000000000000020428, 2.999999999999999112 ) ) ;
#6213 = EDGE_CURVE ( 'NONE', #5809, #1359, #1911, .T. ) ;
#6214 =( BOUNDED_CURVE ( )  B_SPLINE_CURVE ( 2, ( #1298, #1826, #3204, #2678, #637, #1207, #3958, #1871, #3865, #5899, #4563 ),
 .UNSPECIFIED., .F., .T. ) 
 B_SPLINE_CURVE_WITH_KNOTS ( ( 3, 2, 2, 2, 2, 3 ),
 ( 0.07518172889589350150, 0.07672859672480297766, 0.07888830735599690336, 0.08104801798719084294, 0.08320772861838475476, 0.08382057142064053279 ),
 .UNSPECIFIED. ) 
 CURVE ( )  GEOMETRIC_REPRESENTATION_ITEM ( )  RATIONAL_B_SPLINE_CURVE ( ( 0.9690584114094811241, 0.9454795931551503996, 1.000000000000000000, 0.9238795325112867385, 1.000000000000000000, 0.9238795325112867385, 1.000000000000000000, 0.9238795325112867385, 1.000000000000000000, 0.9783999393571474190, 0.9690584114103555358 ) ) 
 REPRESENTATION_ITEM ( '' )  );
#6215 = ADVANCED_FACE ( 'NONE', ( #1858 ), #7396, .F. ) ;
#6216 = CARTESIAN_POINT ( 'NONE',  ( 0.4320823004381206256, 3.708511409715824936, 62.96664138770388774 ) ) ;
#6217 = ORIENTED_EDGE ( 'NONE', *, *, #7394, .F. ) ;
#6218 = DIRECTION ( 'NONE',  ( -0.000000000000000000, -1.000000000000000000, -0.000000000000000000 ) ) ;
#6219 = LINE ( 'NONE', #1526, #3761 ) ;
#6220 = CARTESIAN_POINT ( 'NONE',  ( 6.667459821652518492, -3.847162317494146500, 59.45625000429724594 ) ) ;
#6221 = CARTESIAN_POINT ( 'NONE',  ( 23.47646431401699374, 24.31548398753945150, -0.04524775365471348648 ) ) ;
#6222 = CARTESIAN_POINT ( 'NONE',  ( 22.18781455485839871, 21.19258221518244767, 2.092352133241860646 ) ) ;
#6223 = EDGE_LOOP ( 'NONE', ( #2598, #1312, #2781, #5987, #2704, #1952 ) ) ;
#6224 = CARTESIAN_POINT ( 'NONE',  ( 17.84699503419169631, 21.74456761209179589, 7.254809471616630034 ) ) ;
#6225 = CARTESIAN_POINT ( 'NONE',  ( 27.46948074647890436, 31.85033271981342651, -1.603116515050649671 ) ) ;
#6226 = ORIENTED_EDGE ( 'NONE', *, *, #1745, .T. ) ;
#6227 = CARTESIAN_POINT ( 'NONE',  ( 0.7255847937348713916, 4.985978293922374682, 61.47863250874083008 ) ) ;
#6228 = CARTESIAN_POINT ( 'NONE',  ( 0.7375624851938314963, 2.463170180408507992, 58.36875000429725446 ) ) ;
#6229 = DIRECTION ( 'NONE',  ( 0.000000000000000000, 0.5000000000000039968, -0.8660254037844363761 ) ) ;
#6230 = CARTESIAN_POINT ( 'NONE',  ( 28.84291125647840559, 24.46205928314367029, 2.460235458283964505 ) ) ;
#6231 = ORIENTED_EDGE ( 'NONE', *, *, #5517, .F. ) ;
#6232 = CARTESIAN_POINT ( 'NONE',  ( 26.49905224640129831, 23.55824715252238377, 4.673916884747138845 ) ) ;
#6233 = DIRECTION ( 'NONE',  ( -0.7674234614174771929, 0.6123724356957944703, -0.1898979485566346104 ) ) ;
#6234 = CARTESIAN_POINT ( 'NONE',  ( 32.38451548478116848, 27.39573447935131512, -3.019626177912802856 ) ) ;
#6235 = EDGE_LOOP ( 'NONE', ( #1736, #561 ) ) ;
#6236 = FACE_OUTER_BOUND ( 'NONE', #1302, .T. ) ;
#6237 = CARTESIAN_POINT ( 'NONE',  ( 32.01012432120222684, 30.65790647959897797, 1.026007649957961343 ) ) ;
#6238 = ORIENTED_EDGE ( 'NONE', *, *, #6640, .F. ) ;
#6239 = ORIENTED_EDGE ( 'NONE', *, *, #955, .F. ) ;
#6240 = CARTESIAN_POINT ( 'NONE',  ( 23.80120165564389367, 24.78577566897644147, 7.159397464950302492 ) ) ;
#6241 = CARTESIAN_POINT ( 'NONE',  ( -1.999999999999853451, -28.74045774387837326, 15.00000000000000000 ) ) ;
#6242 = CARTESIAN_POINT ( 'NONE',  ( -10.48223867854489022, -8.667827598125645849, 56.85625000429724452 ) ) ;
#6243 = CARTESIAN_POINT ( 'NONE',  ( 25.95418085716029921, 33.02524866902564327, -7.000000000000018652 ) ) ;
#6244 = CARTESIAN_POINT ( 'NONE',  ( -28.78757634474484561, -2.170063312632154684, -5.713237229230254801E-16 ) ) ;
#6245 = DIRECTION ( 'NONE',  ( 0.6123724356957943593, 0.6123724356957963577, -0.4999999999999978906 ) ) ;
#6246 = CARTESIAN_POINT ( 'NONE',  ( 33.40244048813328703, 29.87162835561962737, 1.210951170523800968 ) ) ;
#6247 = ORIENTED_EDGE ( 'NONE', *, *, #6207, .T. ) ;
#6248 = FACE_OUTER_BOUND ( 'NONE', #4117, .T. ) ;
#6249 = CARTESIAN_POINT ( 'NONE',  ( 31.34475558245819471, 27.44718300455786064, -0.5837111824508828262 ) ) ;
#6250 = FACE_OUTER_BOUND ( 'NONE', #1646, .T. ) ;
#6251 = CARTESIAN_POINT ( 'NONE',  ( 22.81392281655309162, 25.75472791043176102, 1.898202058486152088 ) ) ;
#6252 = CARTESIAN_POINT ( 'NONE',  ( 21.42878019230844089, 20.44420617897545256, 2.746471478282637602 ) ) ;
#6253 = CARTESIAN_POINT ( 'NONE',  ( 25.32644926937406993, 27.72798044568575548, -1.339113131672883927 ) ) ;
#6254 = ADVANCED_FACE ( 'NONE', ( #3372 ), #1815, .T. ) ;
#6255 = DIRECTION ( 'NONE',  ( -0.1898979485566341385, -0.4999999999999980016, -0.8449489742783192758 ) ) ;
#6256 = CARTESIAN_POINT ( 'NONE',  ( 51.88409695360144980, 51.88409695360142138, -18.94519052838326800 ) ) ;
#6257 = CARTESIAN_POINT ( 'NONE',  ( -29.53234569975852608, -4.830088410171272884, 1.996595381270719782 ) ) ;
#6258 = EDGE_CURVE ( 'NONE', #5684, #3293, #6872, .T. ) ;
#6259 = CARTESIAN_POINT ( 'NONE',  ( 29.45531607897502013, 24.61480125909515237, 0.6589075755449437244 ) ) ;
#6260 = CARTESIAN_POINT ( 'NONE',  ( 25.05992298350316716, 27.88940733637727831, 5.080604423094855271 ) ) ;
#6261 = ORIENTED_EDGE ( 'NONE', *, *, #5967, .T. ) ;
#6262 = CARTESIAN_POINT ( 'NONE',  ( -5.308072077462704819, 7.055394296611596339, 55.00000000000000000 ) ) ;
#6263 = ORIENTED_EDGE ( 'NONE', *, *, #6757, .F. ) ;
#6264 = CARTESIAN_POINT ( 'NONE',  ( -2.405270156746622146, 4.312844447408222592, 62.05300757752682017 ) ) ;
#6265 = CARTESIAN_POINT ( 'NONE',  ( 3.952838744091073497, -2.611767331898017463, 58.02672443478721220 ) ) ;
#6266 = CARTESIAN_POINT ( 'NONE',  ( 4.179490113886722646, -29.45931376595624585, 0.9338679084006573650 ) ) ;
#6267 = CARTESIAN_POINT ( 'NONE',  ( 23.58091577981061349, 27.96176775314512142, 1.571883484949333720 ) ) ;
#6268 = EDGE_LOOP ( 'NONE', ( #376, #8544, #6217, #8062 ) ) ;
#6269 = EDGE_CURVE ( 'NONE', #4129, #8308, #5489, .T. ) ;
#6270 = CARTESIAN_POINT ( 'NONE',  ( 28.69969134599596927, 29.42846552709291075, 2.334908183963445349 ) ) ;
#6271 = DIRECTION ( 'NONE',  ( -1.000000000000000000, 0.000000000000000000, 0.000000000000000000 ) ) ;
#6272 = EDGE_LOOP ( 'NONE', ( #4666, #4463, #538, #3484 ) ) ;
#6273 = CARTESIAN_POINT ( 'NONE',  ( 24.64595040020711281, 27.04748157651879836, -0.7834881316728926626 ) ) ;
#6274 = DIRECTION ( 'NONE',  ( -0.1898979485566344716, -0.4999999999999979461, -0.8449489742783192758 ) ) ;
#6275 = ORIENTED_EDGE ( 'NONE', *, *, #4855, .T. ) ;
#6276 = CARTESIAN_POINT ( 'NONE',  ( 31.25408090606527622, 35.49672159318443931, 2.517949192431117922 ) ) ;
#6277 = EDGE_CURVE ( 'NONE', #4927, #3171, #2490, .T. ) ;
#6278 = LINE ( 'NONE', #5200, #5568 ) ;
#6279 = VERTEX_POINT ( 'NONE', #886 ) ;
#6280 = VECTOR ( 'NONE', #716, 1000.000000000000114 ) ;
#6281 = ORIENTED_EDGE ( 'NONE', *, *, #1176, .F. ) ;
#6282 = CARTESIAN_POINT ( 'NONE',  ( -3.748958960363517168, 2.891232108389973465, 61.14645238555614526 ) ) ;
#6283 = CARTESIAN_POINT ( 'NONE',  ( 2.787913837084587954, 0.9735027566642470154, 55.48125000429724452 ) ) ;
#6284 = EDGE_CURVE ( 'NONE', #1217, #4695, #3914, .T. ) ;
#6285 = CYLINDRICAL_SURFACE ( 'NONE', #1475, 1.500000000000001332 ) ;
#6286 = VECTOR ( 'NONE', #3432, 1000.000000000000114 ) ;
#6287 = CC_DESIGN_APPROVAL ( #998, ( #7843 ) ) ;
#6288 = CARTESIAN_POINT ( 'NONE',  ( 29.49936439761637885, 25.60179181971560780, 1.276248195247191353 ) ) ;
#6289 = VECTOR ( 'NONE', #7927, 1000.000000000000000 ) ;
#6290 = CARTESIAN_POINT ( 'NONE',  ( 23.48851691995645297, 27.38608949785415092, 3.571084235070353774 ) ) ;
#6291 = VERTEX_POINT ( 'NONE', #2089 ) ;
#6292 = CARTESIAN_POINT ( 'NONE',  ( 20.33958206855844608, 18.26764865161922202, 5.255503993371475779 ) ) ;
#6293 = CARTESIAN_POINT ( 'NONE',  ( 31.73824744794252695, 27.84067487004216090, -0.9049959452399937154 ) ) ;
#6294 = DIRECTION ( 'NONE',  ( -0.7674234614174771929, 0.6123724356957942483, -0.1898979485566349434 ) ) ;
#6295 = AXIS2_PLACEMENT_3D ( 'NONE', #1818, #445, #8071 ) ;
#6296 = CARTESIAN_POINT ( 'NONE',  ( 23.14054554439350397, 25.21247896133246513, 6.079114949861798678 ) ) ;
#6297 = FACE_OUTER_BOUND ( 'NONE', #5308, .T. ) ;
#6298 = CIRCLE ( 'NONE', #2483, 1.500000000000003997 ) ;
#6299 = CARTESIAN_POINT ( 'NONE',  ( -1.312788713530040008, -11.64716239584722857, 59.40625000429724878 ) ) ;
#6300 = B_SPLINE_CURVE_WITH_KNOTS ( 'NONE', 3,
 ( #567, #1279, #3268, #3180 ),
 .UNSPECIFIED., .F., .F.,
 ( 4, 4 ),
 ( 0.001396590879813970013, 0.002059198476549584447 ),
 .UNSPECIFIED. ) ;
#6301 = CIRCLE ( 'NONE', #7578, 3.250000000000001332 ) ;
#6302 = CARTESIAN_POINT ( 'NONE',  ( 22.77415058599714826, 18.76741587877954842, 0.1189777841632762151 ) ) ;
#6303 = DIRECTION ( 'NONE',  ( -0.7071067811865487940, 0.7071067811865462405, 0.000000000000000000 ) ) ;
#6304 = CARTESIAN_POINT ( 'NONE',  ( -29.39479392453074169, -4.342645464956459200, 1.109316468168551451 ) ) ;
#6305 = CARTESIAN_POINT ( 'NONE',  ( 30.04921954804118656, 27.62169103414595384, 3.005210634218699717 ) ) ;
#6306 = CARTESIAN_POINT ( 'NONE',  ( 26.34380992733790450, 22.50881034096079247, 1.491929797841691441 ) ) ;
#6307 = VECTOR ( 'NONE', #4255, 999.9999999999998863 ) ;
#6308 = B_SPLINE_CURVE_WITH_KNOTS ( 'NONE', 3,
 ( #4746, #5458, #6928, #2814 ),
 .UNSPECIFIED., .F., .F.,
 ( 4, 4 ),
 ( 0.000000000000000000, 0.0009315180890226660779 ),
 .UNSPECIFIED. ) ;
#6309 = DIRECTION ( 'NONE',  ( 0.000000000000000000, 0.000000000000000000, 1.000000000000000000 ) ) ;
#6310 = EDGE_CURVE ( 'NONE', #5690, #2423, #2844, .T. ) ;
#6311 = VERTEX_POINT ( 'NONE', #4815 ) ;
#6312 = CARTESIAN_POINT ( 'NONE',  ( -0.05526924897903486011, 4.818094666714780594, 61.63265688551562249 ) ) ;
#6313 = CARTESIAN_POINT ( 'NONE',  ( 30.01380149191616553, 27.61227031560427392, 2.989982074906187393 ) ) ;
#6314 = CARTESIAN_POINT ( 'NONE',  ( -3.847162322546356261, -13.84716242073069736, 60.51875000429730278 ) ) ;
#6315 = CARTESIAN_POINT ( 'NONE',  ( 25.59583063182591900, 29.38975973095277894, 2.931065967454092647 ) ) ;
#6316 = ORIENTED_EDGE ( 'NONE', *, *, #6698, .F. ) ;
#6317 = CARTESIAN_POINT ( 'NONE',  ( 28.71763207009611918, 28.10324701535102676, 3.115076418065087616 ) ) ;
#6318 = CARTESIAN_POINT ( 'NONE',  ( 51.88409695360144980, 51.88409695360142138, -18.94519052838326800 ) ) ;
#6319 = AXIS2_PLACEMENT_3D ( 'NONE', #579, #7892, #1289 ) ;
#6320 = CARTESIAN_POINT ( 'NONE',  ( -2.170063312630212238, -28.78757634473830151, -8.571973426213519431E-16 ) ) ;
#6321 = TOROIDAL_SURFACE ( 'NONE', #3771, 3.934549601321607692, 0.1270000000000010010 ) ;
#6322 = ADVANCED_FACE ( 'NONE', ( #6784 ), #2710, .F. ) ;
#6323 = CARTESIAN_POINT ( 'NONE',  ( 33.05697069461731985, 27.81141946444135016, -3.768964158577553736 ) ) ;
#6324 = ADVANCED_FACE ( 'NONE', ( #5445 ), #8245, .F. ) ;
#6325 = VERTEX_POINT ( 'NONE', #754 ) ;
#6326 = CARTESIAN_POINT ( 'NONE',  ( 29.18664231865504632, 33.61632689424524756, 0.6494708356608909217 ) ) ;
#6327 = ORIENTED_EDGE ( 'NONE', *, *, #4265, .T. ) ;
#6328 = AXIS2_PLACEMENT_3D ( 'NONE', #2827, #4063, #7378 ) ;
#6329 = DIRECTION ( 'NONE',  ( 0.6123724356957943593, 0.6123724356957964687, -0.4999999999999978351 ) ) ;
#6330 = ORIENTED_EDGE ( 'NONE', *, *, #901, .F. ) ;
#6331 = ORIENTED_EDGE ( 'NONE', *, *, #90, .T. ) ;
#6332 = CARTESIAN_POINT ( 'NONE',  ( -6.381536127930263369, 3.952837554385830288, 55.28125000429726299 ) ) ;
#6333 = CARTESIAN_POINT ( 'NONE',  ( 31.38102390700338873, 28.10711788895306640, -3.376957256584642408 ) ) ;
#6334 = CARTESIAN_POINT ( 'NONE',  ( 3.571078430037629481, -6.257494904020105331, 57.81875000429725731 ) ) ;
#6335 = EDGE_CURVE ( 'NONE', #7482, #774, #433, .T. ) ;
#6336 = CARTESIAN_POINT ( 'NONE',  ( 18.71350476110987771, 22.68653282495333201, 4.230979879152888756 ) ) ;
#6337 = CARTESIAN_POINT ( 'NONE',  ( 1.139220659311664940, 3.882669831095419521, 61.45986807967327081 ) ) ;
#6338 = EDGE_LOOP ( 'NONE', ( #6090, #1879, #3919, #6679 ) ) ;
#6339 = CARTESIAN_POINT ( 'NONE',  ( 29.19780846834620647, 27.11320376853002756, 3.118050084604715444 ) ) ;
#6340 = B_SPLINE_CURVE_WITH_KNOTS ( 'NONE', 3,
 ( #3019, #5594, #820, #3559, #6257, #5635, #4227, #862, #6304, #7637, #2984, #6931 ),
 .UNSPECIFIED., .F., .F.,
 ( 4, 2, 2, 2, 2, 4 ),
 ( 0.000000000000000000, 0.0007634771715988618920, 0.001145215757398293380, 0.001526954343197725085, 0.002290431514796589796, 0.003053908686395454940 ),
 .UNSPECIFIED. ) ;
#6341 = CARTESIAN_POINT ( 'NONE',  ( 25.40307110781605360, 22.60388879237912008, 0.5752740990677727151 ) ) ;
#6342 = VERTEX_POINT ( 'NONE', #4856 ) ;
#6343 = CARTESIAN_POINT ( 'NONE',  ( 2.000000000000150546, -37.58039891549805134, 15.00000000000000000 ) ) ;
#6344 = CARTESIAN_POINT ( 'NONE',  ( -4.999999999999853451, -29.58039891549810108, 12.00000000000000000 ) ) ;
#6345 = CARTESIAN_POINT ( 'NONE',  ( 20.94770942892209575, 24.49225082223624028, 5.368854444045920715 ) ) ;
#6346 =( BOUNDED_CURVE ( )  B_SPLINE_CURVE ( 2, ( #3247, #8650, #3781, #2587, #7854, #2500, #8564, #1734, #3286, #4610, #8693 ),
 .UNSPECIFIED., .F., .T. ) 
 B_SPLINE_CURVE_WITH_KNOTS ( ( 3, 2, 2, 2, 2, 3 ),
 ( 0.1011025070054678565, 0.1026495692045124863, 0.1048095512119984335, 0.1069695332194843806, 0.1091295152269703278, 0.1097424350354115341 ),
 .UNSPECIFIED. ) 
 CURVE ( )  GEOMETRIC_REPRESENTATION_ITEM ( )  RATIONAL_B_SPLINE_CURVE ( ( 0.9690584114093629964, 0.9454795931552869570, 1.000000000000000000, 0.9238795325112867385, 1.000000000000000000, 0.9238795325112867385, 1.000000000000000000, 0.9238795325112867385, 1.000000000000000000, 0.9783999393560038893, 0.9690584114093665491 ) ) 
 REPRESENTATION_ITEM ( '' )  );
#6347 = CARTESIAN_POINT ( 'NONE',  ( 20.32348770160507456, 21.93735696285409986, 9.626552479111392557 ) ) ;
#6348 = CARTESIAN_POINT ( 'NONE',  ( 28.00437296115088515, 31.93431013181887579, -2.825159113717411241 ) ) ;
#6349 = CARTESIAN_POINT ( 'NONE',  ( -12.04856776978863131, -3.847162501255296352, 58.58125000429726015 ) ) ;
#6350 = CARTESIAN_POINT ( 'NONE',  ( 28.07572945781774365, 32.45658143115226579, -2.098116515050651998 ) ) ;
#6351 = CARTESIAN_POINT ( 'NONE',  ( 17.64144911235591451, 21.79455847909876098, 6.556204788245408643 ) ) ;
#6352 = CARTESIAN_POINT ( 'NONE',  ( 5.663402772561845211, -6.937332271101833925, 59.31875000429725731 ) ) ;
#6353 = CARTESIAN_POINT ( 'NONE',  ( 24.81623349478392271, 28.65123308116080381, 3.572064145391601109 ) ) ;
#6354 = CARTESIAN_POINT ( 'NONE',  ( 24.61053234408209889, 27.03806085797712200, -0.7987166909853987695 ) ) ;
#6355 = CARTESIAN_POINT ( 'NONE',  ( 49.44752746360097007, 53.82837943693556326, -19.54811651505058379 ) ) ;
#6356 = ORIENTED_EDGE ( 'NONE', *, *, #8753, .T. ) ;
#6357 = ADVANCED_FACE ( 'NONE', ( #3583 ), #8694, .F. ) ;
#6358 = CARTESIAN_POINT ( 'NONE',  ( -3.786750291262839685, 2.898917726730266597, 63.62942561204702940 ) ) ;
#6359 = CARTESIAN_POINT ( 'NONE',  ( -11.26540327149793264, -1.436829937441292504, 59.19375000429725731 ) ) ;
#6360 = CARTESIAN_POINT ( 'NONE',  ( 4.659345723471169265, -10.02750222470952046, 60.93125000429728999 ) ) ;
#6361 = CARTESIAN_POINT ( 'NONE',  ( 28.03463290134367369, 30.54482874133537962, -4.714473285994492890 ) ) ;
#6362 = VERTEX_POINT ( 'NONE', #3545 ) ;
#6363 = CARTESIAN_POINT ( 'NONE',  ( 31.16533020640324736, 28.22452511252436125, 0.8639168847471607737 ) ) ;
#6364 = CARTESIAN_POINT ( 'NONE',  ( 27.02242465279651285, 23.22849555366943264, 0.9423029757792065197 ) ) ;
#6365 = ORIENTED_EDGE ( 'NONE', *, *, #5873, .T. ) ;
#6366 = CARTESIAN_POINT ( 'NONE',  ( -37.14738621360594095, 5.000000000000000000, 5.250000000000037303 ) ) ;
#6367 = CARTESIAN_POINT ( 'NONE',  ( 28.15350075715110734, 32.53435273048563658, -2.161616515050653220 ) ) ;
#6368 = VERTEX_POINT ( 'NONE', #2884 ) ;
#6369 = CARTESIAN_POINT ( 'NONE',  ( 19.79578132314182426, 19.79578132314167505, 7.254809471616630034 ) ) ;
#6370 = CARTESIAN_POINT ( 'NONE',  ( 26.88187525604138983, 29.28340643235307894, -2.609113131672877284 ) ) ;
#6371 = ADVANCED_FACE ( 'NONE', ( #6955, #3410 ), #87, .T. ) ;
#6372 = ORIENTED_EDGE ( 'NONE', *, *, #4043, .T. ) ;
#6373 = ADVANCED_FACE ( 'NONE', ( #7529 ), #1464, .T. ) ;
#6374 = CARTESIAN_POINT ( 'NONE',  ( -4.112582242510763209, 3.945772331430964286, 62.54694599760583884 ) ) ;
#6375 = CARTESIAN_POINT ( 'NONE',  ( 25.30975332615327034, 29.11247081859732333, 0.5024056067897987310 ) ) ;
#6376 = DIRECTION ( 'NONE',  ( 0.000000000000000000, 0.000000000000000000, 1.000000000000000000 ) ) ;
#6377 = DIRECTION ( 'NONE',  ( 0.6123724356957943593, 0.6123724356957963577, -0.4999999999999978351 ) ) ;
#6378 = DIRECTION ( 'NONE',  ( 0.1898979485566345271, 0.4999999999999979461, 0.8449489742783193869 ) ) ;
#6379 = DIRECTION ( 'NONE',  ( 0.1898979485566344716, 0.4999999999999979461, 0.8449489742783192758 ) ) ;
#6380 = EDGE_LOOP ( 'NONE', ( #3645, #1274, #3796, #8396, #7462 ) ) ;
#6381 = CARTESIAN_POINT ( 'NONE',  ( -53.51693657151911054, -2.000000000000000444, 0.000000000000000000 ) ) ;
#6382 = CARTESIAN_POINT ( 'NONE',  ( 28.80431660286223661, 26.71971190304628863, 3.439334847394857952 ) ) ;
#6383 = CARTESIAN_POINT ( 'NONE',  ( 23.93619926182730850, 24.66497344292423577, 6.224283183963431831 ) ) ;
#6384 = CARTESIAN_POINT ( 'NONE',  ( 29.24678270536058733, 33.73056879192603930, 0.6424344303267853773 ) ) ;
#6385 = CARTESIAN_POINT ( 'NONE',  ( 20.47006380647598078, 24.85091577981047806, 4.111883484949320433 ) ) ;
#6386 = CARTESIAN_POINT ( 'NONE',  ( 2.787913837084587954, 0.9735027566642470154, 62.98125000429726583 ) ) ;
#6387 = ORIENTED_EDGE ( 'NONE', *, *, #4116, .T. ) ;
#6388 = LINE ( 'NONE', #4827, #3454 ) ;
#6389 = CARTESIAN_POINT ( 'NONE',  ( 17.87618538180698735, 22.18237755300332381, 7.249274907167673199 ) ) ;
#6390 = CARTESIAN_POINT ( 'NONE',  ( -3.847162322546356261, -13.84716242073069736, 58.76875000429726015 ) ) ;
#6391 =( BOUNDED_CURVE ( )  B_SPLINE_CURVE ( 2, ( #2738, #8234, #6095, #4154, #6009, #8098, #1985, #5432, #8144, #1500, #4071 ),
 .UNSPECIFIED., .F., .T. ) 
 B_SPLINE_CURVE_WITH_KNOTS ( ( 3, 2, 2, 2, 2, 3 ),
 ( 0.2162912474196021784, 0.2186559268718664129, 0.2269892602051998276, 0.2353225935385331313, 0.2436559268718664351, 0.2496245807529356153 ),
 .UNSPECIFIED. ) 
 CURVE ( )  GEOMETRIC_REPRESENTATION_ITEM ( )  RATIONAL_B_SPLINE_CURVE ( ( 0.9690584114092963830, 0.9783999393559229540, 1.000000000000000000, 0.9238795325112867385, 1.000000000000000000, 0.9238795325112867385, 1.000000000000000000, 0.9238795325112867385, 1.000000000000000000, 0.9454795931553634514, 0.9690584114092968271 ) ) 
 REPRESENTATION_ITEM ( '' )  );
#6392 = CARTESIAN_POINT ( 'NONE',  ( 26.00346892840167001, 25.00823658872572963, -1.023116616758135144 ) ) ;
#6393 = CARTESIAN_POINT ( 'NONE',  ( 28.95435025357961223, 24.52607416650577576, 2.397309198547158182 ) ) ;
#6394 = CARTESIAN_POINT ( 'NONE',  ( 19.41886067068697130, -11.82789982460787037, 55.00000000000000711 ) ) ;
#6395 = ADVANCED_FACE ( 'NONE', ( #5574 ), #7622, .F. ) ;
#6396 = DIRECTION ( 'NONE',  ( 0.000000000000000000, -0.8660254037844362651, -0.5000000000000039968 ) ) ;
#6397 = CARTESIAN_POINT ( 'NONE',  ( 24.45203456928472363, 17.38096675741900299, 15.00000000000000000 ) ) ;
#6398 = CARTESIAN_POINT ( 'NONE',  ( 28.62170056898286674, 33.65669178589875088, 0.02994940315793033145 ) ) ;
#6399 =( BOUNDED_CURVE ( )  B_SPLINE_CURVE ( 2, ( #3885, #4714, #3532, #1450, #6052, #4023, #6811, #4152, #3398, #8096, #3486 ),
 .UNSPECIFIED., .F., .T. ) 
 B_SPLINE_CURVE_WITH_KNOTS ( ( 3, 2, 2, 2, 2, 3 ),
 ( 0.04926031410191220733, 0.05080722526046234366, 0.05296699638776603686, 0.05512676751506974393, 0.05728653864237343019, 0.05789939861110841163 ),
 .UNSPECIFIED. ) 
 CURVE ( )  GEOMETRIC_REPRESENTATION_ITEM ( )  RATIONAL_B_SPLINE_CURVE ( ( 0.9690584114094757950, 0.9454795931551565058, 1.000000000000000000, 0.9238795325112867385, 1.000000000000000000, 0.9238795325112867385, 1.000000000000000000, 0.9238795325112867385, 1.000000000000000000, 0.9783999393567848202, 0.9690584114100418978 ) ) 
 REPRESENTATION_ITEM ( '' )  );
#6400 = CARTESIAN_POINT ( 'NONE',  ( 29.04404431517981777, 25.07101625132762734, 3.611139064077303118 ) ) ;
#6401 = ORIENTED_EDGE ( 'NONE', *, *, #1759, .T. ) ;
#6402 = EDGE_LOOP ( 'NONE', ( #7798, #6553, #3487, #7969, #3384 ) ) ;
#6403 = CARTESIAN_POINT ( 'NONE',  ( 30.25511733266328562, 30.98389151376023420, 1.064908183963451993 ) ) ;
#6404 = CARTESIAN_POINT ( 'NONE',  ( 27.87819025008185747, 27.02354899630384466, -2.100449782889617811 ) ) ;
#6405 = CARTESIAN_POINT ( 'NONE',  ( -3.009914653931758721, -29.02123764450062637, 0.1750978084589188410 ) ) ;
#6406 = CARTESIAN_POINT ( 'NONE',  ( 34.26560297114860276, 31.23745730265363463, 0.9897833009958902917 ) ) ;
#6407 = ORIENTED_EDGE ( 'NONE', *, *, #1284, .T. ) ;
#6408 = CARTESIAN_POINT ( 'NONE',  ( 29.19043597421460845, 33.62950461526822465, 0.6547599201525122758 ) ) ;
#6409 = FACE_OUTER_BOUND ( 'NONE', #6952, .T. ) ;
#6410 = ORIENTED_EDGE ( 'NONE', *, *, #1875, .T. ) ;
#6411 = CARTESIAN_POINT ( 'NONE',  ( -1.545325684744011996, 4.497732517722289991, 62.62322461048863431 ) ) ;
#6412 = CARTESIAN_POINT ( 'NONE',  ( -4.999999999999857003, -29.58039891549810108, 12.00000000000000000 ) ) ;
#6413 = CARTESIAN_POINT ( 'NONE',  ( -8.431887326654132764, -10.15749502186990405, 58.99375000429726157 ) ) ;
#6414 = B_SPLINE_CURVE_WITH_KNOTS ( 'NONE', 3,
 ( #1975, #8712, #2068, #2646, #6046, #7421 ),
 .UNSPECIFIED., .F., .F.,
 ( 4, 2, 4 ),
 ( 0.001746766632315751048, 0.002207933840368667914, 0.002669101048421584996 ),
 .UNSPECIFIED. ) ;
#6415 = ADVANCED_FACE ( 'NONE', ( #8157 ), #2432, .F. ) ;
#6416 = LINE ( 'NONE', #3673, #7562 ) ;
#6417 = CARTESIAN_POINT ( 'NONE',  ( 25.43743477211098281, 29.33500735000530213, 1.979799472283596762 ) ) ;
#6418 = CARTESIAN_POINT ( 'NONE',  ( 3.952837579269848245, -3.847162420730697363, 65.00000000000000000 ) ) ;
#6419 = EDGE_LOOP ( 'NONE', ( #520, #7225, #3677, #6148 ) ) ;
#6420 = CARTESIAN_POINT ( 'NONE',  ( -3.589903856133779492, -29.18338599386769161, 0.4559469879240018453 ) ) ;
#6421 = CARTESIAN_POINT ( 'NONE',  ( 26.90705377153168243, 23.36251237821729632, 2.393889499187357828 ) ) ;
#6422 = DIRECTION ( 'NONE',  ( 0.000000000000000000, 0.000000000000000000, -1.000000000000000000 ) ) ;
#6423 = AXIS2_PLACEMENT_3D ( 'NONE', #5370, #8080, #4096 ) ;
#6424 = CARTESIAN_POINT ( 'NONE',  ( 32.21672450546657274, 28.31915192756531141, -0.9424670419651115516 ) ) ;
#6425 = AXIS2_PLACEMENT_3D ( 'NONE', #3228, #6010, #3984 ) ;
#6426 = UNCERTAINTY_MEASURE_WITH_UNIT (LENGTH_MEASURE( 1.000000000000000082E-05 ), #3845, 'distance_accuracy_value', 'NONE');
#6427 = CARTESIAN_POINT ( 'NONE',  ( 0.7375624851938314963, 2.463170180408507992, 63.11875000429726157 ) ) ;
#6428 = EDGE_CURVE ( 'NONE', #6144, #8238, #3047, .T. ) ;
#6429 = AXIS2_PLACEMENT_3D ( 'NONE', #3893, #3806, #4461 ) ;
#6430 = FACE_OUTER_BOUND ( 'NONE', #3002, .T. ) ;
#6431 = CARTESIAN_POINT ( 'NONE',  ( 1.503362990473382066, 3.934521645355775643, 61.47948837800707622 ) ) ;
#6432 = CARTESIAN_POINT ( 'NONE',  ( 5.663402711880920926, -0.7569923836028872310, 55.84375000429725588 ) ) ;
#6433 = AXIS2_PLACEMENT_3D ( 'NONE', #5341, #7424, #8052 ) ;
#6434 = CARTESIAN_POINT ( 'NONE',  ( 31.78845505897599821, 26.94794023909613401, -1.246092424455045089 ) ) ;
#6435 = CARTESIAN_POINT ( 'NONE',  ( 29.15818682839284648, 25.14214947412504131, 3.560242071549387433 ) ) ;
#6436 = CARTESIAN_POINT ( 'NONE',  ( 28.38908759791802083, 30.81886601093961886, 2.062314172660716594 ) ) ;
#6437 = EDGE_CURVE ( 'NONE', #3308, #6082, #5760, .T. ) ;
#6438 = CARTESIAN_POINT ( 'NONE',  ( 28.94012538064846041, 24.55927340732045394, 2.380860458303032612 ) ) ;
#6439 =( BOUNDED_CURVE ( )  B_SPLINE_CURVE ( 2, ( #275, #2312, #7759, #3722, #6252, #2183, #7589, #6927, #181 ),
 .UNSPECIFIED., .F., .F. ) 
 B_SPLINE_CURVE_WITH_KNOTS ( ( 3, 2, 2, 2, 3 ),
 ( 0.04566884611834676200, 0.04815567067629709930, 0.05064249523424744354, 0.05312931979219779471, 0.05561614435014812508 ),
 .UNSPECIFIED. ) 
 CURVE ( )  GEOMETRIC_REPRESENTATION_ITEM ( )  RATIONAL_B_SPLINE_CURVE ( ( 0.9999999999999952260, 0.9238795325112915124, 1.000000000000000000, 0.9238795325112867385, 1.000000000000000000, 0.9238795325112867385, 1.000000000000000000, 0.9238795325109951939, 1.000000000000291545 ) ) 
 REPRESENTATION_ITEM ( '' )  );
#6440 = FACE_OUTER_BOUND ( 'NONE', #1680, .T. ) ;
#6441 = DIRECTION ( 'NONE',  ( 0.7071067811865463515, 0.7071067811865487940, -0.000000000000000000 ) ) ;
#6442 = CARTESIAN_POINT ( 'NONE',  ( -28.92014487765375108, 1.698011448891353137, 0.000000000000000000 ) ) ;
#6443 = VERTEX_POINT ( 'NONE', #1758 ) ;
#6444 = VERTEX_POINT ( 'NONE', #1018 ) ;
#6445 = CARTESIAN_POINT ( 'NONE',  ( 30.27305805676343908, 29.65867300201834311, 1.845076418065090040 ) ) ;
#6446 = DIRECTION ( 'NONE',  ( -0.8660254037844400399, -1.255248039901265620E-16, -0.4999999999999976685 ) ) ;
#6447 = CARTESIAN_POINT ( 'NONE',  ( 2.254834270192872303, 4.075314236474702589, 61.60685110393507102 ) ) ;
#6448 = DIRECTION ( 'NONE',  ( -0.000000000000000000, 0.8660254037844363761, 0.5000000000000039968 ) ) ;
#6449 = ORIENTED_EDGE ( 'NONE', *, *, #8057, .T. ) ;
#6450 = CARTESIAN_POINT ( 'NONE',  ( 17.84699503419169631, 21.74456761209179589, 7.254809471616630034 ) ) ;
#6451 = EDGE_CURVE ( 'NONE', #7065, #4386, #1055, .T. ) ;
#6452 = CARTESIAN_POINT ( 'NONE',  ( 25.05156041397964373, 20.67070844065056079, 5.555860458300018401 ) ) ;
#6453 = ORIENTED_EDGE ( 'NONE', *, *, #5050, .T. ) ;
#6454 = TOROIDAL_SURFACE ( 'NONE', #946, 10.26325873959631352, 0.7500000000000000000 ) ;
#6455 = DIRECTION ( 'NONE',  ( 0.6123724356957943593, 0.6123724356957963577, -0.4999999999999978351 ) ) ;
#6456 = ORIENTED_EDGE ( 'NONE', *, *, #3560, .T. ) ;
#6457 = CONICAL_SURFACE ( 'NONE', #7036, 3.174999999999997602, 0.7853981633974500554 ) ;
#6458 = CARTESIAN_POINT ( 'NONE',  ( 23.88562062497726757, 17.13392823587717473, 1.563970744144021374 ) ) ;
#6459 = DIRECTION ( 'NONE',  ( 0.6123724356957943593, 0.6123724356957964687, -0.4999999999999978351 ) ) ;
#6460 = B_SPLINE_SURFACE_WITH_KNOTS ( 'NONE', 1, 3, ( 
 ( #2218, #929, #2968, #5657, #1638, #4980, #1550, #8331, #3580, #6282, #218, #2926, #302, #7925, #8535, #8493, #1177, #7827, #5034, #3004, #430, #6499, #2345, #5163, #3709, #1056, #2387, #5695, #5206, #3844, #7253, #7748 ),
 ( #345, #6374, #7210, #7170, #5782, #2475, #4378, #6537, #1845, #1681, #1756, #4455, #4543, #7878, #472, #8409, #1801, #4500, #2429, #7083, #1136, #3178, #3129, #6411, #1096, #391, #1016, #3043, #5874, #5741, #5114, #8588 ) ),
 .UNSPECIFIED., .F., .F., .F.,
 ( 2, 2 ),
 ( 4, 2, 2, 2, 2, 2, 2, 2, 2, 2, 2, 2, 2, 2, 2, 4 ),
 ( 0.000000000000000000, 1.000000000000000000 ),
 ( 0.01561487139623460307, 0.01566418186880989133, 0.01568883710509753893, 0.01571349234138518305, 0.01576280281396047478, 0.01581211328653576303, 0.01600935517683692300, 0.01620659706713808296, 0.01640383895743923945, 0.01679832273804155590, 0.01719280651864387582, 0.01798177407984851220, 0.01877074164105314857, 0.02034867676346242132, 0.02113764432466705770, 0.02192661188587169407 ),
 .UNSPECIFIED. ) ;
#6461 = CARTESIAN_POINT ( 'NONE',  ( 5.663402711880920926, -0.7569923836028872310, 55.84375000429730562 ) ) ;
#6462 = ORIENTED_EDGE ( 'NONE', *, *, #8266, .T. ) ;
#6463 = CARTESIAN_POINT ( 'NONE',  ( -11.97320323885675464, -9.694504294320321236, 54.99999999999999289 ) ) ;
#6464 = EDGE_CURVE ( 'NONE', #6125, #6311, #1064, .T. ) ;
#6465 = CARTESIAN_POINT ( 'NONE',  ( -61.82911022146240754, 1.999999999999998668, 1.000000000000028644 ) ) ;
#6466 = EDGE_CURVE ( 'NONE', #4695, #4766, #208, .T. ) ;
#6467 = ORIENTED_EDGE ( 'NONE', *, *, #3433, .T. ) ;
#6468 = CARTESIAN_POINT ( 'NONE',  ( 21.74456761209195221, 17.84699503419155420, 7.254809471616630034 ) ) ;
#6469 = CARTESIAN_POINT ( 'NONE',  ( 28.62041794592941812, 28.00603289118431150, 3.194451418065089587 ) ) ;
#6470 = CARTESIAN_POINT ( 'NONE',  ( 22.12270391730997332, 26.50355589064444217, 2.762508484949234955 ) ) ;
#6471 = PLANE ( 'NONE',  #2224 ) ;
#6472 = CARTESIAN_POINT ( 'NONE',  ( -0.5979655565848825960, 6.152837611171149135, 54.50625000429725731 ) ) ;
#6473 = EDGE_CURVE ( 'NONE', #4618, #6291, #6674, .T. ) ;
#6474 = ORIENTED_EDGE ( 'NONE', *, *, #7970, .F. ) ;
#6475 = CARTESIAN_POINT ( 'NONE',  ( 28.62234001181034060, 33.78577646310755256, -0.01062660680588300988 ) ) ;
#6476 = CARTESIAN_POINT ( 'NONE',  ( 29.88885253083427784, 32.25776780087353757, 0.6382277542355030420 ) ) ;
#6477 = CARTESIAN_POINT ( 'NONE',  ( -13.35772761402214925, -0.7569925703595637989, 56.94375000429725731 ) ) ;
#6478 = EDGE_CURVE ( 'NONE', #2697, #7207, #1339, .T. ) ;
#6479 = CARTESIAN_POINT ( 'NONE',  ( 27.55889491506898636, 26.56366257539305309, -2.293116616758128501 ) ) ;
#6480 = CARTESIAN_POINT ( 'NONE',  ( 27.39306196350414169, 30.22254631637826350, 3.175604423094857243 ) ) ;
#6481 = CARTESIAN_POINT ( 'NONE',  ( 31.26802802955916505, 27.81931453539324650, 1.279596415204591109 ) ) ;
#6482 = EDGE_CURVE ( 'NONE', #718, #4726, #7588, .T. ) ;
#6483 = CARTESIAN_POINT ( 'NONE',  ( 23.13385968612822197, 19.33993058700112755, 4.117302975779189467 ) ) ;
#6484 = CARTESIAN_POINT ( 'NONE',  ( 1.343811831765524989, 3.922745594522599522, 61.48649135602236271 ) ) ;
#6485 = CARTESIAN_POINT ( 'NONE',  ( 29.24370898492466253, 32.40653581349997125, 0.1090673071086648571 ) ) ;
#6486 = CARTESIAN_POINT ( 'NONE',  ( -29.31480378914037743, 3.950548894475367057, 0.6835692863546556364 ) ) ;
#6487 = CARTESIAN_POINT ( 'NONE',  ( 17.34498696020684605, 21.77326304728043738, 6.635434744686113717 ) ) ;
#6488 = CARTESIAN_POINT ( 'NONE',  ( 18.83821903683388754, 21.66770338970798093, 10.16060442309483136 ) ) ;
#6489 = CARTESIAN_POINT ( 'NONE',  ( 32.05097735397973935, 27.67012538064502536, -0.1591395417160283432 ) ) ;
#6490 = CARTESIAN_POINT ( 'NONE',  ( 23.12880444377620748, 25.21340914359192809, 0.9934438586288898421 ) ) ;
#6491 =( BOUNDED_CURVE ( )  B_SPLINE_CURVE ( 2, ( #4508, #5881, #8597, #5831, #8015, #6682, #3137, #529, #5926, #615, #3942, #8543, #4643 ),
 .UNSPECIFIED., .F., .T. ) 
 B_SPLINE_CURVE_WITH_KNOTS ( ( 3, 2, 2, 2, 2, 2, 3 ),
 ( 0.6874999996125570334, 0.6999999999999999556, 0.7249999999999999778, 0.7500000000000000000, 0.7750000000000000222, 0.8000000000000000444, 0.8124999996125570334 ),
 .UNSPECIFIED. ) 
 CURVE ( )  GEOMETRIC_REPRESENTATION_ITEM ( )  RATIONAL_B_SPLINE_CURVE ( ( 0.9755282581475768211, 0.9755282573890644571, 1.000000000000000000, 0.9510565162951535312, 1.000000000000000000, 0.9510565162951535312, 1.000000000000000000, 0.9510565162951535312, 1.000000000000000000, 0.9510565162951535312, 1.000000000000000000, 0.9755282589060891851, 0.9755282581475768211 ) ) 
 REPRESENTATION_ITEM ( '' )  );
#6492 = ORIENTED_EDGE ( 'NONE', *, *, #2546, .T. ) ;
#6493 = FACE_OUTER_BOUND ( 'NONE', #1590, .T. ) ;
#6494 = CARTESIAN_POINT ( 'NONE',  ( -7.096359284875417117, -13.84716245263254386, 58.63125000429725731 ) ) ;
#6495 = CARTESIAN_POINT ( 'NONE',  ( 23.74076332619698704, 16.66969551433135166, 13.22813725935335682 ) ) ;
#6496 = ORIENTED_EDGE ( 'NONE', *, *, #5977, .T. ) ;
#6497 = CARTESIAN_POINT ( 'NONE',  ( 20.92691991137201768, 22.70451498568377957, 3.312622291827167942 ) ) ;
#6498 = ORIENTED_EDGE ( 'NONE', *, *, #1833, .T. ) ;
#6499 = CARTESIAN_POINT ( 'NONE',  ( -2.021707890921428330, 3.255355587438722331, 61.17681464464885721 ) ) ;
#6500 = DIRECTION ( 'NONE',  ( 1.000000000000000000, 0.000000000000000000, 0.000000000000000000 ) ) ;
#6501 = CARTESIAN_POINT ( 'NONE',  ( 22.24577566897647785, 23.23034968230921038, 8.429397464950987739 ) ) ;
#6502 = CARTESIAN_POINT ( 'NONE',  ( 30.40886843781872884, 32.58069804315167772, 0.9113946689501342124 ) ) ;
#6503 = CARTESIAN_POINT ( 'NONE',  ( 4.256413034904054982, -29.48666940379325041, 13.98666471635599073 ) ) ;
#6504 = CARTESIAN_POINT ( 'NONE',  ( 5.898059818321144121E-14, -2.000000000000000444, 15.00000000000000000 ) ) ;
#6505 = ORIENTED_EDGE ( 'NONE', *, *, #4358, .T. ) ;
#6506 = CARTESIAN_POINT ( 'NONE',  ( 26.70317782763448378, 23.40992787576227130, 1.257334895522741691 ) ) ;
#6507 = CARTESIAN_POINT ( 'NONE',  ( 24.60281159940539553, 27.84548484300181315, 1.411028251266044364 ) ) ;
#6508 = DIRECTION ( 'NONE',  ( 0.1898979485566344716, 0.4999999999999979461, 0.8449489742783192758 ) ) ;
#6509 = LINE ( 'NONE', #3723, #7873 ) ;
#6510 = CARTESIAN_POINT ( 'NONE',  ( -0.5979655565848825960, 6.152837611171149135, 57.25625000429725731 ) ) ;
#6511 = CARTESIAN_POINT ( 'NONE',  ( 19.98122818468195305, 17.94476785465117175, 5.191797275996452576 ) ) ;
#6512 = EDGE_LOOP ( 'NONE', ( #4113, #8338, #5564, #4285 ) ) ;
#6513 = CARTESIAN_POINT ( 'NONE',  ( 30.16231636144816974, 32.14413229282504858, 0.8023021683049207375 ) ) ;
#6514 = CARTESIAN_POINT ( 'NONE',  ( -12.35367056493147331, 2.333177383248123071, 54.05625000429726157 ) ) ;
#6515 = CARTESIAN_POINT ( 'NONE',  ( 31.01316286081455331, 30.17414318729189660, 2.390647946888019515 ) ) ;
#6516 = CARTESIAN_POINT ( 'NONE',  ( 25.97274048000211621, 30.40101656707573596, -0.4090965053138509444 ) ) ;
#6517 = CARTESIAN_POINT ( 'NONE',  ( -1.999999999999853895, -53.16885618361779109, -14.00000000000011369 ) ) ;
#6518 = CARTESIAN_POINT ( 'NONE',  ( 27.65209403509287256, 31.18290616760634393, -4.225775381361969174 ) ) ;
#6519 = EDGE_CURVE ( 'NONE', #4277, #1448, #2435, .T. ) ;
#6520 = EDGE_CURVE ( 'NONE', #4277, #7207, #1848, .T. ) ;
#6521 = DIRECTION ( 'NONE',  ( 0.6123724356957943593, 0.6123724356957965798, -0.4999999999999980016 ) ) ;
#6522 = CARTESIAN_POINT ( 'NONE',  ( 32.93260928184809444, 28.95958121799595730, 0.4361390640773353811 ) ) ;
#6523 = CARTESIAN_POINT ( 'NONE',  ( 18.50348358122088044, 22.40105615912098713, 6.718788817549091519 ) ) ;
#6524 = CARTESIAN_POINT ( 'NONE',  ( 18.59936224789422710, 22.61539960216178713, 4.281876871683893526 ) ) ;
#6525 = CARTESIAN_POINT ( 'NONE',  ( 28.06519826314474386, 23.68434628981001211, 3.095235458283961183 ) ) ;
#6526 = ORIENTED_EDGE ( 'NONE', *, *, #2467, .T. ) ;
#6527 = CARTESIAN_POINT ( 'NONE',  ( 27.92682241689726652, 31.48127196164726627, -4.641471418546588623 ) ) ;
#6528 = FACE_OUTER_BOUND ( 'NONE', #8636, .T. ) ;
#6529 = ORIENTED_EDGE ( 'NONE', *, *, #7226, .F. ) ;
#6530 = DIRECTION ( 'NONE',  ( -0.4999999999999979461, 0.000000000000000000, 0.8660254037844397068 ) ) ;
#6531 = CARTESIAN_POINT ( 'NONE',  ( -7.096359481243010414, 6.152837547367450810, 60.28125000429725588 ) ) ;
#6532 = CARTESIAN_POINT ( 'NONE',  ( 18.70382825163419227, 22.50654574407824882, 5.896120843999320016 ) ) ;
#6533 = EDGE_LOOP ( 'NONE', ( #8706, #7469, #8005, #3275, #6238 ) ) ;
#6534 = CARTESIAN_POINT ( 'NONE',  ( 23.45043404189308589, 21.37850062495387249, 2.715503993371487734 ) ) ;
#6535 = CARTESIAN_POINT ( 'NONE',  ( 23.39892030314279481, 19.01806832980804174, 6.905235458283940808 ) ) ;
#6536 = ORIENTED_EDGE ( 'NONE', *, *, #2474, .F. ) ;
#6537 = CARTESIAN_POINT ( 'NONE',  ( -4.015805918562628030, 3.966579242073921208, 62.54560600580096263 ) ) ;
#6538 =( NAMED_UNIT ( * ) SI_UNIT ( $, .STERADIAN. ) SOLID_ANGLE_UNIT ( ) );
#6539 = DIRECTION ( 'NONE',  ( 0.6123724356957943593, 0.6123724356957963577, -0.4999999999999978351 ) ) ;
#6540 =( BOUNDED_CURVE ( )  B_SPLINE_CURVE ( 2, ( #5722, #1036, #6483, #3734, #370, #7195, #410, #1781, #243 ),
 .UNSPECIFIED., .F., .F. ) 
 B_SPLINE_CURVE_WITH_KNOTS ( ( 3, 2, 2, 2, 3 ),
 ( 0.1666666666666666019, 0.1749999999999998779, 0.1833333333333331816, 0.1916666666666664853, 0.1999999999999997891 ),
 .UNSPECIFIED. ) 
 CURVE ( )  GEOMETRIC_REPRESENTATION_ITEM ( )  RATIONAL_B_SPLINE_CURVE ( ( 1.000000000000000444, 0.9238795325112861834, 1.000000000000000000, 0.9238795325112867385, 1.000000000000000000, 0.9238795325112867385, 1.000000000000000000, 0.9238795325112887369, 0.9999999999999980016 ) ) 
 REPRESENTATION_ITEM ( '' )  );
#6541 = CARTESIAN_POINT ( 'NONE',  ( -11.26540327149793264, -1.436829937441292504, 56.44375000429725731 ) ) ;
#6542 = EDGE_CURVE ( 'NONE', #6683, #571, #3337, .T. ) ;
#6543 = DIRECTION ( 'NONE',  ( 0.6123724356957942483, 0.6123724356957963577, -0.4999999999999978906 ) ) ;
#6544 = CARTESIAN_POINT ( 'NONE',  ( 2.196564961336755495, -29.22805356066423954, 14.99515954324622058 ) ) ;
#6545 = ORIENTED_EDGE ( 'NONE', *, *, #1389, .T. ) ;
#6546 = VERTEX_POINT ( 'NONE', #2609 ) ;
#6547 = CARTESIAN_POINT ( 'NONE',  ( -4.495529971260402213, -29.43789084695131564, 1.315964166060007434 ) ) ;
#6548 = CARTESIAN_POINT ( 'NONE',  ( 25.47368452439447850, 27.54561794133345032, 4.174114949861809976 ) ) ;
#6549 = CARTESIAN_POINT ( 'NONE',  ( 3.223930668558028678, 3.223880113621711452, 53.30085540633401564 ) ) ;
#6550 = CARTESIAN_POINT ( 'NONE',  ( -3.847162518913948226, 6.152837579269300861, 60.14375000429726015 ) ) ;
#6551 = ORIENTED_EDGE ( 'NONE', *, *, #403, .F. ) ;
#6552 = CARTESIAN_POINT ( 'NONE',  ( 17.57825819353820052, 21.19347943351050390, 5.823544046320774825 ) ) ;
#6553 = ORIENTED_EDGE ( 'NONE', *, *, #3671, .F. ) ;
#6554 = ADVANCED_FACE ( 'NONE', ( #525 ), #8630, .F. ) ;
#6555 = LINE ( 'NONE', #8608, #511 ) ;
#6556 = CARTESIAN_POINT ( 'NONE',  ( 3.223905391135041931, 3.223905391135057474, 53.30085697738021366 ) ) ;
#6557 = CARTESIAN_POINT ( 'NONE',  ( 28.70479846145221714, 32.53979804782910890, 0.3970641453916179398 ) ) ;
#6558 = AXIS2_PLACEMENT_3D ( 'NONE', #6919, #2134, #2043 ) ;
#6559 = CARTESIAN_POINT ( 'NONE',  ( 31.28748923358058676, 26.85921314650675740, 0.4923091985471680920 ) ) ;
#6560 = CARTESIAN_POINT ( 'NONE',  ( 27.77787663608195246, 25.37634545976992939, 4.815607074906338880 ) ) ;
#6561 = CARTESIAN_POINT ( 'NONE',  ( 27.66403831845980932, 31.25863131739068379, -4.294131056534197022 ) ) ;
#6562 = CONICAL_SURFACE ( 'NONE', #64, 4.041115254481123742, 0.1745329251994329756 ) ;
#6563 = VECTOR ( 'NONE', #920, 1000.000000000000114 ) ;
#6564 = CARTESIAN_POINT ( 'NONE',  ( 28.03072062050036450, 30.54069195934602021, -4.709610025342883866 ) ) ;
#6565 = EDGE_CURVE ( 'NONE', #8308, #7958, #1139, .T. ) ;
#6566 = CARTESIAN_POINT ( 'NONE',  ( 32.73147622314670002, 28.35062424981197893, -0.7147645417160258807 ) ) ;
#6567 = DIRECTION ( 'NONE',  ( 0.6123724356957942483, 0.6123724356957965798, -0.4999999999999977796 ) ) ;
#6568 = ADVANCED_FACE ( 'NONE', ( #5923 ), #5301, .F. ) ;
#6569 = ORIENTED_EDGE ( 'NONE', *, *, #7448, .F. ) ;
#6570 = CARTESIAN_POINT ( 'NONE',  ( 18.81018635401504469, 19.64920602753748113, 3.764752246345265174 ) ) ;
#6571 = CYLINDRICAL_SURFACE ( 'NONE', #1499, 7.799999999999999822 ) ;
#6572 = CARTESIAN_POINT ( 'NONE',  ( 21.74456761209195221, 17.84699503419155420, 7.254809471616630034 ) ) ;
#6573 = CIRCLE ( 'NONE', #8413, 3.174999999999992717 ) ;
#6574 = CARTESIAN_POINT ( 'NONE',  ( 25.92546483430082560, 22.63221488242860602, 1.892334895522738369 ) ) ;
#6575 = ORIENTED_EDGE ( 'NONE', *, *, #4346, .T. ) ;
#6576 = CARTESIAN_POINT ( 'NONE',  ( 5.000000000000150102, -60.09705941389336914, -2.000000000000112799 ) ) ;
#6577 = CARTESIAN_POINT ( 'NONE',  ( -9.725014864222524480, -11.93733242219115631, 61.24375000429725446 ) ) ;
#6578 = CARTESIAN_POINT ( 'NONE',  ( 20.88599855695466445, 15.86351253729803901, 14.92747436161457308 ) ) ;
#6579 = VERTEX_POINT ( 'NONE', #8010 ) ;
#6580 = AXIS2_PLACEMENT_3D ( 'NONE', #6856, #6092, #2026 ) ;
#6581 = CARTESIAN_POINT ( 'NONE',  ( 22.53019810749133356, 25.33843551261789173, 5.327109696953859164 ) ) ;
#6582 = DIRECTION ( 'NONE',  ( 1.000000000000000000, 0.000000000000000000, 0.000000000000000000 ) ) ;
#6583 = EDGE_LOOP ( 'NONE', ( #4403, #6401, #3082, #5392 ) ) ;
#6584 = EDGE_CURVE ( 'NONE', #850, #5031, #4250, .T. ) ;
#6585 = CARTESIAN_POINT ( 'NONE',  ( 30.79629487803302368, 28.25534509208705103, -3.304386726387026130 ) ) ;
#6586 = CARTESIAN_POINT ( 'NONE',  ( -4.592095910528165348, -29.46512984844983762, 13.52321364218035704 ) ) ;
#6587 = CARTESIAN_POINT ( 'NONE',  ( 23.30364285948272141, 22.47360857071096873, 8.639450085735811413 ) ) ;
#6588 = EDGE_CURVE ( 'NONE', #7438, #3759, #5500, .T. ) ;
#6589 = CARTESIAN_POINT ( 'NONE',  ( 27.55327001481134275, 26.56869600147856403, -2.254153521717004782 ) ) ;
#6590 = CARTESIAN_POINT ( 'NONE',  ( 16.48252240163699867, 23.49808658204947065, 13.46657029418666696 ) ) ;
#6591 = EDGE_LOOP ( 'NONE', ( #689, #5614, #3966, #7258 ) ) ;
#6592 = DIRECTION ( 'NONE',  ( -0.000000000000000000, -0.000000000000000000, -1.000000000000000000 ) ) ;
#6593 = VERTEX_POINT ( 'NONE', #2478 ) ;
#6594 = CARTESIAN_POINT ( 'NONE',  ( 28.96503841180710381, 31.76422072724383838, 1.869344844165550246 ) ) ;
#6595 = VECTOR ( 'NONE', #4699, 1000.000000000000000 ) ;
#6596 = ORIENTED_EDGE ( 'NONE', *, *, #662, .T. ) ;
#6597 = EDGE_CURVE ( 'NONE', #2664, #420, #1365, .T. ) ;
#6598 = CARTESIAN_POINT ( 'NONE',  ( 23.90651743710986210, 25.99112213692558626, 0.3584438586288932194 ) ) ;
#6599 = CARTESIAN_POINT ( 'NONE',  ( 27.80682350439544948, 29.87875692133443195, 2.269114949861821273 ) ) ;
#6600 = CARTESIAN_POINT ( 'NONE',  ( -0.5979655565848825960, 6.152837611171149135, 53.50625000429725020 ) ) ;
#6601 = CARTESIAN_POINT ( 'NONE',  ( -1.332869357870799076, 3.536490495953382496, 55.00000000000002132 ) ) ;
#6602 = VECTOR ( 'NONE', #5794, 1000.000000000000000 ) ;
#6603 = CARTESIAN_POINT ( 'NONE',  ( -12.35367044356962651, -10.02750239174977054, 58.35625000429724452 ) ) ;
#6604 = ORIENTED_EDGE ( 'NONE', *, *, #3718, .F. ) ;
#6605 = CARTESIAN_POINT ( 'NONE',  ( 19.43452461185355062, 18.30611166170140791, 4.898428233365321738 ) ) ;
#6606 = EDGE_LOOP ( 'NONE', ( #2966, #6275, #4009, #1549, #5044, #7360 ) ) ;
#6607 = PRODUCT_DEFINITION_SHAPE ( 'NONE', 'NONE',  #7278 ) ;
#6608 = VECTOR ( 'NONE', #8299, 1000.000000000000227 ) ;
#6609 = CARTESIAN_POINT ( 'NONE',  ( 2.281283816809105414, 4.054871919462397223, 62.60542345919499496 ) ) ;
#6610 = CARTESIAN_POINT ( 'NONE',  ( -0.5979653602172937399, -13.84716238882884909, 55.15625000429725588 ) ) ;
#6611 = CARTESIAN_POINT ( 'NONE',  ( 30.15946430088117225, 26.32446471450407444, -1.623538952158304349 ) ) ;
#6612 = CARTESIAN_POINT ( 'NONE',  ( 29.45466190067253720, 25.61966231429543939, -1.048070202158302155 ) ) ;
#6613 = B_SPLINE_CURVE_WITH_KNOTS ( 'NONE', 3,
 ( #3490, #2123, #6138, #3362, #7478, #4764, #835, #4196, #8191, #8720, #1408, #2166, #6858, #8059, #6726, #1363, #5520, #2658, #76 ),
 .UNSPECIFIED., .F., .F.,
 ( 4, 3, 3, 3, 3, 3, 4 ),
 ( 2.341876692568637500E-17, 4.163569493039322931E-05, 8.317834207805267430E-05, 0.0001261362291454155599, 0.0001715448998649150142, 0.0001796011209563001419, 0.0001824355879043895561 ),
 .UNSPECIFIED. ) ;
#6614 = CARTESIAN_POINT ( 'NONE',  ( 27.83603950122478921, 31.73361207912493143, -0.9012111824508666214 ) ) ;
#6615 = DIRECTION ( 'NONE',  ( -0.1898979485566344994, -0.4999999999999980016, -0.8449489742783193869 ) ) ;
#6616 = CARTESIAN_POINT ( 'NONE',  ( 27.46948074647890436, 31.85033271981342651, -1.603116515050649671 ) ) ;
#6617 = B_SPLINE_CURVE_WITH_KNOTS ( 'NONE', 3,
 ( #590, #3288, #5986, #8696, #2631, #5323, #4696, #6518, #8034, #1965, #454, #4657, #5501, #53, #859, #6075, #3467, #9, #8212 ),
 .UNSPECIFIED., .F., .F.,
 ( 4, 3, 3, 3, 3, 3, 4 ),
 ( 2.140468822889816778E-17, 4.163569493039321576E-05, 8.317834207805222706E-05, 0.0001261362291454149907, 0.0001715448998649149058, 0.0001796011209562993287, 0.0001824355879043889868 ),
 .UNSPECIFIED. ) ;
#6618 = CARTESIAN_POINT ( 'NONE',  ( 29.24024502088910893, 33.71919720796469022, 0.6498854737207631072 ) ) ;
#6619 = ORIENTED_EDGE ( 'NONE', *, *, #4884, .F. ) ;
#6620 = CARTESIAN_POINT ( 'NONE',  ( 18.12269995354050423, 22.55097604061409555, 6.000434744686110378 ) ) ;
#6621 = DIRECTION ( 'NONE',  ( -0.000000000000000000, -0.000000000000000000, -1.000000000000000000 ) ) ;
#6622 = ORIENTED_EDGE ( 'NONE', *, *, #3992, .F. ) ;
#6623 = CARTESIAN_POINT ( 'NONE',  ( 28.44202727531584429, 31.92104107982756389, -5.305395440375743732 ) ) ;
#6624 = LINE ( 'NONE', #3215, #3737 ) ;
#6625 = ADVANCED_FACE ( 'NONE', ( #6192 ), #2834, .F. ) ;
#6626 = ORIENTED_EDGE ( 'NONE', *, *, #4507, .T. ) ;
#6627 = DIRECTION ( 'NONE',  ( -1.449435587473489291E-16, 1.000000000000000000, -0.000000000000000000 ) ) ;
#6628 = CARTESIAN_POINT ( 'NONE',  ( -0.5979653602172937399, -13.84716238882884909, 56.15625000429724878 ) ) ;
#6629 = CARTESIAN_POINT ( 'NONE',  ( 2.281283816809105414, 4.054871919462397223, 62.60542345919499496 ) ) ;
#6630 = EDGE_LOOP ( 'NONE', ( #5462, #1844, #8469, #4677 ) ) ;
#6631 = ORIENTED_EDGE ( 'NONE', *, *, #3830, .T. ) ;
#6632 = CARTESIAN_POINT ( 'NONE',  ( 25.72133925306763658, 22.78053415918872560, 5.308916884747137743 ) ) ;
#6633 = CARTESIAN_POINT ( 'NONE',  ( 19.37412668515664649, 23.16805578428348511, 8.011065967454065628 ) ) ;
#6634 = CARTESIAN_POINT ( 'NONE',  ( 24.06490014958207624, 17.09769216065422626, 1.942346570504208225 ) ) ;
#6635 = CARTESIAN_POINT ( 'NONE',  ( -4.074801908667914141, -29.40116983419895291, 0.8331596644452037292 ) ) ;
#6636 = CARTESIAN_POINT ( 'NONE',  ( 19.28119657455453506, 23.17876915245464886, 6.083788817549096173 ) ) ;
#6637 = CARTESIAN_POINT ( 'NONE',  ( -3.847162518913948226, 6.152837579269300861, 59.14375000429730278 ) ) ;
#6638 = ORIENTED_EDGE ( 'NONE', *, *, #5058, .F. ) ;
#6639 = CARTESIAN_POINT ( 'NONE',  ( 19.27595600053476232, 22.51390546689992789, 0.01761177379742694463 ) ) ;
#6640 = EDGE_CURVE ( 'NONE', #5727, #3293, #5134, .T. ) ;
#6641 = ORIENTED_EDGE ( 'NONE', *, *, #359, .T. ) ;
#6642 = CARTESIAN_POINT ( 'NONE',  ( 28.02618373599358392, 31.82011283512048294, 0.9466909674541190700 ) ) ;
#6643 = EDGE_CURVE ( 'NONE', #78, #3840, #6054, .T. ) ;
#6644 = ORIENTED_EDGE ( 'NONE', *, *, #1557, .T. ) ;
#6645 = CARTESIAN_POINT ( 'NONE',  ( 20.86562511351086968, 25.65430099632782657, 5.104037090742699512 ) ) ;
#6646 = CARTESIAN_POINT ( 'NONE',  ( 30.18527130129780645, 27.37703389617102445, -1.533115753720566632 ) ) ;
#6647 = CARTESIAN_POINT ( 'NONE',  ( 4.659345602109323359, 2.333177550288373148, 58.73125000429725873 ) ) ;
#6648 = CARTESIAN_POINT ( 'NONE',  ( 28.80389672932725631, 32.59782582845413401, 0.3116909674541085140 ) ) ;
#6649 = CARTESIAN_POINT ( 'NONE',  ( -14.36178466311282165, -3.847162523967251335, 58.08125000429725304 ) ) ;
#6650 = CARTESIAN_POINT ( 'NONE',  ( -4.161070303015258709, 3.935347397924410018, 62.29686724622640526 ) ) ;
#6651 = VERTEX_POINT ( 'NONE', #8192 ) ;
#6652 = CARTESIAN_POINT ( 'NONE',  ( 24.37003884763350925, 21.07678889576128256, 3.162334895522735057 ) ) ;
#6653 = CARTESIAN_POINT ( 'NONE',  ( -7.096359481243011302, 6.152837547367449922, 59.28125000429724878 ) ) ;
#6654 = CARTESIAN_POINT ( 'NONE',  ( -29.56957970031695382, 4.914245653160139504, 2.264217965069246219 ) ) ;
#6655 = CARTESIAN_POINT ( 'NONE',  ( 27.51091675750576826, 31.57124851407310828, -4.528247884436843229 ) ) ;
#6656 = CARTESIAN_POINT ( 'NONE',  ( -3.847162420730151577, -3.847162420730698251, 65.00000000000000000 ) ) ;
#6657 = B_SPLINE_CURVE_WITH_KNOTS ( 'NONE', 3,
 ( #5360, #7224, #2580, #6552, #4602, #1330, #5891, #2539, #5222, #1863, #7269, #1199, #3905, #3146, #6605, #2623, #6511, #5837 ),
 .UNSPECIFIED., .F., .F.,
 ( 4, 2, 2, 2, 2, 2, 2, 2, 4 ),
 ( 0.003963423629527384855, 0.004674438973374323361, 0.005385454317221261868, 0.006096469661068200374, 0.006807485004915138013, 0.007518500348762077387, 0.008229515692609015026, 0.008940531036455954400, 0.009651546380302892039 ),
 .UNSPECIFIED. ) ;
#6658 = CARTESIAN_POINT ( 'NONE',  ( -53.16885618361808241, 1.698011448891348918, -13.99999999999995914 ) ) ;
#6659 = CARTESIAN_POINT ( 'NONE',  ( 32.37893068695838394, 27.40176439534110031, -3.018654119527265589 ) ) ;
#6660 = FACE_OUTER_BOUND ( 'NONE', #675, .T. ) ;
#6661 = CARTESIAN_POINT ( 'NONE',  ( 24.64748627919083290, 25.50212753296875690, 6.049408963332941980 ) ) ;
#6662 = ORIENTED_EDGE ( 'NONE', *, *, #7905, .F. ) ;
#6663 = CARTESIAN_POINT ( 'NONE',  ( 31.03283032599694380, 31.76160450709389238, 0.4299081839634552593 ) ) ;
#6664 = CARTESIAN_POINT ( 'NONE',  ( 18.49666124564546266, 23.33717606552509594, 7.024461367688340729 ) ) ;
#6665 = EDGE_CURVE ( 'NONE', #5646, #4494, #1480, .T. ) ;
#6666 = CARTESIAN_POINT ( 'NONE',  ( 3.952837579269847357, -5.082561016009787380, 57.13577536504075027 ) ) ;
#6667 = ORIENTED_EDGE ( 'NONE', *, *, #2383, .T. ) ;
#6668 = CARTESIAN_POINT ( 'NONE',  ( 5.000000000000150990, -29.58039891549812950, 2.812443148864622433 ) ) ;
#6669 = FACE_OUTER_BOUND ( 'NONE', #1647, .T. ) ;
#6670 = ORIENTED_EDGE ( 'NONE', *, *, #422, .T. ) ;
#6671 = CARTESIAN_POINT ( 'NONE',  ( 22.46004667522654685, 24.53198009216551156, 6.634739949861803154 ) ) ;
#6672 = FACE_OUTER_BOUND ( 'NONE', #2741, .T. ) ;
#6673 = VERTEX_POINT ( 'NONE', #4115 ) ;
#6674 =( BOUNDED_CURVE ( )  B_SPLINE_CURVE ( 2, ( #1682, #3045, #7829, #2389, #8496, #932, #5117, #6336, #5660 ),
 .UNSPECIFIED., .F., .T. ) 
 B_SPLINE_CURVE_WITH_KNOTS ( ( 3, 2, 2, 2, 3 ),
 ( 0.02577209690662440530, 0.02825902311441840301, 0.03074594932221239724, 0.03323287553000640188, 0.03571980173780039958 ),
 .UNSPECIFIED. ) 
 CURVE ( )  GEOMETRIC_REPRESENTATION_ITEM ( )  RATIONAL_B_SPLINE_CURVE ( ( 0.9999999999999908962, 0.9238795325112958423, 1.000000000000000000, 0.9238795325112867385, 1.000000000000000000, 0.9238795325112867385, 1.000000000000000000, 0.9238795325116695434, 0.9999999999996171951 ) ) 
 REPRESENTATION_ITEM ( '' )  );
#6675 = DIRECTION ( 'NONE',  ( 0.6123724356957943593, 0.6123724356957963577, -0.4999999999999978351 ) ) ;
#6676 = CALENDAR_DATE ( 2026, 1, 6 ) ;
#6677 = LINE ( 'NONE', #8495, #7024 ) ;
#6678 = DIRECTION ( 'NONE',  ( 0.6123724356957943593, 0.6123724356957965798, -0.4999999999999980016 ) ) ;
#6679 = ORIENTED_EDGE ( 'NONE', *, *, #1463, .T. ) ;
#6680 = CARTESIAN_POINT ( 'NONE',  ( 24.37885812954238318, 17.30779031767674425, 12.40391411115373899 ) ) ;
#6681 = VERTEX_POINT ( 'NONE', #7566 ) ;
#6682 = CARTESIAN_POINT ( 'NONE',  ( -1.312788866696924517, 3.952837604152769302, 60.50625000429725020 ) ) ;
#6683 = VERTEX_POINT ( 'NONE', #4895 ) ;
#6684 =( BOUNDED_CURVE ( )  B_SPLINE_CURVE ( 3, ( #6979, #1671, #8317, #201 ),
 .UNSPECIFIED., .F., .T. ) 
 B_SPLINE_CURVE_WITH_KNOTS ( ( 4, 4 ),
 ( 3.807097134921350691E-17, 0.3433444510217251722 ),
 .UNSPECIFIED. ) 
 CURVE ( )  GEOMETRIC_REPRESENTATION_ITEM ( )  RATIONAL_B_SPLINE_CURVE ( ( 1.000000000000000000, 0.9902003186583270278, 0.9902003186583270278, 1.000000000000000000 ) ) 
 REPRESENTATION_ITEM ( '' )  );
#6685 = CARTESIAN_POINT ( 'NONE',  ( 29.40755830796414827, 26.59932090283736272, -0.8981157537205699537 ) ) ;
#6686 = CARTESIAN_POINT ( 'NONE',  ( -0.5979653602172937399, -13.84716238882884909, 60.65625000429726299 ) ) ;
#6687 = CARTESIAN_POINT ( 'NONE',  ( -2.878762180175713059, 4.317064434561844521, 54.99999999999998579 ) ) ;
#6688 = EDGE_CURVE ( 'NONE', #3115, #3296, #6965, .T. ) ;
#6689 = ORIENTED_EDGE ( 'NONE', *, *, #8695, .T. ) ;
#6690 = CARTESIAN_POINT ( 'NONE',  ( 6.667459821652518492, -3.847162317494146500, 56.70625000429724594 ) ) ;
#6691 = CARTESIAN_POINT ( 'NONE',  ( -29.56093174723647721, 4.845691160866329561, 12.96997315216475144 ) ) ;
#6692 = ORIENTED_EDGE ( 'NONE', *, *, #2885, .T. ) ;
#6693 = CARTESIAN_POINT ( 'NONE',  ( 28.62739547460742173, 24.72982289670706280, 1.635004054758613101 ) ) ;
#6694 = FACE_OUTER_BOUND ( 'NONE', #2353, .T. ) ;
#6695 = CARTESIAN_POINT ( 'NONE',  ( -29.48081491318202296, 4.209887160169018649, 0.9711089878162193489 ) ) ;
#6696 = CARTESIAN_POINT ( 'NONE',  ( 20.82534728849267580, 21.55412146958958886, 8.764283183963419432 ) ) ;
#6697 = CARTESIAN_POINT ( 'NONE',  ( -29.58039891549807976, -5.000000000000021316, 12.20194303699853755 ) ) ;
#6698 = EDGE_CURVE ( 'NONE', #5172, #202, #4999, .T. ) ;
#6699 = AXIS2_PLACEMENT_3D ( 'NONE', #7377, #785, #6047 ) ;
#6700 = EDGE_CURVE ( 'NONE', #2410, #7445, #2137, .T. ) ;
#6701 = CARTESIAN_POINT ( 'NONE',  ( -3.847162420730148913, -3.847162420730696919, 54.26348434466141413 ) ) ;
#6702 = AXIS2_PLACEMENT_3D ( 'NONE', #7932, #7217, #2484 ) ;
#6703 = CARTESIAN_POINT ( 'NONE',  ( 49.44752746360097007, 53.82837943693556326, -19.54811651505058379 ) ) ;
#6704 = CARTESIAN_POINT ( 'NONE',  ( 51.88409695360144980, 51.88409695360142138, -18.94519052838326800 ) ) ;
#6705 = DIRECTION ( 'NONE',  ( -1.000000000000000000, 0.000000000000000000, 0.000000000000000000 ) ) ;
#6706 = ORIENTED_EDGE ( 'NONE', *, *, #4947, .F. ) ;
#6707 = CARTESIAN_POINT ( 'NONE',  ( 23.67032994840069549, 22.67509760872474089, 0.8818833832418617735 ) ) ;
#6708 = B_SPLINE_CURVE_WITH_KNOTS ( 'NONE', 3,
 ( #7715, #4952, #1650, #1602, #4867, #4299 ),
 .UNSPECIFIED., .F., .F.,
 ( 4, 2, 4 ),
 ( 0.001746766632315783141, 0.002207933840368760722, 0.002669101048421738519 ),
 .UNSPECIFIED. ) ;
#6709 = CARTESIAN_POINT ( 'NONE',  ( 19.75103653333284726, 24.17931262040644214, 4.670903494686122315 ) ) ;
#6710 = ADVANCED_FACE ( 'NONE', ( #4072 ), #6774, .T. ) ;
#6711 = CARTESIAN_POINT ( 'NONE',  ( -56.10379267415694926, -5.000000000000000888, -2.749999999999965805 ) ) ;
#6712 = VECTOR ( 'NONE', #4363, 1000.000000000000000 ) ;
#6713 = CARTESIAN_POINT ( 'NONE',  ( 17.68756274543041940, 23.28797908924560645, 0.6281558924497681051 ) ) ;
#6714 = CIRCLE ( 'NONE', #2897, 3.934549601321608137 ) ;
#6715 = VECTOR ( 'NONE', #7488, 1000.000000000000000 ) ;
#6716 = ORIENTED_EDGE ( 'NONE', *, *, #582, .F. ) ;
#6717 = CARTESIAN_POINT ( 'NONE',  ( 23.67812990397727901, 28.05898187731172300, 1.492508484949175651 ) ) ;
#6718 = CARTESIAN_POINT ( 'NONE',  ( 22.40569152793823449, 18.50811895003783292, 6.715004054758820118 ) ) ;
#6719 = LINE ( 'NONE', #3355, #7571 ) ;
#6720 = EDGE_LOOP ( 'NONE', ( #259, #4330, #5211, #2163 ) ) ;
#6721 = CARTESIAN_POINT ( 'NONE',  ( 26.39392045879622017, 23.58568305366942752, 1.562509246279424113 ) ) ;
#6722 = AXIS2_PLACEMENT_3D ( 'NONE', #6276, #337, #7079 ) ;
#6723 = CARTESIAN_POINT ( 'NONE',  ( 26.68983107263804655, 27.51986536140960382, -2.622956142502262722 ) ) ;
#6724 = CIRCLE ( 'NONE', #7282, 5.099999999999998757 ) ;
#6725 = PERSON_AND_ORGANIZATION_ROLE ( 'classification_officer' ) ;
#6726 = CARTESIAN_POINT ( 'NONE',  ( 28.02173089137103190, 30.51048567042952797, -4.547885672296192894 ) ) ;
#6727 = CARTESIAN_POINT ( 'NONE',  ( 31.19295950325323830, 28.11983045344898713, -2.753718522408180824 ) ) ;
#6728 = ORIENTED_EDGE ( 'NONE', *, *, #1573, .T. ) ;
#6729 = CARTESIAN_POINT ( 'NONE',  ( -8.821188175950195998, -12.53546765917844041, 55.00000000000000000 ) ) ;
#6730 = AXIS2_PLACEMENT_3D ( 'NONE', #2785, #6233, #119 ) ;
#6731 = ORIENTED_EDGE ( 'NONE', *, *, #4844, .F. ) ;
#6732 = FACE_OUTER_BOUND ( 'NONE', #147, .T. ) ;
#6733 =( BOUNDED_CURVE ( )  B_SPLINE_CURVE ( 3, ( #4513, #4554, #3278, #8604 ),
 .UNSPECIFIED., .F., .F. ) 
 B_SPLINE_CURVE_WITH_KNOTS ( ( 4, 4 ),
 ( 1.570796326794898778, 2.313520337971202601 ),
 .UNSPECIFIED. ) 
 CURVE ( )  GEOMETRIC_REPRESENTATION_ITEM ( )  RATIONAL_B_SPLINE_CURVE ( ( 1.000000000000000000, 0.9545559725054172384, 0.9545559725054172384, 1.000000000000000000 ) ) 
 REPRESENTATION_ITEM ( '' )  );
#6734 = ORIENTED_EDGE ( 'NONE', *, *, #7970, .T. ) ;
#6735 = ORIENTED_EDGE ( 'NONE', *, *, #8312, .T. ) ;
#6736 = CARTESIAN_POINT ( 'NONE',  ( 31.59290443528728431, 28.02709928519170290, -3.176865965902132327 ) ) ;
#6737 = CARTESIAN_POINT ( 'NONE',  ( 32.17740599408395497, 30.39981091977196570, 0.1638716514061264173 ) ) ;
#6738 = CARTESIAN_POINT ( 'NONE',  ( -0.5979653602172937399, -13.84716238882884909, 55.15625000429725588 ) ) ;
#6739 = LOCAL_TIME ( 1, 31, 28.00000000000000000, #3399 ) ;
#6740 = CARTESIAN_POINT ( 'NONE',  ( 26.67847762245624565, 22.78090504455589382, 3.226288817549114896 ) ) ;
#6741 = ADVANCED_FACE ( 'NONE', ( #793 ), #5480, .F. ) ;
#6742 = DIRECTION ( 'NONE',  ( 0.6123724356957942483, 0.6123724356957963577, -0.4999999999999978906 ) ) ;
#6743 = CARTESIAN_POINT ( 'NONE',  ( 33.45718532541847168, 29.88167876296071412, 1.207333932005845378 ) ) ;
#6744 = ORIENTED_EDGE ( 'NONE', *, *, #6464, .F. ) ;
#6745 = CARTESIAN_POINT ( 'NONE',  ( 21.99095790748791401, 22.71145381295366050, 1.774365189229067052 ) ) ;
#6746 = CARTESIAN_POINT ( 'NONE',  ( -12.35367056493147331, 2.333177383248123071, 59.55625000429724736 ) ) ;
#6747 = CARTESIAN_POINT ( 'NONE',  ( 54.32066644360193663, 49.93981447026727949, -18.34226454171595222 ) ) ;
#6748 = AXIS2_PLACEMENT_3D ( 'NONE', #7966, #4635, #8671 ) ;
#6749 = CARTESIAN_POINT ( 'NONE',  ( 19.27427980053799672, 21.05187487484975151, 4.661997291827167267 ) ) ;
#6750 = DIRECTION ( 'NONE',  ( -0.8660254037844399289, -1.255248039901265127E-16, -0.4999999999999980571 ) ) ;
#6751 = ORIENTED_EDGE ( 'NONE', *, *, #7948, .F. ) ;
#6752 = AXIS2_PLACEMENT_3D ( 'NONE', #681, #3379, #1427 ) ;
#6753 = EDGE_CURVE ( 'NONE', #158, #774, #77, .T. ) ;
#6754 = CARTESIAN_POINT ( 'NONE',  ( 22.03689986763253472, 18.74364991576030093, 5.067334895522725091 ) ) ;
#6755 = CARTESIAN_POINT ( 'NONE',  ( 26.87277114564437497, 25.88819713231157849, -1.698528521717019402 ) ) ;
#6756 = CARTESIAN_POINT ( 'NONE',  ( -4.999999999999852562, -35.64738621360572068, 5.249999999999884537 ) ) ;
#6757 = EDGE_CURVE ( 'NONE', #5246, #2386, #3664, .T. ) ;
#6758 = ORIENTED_EDGE ( 'NONE', *, *, #3050, .T. ) ;
#6759 = CARTESIAN_POINT ( 'NONE',  ( 19.87134379095512315, 22.29887230485012850, 3.070814559014582557 ) ) ;
#6760 = CARTESIAN_POINT ( 'NONE',  ( 23.50449699683584726, 26.33398134970995486, 6.350604423094852180 ) ) ;
#6761 = ORIENTED_EDGE ( 'NONE', *, *, #1503, .F. ) ;
#6762 = CARTESIAN_POINT ( 'NONE',  ( 33.00049333405941354, 30.51268770738554181, 1.552688916477293457 ) ) ;
#6763 = CARTESIAN_POINT ( 'NONE',  ( 28.14804293513931910, 28.97807722391068452, -3.813581142501773158 ) ) ;
#6764 = ORIENTED_EDGE ( 'NONE', *, *, #7023, .F. ) ;
#6765 = CARTESIAN_POINT ( 'NONE',  ( 22.43039173311643708, 19.13714178124351761, 4.746050132732170468 ) ) ;
#6766 = CARTESIAN_POINT ( 'NONE',  ( 27.07196948794555169, 23.17439691004517144, 2.905004054774577238 ) ) ;
#6767 = CARTESIAN_POINT ( 'NONE',  ( -1.312788866696924517, 3.952837604152769302, 57.75625000429725020 ) ) ;
#6768 = DIRECTION ( 'NONE',  ( 1.000000000000000000, 0.000000000000000000, 0.000000000000000000 ) ) ;
#6769 = EDGE_LOOP ( 'NONE', ( #3424, #8749, #4791, #6076 ) ) ;
#6770 = CARTESIAN_POINT ( 'NONE',  ( 23.60898084202618818, 24.22336589677106744, 0.9964175251682172441 ) ) ;
#6771 = CARTESIAN_POINT ( 'NONE',  ( 23.67812990397727901, 28.05898187731172300, 1.492508484949175651 ) ) ;
#6772 = APPROVAL_DATE_TIME ( #3226, #8740 ) ;
#6773 = PLANE ( 'NONE',  #8436 ) ;
#6774 = CYLINDRICAL_SURFACE ( 'NONE', #4724, 3.253008291094205529 ) ;
#6775 = ORIENTED_EDGE ( 'NONE', *, *, #2527, .F. ) ;
#6776 = CARTESIAN_POINT ( 'NONE',  ( -7.965972072533449300, -12.96265824032313141, 54.99999999999999289 ) ) ;
#6777 = ORIENTED_EDGE ( 'NONE', *, *, #554, .F. ) ;
#6778 = CARTESIAN_POINT ( 'NONE',  ( 32.35150805646281214, 28.06044200588570803, -2.116509944892624784 ) ) ;
#6779 = B_SPLINE_CURVE_WITH_KNOTS ( 'NONE', 3,
 ( #3775, #7189, #8471, #7806, #6476, #6513, #405, #1865, #3103, #5840 ),
 .UNSPECIFIED., .F., .F.,
 ( 4, 2, 2, 2, 4 ),
 ( 0.008074793715461516669, 0.008582646244102614189, 0.009090498772743711708, 0.009598351301384809228, 0.01010620383002590675 ),
 .UNSPECIFIED. ) ;
#6780 = ORIENTED_EDGE ( 'NONE', *, *, #7074, .F. ) ;
#6781 = CARTESIAN_POINT ( 'NONE',  ( -3.847162420730151577, -3.847162420730698251, 65.00000000000000000 ) ) ;
#6782 = CARTESIAN_POINT ( 'NONE',  ( 27.82912272720824021, 29.60671780152002697, -2.323002708172809516 ) ) ;
#6783 = CARTESIAN_POINT ( 'NONE',  ( -12.35367056493147331, 2.333177383248123071, 56.80625000429725446 ) ) ;
#6784 = FACE_OUTER_BOUND ( 'NONE', #1913, .T. ) ;
#6785 = FACE_OUTER_BOUND ( 'NONE', #7390, .T. ) ;
#6786 = CARTESIAN_POINT ( 'NONE',  ( 30.09682317074162938, 26.64810967657571794, 2.235881177995034719 ) ) ;
#6787 = VERTEX_POINT ( 'NONE', #5650 ) ;
#6788 = CARTESIAN_POINT ( 'NONE',  ( 21.57337845710889113, 23.65798315692460463, 2.263443858628886751 ) ) ;
#6789 = CARTESIAN_POINT ( 'NONE',  ( -9.725014864222524480, -11.93733242219115631, 60.24375000429725446 ) ) ;
#6790 = FACE_OUTER_BOUND ( 'NONE', #4888, .T. ) ;
#6791 = CARTESIAN_POINT ( 'NONE',  ( 19.25198057772520599, 21.32391399466415294, 9.254114949861794059 ) ) ;
#6792 = CARTESIAN_POINT ( 'NONE',  ( -29.57468682744833188, -4.979818107097149671, 12.40028397932658066 ) ) ;
#6793 = CARTESIAN_POINT ( 'NONE',  ( -6.381536127930263369, 3.952837554385830288, 55.28125000429727010 ) ) ;
#6794 = CARTESIAN_POINT ( 'NONE',  ( 18.31033638615034320, 22.11305387859437133, 6.217405606789768058 ) ) ;
#6795 = CARTESIAN_POINT ( 'NONE',  ( 25.53190307351447430, 30.32057895632969746, 1.294037090744343699 ) ) ;
#6796 = FACE_OUTER_BOUND ( 'NONE', #5345, .T. ) ;
#6797 = EDGE_LOOP ( 'NONE', ( #865, #4990, #8634, #749, #3934, #4110, #1712, #564 ) ) ;
#6798 = CARTESIAN_POINT ( 'NONE',  ( 24.20929939704448230, 27.03878374991858990, 5.775135673094840882 ) ) ;
#6799 = CARTESIAN_POINT ( 'NONE',  ( 21.17135801683486562, 24.00084236970896967, 8.255604423094839106 ) ) ;
#6800 = DIRECTION ( 'NONE',  ( -0.7071067811865487940, 0.7071067811865462405, 0.000000000000000000 ) ) ;
#6801 = EDGE_CURVE ( 'NONE', #3773, #2783, #4236, .T. ) ;
#6802 = CYLINDRICAL_SURFACE ( 'NONE', #5142, 2.756000000000000227 ) ;
#6803 = ORIENTED_EDGE ( 'NONE', *, *, #8522, .F. ) ;
#6804 = ORIENTED_EDGE ( 'NONE', *, *, #7361, .F. ) ;
#6805 = CARTESIAN_POINT ( 'NONE',  ( 22.46131094713110699, 21.74081504166510115, 8.766503754004222770 ) ) ;
#6806 = CARTESIAN_POINT ( 'NONE',  ( 2.859971402916036798, -8.246682528697983017, 54.99999999999999289 ) ) ;
#6807 = CARTESIAN_POINT ( 'NONE',  ( 51.88409695360144980, 51.88409695360142138, -18.94519052838326800 ) ) ;
#6808 = DIRECTION ( 'NONE',  ( 1.224646799147353207E-16, 1.000000000000000000, -2.508129176913472851E-17 ) ) ;
#6809 = ORIENTED_EDGE ( 'NONE', *, *, #7672, .T. ) ;
#6810 = CARTESIAN_POINT ( 'NONE',  ( 28.05447823306861110, 25.11367313918970723, 3.403916884747148153 ) ) ;
#6811 = CARTESIAN_POINT ( 'NONE',  ( 20.41144433592539897, 22.49604903574114800, 3.212159095838408529 ) ) ;
#6812 = DIRECTION ( 'NONE',  ( 1.449435587473489784E-16, -1.000000000000000000, 0.000000000000000000 ) ) ;
#6813 = CARTESIAN_POINT ( 'NONE',  ( 32.50924402636575650, 27.35642965634120571, -3.070436570204498672 ) ) ;
#6814 = EDGE_CURVE ( 'NONE', #8488, #2298, #2444, .T. ) ;
#6815 = EDGE_LOOP ( 'NONE', ( #5866, #7919 ) ) ;
#6816 = CARTESIAN_POINT ( 'NONE',  ( -9.999077577034338304, -11.74510320945421071, 55.00000000000000000 ) ) ;
#6817 = LINE ( 'NONE', #5352, #4016 ) ;
#6818 = ORIENTED_EDGE ( 'NONE', *, *, #1508, .F. ) ;
#6819 = CARTESIAN_POINT ( 'NONE',  ( 4.074801908668524320, -37.09937395895250489, 14.16684033555450739 ) ) ;
#6820 = CARTESIAN_POINT ( 'NONE',  ( 31.74069728796512280, 28.93245988283834791, -2.803115753720560210 ) ) ;
#6821 = CARTESIAN_POINT ( 'NONE',  ( -12.35367056493147331, 2.333177383248123071, 59.55625000429724736 ) ) ;
#6822 = ADVANCED_FACE ( 'NONE', ( #2291 ), #5069, .F. ) ;
#6823 = CARTESIAN_POINT ( 'NONE',  ( 28.04093073202538378, 30.55556879192493369, -4.722991556339747987 ) ) ;
#6824 = DIRECTION ( 'NONE',  ( 0.6123724356957943593, 0.6123724356957963577, -0.4999999999999978351 ) ) ;
#6825 = CARTESIAN_POINT ( 'NONE',  ( 33.32388062947901375, 29.88981113229360176, 1.185890957161823911 ) ) ;
#6826 = ORIENTED_EDGE ( 'NONE', *, *, #3967, .T. ) ;
#6827 = CARTESIAN_POINT ( 'NONE',  ( 26.05594861791704631, 28.48572703093863012, 3.967314172660706628 ) ) ;
#6828 = CARTESIAN_POINT ( 'NONE',  ( 30.98355866865250619, 30.15352437988094536, 2.368825085735092095 ) ) ;
#6829 = CARTESIAN_POINT ( 'NONE',  ( 19.99344381876894516, 23.89101639667010701, 6.424799472277745949 ) ) ;
#6830 = CARTESIAN_POINT ( 'NONE',  ( 21.28942408741272985, 19.51182901310070505, 9.053871651406094401 ) ) ;
#6831 = CARTESIAN_POINT ( 'NONE',  ( -29.24881387790096809, -3.823539735252471150, 14.41397957628899285 ) ) ;
#6832 =( BOUNDED_CURVE ( )  B_SPLINE_CURVE ( 2, ( #2974, #2352, #5747, #8460, #890, #8415, #1558, #2393, #2305, #6290, #5664 ),
 .UNSPECIFIED., .F., .T. ) 
 B_SPLINE_CURVE_WITH_KNOTS ( ( 3, 2, 2, 2, 2, 3 ),
 ( 0.4829579140862688691, 0.4853225935385331313, 0.4936559268718664906, 0.5019892602051998498, 0.5103225935385331535, 0.5162912474196021950 ),
 .UNSPECIFIED. ) 
 CURVE ( )  GEOMETRIC_REPRESENTATION_ITEM ( )  RATIONAL_B_SPLINE_CURVE ( ( 0.9690584114092961610, 0.9783999393559227320, 1.000000000000000000, 0.9238795325112867385, 1.000000000000000000, 0.9238795325112867385, 1.000000000000000000, 0.9238795325112867385, 1.000000000000000000, 0.9454795931553640065, 0.9690584114092961610 ) ) 
 REPRESENTATION_ITEM ( '' )  );
#6833 = CARTESIAN_POINT ( 'NONE',  ( 0.6501035230950229504, 3.751405744246427254, 62.92506551983581886 ) ) ;
#6834 = EDGE_CURVE ( 'NONE', #7249, #78, #919, .T. ) ;
#6835 = VERTEX_POINT ( 'NONE', #4282 ) ;
#6836 = CARTESIAN_POINT ( 'NONE',  ( 28.42819713231170198, 27.44362311897891615, -2.968528521717006985 ) ) ;
#6837 = DIRECTION ( 'NONE',  ( 0.000000000000000000, -0.000000000000000000, -1.000000000000000000 ) ) ;
#6838 = CARTESIAN_POINT ( 'NONE',  ( 24.99664306105548661, 28.89421563895844258, 1.063942518052879649 ) ) ;
#6839 = CARTESIAN_POINT ( 'NONE',  ( 26.54830068045361458, 22.12002459337976390, 4.361840448547149585 ) ) ;
#6840 = CARTESIAN_POINT ( 'NONE',  ( 20.63238856819108236, 19.63715622851512421, 3.362352133241854002 ) ) ;
#6841 = ORIENTED_EDGE ( 'NONE', *, *, #2342, .T. ) ;
#6842 = CARTESIAN_POINT ( 'NONE',  ( 29.54654894740678017, 34.82923908956415460, -0.3908375897253654196 ) ) ;
#6843 = DIRECTION ( 'NONE',  ( -1.449435587473489291E-16, 1.000000000000000000, -0.000000000000000000 ) ) ;
#6844 = ORIENTED_EDGE ( 'NONE', *, *, #6834, .T. ) ;
#6845 = ORIENTED_EDGE ( 'NONE', *, *, #7128, .F. ) ;
#6846 = AXIS2_PLACEMENT_3D ( 'NONE', #7745, #1588, #5735 ) ;
#6847 = ADVANCED_FACE ( 'NONE', ( #2421 ), #4245, .F. ) ;
#6848 = CARTESIAN_POINT ( 'NONE',  ( 20.05131079297031249, 20.77180669843621175, 3.358080426438239119 ) ) ;
#6849 = EDGE_CURVE ( 'NONE', #4690, #483, #5613, .T. ) ;
#6850 = CARTESIAN_POINT ( 'NONE',  ( -1.402532280797131214, -12.94886661488949819, 54.99999999999999289 ) ) ;
#6851 = CARTESIAN_POINT ( 'NONE',  ( -8.431887450568748221, 2.463170090379271038, 58.16875000429725873 ) ) ;
#6852 = B_SPLINE_CURVE_WITH_KNOTS ( 'NONE', 3,
 ( #8494, #431, #2388, #1017, #2476, #7749 ),
 .UNSPECIFIED., .F., .F.,
 ( 4, 2, 4 ),
 ( 0.001746766632315713969, 0.002207933840368528269, 0.002669101048421342569 ),
 .UNSPECIFIED. ) ;
#6853 = FACE_OUTER_BOUND ( 'NONE', #257, .T. ) ;
#6854 = ORIENTED_EDGE ( 'NONE', *, *, #5666, .T. ) ;
#6855 = CARTESIAN_POINT ( 'NONE',  ( 27.91822956105033171, 24.67555631745368672, 2.541715691967254109 ) ) ;
#6856 = CARTESIAN_POINT ( 'NONE',  ( 31.43085760136191098, 31.43085760136181506, -2.245190528383326001 ) ) ;
#6857 = AXIS2_PLACEMENT_3D ( 'NONE', #1729, #4429, #1073 ) ;
#6858 = CARTESIAN_POINT ( 'NONE',  ( 28.01957001986787787, 30.50925079528201778, -4.552725465660427240 ) ) ;
#6859 = CARTESIAN_POINT ( 'NONE',  ( 32.39709814256294607, 27.38331499018372028, -3.022170015309638469 ) ) ;
#6860 = EDGE_CURVE ( 'NONE', #7831, #5958, #3711, .T. ) ;
#6861 = CARTESIAN_POINT ( 'NONE',  ( 17.84705627143527806, 21.74462884933537765, 7.254759471616619493 ) ) ;
#6862 = ORIENTED_EDGE ( 'NONE', *, *, #8695, .F. ) ;
#6863 = VECTOR ( 'NONE', #4420, 1000.000000000000000 ) ;
#6864 = CARTESIAN_POINT ( 'NONE',  ( 19.79578132314182426, 19.79578132314167505, 7.254809471616630034 ) ) ;
#6865 = AXIS2_PLACEMENT_3D ( 'NONE', #604, #560, #3261 ) ;
#6866 = EDGE_CURVE ( 'NONE', #311, #8241, #4937, .T. ) ;
#6867 = VERTEX_POINT ( 'NONE', #7652 ) ;
#6868 = EDGE_CURVE ( 'NONE', #3698, #3360, #6139, .T. ) ;
#6869 = CARTESIAN_POINT ( 'NONE',  ( 25.82927340731052013, 21.44842143397585232, 4.920860458284194827 ) ) ;
#6870 = DIRECTION ( 'NONE',  ( -0.7674234614174771929, 0.6123724356957942483, -0.1898979485566349434 ) ) ;
#6871 = CARTESIAN_POINT ( 'NONE',  ( -10.48223877320723396, 0.9735026263727116769, 56.30625000429726157 ) ) ;
#6872 = LINE ( 'NONE', #7577, #5015 ) ;
#6873 = DIRECTION ( 'NONE',  ( 0.6123724356957943593, 0.6123724356957963577, -0.4999999999999978351 ) ) ;
#6874 = B_SPLINE_CURVE_WITH_KNOTS ( 'NONE', 3,
 ( #4616, #6618, #375, #3829 ),
 .UNSPECIFIED., .F., .F.,
 ( 4, 4 ),
 ( 0.000000000000000000, 2.246401337297233305E-05 ),
 .UNSPECIFIED. ) ;
#6875 = CARTESIAN_POINT ( 'NONE',  ( 33.33278125898687705, 29.88557469017722923, 1.190758638934162672 ) ) ;
#6876 = ORIENTED_EDGE ( 'NONE', *, *, #516, .F. ) ;
#6877 = EDGE_CURVE ( 'NONE', #117, #4160, #4757, .T. ) ;
#6878 = DIRECTION ( 'NONE',  ( 0.6123724356957943593, 0.6123724356957964687, -0.4999999999999977796 ) ) ;
#6879 = CARTESIAN_POINT ( 'NONE',  ( 31.13745558286321113, 29.05285088304727381, 1.534334847394864365 ) ) ;
#6880 = DIRECTION ( 'NONE',  ( 1.000000000000000000, 0.000000000000000000, 0.000000000000000000 ) ) ;
#6881 = CARTESIAN_POINT ( 'NONE',  ( 22.50313541558941210, 26.04767680890356374, 4.098854444045922918 ) ) ;
#6882 = CARTESIAN_POINT ( 'NONE',  ( -29.46512984844983407, -4.592095910528305680, 13.52321364218035882 ) ) ;
#6883 = AXIS2_PLACEMENT_3D ( 'NONE', #4354, #7015, #4180 ) ;
#6884 = PLANE ( 'NONE',  #7701 ) ;
#6885 = ORIENTED_EDGE ( 'NONE', *, *, #361, .T. ) ;
#6886 = VECTOR ( 'NONE', #2687, 1000.000000000000000 ) ;
#6887 = CARTESIAN_POINT ( 'NONE',  ( 31.85204673560169297, 27.45736938951050021, -3.595850605337173711 ) ) ;
#6888 = CARTESIAN_POINT ( 'NONE',  ( 18.27088642335339586, 22.40842905047588118, 7.938741932719012517 ) ) ;
#6889 = CARTESIAN_POINT ( 'NONE',  ( 5.663402772561845211, -6.937332271101833925, 56.56875000429725731 ) ) ;
#6890 = VECTOR ( 'NONE', #5668, 1000.000000000000000 ) ;
#6891 = CARTESIAN_POINT ( 'NONE',  ( 20.45583893354148231, 24.88411502061508074, 4.095434744686119899 ) ) ;
#6892 = CARTESIAN_POINT ( 'NONE',  ( 22.38168018924209335, 19.55219583636774061, 3.019483270138438868 ) ) ;
#6893 = CARTESIAN_POINT ( 'NONE',  ( 24.34533864245526757, 20.44776606455490864, 5.131288817549100933 ) ) ;
#6894 = CARTESIAN_POINT ( 'NONE',  ( 31.95376322981303829, 27.57291125647831720, -0.07976454171602920251 ) ) ;
#6895 = AXIS2_PLACEMENT_3D ( 'NONE', #4133, #6750, #4656 ) ;
#6896 = ORIENTED_EDGE ( 'NONE', *, *, #2297, .F. ) ;
#6897 = CIRCLE ( 'NONE', #3068, 3.250000000000002665 ) ;
#6898 = CARTESIAN_POINT ( 'NONE',  ( 1.375788891728555008, 5.125772181670559924, 61.34761617986114857 ) ) ;
#6899 = CARTESIAN_POINT ( 'NONE',  ( 25.43054521073967678, 21.98183171657374757, 6.045881177995020117 ) ) ;
#6900 = CYLINDRICAL_SURFACE ( 'NONE', #1378, 2.756000000000000227 ) ;
#6901 = CARTESIAN_POINT ( 'NONE',  ( 22.02548979314329713, 26.40634176647779796, 2.841883484949327077 ) ) ;
#6902 = ORIENTED_EDGE ( 'NONE', *, *, #6045, .F. ) ;
#6903 = CARTESIAN_POINT ( 'NONE',  ( 25.00586002856039869, 22.93392661162119950, 1.445503993371489937 ) ) ;
#6904 = CARTESIAN_POINT ( 'NONE',  ( 27.48469838459799064, 26.63005713081998138, -1.779165020099158001 ) ) ;
#6905 = CARTESIAN_POINT ( 'NONE',  ( 21.26299443792872168, 20.40835318415068400, 3.300834979900821864 ) ) ;
#6906 = CARTESIAN_POINT ( 'NONE',  ( 32.43424054074927909, 27.36112489186591290, -3.034076469421278066 ) ) ;
#6907 = ORIENTED_EDGE ( 'NONE', *, *, #5087, .T. ) ;
#6908 = CARTESIAN_POINT ( 'NONE',  ( 29.20621432415078544, 33.66803143954839328, 0.6622622745038135861 ) ) ;
#6909 = VERTEX_POINT ( 'NONE', #3747 ) ;
#6910 = CARTESIAN_POINT ( 'NONE',  ( 33.45433164488601108, 30.23328776381734073, 1.766331412150941249 ) ) ;
#6911 = ORIENTED_EDGE ( 'NONE', *, *, #4989, .F. ) ;
#6912 = ORIENTED_EDGE ( 'NONE', *, *, #4873, .F. ) ;
#6913 = CARTESIAN_POINT ( 'NONE',  ( 23.88242985221469894, 27.33114334638039722, 0.5262377652382649318 ) ) ;
#6914 = DIRECTION ( 'NONE',  ( -0.7071067811865487940, 0.7071067811865462405, 0.000000000000000000 ) ) ;
#6915 = CARTESIAN_POINT ( 'NONE',  ( -6.381536127930263369, 3.952837554385830288, 56.03125000429725588 ) ) ;
#6916 = CARTESIAN_POINT ( 'NONE',  ( 28.40708315684176810, 31.26997961741633603, -5.228036263260475991 ) ) ;
#6917 = EDGE_CURVE ( 'NONE', #3366, #2296, #295, .T. ) ;
#6918 = DIRECTION ( 'NONE',  ( 0.6123724356957944703, 0.6123724356957963577, -0.4999999999999978906 ) ) ;
#6919 = CARTESIAN_POINT ( 'NONE',  ( 1.757371788126080858, -30.54280843784145461, 2.810535729835987873 ) ) ;
#6920 = EDGE_CURVE ( 'NONE', #4073, #1143, #7613, .T. ) ;
#6921 = CARTESIAN_POINT ( 'NONE',  ( 33.32612743242491860, 29.88866890688813527, 1.187187645453273488 ) ) ;
#6922 = ORIENTED_EDGE ( 'NONE', *, *, #554, .T. ) ;
#6923 = DIRECTION ( 'NONE',  ( -0.7071067811865487940, 0.7071067811865462405, 0.000000000000000000 ) ) ;
#6924 = CARTESIAN_POINT ( 'NONE',  ( -37.14738621360594095, -5.000000000000000000, 6.750000000000041744 ) ) ;
#6925 = CARTESIAN_POINT ( 'NONE',  ( 17.38096675741930142, 24.45203456928451757, 12.10657027711131839 ) ) ;
#6926 = CARTESIAN_POINT ( 'NONE',  ( 21.87706733112560897, 21.14829315002844012, 3.205335759269837936 ) ) ;
#6927 = CARTESIAN_POINT ( 'NONE',  ( 19.49121775443812155, 23.46424581829740319, 3.595979879158195391 ) ) ;
#6928 = CARTESIAN_POINT ( 'NONE',  ( 1.950046010736441238, 4.031756426263823023, 61.56591251743428472 ) ) ;
#6929 = CARTESIAN_POINT ( 'NONE',  ( 27.28748526981108924, 22.90663329647635038, 3.730235458283957861 ) ) ;
#6930 = CYLINDRICAL_SURFACE ( 'NONE', #6165, 3.174999999999992273 ) ;
#6931 = CARTESIAN_POINT ( 'NONE',  ( -29.18338599386739673, -3.589903856131967608, 0.4559469879231826672 ) ) ;
#6932 = CARTESIAN_POINT ( 'NONE',  ( 24.53762175095707576, 26.96515026485209887, -0.7391854409854042851 ) ) ;
#6933 = CARTESIAN_POINT ( 'NONE',  ( 25.10480089380933322, 25.94382056733179809, -1.374779003654706733 ) ) ;
#6934 = ORIENTED_EDGE ( 'NONE', *, *, #3459, .F. ) ;
#6935 = FACE_OUTER_BOUND ( 'NONE', #2462, .T. ) ;
#6936 = CARTESIAN_POINT ( 'NONE',  ( 2.104793545073738947, 4.188646721357468294, 62.20481556041085014 ) ) ;
#6937 = ORIENTED_EDGE ( 'NONE', *, *, #629, .T. ) ;
#6938 = CARTESIAN_POINT ( 'NONE',  ( -2.775215979301601354, 3.091844390178931867, 63.50473247518436892 ) ) ;
#6939 = CARTESIAN_POINT ( 'NONE',  ( 21.15537793995546423, 25.05295051785316929, 5.476084235070339368 ) ) ;
#6940 = CARTESIAN_POINT ( 'NONE',  ( 2.879808036556305684, -28.97824267981090074, 0.1006283451445872251 ) ) ;
#6941 = DIRECTION ( 'NONE',  ( 0.6123724356957943593, 0.6123724356957963577, -0.4999999999999978351 ) ) ;
#6942 = VERTEX_POINT ( 'NONE', #5026 ) ;
#6943 = CARTESIAN_POINT ( 'NONE',  ( 27.94934644546353653, 25.14110904033675098, 0.2925092462794307013 ) ) ;
#6944 = CARTESIAN_POINT ( 'NONE',  ( 26.55206904772131438, 30.44964162562143528, -0.2060574819534941593 ) ) ;
#6945 = EDGE_CURVE ( 'NONE', #2903, #6593, #8776, .T. ) ;
#6946 = CARTESIAN_POINT ( 'NONE',  ( 21.88579108771940440, 25.78336366561954307, 3.603942518046602039 ) ) ;
#6947 = CARTESIAN_POINT ( 'NONE',  ( 33.31516625531683218, 28.03247611315926591, -4.099543467041118383 ) ) ;
#6948 = ORIENTED_EDGE ( 'NONE', *, *, #3459, .T. ) ;
#6949 = CARTESIAN_POINT ( 'NONE',  ( 29.18120302662282128, 33.56563762999336831, 0.6136905582246812152 ) ) ;
#6950 = CARTESIAN_POINT ( 'NONE',  ( 20.27836432699412583, 21.46405691008094863, 9.595292059427475095 ) ) ;
#6951 = ORIENTED_EDGE ( 'NONE', *, *, #2906, .T. ) ;
#6952 = EDGE_LOOP ( 'NONE', ( #1372, #4925, #3448, #1028 ) ) ;
#6953 = CARTESIAN_POINT ( 'NONE',  ( -4.241565774256810251, -29.36634637321801833, 14.00338002382874514 ) ) ;
#6954 = CARTESIAN_POINT ( 'NONE',  ( 3.571078382706458942, -1.436829791770927400, 60.84375000429725588 ) ) ;
#6955 = FACE_OUTER_BOUND ( 'NONE', #3831, .T. ) ;
#6956 = CARTESIAN_POINT ( 'NONE',  ( 31.85840256168694751, 27.42871798609654377, -3.656546785529921184 ) ) ;
#6957 = CARTESIAN_POINT ( 'NONE',  ( 26.01229158115441820, 29.30554153302678344, 2.536659047710785764 ) ) ;
#6958 = CARTESIAN_POINT ( 'NONE',  ( -4.999999999999852562, -37.14738621360572068, 5.249999999999884537 ) ) ;
#6959 = VERTEX_POINT ( 'NONE', #3924 ) ;
#6960 = CARTESIAN_POINT ( 'NONE',  ( 20.94050213675953387, 20.32611708201440948, 9.465076418065059727 ) ) ;
#6961 = CARTESIAN_POINT ( 'NONE',  ( 30.62266200831747653, 29.90216610285150622, 2.102788516794691365 ) ) ;
#6962 = CARTESIAN_POINT ( 'NONE',  ( 51.88409695360144980, 51.88409695360142138, -18.94519052838326800 ) ) ;
#6963 = EDGE_CURVE ( 'NONE', #7958, #1422, #6624, .T. ) ;
#6964 = CARTESIAN_POINT ( 'NONE',  ( 24.90864590439368698, 22.83671248745448779, 1.524878993371491687 ) ) ;
#6965 =( BOUNDED_CURVE ( )  B_SPLINE_CURVE ( 2, ( #6727, #2124, #7479, #2167, #4843 ),
 .UNSPECIFIED., .F., .T. ) 
 B_SPLINE_CURVE_WITH_KNOTS ( ( 3, 2, 3 ),
 ( 0.07593010994765254928, 0.07698926020519980540, 0.08295791408626884689 ),
 .UNSPECIFIED. ) 
 CURVE ( )  GEOMETRIC_REPRESENTATION_ITEM ( )  RATIONAL_B_SPLINE_CURVE ( ( 0.9831097632208769532, 0.9903252384705654165, 1.000000000000000000, 0.9454795931553640065, 0.9690584114092961610 ) ) 
 REPRESENTATION_ITEM ( '' )  );
#6966 = CARTESIAN_POINT ( 'NONE',  ( -3.847162497313595608, 3.952837579269299795, 60.64375000429726015 ) ) ;
#6967 = FACE_OUTER_BOUND ( 'NONE', #7627, .T. ) ;
#6968 = CARTESIAN_POINT ( 'NONE',  ( 28.74763381281823627, 27.91759952404666478, 4.194450085735121903 ) ) ;
#6969 = CARTESIAN_POINT ( 'NONE',  ( 2.030690022762220881, 4.243007580729762473, 57.11875000429726157 ) ) ;
#6970 = EDGE_CURVE ( 'NONE', #3431, #2249, #5070, .T. ) ;
#6971 = CARTESIAN_POINT ( 'NONE',  ( 29.45773687414724051, 28.61871720062456603, 3.660647946888009319 ) ) ;
#6972 = CARTESIAN_POINT ( 'NONE',  ( 27.68414172205454449, 28.67937406173026815, 4.023360559991438379 ) ) ;
#6973 = CARTESIAN_POINT ( 'NONE',  ( 25.85543528926097068, 27.94003998907676589, -1.232840904161586870 ) ) ;
#6974 = EDGE_CURVE ( 'NONE', #945, #1600, #1835, .T. ) ;
#6975 = EDGE_LOOP ( 'NONE', ( #4408, #981 ) ) ;
#6976 = CARTESIAN_POINT ( 'NONE',  ( 1.231890871765225048, 3.866502031253098881, 62.81233122185255269 ) ) ;
#6977 = CARTESIAN_POINT ( 'NONE',  ( 30.59947030184714478, 26.62644223799494370, 2.341139064077296439 ) ) ;
#6978 = CARTESIAN_POINT ( 'NONE',  ( 4.179490113886722646, -29.45931376595624585, 0.9338679084006573650 ) ) ;
#6979 = CARTESIAN_POINT ( 'NONE',  ( -28.92014487765375108, -2.000000000000000444, 0.000000000000000000 ) ) ;
#6980 = ORIENTED_EDGE ( 'NONE', *, *, #2077, .F. ) ;
#6981 = ADVANCED_FACE ( 'NONE', ( #556 ), #1127, .T. ) ;
#6982 = CARTESIAN_POINT ( 'NONE',  ( 28.97369839529524782, 28.24492421419810029, -2.589039240730138580 ) ) ;
#6983 = CARTESIAN_POINT ( 'NONE',  ( -4.074801908668199246, -37.09937395895251910, 14.16684033555453048 ) ) ;
#6984 = PLANE ( 'NONE',  #6169 ) ;
#6985 = CARTESIAN_POINT ( 'NONE',  ( -29.18338599386739673, -3.589903856131967608, 0.4559469879231826672 ) ) ;
#6986 = AXIS2_PLACEMENT_3D ( 'NONE', #6958, #8375, #1599 ) ;
#6987 = ORIENTED_EDGE ( 'NONE', *, *, #2494, .T. ) ;
#6988 = CARTESIAN_POINT ( 'NONE',  ( 23.20642873531591732, 22.37639444654432808, 8.718825085735065983 ) ) ;
#6989 = DIRECTION ( 'NONE',  ( 0.6123724356957943593, 0.6123724356957963577, -0.4999999999999978351 ) ) ;
#6990 = VECTOR ( 'NONE', #2100, 1000.000000000000000 ) ;
#6991 = ORIENTED_EDGE ( 'NONE', *, *, #3930, .T. ) ;
#6992 = CARTESIAN_POINT ( 'NONE',  ( 24.30000930259372538, 26.38461400240946375, 0.03715909583843537284 ) ) ;
#6993 = CYLINDRICAL_SURFACE ( 'NONE', #6161, 2.756000000000000227 ) ;
#6994 = CARTESIAN_POINT ( 'NONE',  ( -3.847162344146708435, -11.64716242073069630, 57.26875000429726015 ) ) ;
#6995 = CARTESIAN_POINT ( 'NONE',  ( 24.29914391749427693, 17.22807610562864156, 2.434235771201131548 ) ) ;
#6996 = CARTESIAN_POINT ( 'NONE',  ( -28.97624230254885447, -2.848642563443494868, 0.1174423441580133287 ) ) ;
#6997 = AXIS2_PLACEMENT_3D ( 'NONE', #5093, #3102, #7805 ) ;
#6998 = ORIENTED_EDGE ( 'NONE', *, *, #8246, .F. ) ;
#6999 = CIRCLE ( 'NONE', #1627, 3.251797457478082798 ) ;
#7000 = CARTESIAN_POINT ( 'NONE',  ( -51.00379267415695494, -5.000000000000000000, -2.749999999999965805 ) ) ;
#7001 = VECTOR ( 'NONE', #63, 1000.000000000000114 ) ;
#7002 = CARTESIAN_POINT ( 'NONE',  ( 30.51229894781822694, 30.51229894781813101, -1.495190528383337547 ) ) ;
#7003 = ORIENTED_EDGE ( 'NONE', *, *, #577, .F. ) ;
#7004 = DIRECTION ( 'NONE',  ( 0.6123724356957942483, 0.6123724356957963577, -0.4999999999999978906 ) ) ;
#7005 = LINE ( 'NONE', #6344, #6890 ) ;
#7006 = AXIS2_PLACEMENT_3D ( 'NONE', #4689, #8734, #3858 ) ;
#7007 = CARTESIAN_POINT ( 'NONE',  ( 24.73185297926111659, 24.11746792451600641, 6.369451418065077419 ) ) ;
#7008 = DIRECTION ( 'NONE',  ( -1.801443609668227273E-15, -0.5000000000000037748, 0.8660254037844363761 ) ) ;
#7009 = CIRCLE ( 'NONE', #2621, 180.0000000000000000 ) ;
#7010 = CARTESIAN_POINT ( 'NONE',  ( 18.49588480630348997, 19.21638071176922935, 4.628080426438595296 ) ) ;
#7011 = EDGE_CURVE ( 'NONE', #6362, #5914, #5106, .T. ) ;
#7012 = CARTESIAN_POINT ( 'NONE',  ( -3.847162497313595608, 3.952837579269299795, 57.89375000429726015 ) ) ;
#7013 = AXIS2_PLACEMENT_3D ( 'NONE', #7922, #7345, #3307 ) ;
#7014 = DIRECTION ( 'NONE',  ( 0.6123724356957943593, 0.6123724356957963577, -0.4999999999999978906 ) ) ;
#7015 = DIRECTION ( 'NONE',  ( -0.000000000000000000, -0.000000000000000000, -1.000000000000000000 ) ) ;
#7016 = CARTESIAN_POINT ( 'NONE',  ( -7.096359481243011302, 6.152837547367449922, 60.28125000429726299 ) ) ;
#7017 =( BOUNDED_SURFACE ( )  B_SPLINE_SURFACE ( 1, 2, ( 
 ( #177, #2426, #2385, #2890, #5581, #6960, #8206, #892, #3590, #341, #7123, #6292, #8452, #4820, #7533, #4412, #808, #3041, #5075, #7790, #1053, #3752, #5111, #7824, #1752, #7208, #4540, #5870, #3798, #8717, #7344, #1980, #8530, #3127, #5915, #3841, #1094, #1941, #1889, #518, #3264, #7874, #1275, #2652, #5160, #2561, #5247, #5343, #5959, #3976, #8054, #5295, #8006, #3222, #5822, #4630, #8667, #1228, #1133, #7963, #3884, #4672, #6497, #2603, #426, #8626, #3306, #6671, #2469, #1798, #8585, #606, #4496, #3932, #6004, #6534, #469, #7250, #3172, #2517, #5203, #4583, #6581, #7921, #1842, #7299, #1173, #6632, #562, #655, #7381, #1406, #4804, #4068, #8759, #7516, #6091, #4762, #25, #2695, #2871, #5427, #8275, #6232, #6133, #1361, #7426, #6903, #7476, #6770, #3438, #834, #4151, #4111, #5383, #2164, #2784, #789, #702, #5560, #4022, #2736, #6721, #3358, #8141, #2074, #3485, #118, #3531, #2025, #4840, #4192, #4713, #160, #6188, #6810, #6855, #6051, #742, #2830, #8189, #1313, #2204, #5518, #73, #5477, #2120, #8095, #3397, #8232, #1449, #7559, #1496, #1003, #6943, #5607, #914, #4404, #4889, #5021, #1042, #330, #5066, #8356, #2377, #6317, #2250, #7032, #7689, #7778, #3699, #2994, #249, #1541, #2957, #874, #7610, #1625, #2333, #1580, #6270, #7735, #3616, #2289, #5647, #203, #378, #4971, #5771, #3743, #3659, #7649, #4933, #7111, #4324, #4278, #962, #6445, #1673, #6363, #2914, #8441, #291, #7071, #6982, #3078, #4242, #5685, #3573, #8320, #8397, #4366, #6403, #3031, #8483, #5729, #1705, #7996, #5810, #3964, #4570, #5854, #7953, #1085, #2507, #1215, #3210, #5103, #6663, #7287, #4531, #5992, #3871, #3787, #7816, #457, #8519, #3116, #5284 ),
 ( #6487, #4443, #7239, #5146, #2416, #3253, #5904, #1830, #3920, #415, #8657, #1263, #2457, #6570, #506, #595, #6620, #1927, #3294, #551, #5949, #1163, #7155, #2594, #4619, #2551, #7862, #5193, #7336, #1740, #8617, #6524, #1787, #3832, #4486, #7198, #7911, #5235, #1124, #3161, #1877, #8572, #6080, #1349, #1303, #4182, #6759, #821, #7545, #7463, #2684, #8747, #8219, #15, #5374, #4751, #2149, #5463, #2726, #4010, #3472, #4100, #2105, #8084, #6891, #5331, #7414, #8042, #1970, #4054, #690, #4792, #1433, #4830, #3345, #6172, #5504, #6040, #1481, #7502, #3385, #8176, #7371, #5414, #4140, #731, #2639, #3520, #6839, #2063, #8707, #1394, #6707, #4661, #8129, #2013, #644, #2818, #4702, #6798, #3425, #6121, #59, #106, #2770, #772, #8260, #2281, #189, #6221, #7062, #7018, #5636, #8387, #4229, #3689, #5055, #1528, #7679, #1613, #7767, #2321, #321, #4395, #1662, #4356, #8347, #2192, #993, #5007, #6353, #3561, #4312, #239, #1032, #7101, #7726, #145, #4960, #8431, #6392, #4878, #6932, #2240, #5719, #2859, #280, #2368, #3020, #1699, #902, #5546, #7639, #6259, #951, #3650, #7598, #863, #4270, #2901, #5595, #8306, #4923, #3604, #1570, #6971, #6305, #2947, #2985, #5676, #5761, #8562, #6479, #3729, #4560, #4522, #3151, #5896, #1732, #1204, #2585, #7808, #5184, #7902, #5272, #8610, #6611, #1917, #7945, #1867, #5842, #8473, #7274, #2542, #3861, #1076, #1823, #6515, #7327, #4607, #5226, #6434, #2498, #5940, #3909, #2405, #4431, #8512, #3245, #367, #6557, #8648, #542, #7986, #7191, #3070, #5135, #3778, #7229, #450, #5096, #7146, #1153, #7852, #407, #1779, #3105, #5801, #498, #3201, #2449, #4478, #1115, #3822, #7405, #2675, #2628, #5497, #8075 ) ),
 .UNSPECIFIED., .F., .F., .F. ) 
 B_SPLINE_SURFACE_WITH_KNOTS ( ( 2, 2 ),
 ( 3, 2, 2, 2, 2, 2, 2, 2, 2, 2, 2, 2, 2, 2, 2, 2, 2, 2, 2, 2, 2, 2, 2, 2, 2, 2, 2, 2, 2, 2, 2, 2, 2, 2, 2, 2, 2, 2, 2, 2, 2, 2, 2, 2, 2, 2, 2, 2, 2, 2, 2, 2, 2, 2, 2, 2, 2, 2, 2, 2, 2, 2, 2, 2, 2, 2, 2, 2, 2, 2, 2, 2, 2, 2, 2, 2, 2, 2, 2, 2, 2, 2, 2, 2, 2, 2, 2, 2, 2, 2, 2, 2, 2, 2, 2, 2, 2, 2, 2, 2, 2, 2, 2, 2, 2, 2, 2, 2, 2, 2, 2, 2, 2, 2, 2, 2, 2, 2, 2, 3 ),
 ( 0.000000000000000000, 1.000000000000000000 ),
 ( 0.000000000000000000, 0.008333333333333333218, 0.01666666666666666644, 0.02500000000000000139, 0.03333333333333333287, 0.04166666666666666435, 0.05000000000000000278, 0.05833333333333333426, 0.06666666666666666574, 0.07499999999999999722, 0.08333333333333332871, 0.09166666666666666019, 0.1000000000000000056, 0.1083333333333333370, 0.1166666666666666685, 0.1250000000000000000, 0.1333333333333333315, 0.1416666666666666630, 0.1499999999999999944, 0.1583333333333333259, 0.1666666666666666574, 0.1749999999999999889, 0.1833333333333333204, 0.1916666666666666796, 0.2000000000000000111, 0.2083333333333333426, 0.2166666666666666741, 0.2250000000000000056, 0.2333333333333333370, 0.2416666666666666685, 0.2500000000000000000, 0.2583333333333333592, 0.2666666666666666630, 0.2750000000000000222, 0.2833333333333333259, 0.2916666666666666852, 0.2999999999999999889, 0.3083333333333333481, 0.3166666666666666519, 0.3250000000000000111, 0.3333333333333333148, 0.3416666666666666741, 0.3499999999999999778, 0.3583333333333333370, 0.3666666666666666408, 0.3750000000000000000, 0.3833333333333333592, 0.3916666666666666630, 0.4000000000000000222, 0.4083333333333333259, 0.4166666666666666852, 0.4249999999999999889, 0.4333333333333333481, 0.4416666666666666519, 0.4500000000000000111, 0.4583333333333333148, 0.4666666666666666741, 0.4749999999999999778, 0.4833333333333333370, 0.4916666666666666408, 0.5000000000000000000, 0.5083333333333333037, 0.5166666666666667185, 0.5250000000000000222, 0.5333333333333333259, 0.5416666666666666297, 0.5500000000000000444, 0.5583333333333333481, 0.5666666666666666519, 0.5749999999999999556, 0.5833333333333333703, 0.5916666666666666741, 0.5999999999999999778, 0.6083333333333332815, 0.6166666666666666963, 0.6250000000000000000, 0.6333333333333333037, 0.6416666666666667185, 0.6500000000000000222, 0.6583333333333333259, 0.6666666666666666297, 0.6750000000000000444, 0.6833333333333333481, 0.6916666666666666519, 0.6999999999999999556, 0.7083333333333333703, 0.7166666666666666741, 0.7249999999999999778, 0.7333333333333332815, 0.7416666666666666963, 0.7500000000000000000, 0.7583333333333333037, 0.7666666666666667185, 0.7750000000000000222, 0.7833333333333333259, 0.7916666666666666297, 0.8000000000000000444, 0.8083333333333333481, 0.8166666666666666519, 0.8249999999999999556, 0.8333333333333333703, 0.8416666666666666741, 0.8499999999999999778, 0.8583333333333332815, 0.8666666666666666963, 0.8750000000000000000, 0.8833333333333333037, 0.8916666666666667185, 0.9000000000000000222, 0.9083333333333333259, 0.9166666666666666297, 0.9250000000000000444, 0.9333333333333333481, 0.9416666666666666519, 0.9499999999999999556, 0.9583333333333333703, 0.9666666666666666741, 0.9749999999999999778, 0.9833333333333332815, 0.9853225935385331313 ),
 .UNSPECIFIED. ) 
 GEOMETRIC_REPRESENTATION_ITEM ( )  RATIONAL_B_SPLINE_SURFACE ( (
 ( 1.000000000000000000, 0.9238795325112867385, 1.000000000000000000, 0.9238795325112867385, 1.000000000000000000, 0.9238795325112867385, 1.000000000000000000, 0.9238795325112867385, 1.000000000000000000, 0.9238795325112867385, 1.000000000000000000, 0.9238795325112867385, 1.000000000000000000, 0.9238795325112867385, 1.000000000000000000, 0.9238795325112867385, 1.000000000000000000, 0.9238795325112867385, 1.000000000000000000, 0.9238795325112867385, 1.000000000000000000, 0.9238795325112867385, 1.000000000000000000, 0.9238795325112867385, 1.000000000000000000, 0.9238795325112867385, 1.000000000000000000, 0.9238795325112867385, 1.000000000000000000, 0.9238795325112867385, 1.000000000000000000, 0.9238795325112867385, 1.000000000000000000, 0.9238795325112867385, 1.000000000000000000, 0.9238795325112867385, 1.000000000000000000, 0.9238795325112867385, 1.000000000000000000, 0.9238795325112867385, 1.000000000000000000, 0.9238795325112867385, 1.000000000000000000, 0.9238795325112867385, 1.000000000000000000, 0.9238795325112867385, 1.000000000000000000, 0.9238795325112867385, 1.000000000000000000, 0.9238795325112867385, 1.000000000000000000, 0.9238795325112867385, 1.000000000000000000, 0.9238795325112867385, 1.000000000000000000, 0.9238795325112867385, 1.000000000000000000, 0.9238795325112867385, 1.000000000000000000, 0.9238795325112867385, 1.000000000000000000, 0.9238795325112867385, 1.000000000000000000, 0.9238795325112867385, 1.000000000000000000, 0.9238795325112867385, 1.000000000000000000, 0.9238795325112867385, 1.000000000000000000, 0.9238795325112867385, 1.000000000000000000, 0.9238795325112867385, 1.000000000000000000, 0.9238795325112867385, 1.000000000000000000, 0.9238795325112867385, 1.000000000000000000, 0.9238795325112867385, 1.000000000000000000, 0.9238795325112867385, 1.000000000000000000, 0.9238795325112867385, 1.000000000000000000, 0.9238795325112867385, 1.000000000000000000, 0.9238795325112867385, 1.000000000000000000, 0.9238795325112867385, 1.000000000000000000, 0.9238795325112867385, 1.000000000000000000, 0.9238795325112867385, 1.000000000000000000, 0.9238795325112867385, 1.000000000000000000, 0.9238795325112867385, 1.000000000000000000, 0.9238795325112867385, 1.000000000000000000, 0.9238795325112867385, 1.000000000000000000, 0.9238795325112867385, 1.000000000000000000, 0.9238795325112867385, 1.000000000000000000, 0.9238795325112867385, 1.000000000000000000, 0.9238795325112867385, 1.000000000000000000, 0.9238795325112867385, 1.000000000000000000, 0.9238795325112867385, 1.000000000000000000, 0.9238795325112867385, 1.000000000000000000, 0.9238795325112867385, 1.000000000000000000, 0.9238795325112867385, 1.000000000000000000, 0.9238795325112867385, 1.000000000000000000, 0.9238795325112867385, 1.000000000000000000, 0.9238795325112867385, 1.000000000000000000, 0.9238795325112867385, 1.000000000000000000, 0.9238795325112867385, 1.000000000000000000, 0.9238795325112867385, 1.000000000000000000, 0.9238795325112867385, 1.000000000000000000, 0.9238795325112867385, 1.000000000000000000, 0.9238795325112867385, 1.000000000000000000, 0.9238795325112867385, 1.000000000000000000, 0.9238795325112867385, 1.000000000000000000, 0.9238795325112867385, 1.000000000000000000, 0.9238795325112867385, 1.000000000000000000, 0.9238795325112867385, 1.000000000000000000, 0.9238795325112867385, 1.000000000000000000, 0.9238795325112867385, 1.000000000000000000, 0.9238795325112867385, 1.000000000000000000, 0.9238795325112867385, 1.000000000000000000, 0.9238795325112867385, 1.000000000000000000, 0.9238795325112867385, 1.000000000000000000, 0.9238795325112867385, 1.000000000000000000, 0.9238795325112867385, 1.000000000000000000, 0.9238795325112867385, 1.000000000000000000, 0.9238795325112867385, 1.000000000000000000, 0.9238795325112867385, 1.000000000000000000, 0.9238795325112867385, 1.000000000000000000, 0.9238795325112867385, 1.000000000000000000, 0.9238795325112867385, 1.000000000000000000, 0.9238795325112867385, 1.000000000000000000, 0.9238795325112867385, 1.000000000000000000, 0.9238795325112867385, 1.000000000000000000, 0.9238795325112867385, 1.000000000000000000, 0.9238795325112867385, 1.000000000000000000, 0.9238795325112867385, 1.000000000000000000, 0.9238795325112867385, 1.000000000000000000, 0.9238795325112867385, 1.000000000000000000, 0.9238795325112867385, 1.000000000000000000, 0.9238795325112867385, 1.000000000000000000, 0.9238795325112867385, 1.000000000000000000, 0.9238795325112867385, 1.000000000000000000, 0.9238795325112867385, 1.000000000000000000, 0.9238795325112867385, 1.000000000000000000, 0.9238795325112867385, 1.000000000000000000, 0.9238795325112867385, 1.000000000000000000, 0.9238795325112867385, 1.000000000000000000, 0.9238795325112867385, 1.000000000000000000, 0.9238795325112867385, 1.000000000000000000, 0.9238795325112867385, 1.000000000000000000, 0.9238795325112867385, 1.000000000000000000, 0.9238795325112867385, 1.000000000000000000, 0.9238795325112867385, 1.000000000000000000, 0.9238795325112867385, 1.000000000000000000, 0.9238795325112867385, 1.000000000000000000, 0.9238795325112867385, 1.000000000000000000, 0.9238795325112867385, 1.000000000000000000, 0.9238795325112867385, 1.000000000000000000, 0.9238795325112867385, 1.000000000000000000, 0.9238795325112867385, 1.000000000000000000, 0.9238795325112867385, 1.000000000000000000, 0.9818291899868194506, 0.9723335325949509222),
 ( 1.000000000000000000, 0.9238795325112867385, 1.000000000000000000, 0.9238795325112867385, 1.000000000000000000, 0.9238795325112867385, 1.000000000000000000, 0.9238795325112867385, 1.000000000000000000, 0.9238795325112867385, 1.000000000000000000, 0.9238795325112867385, 1.000000000000000000, 0.9238795325112867385, 1.000000000000000000, 0.9238795325112867385, 1.000000000000000000, 0.9238795325112867385, 1.000000000000000000, 0.9238795325112867385, 1.000000000000000000, 0.9238795325112867385, 1.000000000000000000, 0.9238795325112867385, 1.000000000000000000, 0.9238795325112867385, 1.000000000000000000, 0.9238795325112867385, 1.000000000000000000, 0.9238795325112867385, 1.000000000000000000, 0.9238795325112867385, 1.000000000000000000, 0.9238795325112867385, 1.000000000000000000, 0.9238795325112867385, 1.000000000000000000, 0.9238795325112867385, 1.000000000000000000, 0.9238795325112867385, 1.000000000000000000, 0.9238795325112867385, 1.000000000000000000, 0.9238795325112867385, 1.000000000000000000, 0.9238795325112867385, 1.000000000000000000, 0.9238795325112867385, 1.000000000000000000, 0.9238795325112867385, 1.000000000000000000, 0.9238795325112867385, 1.000000000000000000, 0.9238795325112867385, 1.000000000000000000, 0.9238795325112867385, 1.000000000000000000, 0.9238795325112867385, 1.000000000000000000, 0.9238795325112867385, 1.000000000000000000, 0.9238795325112867385, 1.000000000000000000, 0.9238795325112867385, 1.000000000000000000, 0.9238795325112867385, 1.000000000000000000, 0.9238795325112867385, 1.000000000000000000, 0.9238795325112867385, 1.000000000000000000, 0.9238795325112867385, 1.000000000000000000, 0.9238795325112867385, 1.000000000000000000, 0.9238795325112867385, 1.000000000000000000, 0.9238795325112867385, 1.000000000000000000, 0.9238795325112867385, 1.000000000000000000, 0.9238795325112867385, 1.000000000000000000, 0.9238795325112867385, 1.000000000000000000, 0.9238795325112867385, 1.000000000000000000, 0.9238795325112867385, 1.000000000000000000, 0.9238795325112867385, 1.000000000000000000, 0.9238795325112867385, 1.000000000000000000, 0.9238795325112867385, 1.000000000000000000, 0.9238795325112867385, 1.000000000000000000, 0.9238795325112867385, 1.000000000000000000, 0.9238795325112867385, 1.000000000000000000, 0.9238795325112867385, 1.000000000000000000, 0.9238795325112867385, 1.000000000000000000, 0.9238795325112867385, 1.000000000000000000, 0.9238795325112867385, 1.000000000000000000, 0.9238795325112867385, 1.000000000000000000, 0.9238795325112867385, 1.000000000000000000, 0.9238795325112867385, 1.000000000000000000, 0.9238795325112867385, 1.000000000000000000, 0.9238795325112867385, 1.000000000000000000, 0.9238795325112867385, 1.000000000000000000, 0.9238795325112867385, 1.000000000000000000, 0.9238795325112867385, 1.000000000000000000, 0.9238795325112867385, 1.000000000000000000, 0.9238795325112867385, 1.000000000000000000, 0.9238795325112867385, 1.000000000000000000, 0.9238795325112867385, 1.000000000000000000, 0.9238795325112867385, 1.000000000000000000, 0.9238795325112867385, 1.000000000000000000, 0.9238795325112867385, 1.000000000000000000, 0.9238795325112867385, 1.000000000000000000, 0.9238795325112867385, 1.000000000000000000, 0.9238795325112867385, 1.000000000000000000, 0.9238795325112867385, 1.000000000000000000, 0.9238795325112867385, 1.000000000000000000, 0.9238795325112867385, 1.000000000000000000, 0.9238795325112867385, 1.000000000000000000, 0.9238795325112867385, 1.000000000000000000, 0.9238795325112867385, 1.000000000000000000, 0.9238795325112867385, 1.000000000000000000, 0.9238795325112867385, 1.000000000000000000, 0.9238795325112867385, 1.000000000000000000, 0.9238795325112867385, 1.000000000000000000, 0.9238795325112867385, 1.000000000000000000, 0.9238795325112867385, 1.000000000000000000, 0.9238795325112867385, 1.000000000000000000, 0.9238795325112867385, 1.000000000000000000, 0.9238795325112867385, 1.000000000000000000, 0.9238795325112867385, 1.000000000000000000, 0.9238795325112867385, 1.000000000000000000, 0.9238795325112867385, 1.000000000000000000, 0.9238795325112867385, 1.000000000000000000, 0.9238795325112867385, 1.000000000000000000, 0.9238795325112867385, 1.000000000000000000, 0.9238795325112867385, 1.000000000000000000, 0.9238795325112867385, 1.000000000000000000, 0.9238795325112867385, 1.000000000000000000, 0.9238795325112867385, 1.000000000000000000, 0.9238795325112867385, 1.000000000000000000, 0.9238795325112867385, 1.000000000000000000, 0.9238795325112867385, 1.000000000000000000, 0.9238795325112867385, 1.000000000000000000, 0.9238795325112867385, 1.000000000000000000, 0.9238795325112867385, 1.000000000000000000, 0.9238795325112867385, 1.000000000000000000, 0.9238795325112867385, 1.000000000000000000, 0.9238795325112867385, 1.000000000000000000, 0.9238795325112867385, 1.000000000000000000, 0.9238795325112867385, 1.000000000000000000, 0.9238795325112867385, 1.000000000000000000, 0.9238795325112867385, 1.000000000000000000, 0.9238795325112867385, 1.000000000000000000, 0.9238795325112867385, 1.000000000000000000, 0.9238795325112867385, 1.000000000000000000, 0.9238795325112867385, 1.000000000000000000, 0.9238795325112867385, 1.000000000000000000, 0.9238795325112867385, 1.000000000000000000, 0.9238795325112867385, 1.000000000000000000, 0.9238795325112867385, 1.000000000000000000, 0.9818291899868194506, 0.9723335325949509222) ) ) 
 REPRESENTATION_ITEM ( '' )  SURFACE ( )  );
#7018 = CARTESIAN_POINT ( 'NONE',  ( 22.48792721456252508, 26.50396456883009577, 1.106876871683907027 ) ) ;
#7019 = CARTESIAN_POINT ( 'NONE',  ( 27.97280068543273046, 23.13228586555285204, 1.869376325544945594 ) ) ;
#7020 = DIRECTION ( 'NONE',  ( 0.6123724356957942483, 0.6123724356957963577, -0.4999999999999978906 ) ) ;
#7021 = ADVANCED_FACE ( 'NONE', ( #6528 ), #7202, .T. ) ;
#7022 = CARTESIAN_POINT ( 'NONE',  ( 32.04574102289293336, 28.59702752872674480, 0.6445964152047751750 ) ) ;
#7023 = EDGE_CURVE ( 'NONE', #4334, #7958, #5288, .T. ) ;
#7024 = VECTOR ( 'NONE', #3312, 1000.000000000000000 ) ;
#7025 = CARTESIAN_POINT ( 'NONE',  ( -3.838536586274745588, 2.888955154664822889, 63.63499850253568013 ) ) ;
#7026 = EDGE_CURVE ( 'NONE', #2018, #8481, #1593, .T. ) ;
#7027 = AXIS2_PLACEMENT_3D ( 'NONE', #7227, #1151, #3859 ) ;
#7028 = FACE_OUTER_BOUND ( 'NONE', #6058, .T. ) ;
#7029 = CARTESIAN_POINT ( 'NONE',  ( 3.438882624273450261, -29.10686036934614762, 0.3234007181717656332 ) ) ;
#7030 = CARTESIAN_POINT ( 'NONE',  ( 28.65041968865153166, 27.82038539987996018, 4.273825085735088791 ) ) ;
#7031 = ORIENTED_EDGE ( 'NONE', *, *, #7520, .F. ) ;
#7032 = CARTESIAN_POINT ( 'NONE',  ( 29.60990421973593101, 26.66909912585703424, 2.133916884747150799 ) ) ;
#7033 = CYLINDRICAL_SURFACE ( 'NONE', #5454, 0.1270000000000011953 ) ;
#7034 = CIRCLE ( 'NONE', #1658, 1.999999999999997780 ) ;
#7035 = CARTESIAN_POINT ( 'NONE',  ( 24.76353071311738319, 21.47028076124514939, 2.841050132732279465 ) ) ;
#7036 = AXIS2_PLACEMENT_3D ( 'NONE', #138, #3012, #5537 ) ;
#7037 = CARTESIAN_POINT ( 'NONE',  ( -29.11578114363755532, -3.411726699681084440, 0.3388519524870106658 ) ) ;
#7038 = VERTEX_POINT ( 'NONE', #3299 ) ;
#7039 = CARTESIAN_POINT ( 'NONE',  ( 29.18423982702416097, 33.60398967955157445, 0.6425798361569534656 ) ) ;
#7040 = CIRCLE ( 'NONE', #4201, 5.100000000000000533 ) ;
#7041 = CARTESIAN_POINT ( 'NONE',  ( 54.32066644360193663, 49.93981447026727949, -18.34226454171595222 ) ) ;
#7042 = ORIENTED_EDGE ( 'NONE', *, *, #1624, .T. ) ;
#7043 = FACE_OUTER_BOUND ( 'NONE', #7206, .T. ) ;
#7044 = CARTESIAN_POINT ( 'NONE',  ( 51.88409695360144980, 51.88409695360142138, -18.94519052838326800 ) ) ;
#7045 = CARTESIAN_POINT ( 'NONE',  ( 3.571078382706458942, -1.436829791770927400, 55.34375000429725588 ) ) ;
#7046 = CARTESIAN_POINT ( 'NONE',  ( -11.26540322416676254, -6.257495049690469990, 58.71875000429725588 ) ) ;
#7047 = CARTESIAN_POINT ( 'NONE',  ( 31.90874717084476231, 27.43273246555247979, -3.739189288058315075 ) ) ;
#7048 = CARTESIAN_POINT ( 'NONE',  ( 54.32066644360193663, 49.93981447026727949, -18.34226454171595222 ) ) ;
#7049 = LINE ( 'NONE', #3760, #1744 ) ;
#7050 = ORIENTED_EDGE ( 'NONE', *, *, #5611, .T. ) ;
#7051 = DIRECTION ( 'NONE',  ( 1.000000000000000000, 0.000000000000000000, -0.000000000000000000 ) ) ;
#7052 = CARTESIAN_POINT ( 'NONE',  ( 51.88409695360144980, 51.88409695360142138, -18.94519052838326800 ) ) ;
#7053 = CARTESIAN_POINT ( 'NONE',  ( 23.96356735462853749, 21.15532994950173418, 3.546884246279413677 ) ) ;
#7054 = EDGE_CURVE ( 'NONE', #5382, #4272, #7315, .T. ) ;
#7055 = CARTESIAN_POINT ( 'NONE',  ( 21.74821687281547966, 20.91818258404359554, 9.909450085736411395 ) ) ;
#7056 = CARTESIAN_POINT ( 'NONE',  ( 23.91157267946188014, 20.11764358033478928, 3.482302975779193233 ) ) ;
#7057 = CARTESIAN_POINT ( 'NONE',  ( 2.787913931746929475, -8.667827467834110067, 56.93125000429726867 ) ) ;
#7058 = ORIENTED_EDGE ( 'NONE', *, *, #5706, .T. ) ;
#7059 = DIRECTION ( 'NONE',  ( -0.1096376317177409770, 0.8660254037844398178, -0.4878315177510806344 ) ) ;
#7060 = CARTESIAN_POINT ( 'NONE',  ( 18.67737933673248918, 22.47525426735138510, 8.463385249909185504 ) ) ;
#7061 = CARTESIAN_POINT ( 'NONE',  ( -14.36178466311282165, -3.847162523967251335, 55.33125000429724594 ) ) ;
#7062 = CARTESIAN_POINT ( 'NONE',  ( 22.98219576428975941, 25.40972427818477541, 0.5308145590145890713 ) ) ;
#7063 = CARTESIAN_POINT ( 'NONE',  ( 27.39892426691229588, 22.97064817983845231, 3.667309198547158644 ) ) ;
#7064 = DIRECTION ( 'NONE',  ( 0.6123724356957942483, 0.6123724356957963577, -0.4999999999999978906 ) ) ;
#7065 = VERTEX_POINT ( 'NONE', #1167 ) ;
#7066 = CARTESIAN_POINT ( 'NONE',  ( -3.829903666182896238, 2.890616727583967815, 63.63407469185624876 ) ) ;
#7067 =( BOUNDED_CURVE ( )  B_SPLINE_CURVE ( 2, ( #3774, #5798, #7098, #8509, #7188, #447, #5181, #3148, #5839, #8558, #7899 ),
 .UNSPECIFIED., .F., .T. ) 
 B_SPLINE_CURVE_WITH_KNOTS ( ( 3, 2, 2, 2, 2, 3 ),
 ( 0.1097424350354115341, 0.1112893626051625479, 0.1134491566455116118, 0.1156089506858606619, 0.1177687447262097259, 0.1183816111967891244 ),
 .UNSPECIFIED. ) 
 CURVE ( )  GEOMETRIC_REPRESENTATION_ITEM ( )  RATIONAL_B_SPLINE_CURVE ( ( 0.9690584114093667711, 0.9454795931552824051, 1.000000000000000000, 0.9238795325112867385, 1.000000000000000000, 0.9238795325112867385, 1.000000000000000000, 0.9238795325112867385, 1.000000000000000000, 0.9783999393566610303, 0.9690584114099347612 ) ) 
 REPRESENTATION_ITEM ( '' )  );
#7068 = CARTESIAN_POINT ( 'NONE',  ( 30.39833724314572194, 26.01748526981099374, 1.190235458283964043 ) ) ;
#7069 = CARTESIAN_POINT ( 'NONE',  ( 28.60729906282485047, 33.69795447379459574, 0.02439959178641689860 ) ) ;
#7070 = ORIENTED_EDGE ( 'NONE', *, *, #1169, .F. ) ;
#7071 = CARTESIAN_POINT ( 'NONE',  ( 29.67213798856234774, 27.60020457162316987, -2.364496006628495017 ) ) ;
#7072 = LINE ( 'NONE', #7779, #8566 ) ;
#7073 = ORIENTED_EDGE ( 'NONE', *, *, #4964, .T. ) ;
#7074 = EDGE_CURVE ( 'NONE', #4498, #6144, #1929, .T. ) ;
#7075 = CARTESIAN_POINT ( 'NONE',  ( 21.96687032259275085, 24.05147502240847857, 1.942159095838428051 ) ) ;
#7076 = CARTESIAN_POINT ( 'NONE',  ( 33.62956572381940390, 30.23328776381734073, 1.726948451617638103 ) ) ;
#7077 = ORIENTED_EDGE ( 'NONE', *, *, #6167, .F. ) ;
#7078 =( BOUNDED_CURVE ( )  B_SPLINE_CURVE ( 2, ( #5526, #7661, #6375, #303, #3628, #5487, #7527, #7575, #884, #3581, #844 ),
 .UNSPECIFIED., .F., .F. ) 
 B_SPLINE_CURVE_WITH_KNOTS ( ( 3, 2, 2, 2, 2, 3 ),
 ( 0.3162912474196022394, 0.3186559268718665017, 0.3269892602051998054, 0.3353225935385331091, 0.3436559268718664129, 0.3496245807529355654 ),
 .UNSPECIFIED. ) 
 CURVE ( )  GEOMETRIC_REPRESENTATION_ITEM ( )  RATIONAL_B_SPLINE_CURVE ( ( 0.9690584114092966050, 0.9783999393559230651, 1.000000000000000000, 0.9238795325112867385, 1.000000000000000000, 0.9238795325112867385, 1.000000000000000000, 0.9238795325112867385, 1.000000000000000000, 0.9454795931553637844, 0.9690584114092966050 ) ) 
 REPRESENTATION_ITEM ( '' )  );
#7079 = DIRECTION ( 'NONE',  ( -0.7071067811865492381, 0.7071067811865457964, 0.000000000000000000 ) ) ;
#7080 = CARTESIAN_POINT ( 'NONE',  ( 19.69971607610195363, 21.66142984675682115, 9.344793312025236887 ) ) ;
#7081 = ORIENTED_EDGE ( 'NONE', *, *, #7756, .T. ) ;
#7082 = EDGE_LOOP ( 'NONE', ( #6316, #1022, #5162, #4191 ) ) ;
#7083 = CARTESIAN_POINT ( 'NONE',  ( -2.837723316695112796, 4.219867013576950043, 62.55602451618469217 ) ) ;
#7084 = FACE_OUTER_BOUND ( 'NONE', #4809, .T. ) ;
#7085 = ADVANCED_FACE ( 'NONE', ( #2688 ), #6802, .F. ) ;
#7086 = CARTESIAN_POINT ( 'NONE',  ( 3.571078430037629481, -6.257494904020105331, 59.81875000429725731 ) ) ;
#7087 = CARTESIAN_POINT ( 'NONE',  ( 31.84928806149924796, 27.44003246865607792, -3.630900984396740139 ) ) ;
#7088 = EDGE_LOOP ( 'NONE', ( #4826, #2344, #8678, #3230, #7031, #2605 ) ) ;
#7089 = CARTESIAN_POINT ( 'NONE',  ( 4.845679478238209548, -29.56093027364104131, 12.97000886482662274 ) ) ;
#7090 = LINE ( 'NONE', #6504, #3156 ) ;
#7091 = EDGE_CURVE ( 'NONE', #4819, #8094, #2842, .T. ) ;
#7092 = CARTESIAN_POINT ( 'NONE',  ( 19.79578132314182426, 19.79578132314167505, 7.254809471616630034 ) ) ;
#7093 = CARTESIAN_POINT ( 'NONE',  ( 25.06719270452680348, 25.68157775927168629, -0.1942074748317786925 ) ) ;
#7094 = PLANE ( 'NONE',  #3357 ) ;
#7095 = CARTESIAN_POINT ( 'NONE',  ( 20.15992467951722489, 17.85885359057369826, 5.328349873074078147 ) ) ;
#7096 = CARTESIAN_POINT ( 'NONE',  ( -6.381535974763376196, -11.64716244561416225, 61.88125000429725020 ) ) ;
#7097 = ORIENTED_EDGE ( 'NONE', *, *, #8169, .T. ) ;
#7098 = CARTESIAN_POINT ( 'NONE',  ( 23.67915260115363196, 26.97240255302569523, 4.441659047710591501 ) ) ;
#7099 = CARTESIAN_POINT ( 'NONE',  ( 31.16887919435221477, 32.11407024715149561, 1.016713945216983550 ) ) ;
#7100 = CARTESIAN_POINT ( 'NONE',  ( 5.663402711880920926, -0.7569923836028872310, 62.34375000429726299 ) ) ;
#7101 = CARTESIAN_POINT ( 'NONE',  ( 29.08527623526781625, 25.06923888100001463, 3.619773321549375478 ) ) ;
#7102 = CARTESIAN_POINT ( 'NONE',  ( 23.83281935074844071, 26.26034786464346027, -0.1637166909854020913 ) ) ;
#7103 = CARTESIAN_POINT ( 'NONE',  ( 26.99286075877256508, 30.89043333667279967, 0.7097994722776163057 ) ) ;
#7104 = EDGE_CURVE ( 'NONE', #420, #1041, #5922, .T. ) ;
#7105 = CARTESIAN_POINT ( 'NONE',  ( 31.83250337761742088, 27.93493079971698734, -0.6287518047521988285 ) ) ;
#7106 = CARTESIAN_POINT ( 'NONE',  ( 26.01126888397829262, 30.39212085731281121, -0.4124915150506560657 ) ) ;
#7107 = DIRECTION ( 'NONE',  ( 0.000000000000000000, 0.000000000000000000, 1.000000000000000000 ) ) ;
#7108 = CARTESIAN_POINT ( 'NONE',  ( 4.724090619936204050, -29.80417450457917639, 1.531184229231303817 ) ) ;
#7109 = EDGE_LOOP ( 'NONE', ( #5910, #2515, #4077, #4704 ) ) ;
#7110 = ORIENTED_EDGE ( 'NONE', *, *, #7467, .T. ) ;
#7111 = CARTESIAN_POINT ( 'NONE',  ( 27.26662749975807287, 30.81116889307224227, 0.2094794440459438467 ) ) ;
#7112 = CARTESIAN_POINT ( 'NONE',  ( 27.86406520444333879, 23.07538932162607992, 1.944331852490656765 ) ) ;
#7113 = VERTEX_POINT ( 'NONE', #8087 ) ;
#7114 = DIRECTION ( 'NONE',  ( 0.6123724356957943593, 0.6123724356957964687, -0.4999999999999978351 ) ) ;
#7115 = DIRECTION ( 'NONE',  ( 0.4999999999999976685, 0.000000000000000000, -0.8660254037844399289 ) ) ;
#7116 = EDGE_CURVE ( 'NONE', #7124, #2602, #2220, .T. ) ;
#7117 = EDGE_CURVE ( 'NONE', #6003, #7135, #5336, .T. ) ;
#7118 =( BOUNDED_CURVE ( )  B_SPLINE_CURVE ( 2, ( #5168, #1852, #436, #5830, #4549 ),
 .UNSPECIFIED., .F., .T. ) 
 B_SPLINE_CURVE_WITH_KNOTS ( ( 3, 2, 3 ),
 ( 0.2558883748418183113, 0.2640366022921155076, 0.2800358035506552712 ),
 .UNSPECIFIED. ) 
 CURVE ( )  GEOMETRIC_REPRESENTATION_ITEM ( )  RATIONAL_B_SPLINE_CURVE ( ( 0.9814209741088143479, 0.9875367977679078146, 1.000000000000000000, 0.9755282627966095355, 0.9755282581475777093 ) ) 
 REPRESENTATION_ITEM ( '' )  );
#7119 = ORIENTED_EDGE ( 'NONE', *, *, #3818, .F. ) ;
#7120 = CARTESIAN_POINT ( 'NONE',  ( 51.88409695360144980, 51.88409695360142138, -18.94519052838326800 ) ) ;
#7121 = CARTESIAN_POINT ( 'NONE',  ( 31.27326436064610604, 26.89241238731139561, 0.4758604582840259001 ) ) ;
#7122 = B_SPLINE_CURVE_WITH_KNOTS ( 'NONE', 3,
 ( #4945, #5037, #978, #265, #5624, #7579, #3584, #8291, #8335, #1683, #6337, #2266 ),
 .UNSPECIFIED., .F., .F.,
 ( 4, 2, 1, 2, 2, 1, 4 ),
 ( 0.000000000000000000, 0.3653281631281399267, 0.4566602039101747001, 0.4794932141056831854, 0.5023262243011914485, 0.5479922446922073087, 0.7306563262562700833 ),
 .UNSPECIFIED. ) ;
#7123 = CARTESIAN_POINT ( 'NONE',  ( 20.94992950546060939, 18.14169210033379542, 6.007509246279401083 ) ) ;
#7124 = VERTEX_POINT ( 'NONE', #3477 ) ;
#7125 = CARTESIAN_POINT ( 'NONE',  ( 23.82255159632936170, 17.16565024103680059, 1.441592920882960760 ) ) ;
#7126 = DIRECTION ( 'NONE',  ( 0.1898979485566344716, 0.4999999999999979461, 0.8449489742783192758 ) ) ;
#7127 = CARTESIAN_POINT ( 'NONE',  ( 3.952837579269846469, -3.847162420730697363, 59.95624999992848103 ) ) ;
#7128 = EDGE_CURVE ( 'NONE', #5246, #491, #6043, .T. ) ;
#7129 = CARTESIAN_POINT ( 'NONE',  ( 22.03356513692656549, 20.17701963179078106, 9.564996929563616135 ) ) ;
#7130 = CARTESIAN_POINT ( 'NONE',  ( 49.44752746360097007, 53.82837943693556326, -19.54811651505058379 ) ) ;
#7131 = EDGE_CURVE ( 'NONE', #8329, #1109, #105, .T. ) ;
#7132 = AXIS2_PLACEMENT_3D ( 'NONE', #2222, #7442, #6203 ) ;
#7133 = CARTESIAN_POINT ( 'NONE',  ( 1.757669868907226762, -60.20863374002504997, -1.806747598319797365 ) ) ;
#7134 = EDGE_CURVE ( 'NONE', #7831, #1285, #4706, .T. ) ;
#7135 = VERTEX_POINT ( 'NONE', #5510 ) ;
#7136 = CARTESIAN_POINT ( 'NONE',  ( 23.82509860607173735, 27.06777184966815142, 2.046028251266041043 ) ) ;
#7137 = CARTESIAN_POINT ( 'NONE',  ( 28.54139718407431303, 25.09268368990839448, 3.505881177995028519 ) ) ;
#7138 = AXIS2_PLACEMENT_3D ( 'NONE', #4875, #7594, #1609 ) ;
#7139 = AXIS2_PLACEMENT_3D ( 'NONE', #1717, #6459, #977 ) ;
#7140 = CARTESIAN_POINT ( 'NONE',  ( -3.847162497313595608, 3.952837579269299795, 63.39375000429725304 ) ) ;
#7141 = ORIENTED_EDGE ( 'NONE', *, *, #317, .T. ) ;
#7142 = CIRCLE ( 'NONE', #4306, 3.174999999999995826 ) ;
#7143 = CARTESIAN_POINT ( 'NONE',  ( 26.50977227647743106, 22.12892030314268865, 4.365235458283954095 ) ) ;
#7144 = CARTESIAN_POINT ( 'NONE',  ( -1.564611923992812015, 3.685142812599367268, 62.88862760931610296 ) ) ;
#7145 = CARTESIAN_POINT ( 'NONE',  ( -3.847162322546356261, -13.84716242073069736, 61.51875000429725304 ) ) ;
#7146 = CARTESIAN_POINT ( 'NONE',  ( 28.92045526735261163, 29.75947494087508005, -4.490247753654697860 ) ) ;
#7147 = CARTESIAN_POINT ( 'NONE',  ( 26.44457007457626574, 30.27956966095315394, 2.242532895391613490 ) ) ;
#7148 = LINE ( 'NONE', #5186, #1087 ) ;
#7149 = DIRECTION ( 'NONE',  ( -0.7674234614174771929, 0.6123724356957942483, -0.1898979485566349434 ) ) ;
#7150 = AXIS2_PLACEMENT_3D ( 'NONE', #5772, #8357, #6271 ) ;
#7151 = CYLINDRICAL_SURFACE ( 'NONE', #339, 3.174999999999992273 ) ;
#7152 = DIRECTION ( 'NONE',  ( -1.000000000000000000, -1.449435587473489784E-16, 0.000000000000000000 ) ) ;
#7153 = CARTESIAN_POINT ( 'NONE',  ( -1.999999999999853451, -28.74045774387837326, 0.000000000000000000 ) ) ;
#7154 = ORIENTED_EDGE ( 'NONE', *, *, #1439, .F. ) ;
#7155 = CARTESIAN_POINT ( 'NONE',  ( 23.04980260803825942, 20.62227409414299828, 8.720210634218677370 ) ) ;
#7156 = CARTESIAN_POINT ( 'NONE',  ( 23.12271320116328255, 20.69518468726802141, 8.660679384218681776 ) ) ;
#7157 = VERTEX_POINT ( 'NONE', #2774 ) ;
#7158 = AXIS2_PLACEMENT_3D ( 'NONE', #3801, #3179, #6500 ) ;
#7159 = CARTESIAN_POINT ( 'NONE',  ( 31.00820374363151899, 27.21427464450444234, -2.312072024220785504 ) ) ;
#7160 = CARTESIAN_POINT ( 'NONE',  ( 22.04070743126237986, 21.18606617748434928, 2.665834979900825630 ) ) ;
#7161 = ORIENTED_EDGE ( 'NONE', *, *, #3017, .T. ) ;
#7162 = CARTESIAN_POINT ( 'NONE',  ( 18.58925880642949480, 22.83189949353515047, 0.1681342116056830371 ) ) ;
#7163 = CARTESIAN_POINT ( 'NONE',  ( -3.847162322546356261, -13.84716242073069736, 56.01875000429725304 ) ) ;
#7164 = CARTESIAN_POINT ( 'NONE',  ( 20.10888012424932825, 15.86623943712989160, 15.00000000000000000 ) ) ;
#7165 = ORIENTED_EDGE ( 'NONE', *, *, #6597, .F. ) ;
#7166 = CONICAL_SURFACE ( 'NONE', #8301, 4.041115254481123742, 0.1745329251994329756 ) ;
#7167 = CARTESIAN_POINT ( 'NONE',  ( 25.46699866612919649, 21.67306956700211273, 2.212302975779199876 ) ) ;
#7168 = VERTEX_POINT ( 'NONE', #1397 ) ;
#7169 = AXIS2_PLACEMENT_3D ( 'NONE', #532, #3190, #8501 ) ;
#7170 = CARTESIAN_POINT ( 'NONE',  ( -4.072259168496076498, 3.954441792758331520, 62.54637113588714925 ) ) ;
#7171 = CARTESIAN_POINT ( 'NONE',  ( -4.999999999999857891, -29.58039891549810108, 12.20194303699853933 ) ) ;
#7172 = CARTESIAN_POINT ( 'NONE',  ( 19.79578132314182426, 19.79578132314167505, 7.254809471616630034 ) ) ;
#7173 = CARTESIAN_POINT ( 'NONE',  ( 23.28566073566980776, 26.57891068754179287, 4.762943810500998687 ) ) ;
#7174 = LINE ( 'NONE', #3938, #4858 ) ;
#7175 = VECTOR ( 'NONE', #4870, 999.9999999999998863 ) ;
#7176 = CARTESIAN_POINT ( 'NONE',  ( -11.38469804155281473, -10.43575127793856794, 54.99999999999998579 ) ) ;
#7177 = ORIENTED_EDGE ( 'NONE', *, *, #198, .T. ) ;
#7178 = DIRECTION ( 'NONE',  ( 1.000000000000000000, 0.000000000000000000, 0.000000000000000000 ) ) ;
#7179 = ORIENTED_EDGE ( 'NONE', *, *, #6451, .T. ) ;
#7180 = CARTESIAN_POINT ( 'NONE',  ( 25.15155940459701256, 24.29691815081899264, 0.1258349799008355863 ) ) ;
#7181 = CARTESIAN_POINT ( 'NONE',  ( 25.49598374720726213, 27.27357882151903823, -0.4180027081728127092 ) ) ;
#7182 = DIRECTION ( 'NONE',  ( 1.000000000000000000, 0.000000000000000000, 0.000000000000000000 ) ) ;
#7183 = EDGE_CURVE ( 'NONE', #1217, #7124, #4103, .T. ) ;
#7184 = DIRECTION ( 'NONE',  ( -0.8660254037844399289, -1.255248039901265127E-16, -0.4999999999999980571 ) ) ;
#7185 = EDGE_CURVE ( 'NONE', #8083, #4248, #1257, .T. ) ;
#7186 = CARTESIAN_POINT ( 'NONE',  ( -0.5979653602172937399, -13.84716238882884909, 58.90625000429725588 ) ) ;
#7187 = ORIENTED_EDGE ( 'NONE', *, *, #3073, .F. ) ;
#7188 = CARTESIAN_POINT ( 'NONE',  ( 25.42519927252455503, 26.27984052630236178, 5.414408963332524749 ) ) ;
#7189 = CARTESIAN_POINT ( 'NONE',  ( 29.36380047029206608, 32.39581225047592739, 0.2277858709093137646 ) ) ;
#7190 = CARTESIAN_POINT ( 'NONE',  ( 4.659345723471169265, -10.02750222470952046, 61.93125000429726157 ) ) ;
#7191 = CARTESIAN_POINT ( 'NONE',  ( 32.38235852804216819, 29.95483001414693547, 1.100210634218709682 ) ) ;
#7192 = CARTESIAN_POINT ( 'NONE',  ( 29.93589982172649400, 25.91986246745869948, 2.925242071549388534 ) ) ;
#7193 = CARTESIAN_POINT ( 'NONE',  ( 29.62062424981206377, 25.23977227647733201, 1.825235458283960721 ) ) ;
#7194 = EDGE_CURVE ( 'NONE', #5852, #3478, #8769, .T. ) ;
#7195 = CARTESIAN_POINT ( 'NONE',  ( 20.37091300180273379, 21.20094729057406724, 2.536418857498199841 ) ) ;
#7196 = CARTESIAN_POINT ( 'NONE',  ( 2.072265610947310321, -28.92014487765356989, 4.226589661244805131E-15 ) ) ;
#7197 = CARTESIAN_POINT ( 'NONE',  ( 49.44752746360097007, 53.82837943693556326, -19.54811651505058379 ) ) ;
#7198 = CARTESIAN_POINT ( 'NONE',  ( 21.09844742370984960, 23.92793177658394654, 8.315135673094829372 ) ) ;
#7199 = CARTESIAN_POINT ( 'NONE',  ( 20.89981897400229016, 17.06481938762516037, 5.936929797841668410 ) ) ;
#7200 = EDGE_CURVE ( 'NONE', #255, #8152, #8134, .T. ) ;
#7201 = CARTESIAN_POINT ( 'NONE',  ( 27.67191272252897249, 31.26633472849289674, -4.304437535353041078 ) ) ;
#7202 = PLANE ( 'NONE',  #4575 ) ;
#7203 = CARTESIAN_POINT ( 'NONE',  ( 4.209887160169225595, -29.48081491318177072, 0.9711089878162828537 ) ) ;
#7204 = CARTESIAN_POINT ( 'NONE',  ( -9.725014864222524480, -11.93733242219115631, 55.74375000429726157 ) ) ;
#7205 = CARTESIAN_POINT ( 'NONE',  ( 3.952837579269842028, -3.847162628651521921, 60.70624633536703385 ) ) ;
#7206 = EDGE_LOOP ( 'NONE', ( #8325, #5812, #6044 ) ) ;
#7207 = VERTEX_POINT ( 'NONE', #5156 ) ;
#7208 = CARTESIAN_POINT ( 'NONE',  ( 22.33798993569643443, 18.79344854238203055, 6.124514499187349692 ) ) ;
#7209 = CARTESIAN_POINT ( 'NONE',  ( 21.37084855147621099, 22.35542256480875167, 9.143772464950288281 ) ) ;
#7210 = CARTESIAN_POINT ( 'NONE',  ( -4.096453040416360381, 3.949240110046946750, 62.54671489947233454 ) ) ;
#7211 = LINE ( 'NONE', #524, #3504 ) ;
#7212 = CARTESIAN_POINT ( 'NONE',  ( 30.19720418444430621, 25.40852830162706155, 0.03933185249065327543 ) ) ;
#7213 = EDGE_CURVE ( 'NONE', #8231, #1810, #7934, .T. ) ;
#7214 = CARTESIAN_POINT ( 'NONE',  ( 4.659345723471169265, -10.02750222470952046, 58.18125000429730420 ) ) ;
#7215 = ORIENTED_EDGE ( 'NONE', *, *, #901, .T. ) ;
#7216 = CARTESIAN_POINT ( 'NONE',  ( 3.326633663572216459, -29.36974732108716069, 14.69777123777461192 ) ) ;
#7217 = DIRECTION ( 'NONE',  ( 0.6123724356957943593, 0.6123724356957963577, -0.4999999999999978906 ) ) ;
#7218 = VERTEX_POINT ( 'NONE', #5201 ) ;
#7219 = CARTESIAN_POINT ( 'NONE',  ( 17.30753246843470805, 24.37860028030002724, 12.40495596032186043 ) ) ;
#7220 = CARTESIAN_POINT ( 'NONE',  ( 25.92477478988772077, 28.86557988376640438, -0.6417979415138431731 ) ) ;
#7221 = CARTESIAN_POINT ( 'NONE',  ( 25.66245675243317592, 28.09223516545474908, 4.288598935451151561 ) ) ;
#7222 = CARTESIAN_POINT ( 'NONE',  ( 2.000000000000150546, -61.82911022146227253, 0.9999999999998898659 ) ) ;
#7223 = CARTESIAN_POINT ( 'NONE',  ( -9.725015023087241417, 4.243007465307788273, 57.66875000429725873 ) ) ;
#7224 = CARTESIAN_POINT ( 'NONE',  ( 17.59779701736031043, 21.66395546456422849, 6.361975239311475683 ) ) ;
#7225 = ORIENTED_EDGE ( 'NONE', *, *, #3297, .T. ) ;
#7226 = EDGE_CURVE ( 'NONE', #4160, #5748, #2168, .T. ) ;
#7227 = CARTESIAN_POINT ( 'NONE',  ( 5.898059818321144121E-14, -2.428612866367529932E-14, 0.000000000000000000 ) ) ;
#7228 = CARTESIAN_POINT ( 'NONE',  ( -0.5979655565848825960, 6.152837611171149135, 53.50625000429725020 ) ) ;
#7229 = CARTESIAN_POINT ( 'NONE',  ( 31.71489028754848860, 27.87989070117139789, -2.893538952158297484 ) ) ;
#7230 = CARTESIAN_POINT ( 'NONE',  ( 29.38109712924502404, 26.55161277637069617, -2.695516729861535676 ) ) ;
#7231 = CARTESIAN_POINT ( 'NONE',  ( 25.07647344513874543, 27.87565576057557948, 5.044344844165684627 ) ) ;
#7232 = CARTESIAN_POINT ( 'NONE',  ( -37.13369146610119031, -4.010889692352506586, 14.22628000152508321 ) ) ;
#7233 = EDGE_CURVE ( 'NONE', #6959, #8329, #4317, .T. ) ;
#7234 = CARTESIAN_POINT ( 'NONE',  ( 28.22953136670865604, 32.12710394460880536, -1.222495945241319104 ) ) ;
#7235 = CARTESIAN_POINT ( 'NONE',  ( -74.29263897105740000, 179.3582965884160103, 20.00000000000000000 ) ) ;
#7236 = CARTESIAN_POINT ( 'NONE',  ( -29.01780169327654235, 3.095389771147186053, 0.1691465663640473183 ) ) ;
#7237 = EDGE_CURVE ( 'NONE', #7641, #3053, #6016, .T. ) ;
#7238 = ORIENTED_EDGE ( 'NONE', *, *, #3610, .T. ) ;
#7239 = CARTESIAN_POINT ( 'NONE',  ( 18.59452954811465730, 22.42952913449151353, 8.652064145391582528 ) ) ;
#7240 = CARTESIAN_POINT ( 'NONE',  ( 20.39364502350121100, 23.22312937637531149, 8.890604423094831787 ) ) ;
#7241 = ORIENTED_EDGE ( 'NONE', *, *, #2746, .F. ) ;
#7242 = CARTESIAN_POINT ( 'NONE',  ( 22.02355311263675119, 22.85358740140809175, 1.187043857498209176 ) ) ;
#7243 =( BOUNDED_CURVE ( )  B_SPLINE_CURVE ( 2, ( #1415, #6645, #751, #7574, #6240, #1509, #1460, #4336, #6869 ),
 .UNSPECIFIED., .F., .T. ) 
 B_SPLINE_CURVE_WITH_KNOTS ( ( 3, 2, 2, 2, 3 ),
 ( 0.07551140447221806051, 0.07799850352711151791, 0.08048560258200496142, 0.08297270163689841882, 0.08545980069179186234 ),
 .UNSPECIFIED. ) 
 CURVE ( )  GEOMETRIC_REPRESENTATION_ITEM ( )  RATIONAL_B_SPLINE_CURVE ( ( 0.9999999999999964473, 0.9238795325112901802, 1.000000000000000000, 0.9238795325112866275, 1.000000000000000000, 0.9238795325112866275, 1.000000000000000000, 0.9238795325109702139, 1.000000000000316414 ) ) 
 REPRESENTATION_ITEM ( '' )  );
#7244 = CARTESIAN_POINT ( 'NONE',  ( 23.59232585429984752, 20.29907590242762438, 3.797334895522731735 ) ) ;
#7245 = DIRECTION ( 'NONE',  ( -1.000000000000000000, -1.700709290173340163E-16, 0.000000000000000000 ) ) ;
#7246 = EDGE_CURVE ( 'NONE', #4104, #4413, #4015, .T. ) ;
#7247 = CARTESIAN_POINT ( 'NONE',  ( -29.24905395862508328, -3.771903055660138726, 0.5696872393131355850 ) ) ;
#7248 = ORIENTED_EDGE ( 'NONE', *, *, #6213, .T. ) ;
#7249 = VERTEX_POINT ( 'NONE', #8528 ) ;
#7250 = CARTESIAN_POINT ( 'NONE',  ( 22.05355485535887539, 22.66793991010374398, 2.266417525168215263 ) ) ;
#7251 = CARTESIAN_POINT ( 'NONE',  ( 33.50822777177577194, 29.91380576581165229, 1.187056478585107877 ) ) ;
#7252 = ORIENTED_EDGE ( 'NONE', *, *, #8102, .T. ) ;
#7253 = CARTESIAN_POINT ( 'NONE',  ( 2.250922714993098595, 4.101499006612728593, 61.61138422987483665 ) ) ;
#7254 = B_SPLINE_CURVE_WITH_KNOTS ( 'NONE', 3,
 ( #7309, #7971, #1898, #1808, #1949, #2436, #4506, #5119, #1763, #3850, #479, #4593, #1240, #3272, #572, #5966, #8676, #3185, #5304, #3758, #6463, #7176, #5880, #2170, #6816, #32, #6729, #4027, #6776, #5435, #1318, #747, #2032, #4678, #4719, #709 ),
 .UNSPECIFIED., .F., .F.,
 ( 4, 2, 2, 2, 2, 2, 2, 2, 2, 2, 2, 2, 2, 2, 2, 2, 2, 4 ),
 ( 0.000000000000000000, 0.001431452916255258456, 0.002862905832510516911, 0.004294358748765774933, 0.005010085206893402643, 0.005725811665021031220, 0.008588717497531541192, 0.01002017041378679488, 0.01145162333004205203, 0.01288307624629730745, 0.01431452916255256287, 0.01574598207880782003, 0.01717743499506307545, 0.01860888791131833087, 0.01932461436944596031, 0.02004034082757358975, 0.02147179374382885905, 0.02290324666008412488 ),
 .UNSPECIFIED. ) ;
#7255 = CARTESIAN_POINT ( 'NONE',  ( 33.32388062947901375, 29.88981113229360176, 1.185890957161823911 ) ) ;
#7256 = CARTESIAN_POINT ( 'NONE',  ( 22.90041691064381624, 27.28126888397853378, 2.127508484949884426 ) ) ;
#7257 = CARTESIAN_POINT ( 'NONE',  ( -9.725015023087241417, 4.243007465307788273, 59.41875000429730136 ) ) ;
#7258 = ORIENTED_EDGE ( 'NONE', *, *, #2255, .F. ) ;
#7259 = CARTESIAN_POINT ( 'NONE',  ( 18.76614592803477777, 22.77456223548728431, 0.1193281841831764917 ) ) ;
#7260 = LINE ( 'NONE', #3316, #8119 ) ;
#7261 = ORIENTED_EDGE ( 'NONE', *, *, #5756, .T. ) ;
#7262 = CARTESIAN_POINT ( 'NONE',  ( -4.830088410171361701, -29.53234569975861845, 1.996595381271392800 ) ) ;
#7263 = CARTESIAN_POINT ( 'NONE',  ( 26.26933824182828658, 26.99811242292522095, 4.319283183963442241 ) ) ;
#7264 = CARTESIAN_POINT ( 'NONE',  ( 26.41449483281728305, 25.58446054404566894, 6.099450085735251825 ) ) ;
#7265 = CARTESIAN_POINT ( 'NONE',  ( -35.84834810792921900, -4.999999999999998224, 12.00000000000000000 ) ) ;
#7266 = VECTOR ( 'NONE', #4800, 1000.000000000000114 ) ;
#7267 = CARTESIAN_POINT ( 'NONE',  ( -7.096359284875418005, -13.84716245263254208, 55.88125000429726441 ) ) ;
#7268 = VERTEX_POINT ( 'NONE', #8004 ) ;
#7269 = CARTESIAN_POINT ( 'NONE',  ( 18.43549364805382496, 19.30367381008267458, 4.768355924084048070 ) ) ;
#7270 = ORIENTED_EDGE ( 'NONE', *, *, #1960, .T. ) ;
#7271 = CARTESIAN_POINT ( 'NONE',  ( -1.639756144094118406, 3.689220135020019331, 61.62894574959759098 ) ) ;
#7272 = CARTESIAN_POINT ( 'NONE',  ( 5.663402711880920926, -0.7569923836028872310, 58.59375000429725588 ) ) ;
#7273 = AXIS2_PLACEMENT_3D ( 'NONE', #1477, #7014, #6255 ) ;
#7274 = CARTESIAN_POINT ( 'NONE',  ( 26.67754288021075126, 31.10581896728437101, -0.9845652553138530827 ) ) ;
#7275 = CIRCLE ( 'NONE', #6558, 3.250000000000001332 ) ;
#7276 = CARTESIAN_POINT ( 'NONE',  ( 30.30836046060592537, 29.46934078708325444, 2.966116696888022375 ) ) ;
#7277 = EDGE_CURVE ( 'NONE', #1422, #3053, #1488, .T. ) ;
#7278 = PRODUCT_DEFINITION ( 'UNKNOWN', '', #7441, #3144 ) ;
#7279 = LINE ( 'NONE', #7329, #7319 ) ;
#7280 = CARTESIAN_POINT ( 'NONE',  ( 17.84699503419169631, 21.74456761209179589, 7.254809471616630034 ) ) ;
#7281 = VECTOR ( 'NONE', #7916, 1000.000000000000227 ) ;
#7282 = AXIS2_PLACEMENT_3D ( 'NONE', #1494, #7514, #2828 ) ;
#7283 = CARTESIAN_POINT ( 'NONE',  ( 28.85388952341843805, 34.04408143115227148, 0.5452135177496999496 ) ) ;
#7284 = CARTESIAN_POINT ( 'NONE',  ( 32.31814188783922503, 28.07550120071982036, -5.267949192431138350 ) ) ;
#7285 = CARTESIAN_POINT ( 'NONE',  ( -29.48081491318202296, 4.209887160169018649, 0.9711089878162193489 ) ) ;
#7286 = EDGE_LOOP ( 'NONE', ( #5702, #2197, #924, #3786, #6206 ) ) ;
#7287 = CARTESIAN_POINT ( 'NONE',  ( 31.82848404343075543, 31.21409898868567012, 0.5750764180650999036 ) ) ;
#7288 = CARTESIAN_POINT ( 'NONE',  ( 19.07696258152376245, 18.08173024184780076, 4.632352133241847802 ) ) ;
#7289 = VERTEX_POINT ( 'NONE', #3304 ) ;
#7290 = CARTESIAN_POINT ( 'NONE',  ( 30.16656319198471792, 27.36738087654778795, -3.314100900932211324 ) ) ;
#7291 = TOROIDAL_SURFACE ( 'NONE', #5305, 7.049999999999999822, 0.7500000000000000000 ) ;
#7292 = EDGE_CURVE ( 'NONE', #5257, #6835, #1870, .T. ) ;
#7293 = DIRECTION ( 'NONE',  ( -0.000000000000000000, -0.000000000000000000, -1.000000000000000000 ) ) ;
#7294 = EDGE_CURVE ( 'NONE', #1366, #3128, #3324, .T. ) ;
#7295 = DIRECTION ( 'NONE',  ( -0.7674234614174770819, 0.6123724356957943593, -0.1898979485566345826 ) ) ;
#7296 = CARTESIAN_POINT ( 'NONE',  ( 5.663402772561845211, -6.937332271101833925, 62.06875000429725731 ) ) ;
#7297 = ORIENTED_EDGE ( 'NONE', *, *, #8330, .T. ) ;
#7298 = ORIENTED_EDGE ( 'NONE', *, *, #3158, .F. ) ;
#7299 = CARTESIAN_POINT ( 'NONE',  ( 24.82906710342782475, 24.21468204868271812, 6.290076418065075003 ) ) ;
#7300 = DIRECTION ( 'NONE',  ( -0.7674234614174771929, 0.6123724356957942483, -0.1898979485566349434 ) ) ;
#7301 = ORIENTED_EDGE ( 'NONE', *, *, #2797, .F. ) ;
#7302 =( BOUNDED_CURVE ( )  B_SPLINE_CURVE ( 2, ( #585, #627, #5363, #5270, #1383, #5938, #2001, #8073, #2094, #3414, #3953 ),
 .UNSPECIFIED., .F., .T. ) 
 B_SPLINE_CURVE_WITH_KNOTS ( ( 3, 2, 2, 2, 2, 3 ),
 ( 0.1270229207759593359, 0.1285701740662910653, 0.1307304228721865025, 0.1328906716780819119, 0.1350509204839773214, 0.1356639159995408350 ),
 .UNSPECIFIED. ) 
 CURVE ( )  GEOMETRIC_REPRESENTATION_ITEM ( )  RATIONAL_B_SPLINE_CURVE ( ( 0.9690584114094742407, 0.9454795931551581711, 1.000000000000000000, 0.9238795325112867385, 1.000000000000000000, 0.9238795325112867385, 1.000000000000000000, 0.9238795325112867385, 1.000000000000000000, 0.9783999393561336744, 0.9690584114094786816 ) ) 
 REPRESENTATION_ITEM ( '' )  );
#7303 = CARTESIAN_POINT ( 'NONE',  ( 18.91270113930210073, 19.74273542807343773, 3.727043857498185897 ) ) ;
#7304 = FACE_OUTER_BOUND ( 'NONE', #5698, .T. ) ;
#7305 = CIRCLE ( 'NONE', #3480, 183.0000000000000284 ) ;
#7306 = CARTESIAN_POINT ( 'NONE',  ( 20.99617879243122687, 23.42595720545277871, 8.098598935451134295 ) ) ;
#7307 = CARTESIAN_POINT ( 'NONE',  ( 4.659345723471169265, -10.02750222470952046, 55.43125000429729710 ) ) ;
#7308 = VERTEX_POINT ( 'NONE', #6901 ) ;
#7309 = CARTESIAN_POINT ( 'NONE',  ( -11.12937258330438972, 3.006261187080253805, 55.00000000000002842 ) ) ;
#7310 = EDGE_LOOP ( 'NONE', ( #5043, #8376, #123 ) ) ;
#7311 = VECTOR ( 'NONE', #4502, 1000.000000000000227 ) ;
#7312 = DIRECTION ( 'NONE',  ( -0.7674234614174771929, 0.6123724356957942483, -0.1898979485566349434 ) ) ;
#7313 = VECTOR ( 'NONE', #2849, 1000.000000000000000 ) ;
#7314 = ORIENTED_EDGE ( 'NONE', *, *, #5113, .F. ) ;
#7315 =( BOUNDED_CURVE ( )  B_SPLINE_CURVE ( 2, ( #8000, #5953, #1932, #8524, #1267, #7957, #7160, #1743, #7244, #1881, #4489 ),
 .UNSPECIFIED., .F., .T. ) 
 B_SPLINE_CURVE_WITH_KNOTS ( ( 3, 2, 2, 2, 2, 3 ),
 ( 0.7162912474196022616, 0.7186559268718664129, 0.7269892602051997166, 0.7353225935385331313, 0.7436559268718664351, 0.7496245807529355876 ),
 .UNSPECIFIED. ) 
 CURVE ( )  GEOMETRIC_REPRESENTATION_ITEM ( )  RATIONAL_B_SPLINE_CURVE ( ( 0.9690584114092970491, 0.9783999393559237312, 1.000000000000000000, 0.9238795325112867385, 1.000000000000000000, 0.9238795325112867385, 1.000000000000000000, 0.9238795325112867385, 1.000000000000000000, 0.9454795931553637844, 0.9690584114092966050 ) ) 
 REPRESENTATION_ITEM ( '' )  );
#7316 = CARTESIAN_POINT ( 'NONE',  ( 20.45240143336458516, 24.34997401126469541, 5.127504054743097228 ) ) ;
#7317 = CYLINDRICAL_SURFACE ( 'NONE', #3193, 2.756000000000000227 ) ;
#7318 = DIRECTION ( 'NONE',  ( 0.000000000000000000, -0.8660254037844362651, -0.5000000000000039968 ) ) ;
#7319 = VECTOR ( 'NONE', #2451, 999.9999999999998863 ) ;
#7320 = VECTOR ( 'NONE', #7020, 1000.000000000000227 ) ;
#7321 = CARTESIAN_POINT ( 'NONE',  ( 1.757669868907226762, -35.95992243406082878, 12.19325240168031677 ) ) ;
#7322 = CARTESIAN_POINT ( 'NONE',  ( -29.30199762534344643, 2.786895620511926630, 14.92104261649982533 ) ) ;
#7323 = ORIENTED_EDGE ( 'NONE', *, *, #2845, .T. ) ;
#7324 = AXIS2_PLACEMENT_3D ( 'NONE', #5984, #7810, #4434 ) ;
#7325 = EDGE_CURVE ( 'NONE', #7445, #3431, #2337, .T. ) ;
#7326 = CARTESIAN_POINT ( 'NONE',  ( 27.92896961182689353, 31.72289871095376768, 1.026065967454095507 ) ) ;
#7327 = CARTESIAN_POINT ( 'NONE',  ( 31.60464553470849935, 29.17711702081327729, 1.735210634218706360 ) ) ;
#7328 = CARTESIAN_POINT ( 'NONE',  ( 26.66022688047665312, 27.49924655399911799, -2.644779003654697203 ) ) ;
#7329 = CARTESIAN_POINT ( 'NONE',  ( 1.931589702686198784, -53.16885618361779109, -14.00000000000011369 ) ) ;
#7330 = CARTESIAN_POINT ( 'NONE',  ( 27.66061317092346528, 31.25355626747956705, -4.289820320691334565 ) ) ;
#7331 = ORIENTED_EDGE ( 'NONE', *, *, #7185, .T. ) ;
#7332 = CARTESIAN_POINT ( 'NONE',  ( 22.54371888717531291, 18.64614630927734851, 5.679747093457490514 ) ) ;
#7333 = CARTESIAN_POINT ( 'NONE',  ( 22.43419929674624669, 21.57955804296821611, 2.344550217110366042 ) ) ;
#7334 = CARTESIAN_POINT ( 'NONE',  ( -4.999999999999849010, -35.84834810792915505, 12.00000000000000000 ) ) ;
#7335 = VERTEX_POINT ( 'NONE', #3529 ) ;
#7336 = CARTESIAN_POINT ( 'NONE',  ( 20.55947797506605923, 19.56424563539009753, 3.421883383241848708 ) ) ;
#7337 = CARTESIAN_POINT ( 'NONE',  ( 27.68066251191519100, 25.27913133560328873, 4.894982074906177871 ) ) ;
#7338 = CARTESIAN_POINT ( 'NONE',  ( -11.64716242073014918, -3.847162420730699584, 55.83124999992847393 ) ) ;
#7339 = EDGE_LOOP ( 'NONE', ( #3188, #6809, #8274, #2920 ) ) ;
#7340 = CARTESIAN_POINT ( 'NONE',  ( 1.479620088429189018, 3.915861806312193938, 62.76318450094998980 ) ) ;
#7341 = CARTESIAN_POINT ( 'NONE',  ( -14.36178466311282165, -3.847162523967250891, 58.08125000429725304 ) ) ;
#7342 = CARTESIAN_POINT ( 'NONE',  ( 29.47460678982514537, 29.32717940294550374, -4.255999704661667771 ) ) ;
#7343 = ORIENTED_EDGE ( 'NONE', *, *, #1692, .T. ) ;
#7344 = CARTESIAN_POINT ( 'NONE',  ( 19.37149392470469778, 21.14908899901645611, 4.582622291827161298 ) ) ;
#7345 = DIRECTION ( 'NONE',  ( -1.449435587473489784E-16, 1.000000000000000000, 0.000000000000000000 ) ) ;
#7346 = ORIENTED_EDGE ( 'NONE', *, *, #6143, .F. ) ;
#7347 = DIRECTION ( 'NONE',  ( -0.1898979485566345549, -0.4999999999999979461, -0.8449489742783193869 ) ) ;
#7348 = CARTESIAN_POINT ( 'NONE',  ( -4.999999999999849898, -37.58039891549805134, 15.00000000000000000 ) ) ;
#7349 = ORIENTED_EDGE ( 'NONE', *, *, #4323, .T. ) ;
#7350 = CARTESIAN_POINT ( 'NONE',  ( 18.58925880642949480, 22.83189949353515047, 0.1681342116056830371 ) ) ;
#7351 = CYLINDRICAL_SURFACE ( 'NONE', #190, 3.174999999999992273 ) ;
#7352 =( BOUNDED_CURVE ( )  B_SPLINE_CURVE ( 2, ( #3542, #4812, #7703, #6332, #3669, #7526, #4161, #7620, #2840 ),
 .UNSPECIFIED., .F., .T. ) 
 B_SPLINE_CURVE_WITH_KNOTS ( ( 3, 2, 2, 2, 3 ),
 ( 0.2369456948574972799, 0.2500000000000000000, 0.2750000000000000222, 0.2999999999999999889, 0.3124999996125570334 ),
 .UNSPECIFIED. ) 
 CURVE ( )  GEOMETRIC_REPRESENTATION_ITEM ( )  RATIONAL_B_SPLINE_CURVE ( ( 0.9755763800371470840, 0.9744430731591929851, 1.000000000000000000, 0.9510565162951535312, 1.000000000000000000, 0.9510565162951535312, 1.000000000000000000, 0.9755282589060891851, 0.9755282581475768211 ) ) 
 REPRESENTATION_ITEM ( '' )  );
#7353 = ORIENTED_EDGE ( 'NONE', *, *, #120, .F. ) ;
#7354 = EDGE_CURVE ( 'NONE', #2526, #4422, #6724, .T. ) ;
#7355 = CARTESIAN_POINT ( 'NONE',  ( 20.77115681209603082, 24.66872939000388953, 5.789799472270598102 ) ) ;
#7356 = CARTESIAN_POINT ( 'NONE',  ( 27.48020077655503712, 30.42100587043373139, -1.911797941513833088 ) ) ;
#7357 = CARTESIAN_POINT ( 'NONE',  ( -14.36178466311282165, -3.847162523967251335, 59.83125000429725304 ) ) ;
#7358 = CARTESIAN_POINT ( 'NONE',  ( -3.847162518913948226, 6.152837579269300861, 62.89375000429725304 ) ) ;
#7359 = CARTESIAN_POINT ( 'NONE',  ( -29.50266324173414390, 4.383402044150914278, 13.83246786622266100 ) ) ;
#7360 = ORIENTED_EDGE ( 'NONE', *, *, #5693, .T. ) ;
#7361 = EDGE_CURVE ( 'NONE', #5755, #4911, #4176, .T. ) ;
#7362 = CARTESIAN_POINT ( 'NONE',  ( 24.65972177877598881, 28.55729435667158356, 2.614799472281855941 ) ) ;
#7363 = CARTESIAN_POINT ( 'NONE',  ( 31.17605023647938012, 26.79519826314465547, 0.5552354582839674757 ) ) ;
#7364 = CARTESIAN_POINT ( 'NONE',  ( -37.58039891549807976, -2.000000000000000444, 15.00000000000000000 ) ) ;
#7365 = CARTESIAN_POINT ( 'NONE',  ( 32.84291522024790311, 28.41463913317408085, -0.7776908014528252089 ) ) ;
#7366 = LINE ( 'NONE', #4694, #7457 ) ;
#7367 = B_SPLINE_CURVE_WITH_KNOTS ( 'NONE', 3,
 ( #2933, #5040, #7752, #4384, #7089, #1020, #3715, #4641, #6503, #8499, #3231, #1101, #7216, #8595, #3092, #2528, #3940, #6544, #5212, #8013 ),
 .UNSPECIFIED., .F., .F.,
 ( 4, 2, 2, 2, 2, 2, 2, 2, 2, 4 ),
 ( 0.000000000000000000, 0.0005881156813046868777, 0.001176231362609373755, 0.001764347043914060850, 0.002352462725218747511, 0.002940578406523434388, 0.003528694087828121700, 0.004116809769132808577, 0.004410867609785150932, 0.004704925450437493287 ),
 .UNSPECIFIED. ) ;
#7368 = CARTESIAN_POINT ( 'NONE',  ( 20.53503096836952935, 18.10525255534771105, 4.827304770572586889 ) ) ;
#7369 = CARTESIAN_POINT ( 'NONE',  ( -37.14738621360594095, -5.000000000000000000, 5.250000000000037303 ) ) ;
#7370 = ORIENTED_EDGE ( 'NONE', *, *, #7931, .T. ) ;
#7371 = CARTESIAN_POINT ( 'NONE',  ( 22.48309451478294818, 26.31809410115982217, 5.477064145391598693 ) ) ;
#7372 = CARTESIAN_POINT ( 'NONE',  ( 20.72196737741380801, 23.14949589130881336, 2.376283309014591616 ) ) ;
#7373 = CARTESIAN_POINT ( 'NONE',  ( 27.26834768777753482, 31.24137575162936997, -2.754020120844049568 ) ) ;
#7374 = CARTESIAN_POINT ( 'NONE',  ( 0.3168511119992396541, -15.10153896051496147, 15.00000000000000000 ) ) ;
#7375 = VERTEX_POINT ( 'NONE', #4109 ) ;
#7376 = DIRECTION ( 'NONE',  ( -0.000000000000000000, 0.8660254037844363761, 0.5000000000000039968 ) ) ;
#7377 = CARTESIAN_POINT ( 'NONE',  ( 1.757669868907226762, -35.95992243406082878, 12.19325240168031677 ) ) ;
#7378 = DIRECTION ( 'NONE',  ( -0.7071067811865487940, 0.7071067811865462405, 6.294352235039212506E-16 ) ) ;
#7379 = CARTESIAN_POINT ( 'NONE',  ( 24.68423043044352028, 26.76883513025925154, -0.2765561413711034588 ) ) ;
#7380 = ORIENTED_EDGE ( 'NONE', *, *, #8170, .F. ) ;
#7381 = CARTESIAN_POINT ( 'NONE',  ( 24.83849447212890382, 22.03025706700210407, 2.832509246279417248 ) ) ;
#7382 = FACE_OUTER_BOUND ( 'NONE', #5234, .T. ) ;
#7383 = SECURITY_CLASSIFICATION_LEVEL ( 'unclassified' ) ;
#7384 = EDGE_CURVE ( 'NONE', #255, #2916, #352, .T. ) ;
#7385 = LINE ( 'NONE', #5387, #1933 ) ;
#7386 = ADVANCED_FACE ( 'NONE', ( #6131 ), #2116, .T. ) ;
#7387 = CARTESIAN_POINT ( 'NONE',  ( 20.17480876233516796, 23.46805871420714595, 7.302943810500991617 ) ) ;
#7388 = ORIENTED_EDGE ( 'NONE', *, *, #6116, .F. ) ;
#7389 = CARTESIAN_POINT ( 'NONE',  ( 22.78554041337304525, 26.68311299127315550, 3.222504054758649428 ) ) ;
#7390 = EDGE_LOOP ( 'NONE', ( #8373, #4258, #6197, #7480 ) ) ;
#7391 = ORIENTED_EDGE ( 'NONE', *, *, #4047, .F. ) ;
#7392 = CARTESIAN_POINT ( 'NONE',  ( 28.26241137793165237, 27.40777012415364311, -2.414165020099154901 ) ) ;
#7393 = CARTESIAN_POINT ( 'NONE',  ( 30.15790320849658102, 30.88667738959352960, 1.144283183963451522 ) ) ;
#7394 = EDGE_CURVE ( 'NONE', #3186, #6673, #1344, .T. ) ;
#7395 = CARTESIAN_POINT ( 'NONE',  ( -8.431887450568748221, 2.463170090379271038, 53.41875000429725873 ) ) ;
#7396 = PLANE ( 'NONE',  #3205 ) ;
#7397 = ADVANCED_FACE ( 'NONE', ( #6853 ), #2649, .F. ) ;
#7398 =( BOUNDED_CURVE ( )  B_SPLINE_CURVE ( 2, ( #2424, #7917, #3123, #386, #1223, #423, #7204, #1795, #7163, #6628, #8003, #4450, #1838, #4537, #1937, #5244, #1092, #5956, #7822, #4626, #2513, #3793, #5819, #7341, #8527, #2464, #2558, #6494, #1130, #3973, #5912, #1170, #5155, #7870, #5864, #3881, #4492, #8623, #3838, #6531, #465, #4579, #559, #3168, #3260, #8580, #6577, #513, #3219, #8664, #7960, #1885, #7296, #5778, #3927, #2600, #5292 ),
 .UNSPECIFIED., .F., .T. ) 
 B_SPLINE_CURVE_WITH_KNOTS ( ( 3, 2, 2, 2, 2, 2, 2, 2, 2, 2, 2, 2, 2, 2, 2, 2, 2, 2, 2, 2, 2, 2, 2, 2, 2, 2, 2, 2, 3 ),
 ( 0.08163478782735199279, 0.1040446637529757884, 0.1360430686189411653, 0.1680414734849064451, 0.2000398783508718081, 0.2320382832168371712, 0.2640366880828024509, 0.2960350929487677862, 0.3280334978147331215, 0.3600319026806984568, 0.3920303075466638476, 0.4240287124126291829, 0.4560271172785944072, 0.4880255221445597980, 0.5200239270105251332, 0.5520223318764904130, 0.5840207367424559148, 0.6160191416084210836, 0.6480175464743864744, 0.6800159513403517542, 0.7120143562063171450, 0.7440127610722825358, 0.7760111659382478155, 0.8080095708042129843, 0.8400079756701785971, 0.8720063805361437659, 0.9040047854021091567, 0.9360031902680744365, 0.9663830253437988294 ),
 .UNSPECIFIED. ) 
 CURVE ( )  GEOMETRIC_REPRESENTATION_ITEM ( )  RATIONAL_B_SPLINE_CURVE ( ( 0.9794571993715267544, 0.9657227476873380123, 1.000000000000000000, 0.9510565162951535312, 1.000000000000000000, 0.9510565162951535312, 1.000000000000000000, 0.9510565162951535312, 1.000000000000000000, 0.9510565162951535312, 1.000000000000000000, 0.9510565162951535312, 1.000000000000000000, 0.9510565162951535312, 1.000000000000000000, 0.9510565162951535312, 1.000000000000000000, 0.9510565162951535312, 1.000000000000000000, 0.9510565162951535312, 1.000000000000000000, 0.9510565162951535312, 1.000000000000000000, 0.9510565162951535312, 1.000000000000000000, 0.9510565162951535312, 1.000000000000000000, 0.9510565162951535312, 1.000000000000000000, 0.9510565162951535312, 1.000000000000000000, 0.9510565162951535312, 1.000000000000000000, 0.9510565162951535312, 1.000000000000000000, 0.9510565162951535312, 1.000000000000000000, 0.9510565162951535312, 1.000000000000000000, 0.9510565162951535312, 1.000000000000000000, 0.9510565162951535312, 1.000000000000000000, 0.9510565162951535312, 1.000000000000000000, 0.9510565162951535312, 1.000000000000000000, 0.9510565162951535312, 1.000000000000000000, 0.9510565162951535312, 1.000000000000000000, 0.9510565162951535312, 1.000000000000000000, 0.9510565162951535312, 1.000000000000000000, 0.9535322160834911465, 0.9952990562134740316 ) ) 
 REPRESENTATION_ITEM ( '' )  );
#7399 = CARTESIAN_POINT ( 'NONE',  ( -29.58039891549807976, -5.000000000000020428, 12.00000000000000000 ) ) ;
#7400 = EDGE_CURVE ( 'NONE', #7700, #4291, #6089, .T. ) ;
#7401 = CARTESIAN_POINT ( 'NONE',  ( -4.243385025458604964, 3.917649731753538589, 62.30611567175432697 ) ) ;
#7402 = EDGE_LOOP ( 'NONE', ( #65, #7776, #3170, #3661 ) ) ;
#7403 = DIRECTION ( 'NONE',  ( 0.000000000000000000, -0.5000000000000042188, 0.8660254037844362651 ) ) ;
#7404 = CARTESIAN_POINT ( 'NONE',  ( 29.92569147814645802, 30.91026549147903069, 2.158772464950310610 ) ) ;
#7405 = CARTESIAN_POINT ( 'NONE',  ( 32.49260328088214322, 28.65760369450505962, -3.528538952158294606 ) ) ;
#7406 = CARTESIAN_POINT ( 'NONE',  ( 21.62100100592648388, 21.00661595118135949, 8.909451418065064132 ) ) ;
#7407 = LINE ( 'NONE', #50, #672 ) ;
#7408 = CARTESIAN_POINT ( 'NONE',  ( 24.83799458360981305, 28.81102264746177255, -0.7696451208440010516 ) ) ;
#7409 = CIRCLE ( 'NONE', #907, 180.0000000000000284 ) ;
#7410 = CARTESIAN_POINT ( 'NONE',  ( 21.86840734763747207, 24.66758966307416401, 7.663719844165509443 ) ) ;
#7411 = CARTESIAN_POINT ( 'NONE',  ( 21.74456761209195221, 17.84699503419155420, 7.254809471616630034 ) ) ;
#7412 = CARTESIAN_POINT ( 'NONE',  ( 23.39892030314279481, 19.01806832980804174, 6.905235458283940808 ) ) ;
#7413 = ORIENTED_EDGE ( 'NONE', *, *, #1573, .F. ) ;
#7414 = CARTESIAN_POINT ( 'NONE',  ( 21.70538152144929001, 25.54038110782616045, 6.112064145391594927 ) ) ;
#7415 = CARTESIAN_POINT ( 'NONE',  ( 22.55600510790797131, 26.39100469428484885, 5.417532895391603986 ) ) ;
#7416 = VERTEX_POINT ( 'NONE', #8092 ) ;
#7417 = CARTESIAN_POINT ( 'NONE',  ( 33.00554518216907951, 30.51586440675474776, 1.561922029986444249 ) ) ;
#7418 = AXIS2_PLACEMENT_3D ( 'NONE', #349, #6918, #5697 ) ;
#7419 = CARTESIAN_POINT ( 'NONE',  ( 17.43995000758299341, 23.49124671262353559, 0.8955743725745221040 ) ) ;
#7420 = AXIS2_PLACEMENT_3D ( 'NONE', #8370, #6376, #1641 ) ;
#7421 = CARTESIAN_POINT ( 'NONE',  ( 29.98714426048428550, 29.00257024715150322, -4.241403521717000302 ) ) ;
#7422 = CARTESIAN_POINT ( 'NONE',  ( 27.96992081948458519, 27.13988653071300305, 4.829450085735082610 ) ) ;
#7423 = CARTESIAN_POINT ( 'NONE',  ( 5.000000000000147438, -35.64738621360572068, 5.249999999999884537 ) ) ;
#7424 = DIRECTION ( 'NONE',  ( 0.000000000000000000, -0.5000000000000039968, 0.8660254037844363761 ) ) ;
#7425 = ORIENTED_EDGE ( 'NONE', *, *, #8266, .F. ) ;
#7426 = CARTESIAN_POINT ( 'NONE',  ( 25.61620746546255845, 22.80797006033576579, 2.197509246279420569 ) ) ;
#7427 = AXIS2_PLACEMENT_3D ( 'NONE', #3197, #7897, #8686 ) ;
#7428 = CARTESIAN_POINT ( 'NONE',  ( 29.54313582717823294, 25.64556324928030762, -0.03525290654249697841 ) ) ;
#7429 = VECTOR ( 'NONE', #4064, 1000.000000000000000 ) ;
#7430 = APPROVAL_STATUS ( 'not_yet_approved' ) ;
#7431 = DIRECTION ( 'NONE',  ( 0.6123724356957943593, 0.6123724356957963577, -0.4999999999999978351 ) ) ;
#7432 = CARTESIAN_POINT ( 'NONE',  ( 32.48533990864244458, 27.35210455468313029, -3.057044543564088279 ) ) ;
#7433 = EDGE_LOOP ( 'NONE', ( #2645, #1410, #7567, #3442, #8293 ) ) ;
#7434 = CARTESIAN_POINT ( 'NONE',  ( 24.33880779301271247, 17.26773998114707709, 12.49438662040278558 ) ) ;
#7435 = TOROIDAL_SURFACE ( 'NONE', #4327, 183.0000000000000284, 3.000000000000000000 ) ;
#7436 = VERTEX_POINT ( 'NONE', #8138 ) ;
#7437 = CARTESIAN_POINT ( 'NONE',  ( 32.53620799140808373, 27.37083981798578591, -3.088518936979402607 ) ) ;
#7438 = VERTEX_POINT ( 'NONE', #2692 ) ;
#7439 = CARTESIAN_POINT ( 'NONE',  ( 29.40062363901127540, 30.82820850584145234, -3.927143911561206124 ) ) ;
#7440 = CARTESIAN_POINT ( 'NONE',  ( 4.659345723471169265, -10.02750222470952046, 55.43125000429726157 ) ) ;
#7441 = PRODUCT_DEFINITION_FORMATION_WITH_SPECIFIED_SOURCE ( 'ANY', '', #1237, .NOT_KNOWN. ) ;
#7442 = DIRECTION ( 'NONE',  ( 0.000000000000000000, -1.000000000000000000, 0.000000000000000000 ) ) ;
#7443 = DIRECTION ( 'NONE',  ( -0.7674234614174771929, 0.6123724356957942483, -0.1898979485566349434 ) ) ;
#7444 = CARTESIAN_POINT ( 'NONE',  ( 25.82165589995742039, 29.71922847785513255, 1.666084235070361297 ) ) ;
#7445 = VERTEX_POINT ( 'NONE', #6184 ) ;
#7446 = CARTESIAN_POINT ( 'NONE',  ( -61.82911022146240754, 1.999999999999998668, 1.000000000000028644 ) ) ;
#7447 = CARTESIAN_POINT ( 'NONE',  ( -14.36178466311282165, -3.847162523967251335, 59.83125000429725304 ) ) ;
#7448 = EDGE_CURVE ( 'NONE', #7335, #1840, #3108, .T. ) ;
#7449 = CARTESIAN_POINT ( 'NONE',  ( -29.54600460095137038, 4.727316067146825951, 1.736477219481983747 ) ) ;
#7450 = CIRCLE ( 'NONE', #3632, 3.250000000000002665 ) ;
#7451 = CARTESIAN_POINT ( 'NONE',  ( 20.24236794439173792, 18.17043452745251386, 5.334878993371477307 ) ) ;
#7452 = CARTESIAN_POINT ( 'NONE',  ( -29.15522742695182856, -3.489800356645570201, 14.63235798664768517 ) ) ;
#7453 = ADVANCED_FACE ( 'NONE', ( #23 ), #2734, .T. ) ;
#7454 = AXIS2_PLACEMENT_3D ( 'NONE', #7583, #8250, #1519 ) ;
#7455 =( BOUNDED_CURVE ( )  B_SPLINE_CURVE ( 2, ( #2614, #8635, #6642, #6594, #8724, #4462, #2573, #5259, #1901 ),
 .UNSPECIFIED., .F., .T. ) 
 B_SPLINE_CURVE_WITH_KNOTS ( ( 3, 2, 2, 2, 3 ),
 ( 0.2346733149193880874, 0.2371605263268544428, 0.2396477377343207982, 0.2421349491417872091, 0.2446221605492535645 ),
 .UNSPECIFIED. ) 
 CURVE ( )  GEOMETRIC_REPRESENTATION_ITEM ( )  RATIONAL_B_SPLINE_CURVE ( ( 1.000000000000629718, 0.9238795325106570200, 1.000000000000000000, 0.9238795325112867385, 1.000000000000000000, 0.9238795325112867385, 1.000000000000000000, 0.9238795325112705292, 1.000000000000016209 ) ) 
 REPRESENTATION_ITEM ( '' )  );
#7456 = CARTESIAN_POINT ( 'NONE',  ( 5.000000000000147438, -38.64738621360572068, 5.249999999999884537 ) ) ;
#7457 = VECTOR ( 'NONE', #5457, 1000.000000000000114 ) ;
#7458 = EDGE_LOOP ( 'NONE', ( #5824, #5198, #5059, #8100, #2085 ) ) ;
#7459 = CARTESIAN_POINT ( 'NONE',  ( 19.65781892748693593, 20.37831483295267887, 3.679365189229060196 ) ) ;
#7460 = CARTESIAN_POINT ( 'NONE',  ( 23.98581771978372146, 20.69256776791148766, 3.476050132732276143 ) ) ;
#7461 = DIRECTION ( 'NONE',  ( 0.1898979485566327507, 0.4999999999999985567, 0.8449489742783193869 ) ) ;
#7462 = ORIENTED_EDGE ( 'NONE', *, *, #6814, .F. ) ;
#7463 = CARTESIAN_POINT ( 'NONE',  ( 19.97917663918775588, 24.81969145906738916, 5.813992617688339415 ) ) ;
#7464 = CARTESIAN_POINT ( 'NONE',  ( 20.43852293380738772, 21.27754260732982772, 2.435220996345278444 ) ) ;
#7465 = CARTESIAN_POINT ( 'NONE',  ( 33.00090568142935155, 30.51293855216959372, 1.553501157666645316 ) ) ;
#7466 = DIRECTION ( 'NONE',  ( -0.1898979485566344716, -0.4999999999999979461, -0.8449489742783192758 ) ) ;
#7467 = EDGE_CURVE ( 'NONE', #3759, #2783, #6719, .T. ) ;
#7468 = ORIENTED_EDGE ( 'NONE', *, *, #7237, .T. ) ;
#7469 = ORIENTED_EDGE ( 'NONE', *, *, #317, .F. ) ;
#7470 = CARTESIAN_POINT ( 'NONE',  ( 21.53663430585626770, 22.39127555963404959, 8.589408963332454405 ) ) ;
#7471 = CARTESIAN_POINT ( 'NONE',  ( -1.014345677309090643, -12.74129984872308974, 54.99999999999999289 ) ) ;
#7472 = DIRECTION ( 'NONE',  ( -0.7674234614174771929, 0.6123724356957942483, -0.1898979485566349434 ) ) ;
#7473 = CARTESIAN_POINT ( 'NONE',  ( 24.60315119557085950, 28.50072377347191122, 1.385227280839449682 ) ) ;
#7474 = ORIENTED_EDGE ( 'NONE', *, *, #6849, .F. ) ;
#7475 = ADVANCED_FACE ( 'NONE', ( #116 ), #5515, .T. ) ;
#7476 = CARTESIAN_POINT ( 'NONE',  ( 24.30742043529329521, 23.57864625419612992, 1.220960759269848594 ) ) ;
#7477 = CARTESIAN_POINT ( 'NONE',  ( 26.28061351455746575, 30.17818609245759021, 0.3687888175491251808 ) ) ;
#7478 = CARTESIAN_POINT ( 'NONE',  ( 28.00880104039544349, 30.51525045150570392, -4.665615849437913631 ) ) ;
#7479 = CARTESIAN_POINT ( 'NONE',  ( 31.36945578763643994, 28.07620583576423456, -2.552665104477242153 ) ) ;
#7480 = ORIENTED_EDGE ( 'NONE', *, *, #5335, .T. ) ;
#7481 = CARTESIAN_POINT ( 'NONE',  ( 25.25269347267089515, 21.27966540883838675, 6.706764064085458443 ) ) ;
#7482 = VERTEX_POINT ( 'NONE', #7557 ) ;
#7483 = CARTESIAN_POINT ( 'NONE',  ( 31.82052974354036934, 28.00339354307814332, -2.915232079429941781 ) ) ;
#7484 = VERTEX_POINT ( 'NONE', #4276 ) ;
#7485 = CARTESIAN_POINT ( 'NONE',  ( 28.67190354670945851, 31.64514389763948543, -4.008019776563811476 ) ) ;
#7486 = CARTESIAN_POINT ( 'NONE',  ( 2.030690022762220881, 4.243007580729762473, 58.86875000429725446 ) ) ;
#7487 = ADVANCED_FACE ( 'NONE', ( #2331 ), #911, .F. ) ;
#7488 = DIRECTION ( 'NONE',  ( -0.000000000000000000, -0.000000000000000000, -1.000000000000000000 ) ) ;
#7489 = CARTESIAN_POINT ( 'NONE',  ( 19.79578132314182426, 19.79578132314167505, 7.254809471616630034 ) ) ;
#7490 = CARTESIAN_POINT ( 'NONE',  ( 25.50290052122380757, 29.40047309912393558, 1.003788817549122525 ) ) ;
#7491 = ORIENTED_EDGE ( 'NONE', *, *, #7880, .F. ) ;
#7492 = CARTESIAN_POINT ( 'NONE',  ( -4.999999999999849898, -28.92014487765356989, 4.226589661244805131E-15 ) ) ;
#7493 = CARTESIAN_POINT ( 'NONE',  ( 29.73293531329974115, 29.03871590822758719, -4.134904081433262490 ) ) ;
#7494 = CARTESIAN_POINT ( 'NONE',  ( -29.51093075487217376, 4.449029136368356951, 1.257466472150648995 ) ) ;
#7495 = CARTESIAN_POINT ( 'NONE',  ( 22.51327315556629571, 19.57246806168737407, 7.928291884747126872 ) ) ;
#7496 = CARTESIAN_POINT ( 'NONE',  ( 21.23011442670564719, 25.12768700460576099, 4.492504054758473586 ) ) ;
#7497 = EDGE_CURVE ( 'NONE', #1689, #826, #3657, .T. ) ;
#7498 = CARTESIAN_POINT ( 'NONE',  ( 6.416096318866165049, -3.847162420730696919, 55.00000000000000000 ) ) ;
#7499 = CARTESIAN_POINT ( 'NONE',  ( 21.76600589384360518, 17.86843331594331374, 6.314747093459846639 ) ) ;
#7500 = CARTESIAN_POINT ( 'NONE',  ( 21.03696723163518101, 24.83968472407923400, 3.991120843999325984 ) ) ;
#7501 = CARTESIAN_POINT ( 'NONE',  ( 22.00782742003941550, 25.90539999793953285, 3.857504054758720269 ) ) ;
#7502 = CARTESIAN_POINT ( 'NONE',  ( 20.93250122789520873, 24.94853858216277231, 2.376876871683904380 ) ) ;
#7503 = CARTESIAN_POINT ( 'NONE',  ( 21.41010156152474053, 20.41486922184878594, 2.727352133241857324 ) ) ;
#7504 = CARTESIAN_POINT ( 'NONE',  ( 51.88409695360144980, 51.88409695360142138, -18.94519052838326800 ) ) ;
#7505 = CARTESIAN_POINT ( 'NONE',  ( -10.48223867854489022, -8.667827598125645849, 56.10625000429725162 ) ) ;
#7506 = CARTESIAN_POINT ( 'NONE',  ( 27.17113356361079823, 31.14416162746272931, -2.674645120844005852 ) ) ;
#7507 = VERTEX_POINT ( 'NONE', #872 ) ;
#7508 = ORIENTED_EDGE ( 'NONE', *, *, #3572, .T. ) ;
#7509 = EDGE_CURVE ( 'NONE', #8036, #4682, #4585, .T. ) ;
#7510 = FACE_OUTER_BOUND ( 'NONE', #6268, .T. ) ;
#7511 = EDGE_CURVE ( 'NONE', #483, #4845, #1539, .T. ) ;
#7512 = CARTESIAN_POINT ( 'NONE',  ( 25.95418085716029921, 33.02524866902564327, -7.000000000000018652 ) ) ;
#7513 = CARTESIAN_POINT ( 'NONE',  ( -11.26540327149793264, -1.436829937441292504, 58.44375000429725731 ) ) ;
#7514 = DIRECTION ( 'NONE',  ( 1.000000000000000000, 0.000000000000000000, 0.000000000000000000 ) ) ;
#7515 = VERTEX_POINT ( 'NONE', #5605 ) ;
#7516 = CARTESIAN_POINT ( 'NONE',  ( 22.13342394738613450, 25.07422904126480390, 2.453827058486149681 ) ) ;
#7517 = CARTESIAN_POINT ( 'NONE',  ( 23.37978272111166689, 27.35281078495567542, 0.4209798791531055295 ) ) ;
#7518 = CARTESIAN_POINT ( 'NONE',  ( 22.81461286096619290, 19.52136290909396266, 4.432334895522728857 ) ) ;
#7519 = CARTESIAN_POINT ( 'NONE',  ( -37.42456698199432452, -3.453114324817492253, 14.73009117372979304 ) ) ;
#7520 = EDGE_CURVE ( 'NONE', #7482, #2372, #4742, .T. ) ;
#7521 = ORIENTED_EDGE ( 'NONE', *, *, #7116, .T. ) ;
#7522 = DIRECTION ( 'NONE',  ( 0.6123724356957943593, 0.6123724356957965798, -0.4999999999999980016 ) ) ;
#7523 = LINE ( 'NONE', #6910, #2184 ) ;
#7524 = VERTEX_POINT ( 'NONE', #8354 ) ;
#7525 = ORIENTED_EDGE ( 'NONE', *, *, #2756, .T. ) ;
#7526 = CARTESIAN_POINT ( 'NONE',  ( -10.48223877320723396, 0.9735026263727116769, 55.55625000429725446 ) ) ;
#7527 = CARTESIAN_POINT ( 'NONE',  ( 26.70698539126433246, 25.85234413748631610, -1.144165020099157770 ) ) ;
#7528 = CARTESIAN_POINT ( 'NONE',  ( 2.030690181626937374, -11.93733230676918566, 58.04375000429725162 ) ) ;
#7529 = FACE_OUTER_BOUND ( 'NONE', #8662, .T. ) ;
#7530 = CARTESIAN_POINT ( 'NONE',  ( 21.74456761209195221, 17.84699503419155420, 7.254809471616630034 ) ) ;
#7531 = CARTESIAN_POINT ( 'NONE',  ( -1.895991160929697328, 3.706167230479073371, 61.71194851053352437 ) ) ;
#7532 = VERTEX_POINT ( 'NONE', #2202 ) ;
#7533 = CARTESIAN_POINT ( 'NONE',  ( 18.59378093137103960, 20.37137600568279794, 5.217622291827164638 ) ) ;
#7534 = DIRECTION ( 'NONE',  ( 0.6123724356957943593, 0.6123724356957965798, -0.4999999999999980016 ) ) ;
#7535 = FACE_OUTER_BOUND ( 'NONE', #8765, .T. ) ;
#7536 = CARTESIAN_POINT ( 'NONE',  ( 21.60306028182633398, 22.33183446292325058, 8.129283183963421422 ) ) ;
#7537 = DIRECTION ( 'NONE',  ( 0.6123724356957943593, 0.6123724356957965798, -0.4999999999999980016 ) ) ;
#7538 = CARTESIAN_POINT ( 'NONE',  ( 25.13634176647792984, 29.51719373981244487, 0.3018834849493404193 ) ) ;
#7539 = ORIENTED_EDGE ( 'NONE', *, *, #7104, .F. ) ;
#7540 = CARTESIAN_POINT ( 'NONE',  ( 22.83189949353864279, 18.58925880641918482, 0.1681342116084714178 ) ) ;
#7541 = EDGE_CURVE ( 'NONE', #2569, #117, #6684, .T. ) ;
#7542 = CARTESIAN_POINT ( 'NONE',  ( 19.41124844642963865, 22.34865430316661516, 9.127276833869400363 ) ) ;
#7543 = CARTESIAN_POINT ( 'NONE',  ( 5.663402711880920926, -0.7569923836028872310, 56.84375000429725588 ) ) ;
#7544 = CC_DESIGN_PERSON_AND_ORGANIZATION_ASSIGNMENT ( #658, #6725, ( #7843 ) ) ;
#7545 = CARTESIAN_POINT ( 'NONE',  ( 19.67812594020782413, 24.10640202728141901, 4.730434744686117021 ) ) ;
#7546 = CARTESIAN_POINT ( 'NONE',  ( 21.49968037074746618, 23.92720888464247508, 1.741283309014594938 ) ) ;
#7547 = EDGE_LOOP ( 'NONE', ( #8044, #3184, #4798, #7353 ) ) ;
#7548 = FACE_OUTER_BOUND ( 'NONE', #8195, .T. ) ;
#7549 = CARTESIAN_POINT ( 'NONE',  ( 22.42007425110773156, 17.63139836829044427, 6.389331852490643726 ) ) ;
#7550 = ORIENTED_EDGE ( 'NONE', *, *, #19, .F. ) ;
#7551 = ORIENTED_EDGE ( 'NONE', *, *, #6437, .F. ) ;
#7552 = VECTOR ( 'NONE', #2826, 1000.000000000000000 ) ;
#7553 = CARTESIAN_POINT ( 'NONE',  ( 2.025510408251725014, 5.265462314396830656, 61.21411013653825250 ) ) ;
#7554 = B_SPLINE_CURVE_WITH_KNOTS ( 'NONE', 3,
 ( #5898, #453, #3957, #3107 ),
 .UNSPECIFIED., .F., .F.,
 ( 4, 4 ),
 ( 0.002890303474465420394, 0.004312030882796503116 ),
 .UNSPECIFIED. ) ;
#7555 = LINE ( 'NONE', #5513, #7266 ) ;
#7556 = CARTESIAN_POINT ( 'NONE',  ( 31.85204673560169297, 27.45736938951050021, -3.595850605337173711 ) ) ;
#7557 = CARTESIAN_POINT ( 'NONE',  ( 28.04093073202538378, 30.55556879192493369, -4.722991556339747987 ) ) ;
#7558 = EDGE_LOOP ( 'NONE', ( #1498, #6692, #6263, #5687 ) ) ;
#7559 = CARTESIAN_POINT ( 'NONE',  ( 28.83219122640227994, 25.89138613252337606, 2.768916884747149698 ) ) ;
#7560 = CARTESIAN_POINT ( 'NONE',  ( 29.03631680763546186, 25.74306685576325293, -0.6476651044772521182 ) ) ;
#7561 = EDGE_CURVE ( 'NONE', #6135, #1979, #7696, .T. ) ;
#7562 = VECTOR ( 'NONE', #6377, 1000.000000000000000 ) ;
#7563 = FACE_OUTER_BOUND ( 'NONE', #597, .T. ) ;
#7564 = AXIS2_PLACEMENT_3D ( 'NONE', #2079, #1409, #745 ) ;
#7565 = EDGE_CURVE ( 'NONE', #2903, #8481, #327, .T. ) ;
#7566 = CARTESIAN_POINT ( 'NONE',  ( -1.760138124709619500, 3.668457722260118459, 61.63823541798099370 ) ) ;
#7567 = ORIENTED_EDGE ( 'NONE', *, *, #6970, .T. ) ;
#7568 = DIRECTION ( 'NONE',  ( 0.000000000000000000, 0.5000000000000039968, -0.8660254037844363761 ) ) ;
#7569 = CONICAL_SURFACE ( 'NONE', #4722, 3.174999999999997602, 0.7853981633974500554 ) ;
#7570 = CARTESIAN_POINT ( 'NONE',  ( 20.05890956788819679, 23.95648214578830704, 5.448788817549098162 ) ) ;
#7571 = VECTOR ( 'NONE', #3483, 1000.000000000000114 ) ;
#7572 = ORIENTED_EDGE ( 'NONE', *, *, #3505, .F. ) ;
#7573 = VERTEX_POINT ( 'NONE', #7647 ) ;
#7574 = CARTESIAN_POINT ( 'NONE',  ( 22.74333446513784196, 25.54251678057454100, 6.949344844165516122 ) ) ;
#7575 = CARTESIAN_POINT ( 'NONE',  ( 27.53444790837246003, 25.10466949535066306, -0.8876952294273878774 ) ) ;
#7576 = CARTESIAN_POINT ( 'NONE',  ( -6.381535974763376196, -11.64716244561416225, 54.38125000429724309 ) ) ;
#7577 = CARTESIAN_POINT ( 'NONE',  ( -60.09705941389355388, 4.999999999999999112, -1.999999999999963585 ) ) ;
#7578 = AXIS2_PLACEMENT_3D ( 'NONE', #1788, #3788, #3211 ) ;
#7579 = CARTESIAN_POINT ( 'NONE',  ( 0.4874407279034259632, 3.754979147781699833, 61.38223246236096742 ) ) ;
#7580 = CARTESIAN_POINT ( 'NONE',  ( 30.51229894781823049, 30.51229894781813101, -1.495190528383337547 ) ) ;
#7581 = CARTESIAN_POINT ( 'NONE',  ( 33.32829992064557700, 29.88758924213009394, 1.188418325025401234 ) ) ;
#7582 = ORIENTED_EDGE ( 'NONE', *, *, #7400, .T. ) ;
#7583 = CARTESIAN_POINT ( 'NONE',  ( -1.757669868906927446, -30.54062135909078179, 2.806747598319673465 ) ) ;
#7584 = CARTESIAN_POINT ( 'NONE',  ( 54.32066644360193663, 49.93981447026727949, -18.34226454171595222 ) ) ;
#7585 = LOCAL_TIME ( 1, 31, 28.00000000000000000, #4070 ) ;
#7586 = DIRECTION ( 'NONE',  ( -0.6123724356957944703, -0.6123724356957964687, 0.4999999999999980016 ) ) ;
#7587 = CARTESIAN_POINT ( 'NONE',  ( 26.40183812223459014, 23.46103302835567561, 4.753291884747140372 ) ) ;
#7588 =( BOUNDED_CURVE ( )  B_SPLINE_CURVE ( 2, ( #2302, #4983, #3006, #8456, #5696, #5743, #5348, #5963, #7256 ),
 .UNSPECIFIED., .F., .T. ) 
 B_SPLINE_CURVE_WITH_KNOTS ( ( 3, 2, 2, 2, 3 ),
 ( 0.1252495174778459341, 0.1277362643888783622, 0.1302230112999108180, 0.1327097582109432183, 0.1351965051219756464 ),
 .UNSPECIFIED. ) 
 CURVE ( )  GEOMETRIC_REPRESENTATION_ITEM ( )  RATIONAL_B_SPLINE_CURVE ( ( 0.9999999999999776845, 0.9238795325113090540, 1.000000000000000000, 0.9238795325112867385, 1.000000000000000000, 0.9238795325112867385, 1.000000000000000000, 0.9238795325110777945, 1.000000000000208944 ) ) 
 REPRESENTATION_ITEM ( '' )  );
#7589 = CARTESIAN_POINT ( 'NONE',  ( 19.97967244020452426, 22.38120361651666101, 3.026511868326821286 ) ) ;
#7590 = TOROIDAL_SURFACE ( 'NONE', #83, 7.049999999999999822, 0.7500000000000000000 ) ;
#7591 = CARTESIAN_POINT ( 'NONE',  ( -10.48223867854489022, -8.667827598125645849, 56.10625000429725162 ) ) ;
#7592 = EDGE_CURVE ( 'NONE', #4785, #1684, #8221, .T. ) ;
#7593 = AXIS2_PLACEMENT_3D ( 'NONE', #5252, #475, #3131 ) ;
#7594 = DIRECTION ( 'NONE',  ( 0.6123724356957943593, 0.6123724356957965798, -0.4999999999999980016 ) ) ;
#7595 = DIRECTION ( 'NONE',  ( -0.7674234614174771929, 0.6123724356957942483, -0.1898979485566349434 ) ) ;
#7596 = CARTESIAN_POINT ( 'NONE',  ( -12.35367044356962651, -10.02750239174977054, 58.35625000429724452 ) ) ;
#7597 = AXIS2_PLACEMENT_3D ( 'NONE', #7492, #8114, #7403 ) ;
#7598 = CARTESIAN_POINT ( 'NONE',  ( 26.78118192173532819, 25.78594958205938781, -1.658116616758131823 ) ) ;
#7599 = CARTESIAN_POINT ( 'NONE',  ( 22.38522621231375354, 27.22574103219340103, 3.849461367688355118 ) ) ;
#7600 = ORIENTED_EDGE ( 'NONE', *, *, #3992, .T. ) ;
#7601 = CARTESIAN_POINT ( 'NONE',  ( 20.95252175566882968, 24.24577170754080768, 6.667943810500991830 ) ) ;
#7602 = CARTESIAN_POINT ( 'NONE',  ( 18.13692482647500270, 22.51777679980949287, 6.016883484949310912 ) ) ;
#7603 = CIRCLE ( 'NONE', #811, 7.049999999999999822 ) ;
#7604 = ORIENTED_EDGE ( 'NONE', *, *, #4305, .F. ) ;
#7605 = AXIS2_PLACEMENT_3D ( 'NONE', #5442, #8153, #3945 ) ;
#7606 = CARTESIAN_POINT ( 'NONE',  ( -1.691900751943442138, 3.297644157808688803, 63.34292793465327520 ) ) ;
#7607 = CARTESIAN_POINT ( 'NONE',  ( 20.47006380647598078, 24.85091577981047806, 4.111883484949320433 ) ) ;
#7608 = CARTESIAN_POINT ( 'NONE',  ( 179.3582965884159535, -74.29263897105803949, 2.999999999999999112 ) ) ;
#7609 = ORIENTED_EDGE ( 'NONE', *, *, #5061, .F. ) ;
#7610 = CARTESIAN_POINT ( 'NONE',  ( 26.25545171023942359, 29.49812495383584476, 0.06165325126605142314 ) ) ;
#7611 = CARTESIAN_POINT ( 'NONE',  ( 28.61113720531722393, 25.81195488987962250, -2.044100900932585674 ) ) ;
#7612 = LINE ( 'NONE', #5610, #1369 ) ;
#7613 = LINE ( 'NONE', #7076, #3456 ) ;
#7614 = ORIENTED_EDGE ( 'NONE', *, *, #1213, .F. ) ;
#7615 = CYLINDRICAL_SURFACE ( 'NONE', #917, 2.000000000000000000 ) ;
#7616 = ORIENTED_EDGE ( 'NONE', *, *, #7194, .T. ) ;
#7617 = EDGE_CURVE ( 'NONE', #6325, #4644, #3684, .T. ) ;
#7618 = CARTESIAN_POINT ( 'NONE',  ( 19.51038589310780580, 21.69513961450665818, 9.231302208648241248 ) ) ;
#7619 = ORIENTED_EDGE ( 'NONE', *, *, #6198, .T. ) ;
#7620 = CARTESIAN_POINT ( 'NONE',  ( -11.64716242073014918, -2.611763825451610455, 55.76077536504075027 ) ) ;
#7621 = CARTESIAN_POINT ( 'NONE',  ( -6.381536127930263369, 3.952837554385830288, 58.78125000429724878 ) ) ;
#7622 = CYLINDRICAL_SURFACE ( 'NONE', #1629, 2.756000000000000227 ) ;
#7623 = CARTESIAN_POINT ( 'NONE',  ( 25.89639238670134702, 29.79396496460147503, 0.6825040547454936934 ) ) ;
#7624 = LINE ( 'NONE', #5662, #6863 ) ;
#7625 = EDGE_CURVE ( 'NONE', #2146, #6125, #7009, .T. ) ;
#7626 = CARTESIAN_POINT ( 'NONE',  ( 33.44436545810828676, 29.87721226847132883, 1.210129801851147491 ) ) ;
#7627 = EDGE_LOOP ( 'NONE', ( #3943, #4075, #6948, #1398 ) ) ;
#7628 = ADVANCED_FACE ( 'NONE', ( #4969 ), #960, .T. ) ;
#7629 = CARTESIAN_POINT ( 'NONE',  ( 22.02548979314329713, 26.40634176647779796, 2.841883484949327077 ) ) ;
#7630 = CARTESIAN_POINT ( 'NONE',  ( 29.10587253213193293, 25.20829995423067160, 1.597532958034881823 ) ) ;
#7631 = CARTESIAN_POINT ( 'NONE',  ( 25.95570204741468245, 24.17810697310267543, 5.243871651406106338 ) ) ;
#7632 = FACE_OUTER_BOUND ( 'NONE', #6338, .T. ) ;
#7633 = CARTESIAN_POINT ( 'NONE',  ( -3.847162518913948226, 6.152837579269300861, 54.64375000429726015 ) ) ;
#7634 = EDGE_CURVE ( 'NONE', #8238, #8017, #4863, .T. ) ;
#7635 = CARTESIAN_POINT ( 'NONE',  ( 29.88640899481232083, 28.90183498147954921, -4.159153521716994817 ) ) ;
#7636 = CARTESIAN_POINT ( 'NONE',  ( 25.69304475599259874, 29.48697385511950131, 2.851690967454116876 ) ) ;
#7637 = CARTESIAN_POINT ( 'NONE',  ( -29.29753148341738012, -3.996879743198849866, 0.7471921335316221713 ) ) ;
#7638 =( BOUNDED_CURVE ( )  B_SPLINE_CURVE ( 2, ( #6208, #5738, #7167, #6159, #1713, #94, #5494, #5535, #7629 ),
 .UNSPECIFIED., .F., .T. ) 
 B_SPLINE_CURVE_WITH_KNOTS ( ( 3, 2, 2, 2, 3 ),
 ( 0.3666666666666666408, 0.3750000000000000000, 0.3833333333333333592, 0.3916666666666666630, 0.4000000000000000222 ),
 .UNSPECIFIED. ) 
 CURVE ( )  GEOMETRIC_REPRESENTATION_ITEM ( )  RATIONAL_B_SPLINE_CURVE ( ( 1.000000000000000000, 0.9238795325112867385, 1.000000000000000000, 0.9238795325112867385, 1.000000000000000000, 0.9238795325112867385, 1.000000000000000000, 0.9238795325112867385, 1.000000000000000000 ) ) 
 REPRESENTATION_ITEM ( '' )  );
#7639 = CARTESIAN_POINT ( 'NONE',  ( 29.65915265378824728, 25.23087656671441081, 1.821840448547155988 ) ) ;
#7640 = CARTESIAN_POINT ( 'NONE',  ( 24.28220999016950188, 27.11169434304361658, 5.715604423094853281 ) ) ;
#7641 = VERTEX_POINT ( 'NONE', #1161 ) ;
#7642 = DIRECTION ( 'NONE',  ( -1.000000000000000000, -1.449435587473489291E-16, 0.000000000000000000 ) ) ;
#7643 = ORIENTED_EDGE ( 'NONE', *, *, #6466, .F. ) ;
#7644 = CARTESIAN_POINT ( 'NONE',  ( -3.322939368229051560, 4.115545557512915842, 62.19067809828740678 ) ) ;
#7645 = CARTESIAN_POINT ( 'NONE',  ( 26.37354362515957718, 30.16747272428644067, 2.296065967454088863 ) ) ;
#7646 = CARTESIAN_POINT ( 'NONE',  ( 5.000000000000150102, -51.00379267415675599, -2.750000000000082157 ) ) ;
#7647 = CARTESIAN_POINT ( 'NONE',  ( 27.36839441953339502, 31.61103510665255101, -7.000000000000018652 ) ) ;
#7648 = ORIENTED_EDGE ( 'NONE', *, *, #8424, .T. ) ;
#7649 = CARTESIAN_POINT ( 'NONE',  ( 26.79970190738808711, 29.74050700126677071, -1.356172941513835939 ) ) ;
#7650 = FACE_OUTER_BOUND ( 'NONE', #3941, .T. ) ;
#7651 = FACE_OUTER_BOUND ( 'NONE', #5157, .T. ) ;
#7652 = CARTESIAN_POINT ( 'NONE',  ( 21.24777679980963541, 25.62862877314413979, 3.476883484949323755 ) ) ;
#7653 = ORIENTED_EDGE ( 'NONE', *, *, #6269, .T. ) ;
#7654 = CARTESIAN_POINT ( 'NONE',  ( 29.18170202391632628, 33.59095761675929026, 0.6353007265307772933 ) ) ;
#7655 = ORIENTED_EDGE ( 'NONE', *, *, #3062, .F. ) ;
#7656 = DIRECTION ( 'NONE',  ( -0.7071067811865487940, 0.7071067811865462405, 0.000000000000000000 ) ) ;
#7657 = VERTEX_POINT ( 'NONE', #7153 ) ;
#7658 = EDGE_CURVE ( 'NONE', #2569, #5748, #8143, .T. ) ;
#7659 = ORIENTED_EDGE ( 'NONE', *, *, #5550, .T. ) ;
#7660 = LINE ( 'NONE', #84, #8446 ) ;
#7661 = CARTESIAN_POINT ( 'NONE',  ( 25.38086418890451768, 29.27843676680556939, 0.7502272808394512271 ) ) ;
#7662 = CARTESIAN_POINT ( 'NONE',  ( -3.847162497313595608, 3.952837579269299795, 55.89375000429725304 ) ) ;
#7663 = CARTESIAN_POINT ( 'NONE',  ( 26.67847762245624565, 22.78090504455589382, 3.226288817549114896 ) ) ;
#7664 = LINE ( 'NONE', #1596, #1751 ) ;
#7665 = CARTESIAN_POINT ( 'NONE',  ( 25.11867939338010558, 29.01625197128022293, 1.317504054771283739 ) ) ;
#7666 = DIRECTION ( 'NONE',  ( -0.000000000000000000, -0.000000000000000000, -1.000000000000000000 ) ) ;
#7667 = ORIENTED_EDGE ( 'NONE', *, *, #5815, .T. ) ;
#7668 = CARTESIAN_POINT ( 'NONE',  ( 30.96053445461576814, 27.06296187671539855, -0.2699959452198056331 ) ) ;
#7669 = CARTESIAN_POINT ( 'NONE',  ( 30.61572945781778543, 28.44389985248455588, -3.901775725716781551 ) ) ;
#7670 = CARTESIAN_POINT ( 'NONE',  ( 25.62412512890092842, 22.68332003502202099, 5.388291884747139271 ) ) ;
#7671 = CARTESIAN_POINT ( 'NONE',  ( 19.78956493730902721, 24.17041691064352094, 4.667508484949317804 ) ) ;
#7672 = EDGE_CURVE ( 'NONE', #8083, #4794, #4569, .T. ) ;
#7673 = DIRECTION ( 'NONE',  ( 0.000000000000000000, 0.000000000000000000, -1.000000000000000000 ) ) ;
#7674 = EDGE_CURVE ( 'NONE', #571, #2376, #7861, .T. ) ;
#7675 = CARTESIAN_POINT ( 'NONE',  ( -12.35367056493147331, 2.333177383248123071, 55.05625000429724736 ) ) ;
#7676 = CARTESIAN_POINT ( 'NONE',  ( 49.44752746360097007, 53.82837943693556326, -19.54811651505058379 ) ) ;
#7677 = CARTESIAN_POINT ( 'NONE',  ( 29.33330262274922617, 26.93177144643730259, 3.545607074906220291 ) ) ;
#7678 = CARTESIAN_POINT ( 'NONE',  ( -7.096359481243011302, 6.152837547367449922, 54.78125000429724878 ) ) ;
#7679 = CARTESIAN_POINT ( 'NONE',  ( 27.71608056804020848, 25.28855205414496865, 4.910210634218689307 ) ) ;
#7680 = CARTESIAN_POINT ( 'NONE',  ( 26.90642872872088631, 27.90166106839660287, 4.658360559991435501 ) ) ;
#7681 = CARTESIAN_POINT ( 'NONE',  ( 29.40510846794111188, 25.50753589004073874, 1.000004054758692584 ) ) ;
#7682 = CARTESIAN_POINT ( 'NONE',  ( 27.77057375210610957, 31.66814633000655377, 0.07479947227782515751 ) ) ;
#7683 = CARTESIAN_POINT ( 'NONE',  ( -2.911582593301593302, 3.065960089313279457, 63.52324662537049704 ) ) ;
#7684 =( BOUNDED_CURVE ( )  B_SPLINE_CURVE ( 2, ( #2953, #3527, #5014, #6899, #5643, #2286, #3026, #5724, #2200, #6939, #4967 ),
 .UNSPECIFIED., .F., .T. ) 
 B_SPLINE_CURVE_WITH_KNOTS ( ( 3, 2, 2, 2, 2, 3 ),
 ( 0.6829579140862689357, 0.6853225935385331979, 0.6936559268718665017, 0.7019892602051998054, 0.7103225935385331091, 0.7162912474196022616 ),
 .UNSPECIFIED. ) 
 CURVE ( )  GEOMETRIC_REPRESENTATION_ITEM ( )  RATIONAL_B_SPLINE_CURVE ( ( 0.9690584114092966050, 0.9783999393559230651, 1.000000000000000000, 0.9238795325112867385, 1.000000000000000000, 0.9238795325112867385, 1.000000000000000000, 0.9238795325112867385, 1.000000000000000000, 0.9454795931553630073, 0.9690584114092970491 ) ) 
 REPRESENTATION_ITEM ( '' )  );
#7685 = CARTESIAN_POINT ( 'NONE',  ( -3.847162497313595608, 3.952837579269299795, 58.64375000429726015 ) ) ;
#7686 = CARTESIAN_POINT ( 'NONE',  ( 2.481826501186731093, -28.93159719673350594, 0.01983599851094510619 ) ) ;
#7687 = CARTESIAN_POINT ( 'NONE',  ( 25.75697231430577361, 28.55615462974247976, 4.488719844165522943 ) ) ;
#7688 = EDGE_LOOP ( 'NONE', ( #6098, #5829, #5269, #5656, #3120 ) ) ;
#7689 = CARTESIAN_POINT ( 'NONE',  ( 29.47365554771765161, 26.23098230412101017, 1.271715691967260975 ) ) ;
#7690 = CYLINDRICAL_SURFACE ( 'NONE', #5158, 3.240370349203909317 ) ;
#7691 = ORIENTED_EDGE ( 'NONE', *, *, #1616, .F. ) ;
#7692 = DIRECTION ( 'NONE',  ( 6.778899719113335399E-17, 2.508129176913471926E-17, 1.000000000000000000 ) ) ;
#7693 = CARTESIAN_POINT ( 'NONE',  ( 51.88409695360144980, 51.88409695360142138, -18.94519052838326800 ) ) ;
#7694 = AXIS2_PLACEMENT_3D ( 'NONE', #1010, #5030, #971 ) ;
#7695 = VERTEX_POINT ( 'NONE', #7334 ) ;
#7696 =( BOUNDED_CURVE ( )  B_SPLINE_CURVE ( 2, ( #6267, #1001, #4931, #7687, #3696, #4402, #7775, #6400, #6230 ),
 .UNSPECIFIED., .F., .T. ) 
 B_SPLINE_CURVE_WITH_KNOTS ( ( 3, 2, 2, 2, 3 ),
 ( 0.5333333333333332149, 0.5416666666666665186, 0.5499999999999998224, 0.5583333333333331261, 0.5666666666666664298 ),
 .UNSPECIFIED. ) 
 CURVE ( )  GEOMETRIC_REPRESENTATION_ITEM ( )  RATIONAL_B_SPLINE_CURVE ( ( 1.000000000000001110, 0.9238795325112857393, 1.000000000000000000, 0.9238795325112867385, 1.000000000000000000, 0.9238795325112867385, 1.000000000000000000, 0.9238795325112887369, 0.9999999999999980016 ) ) 
 REPRESENTATION_ITEM ( '' )  );
#7697 = CARTESIAN_POINT ( 'NONE',  ( 29.18151670100764505, 33.56184483438501331, 0.6098002871562785421 ) ) ;
#7698 = CARTESIAN_POINT ( 'NONE',  ( 27.24847074265935376, 31.04239984178714451, 1.581690967454682184 ) ) ;
#7699 = EDGE_CURVE ( 'NONE', #2563, #4291, #2320, .T. ) ;
#7700 = VERTEX_POINT ( 'NONE', #6442 ) ;
#7701 = AXIS2_PLACEMENT_3D ( 'NONE', #1341, #6115, #4784 ) ;
#7702 = VERTEX_POINT ( 'NONE', #5281 ) ;
#7703 = CARTESIAN_POINT ( 'NONE',  ( -3.847162497313595608, 3.952837579269299795, 55.14375000429726015 ) ) ;
#7704 = FACE_OUTER_BOUND ( 'NONE', #8355, .T. ) ;
#7705 = CARTESIAN_POINT ( 'NONE',  ( -8.431887450568748221, 2.463170090379271038, 56.16875000429725873 ) ) ;
#7706 = CARTESIAN_POINT ( 'NONE',  ( 24.43668218650291024, 17.36561437463727486, 2.795809616043993806 ) ) ;
#7707 = CARTESIAN_POINT ( 'NONE',  ( 31.84399670594334353, 27.45751521168875087, -3.606376000725449060 ) ) ;
#7708 = DIRECTION ( 'NONE',  ( 0.6123724356957942483, 0.6123724356957963577, -0.4999999999999978906 ) ) ;
#7709 = CC_DESIGN_PERSON_AND_ORGANIZATION_ASSIGNMENT ( #2862, #2657, ( #7441 ) ) ;
#7710 = AXIS2_PLACEMENT_3D ( 'NONE', #3089, #3712, #221 ) ;
#7711 = CARTESIAN_POINT ( 'NONE',  ( -29.74257535798936658, -4.681437611889660566, 1.424491377634570233 ) ) ;
#7712 = ORIENTED_EDGE ( 'NONE', *, *, #7497, .T. ) ;
#7713 = ORIENTED_EDGE ( 'NONE', *, *, #3794, .T. ) ;
#7714 = CYLINDRICAL_SURFACE ( 'NONE', #2908, 3.174999999999992273 ) ;
#7715 = CARTESIAN_POINT ( 'NONE',  ( 28.00437296115088515, 31.93431013181887579, -2.825159113717411241 ) ) ;
#7716 = CARTESIAN_POINT ( 'NONE',  ( 21.60741878053897125, 23.38501385485073669, 2.756997291827170571 ) ) ;
#7717 = CARTESIAN_POINT ( 'NONE',  ( 29.90937296115091115, 28.92479894781813954, -4.177903521716999968 ) ) ;
#7718 = AXIS2_PLACEMENT_3D ( 'NONE', #4739, #2626, #1384 ) ;
#7719 = CARTESIAN_POINT ( 'NONE',  ( 23.06993212781507552, 20.27074981237813489, 2.480274099067761640 ) ) ;
#7720 = CARTESIAN_POINT ( 'NONE',  ( 3.571078430037629481, -6.257494904020105331, 57.06875000429725731 ) ) ;
#7721 = ORIENTED_EDGE ( 'NONE', *, *, #6868, .T. ) ;
#7722 = VECTOR ( 'NONE', #8199, 1000.000000000000000 ) ;
#7723 = EDGE_CURVE ( 'NONE', #2574, #8582, #3402, .T. ) ;
#7724 = CARTESIAN_POINT ( 'NONE',  ( 31.68870261279846545, 27.89477351367140301, -2.867697024220773550 ) ) ;
#7725 = CARTESIAN_POINT ( 'NONE',  ( -13.35772761402214925, -0.7569925703595637989, 55.19375000429725731 ) ) ;
#7726 = CARTESIAN_POINT ( 'NONE',  ( 28.88143966045458910, 24.45316357338074909, 2.456840448547152445 ) ) ;
#7727 = CARTESIAN_POINT ( 'NONE',  ( 22.08417551333381823, 26.51245160040742377, 2.765903494686132280 ) ) ;
#7728 = DIRECTION ( 'NONE',  ( 0.000000000000000000, 0.000000000000000000, 1.000000000000000000 ) ) ;
#7729 = CYLINDRICAL_SURFACE ( 'NONE', #5998, 3.174999999999992273 ) ;
#7730 = CARTESIAN_POINT ( 'NONE',  ( -3.914290008707670854, 3.988405163735535108, 62.26780862198133804 ) ) ;
#7731 = DIRECTION ( 'NONE',  ( 0.000000000000000000, -0.5000000000000042188, 0.8660254037844362651 ) ) ;
#7732 = CARTESIAN_POINT ( 'NONE',  ( 28.60806183900515975, 33.75108035107453475, 0.007424561673533003336 ) ) ;
#7733 = ORIENTED_EDGE ( 'NONE', *, *, #955, .T. ) ;
#7734 = EDGE_CURVE ( 'NONE', #8541, #3364, #6874, .T. ) ;
#7735 = CARTESIAN_POINT ( 'NONE',  ( 29.49534506342977735, 28.88096000868468138, 2.480076418065088717 ) ) ;
#7736 = DIRECTION ( 'NONE',  ( -0.8660254037844399289, -1.255248039901265127E-16, -0.4999999999999980571 ) ) ;
#7737 = EDGE_LOOP ( 'NONE', ( #6844, #5506, #6551, #605, #7525 ) ) ;
#7738 = AXIS2_PLACEMENT_3D ( 'NONE', #1773, #7184, #1106 ) ;
#7739 = CARTESIAN_POINT ( 'NONE',  ( 23.21191229007990486, 22.35727103630187784, 1.709550217110369363 ) ) ;
#7740 = CIRCLE ( 'NONE', #7454, 3.249999999999992006 ) ;
#7741 = VERTEX_POINT ( 'NONE', #8569 ) ;
#7742 = CARTESIAN_POINT ( 'NONE',  ( -2.345041762805573526, -28.92014487765356634, -7.384837096599951753E-16 ) ) ;
#7743 = EDGE_CURVE ( 'NONE', #3773, #1285, #5446, .T. ) ;
#7744 = AXIS2_PLACEMENT_3D ( 'NONE', #1615, #7642, #953 ) ;
#7745 = CARTESIAN_POINT ( 'NONE',  ( -74.29263897105740000, 179.3582965884160103, 2.999999999999999112 ) ) ;
#7746 = ORIENTED_EDGE ( 'NONE', *, *, #1981, .F. ) ;
#7747 = ORIENTED_EDGE ( 'NONE', *, *, #4137, .T. ) ;
#7748 = CARTESIAN_POINT ( 'NONE',  ( 2.513001836178395010, 4.153407416275276987, 61.65042214429111311 ) ) ;
#7749 = CARTESIAN_POINT ( 'NONE',  ( 33.02663973715208812, 28.64578776381734926, -0.9557645417160240964 ) ) ;
#7750 = CARTESIAN_POINT ( 'NONE',  ( -10.48223867854489022, -8.667827598125645849, 58.85625000429725162 ) ) ;
#7751 = DIRECTION ( 'NONE',  ( 0.4999999999999974465, 0.000000000000000000, -0.8660254037844400399 ) ) ;
#7752 = CARTESIAN_POINT ( 'NONE',  ( 4.980421075131761910, -29.57792829150282543, 12.39437435550805766 ) ) ;
#7753 = CARTESIAN_POINT ( 'NONE',  ( -3.926372952469983080, -29.31911432714735355, 0.6910353571910169412 ) ) ;
#7754 = ORIENTED_EDGE ( 'NONE', *, *, #2918, .T. ) ;
#7755 = ORIENTED_EDGE ( 'NONE', *, *, #1011, .T. ) ;
#7756 = EDGE_CURVE ( 'NONE', #7524, #3329, #4025, .T. ) ;
#7757 = CARTESIAN_POINT ( 'NONE',  ( 23.48893798673083566, 26.93765148089652683, 0.8475225280287215224 ) ) ;
#7758 = CARTESIAN_POINT ( 'NONE',  ( 23.91825853772715860, 25.99019195466612686, 5.444114949861799779 ) ) ;
#7759 = CARTESIAN_POINT ( 'NONE',  ( 23.23107381029496210, 19.43714471116712517, 4.037927975779081358 ) ) ;
#7760 = CARTESIAN_POINT ( 'NONE',  ( 17.66072590554542643, 21.10943939971111405, 5.606237765238244464 ) ) ;
#7761 = B_SPLINE_CURVE_WITH_KNOTS ( 'NONE', 3,
 ( #1724, #5750, #7799, #5085, #7262, #2439, #7838, #6547, #8601, #8463, #1769, #6420 ),
 .UNSPECIFIED., .F., .F.,
 ( 4, 2, 2, 2, 2, 4 ),
 ( 0.000000000000000000, 0.0007634771715983299824, 0.001145215757397494757, 0.001526954343196659965, 0.002290431514794988646, 0.003053908686393317761 ),
 .UNSPECIFIED. ) ;
#7762 = CARTESIAN_POINT ( 'NONE',  ( -13.35772761402214925, -0.7569925703595637989, 55.19375000429725731 ) ) ;
#7763 = ORIENTED_EDGE ( 'NONE', *, *, #743, .F. ) ;
#7764 = CARTESIAN_POINT ( 'NONE',  ( 24.48170052481084369, 25.46627453814339859, 6.603772464950294463 ) ) ;
#7765 = CARTESIAN_POINT ( 'NONE',  ( 0.7104042181217109508, 4.410901515685613283, 62.15303879984524826 ) ) ;
#7766 = CARTESIAN_POINT ( 'NONE',  ( -3.847162322546356261, -13.84716242073069736, 55.01875000429725304 ) ) ;
#7767 = CARTESIAN_POINT ( 'NONE',  ( 28.10372666712093093, 23.67545058004709091, 3.091840448547149123 ) ) ;
#7768 = CARTESIAN_POINT ( 'NONE',  ( 21.78312481435388648, 25.79916216862145362, 1.682345621683910109 ) ) ;
#7769 = ADVANCED_FACE ( 'NONE', ( #6796 ), #4139, .F. ) ;
#7770 = EDGE_CURVE ( 'NONE', #5665, #746, #347, .T. ) ;
#7771 = CYLINDRICAL_SURFACE ( 'NONE', #7744, 3.000000000000000000 ) ;
#7772 = ORIENTED_EDGE ( 'NONE', *, *, #7948, .T. ) ;
#7773 = CARTESIAN_POINT ( 'NONE',  ( 31.57352576843087988, 31.72095315531030124, 1.246402676332819981 ) ) ;
#7774 = CARTESIAN_POINT ( 'NONE',  ( 28.62944132857279556, 33.64322448095183660, 0.03020366878616850131 ) ) ;
#7775 = CARTESIAN_POINT ( 'NONE',  ( 28.45837550524884918, 26.05684432893695046, 4.259982074906180749 ) ) ;
#7776 = ORIENTED_EDGE ( 'NONE', *, *, #3297, .F. ) ;
#7777 = ORIENTED_EDGE ( 'NONE', *, *, #2467, .F. ) ;
#7778 = CARTESIAN_POINT ( 'NONE',  ( 29.33740687569936512, 25.79286548238498611, 0.4095144991873675977 ) ) ;
#7779 = CARTESIAN_POINT ( 'NONE',  ( -53.16885618361808241, -2.000000000000003553, -13.99999999999995914 ) ) ;
#7780 = EDGE_CURVE ( 'NONE', #4682, #8036, #6298, .T. ) ;
#7781 = DIRECTION ( 'NONE',  ( -0.6123724356957944703, -0.6123724356957964687, 0.4999999999999980016 ) ) ;
#7782 = EDGE_CURVE ( 'NONE', #2270, #4618, #5254, .T. ) ;
#7783 = CARTESIAN_POINT ( 'NONE',  ( 28.16355784229031300, 32.59066251159313765, -2.020674946569112951 ) ) ;
#7784 = ADVANCED_FACE ( 'NONE', ( #4098 ), #4789, .T. ) ;
#7785 = ORIENTED_EDGE ( 'NONE', *, *, #159, .T. ) ;
#7786 = B_SPLINE_CURVE_WITH_KNOTS ( 'NONE', 3,
 ( #8352, #8315, #3655, #7773, #1576, #4274 ),
 .UNSPECIFIED., .F., .F.,
 ( 4, 2, 4 ),
 ( -1.126944407825853061E-05, 0.0004450501290938410886, 0.0009013697022659407755 ),
 .UNSPECIFIED. ) ;
#7787 = CARTESIAN_POINT ( 'NONE',  ( -30.70038159891783991, 1.430815608132188554, 3.083460450729222924 ) ) ;
#7788 = CYLINDRICAL_SURFACE ( 'NONE', #6127, 2.756000000000000227 ) ;
#7789 = ORIENTED_EDGE ( 'NONE', *, *, #4083, .T. ) ;
#7790 = CARTESIAN_POINT ( 'NONE',  ( 20.12690769522556877, 22.19884111216452283, 8.539739949861791857 ) ) ;
#7791 = ORIENTED_EDGE ( 'NONE', *, *, #7885, .T. ) ;
#7792 = CARTESIAN_POINT ( 'NONE',  ( 23.28515621111864320, 17.67884913834929250, 0.6195116677029465224 ) ) ;
#7793 = FACE_OUTER_BOUND ( 'NONE', #6272, .T. ) ;
#7794 = CARTESIAN_POINT ( 'NONE',  ( 22.39204854788917132, 26.28962112578928867, 3.543788817549104131 ) ) ;
#7795 = CARTESIAN_POINT ( 'NONE',  ( 2.030690181626937374, -11.93733230676918566, 55.29375000429730846 ) ) ;
#7796 = ORIENTED_EDGE ( 'NONE', *, *, #4816, .F. ) ;
#7797 = CARTESIAN_POINT ( 'NONE',  ( 27.75833825252548692, 28.61297950630338605, 3.509408963332814047 ) ) ;
#7798 = ORIENTED_EDGE ( 'NONE', *, *, #8651, .F. ) ;
#7799 = CARTESIAN_POINT ( 'NONE',  ( -4.967208097538303946, -29.57111659285887839, 2.489416802181180444 ) ) ;
#7800 = CARTESIAN_POINT ( 'NONE',  ( 26.46407189106100688, 24.39213847412181124, 0.2548789933714941114 ) ) ;
#7801 = LINE ( 'NONE', #1726, #3639 ) ;
#7802 = CARTESIAN_POINT ( 'NONE',  ( 31.91516857619687642, 29.83056387638093554, 0.8993348473948676869 ) ) ;
#7803 = CARTESIAN_POINT ( 'NONE',  ( 4.354242928328329931, -3.847162340206101039, 57.20625000429724594 ) ) ;
#7804 = VERTEX_POINT ( 'NONE', #6756 ) ;
#7805 = DIRECTION ( 'NONE',  ( 0.000000000000000000, -0.5000000000000037748, 0.8660254037844363761 ) ) ;
#7806 = CARTESIAN_POINT ( 'NONE',  ( 29.75459686707992901, 32.30365329819401410, 0.5458848717042854570 ) ) ;
#7807 = CARTESIAN_POINT ( 'NONE',  ( 2.030690181626937374, -11.93733230676918566, 58.04375000429725162 ) ) ;
#7808 = CARTESIAN_POINT ( 'NONE',  ( 30.23544986748090224, 29.39643019395822776, 3.025647946888018414 ) ) ;
#7809 = CARTESIAN_POINT ( 'NONE',  ( 26.94367132408307697, 29.37119983797810718, -2.703716690985388915 ) ) ;
#7810 = DIRECTION ( 'NONE',  ( 1.700235617287869704E-33, -1.000000000000000000, 2.508129176913471926E-17 ) ) ;
#7811 = VERTEX_POINT ( 'NONE', #4008 ) ;
#7812 = CARTESIAN_POINT ( 'NONE',  ( 27.61137460458433068, 30.04115301760597845, 2.697314172660783882 ) ) ;
#7813 = DIRECTION ( 'NONE',  ( -0.000000000000000000, -0.000000000000000000, -1.000000000000000000 ) ) ;
#7814 = CARTESIAN_POINT ( 'NONE',  ( -28.92014487765375108, 2.072265610947116699, 0.000000000000000000 ) ) ;
#7815 = ORIENTED_EDGE ( 'NONE', *, *, #5736, .F. ) ;
#7816 = CARTESIAN_POINT ( 'NONE',  ( 31.83791141213183096, 29.02967400700505607, -2.882490753720559518 ) ) ;
#7817 = CARTESIAN_POINT ( 'NONE',  ( 22.15876988838990869, 18.14273253412208575, 9.275242071549362421 ) ) ;
#7818 = CARTESIAN_POINT ( 'NONE',  ( 21.34499092396950459, 25.72584289729468310, 3.397508484924792516 ) ) ;
#7819 = CARTESIAN_POINT ( 'NONE',  ( -1.757669868906925892, -60.20863374002504997, -1.806747598319797365 ) ) ;
#7820 = ORIENTED_EDGE ( 'NONE', *, *, #5540, .T. ) ;
#7821 = DIRECTION ( 'NONE',  ( -0.7674234614174771929, 0.6123724356957942483, -0.1898979485566349434 ) ) ;
#7822 = CARTESIAN_POINT ( 'NONE',  ( -3.847162518913948226, 6.152837579269300861, 57.39375000429726015 ) ) ;
#7823 = ADVANCED_FACE ( 'NONE', ( #2817 ), #6038, .T. ) ;
#7824 = CARTESIAN_POINT ( 'NONE',  ( 22.61048727973300032, 19.66968218585408223, 7.848916884747125344 ) ) ;
#7825 = EDGE_LOOP ( 'NONE', ( #6387, #3989, #1864, #2650 ) ) ;
#7826 = EDGE_CURVE ( 'NONE', #2610, #6003, #6573, .T. ) ;
#7827 = CARTESIAN_POINT ( 'NONE',  ( -2.970215505577395998, 3.058171118351968421, 61.14829265017294802 ) ) ;
#7828 = CARTESIAN_POINT ( 'NONE',  ( 24.34096640004063161, 28.23853897794074186, 1.952504054759195640 ) ) ;
#7829 = CARTESIAN_POINT ( 'NONE',  ( 22.45336081696127195, 18.65943171783416332, 4.672927975779184173 ) ) ;
#7830 = CARTESIAN_POINT ( 'NONE',  ( 15.86406545761024489, 20.30356312775371919, 15.00000000000000355 ) ) ;
#7831 = VERTEX_POINT ( 'NONE', #688 ) ;
#7832 = CARTESIAN_POINT ( 'NONE',  ( -3.847162420730151577, -3.847162420730698251, 65.00000000000000000 ) ) ;
#7833 = VECTOR ( 'NONE', #2589, 1000.000000000000000 ) ;
#7834 = CARTESIAN_POINT ( 'NONE',  ( 31.10935886819105534, 31.54914440509332252, 1.129521236591446431 ) ) ;
#7836 = ORIENTED_EDGE ( 'NONE', *, *, #4636, .T. ) ;
#7835 = APPLICATION_CONTEXT ( 'configuration controlled 3d designs of mechanical parts and assemblies' ) ;
#7837 = EDGE_CURVE ( 'NONE', #2125, #6069, #975, .T. ) ;
#7838 = CARTESIAN_POINT ( 'NONE',  ( -4.680178694259580219, -29.48999844658052893, 1.646281492074648911 ) ) ;
#7839 = CARTESIAN_POINT ( 'NONE',  ( 26.29670633462951557, 23.48846892950271936, 1.641884246279423643 ) ) ;
#7840 = CARTESIAN_POINT ( 'NONE',  ( 25.99784402814402640, 25.01327001481124057, -0.9841535217170044314 ) ) ;
#7841 = VECTOR ( 'NONE', #3656, 1000.000000000000000 ) ;
#7842 = DIRECTION ( 'NONE',  ( -0.000000000000000000, 0.8660254037844363761, 0.5000000000000039968 ) ) ;
#7843 = SECURITY_CLASSIFICATION ( '', '', #7383 ) ;
#7844 = VECTOR ( 'NONE', #7466, 1000.000000000000114 ) ;
#7845 = CARTESIAN_POINT ( 'NONE',  ( -4.074801908667914141, -29.40116983419895291, 0.8331596644452037292 ) ) ;
#7846 = VERTEX_POINT ( 'NONE', #7412 ) ;
#7847 = EDGE_CURVE ( 'NONE', #4882, #4160, #6340, .T. ) ;
#7848 = AXIS2_PLACEMENT_3D ( 'NONE', #7787, #3926, #6530 ) ;
#7849 = CARTESIAN_POINT ( 'NONE',  ( 1.545738342022096923, 3.922596793578227103, 62.76040662868652475 ) ) ;
#7850 = CARTESIAN_POINT ( 'NONE',  ( -12.35367044356962651, -10.02750239174977054, 61.10625000429724452 ) ) ;
#7851 = AXIS2_PLACEMENT_3D ( 'NONE', #2072, #4190, #6768 ) ;
#7852 = CARTESIAN_POINT ( 'NONE',  ( 27.93191816789813942, 31.94795552216572077, -3.338123128316077715 ) ) ;
#7853 = CARTESIAN_POINT ( 'NONE',  ( 28.67694890733887902, 24.84194932096177411, -0.4130702021583054773 ) ) ;
#7854 = CARTESIAN_POINT ( 'NONE',  ( 23.98962528341333567, 23.13498402963517364, 1.074550217110137318 ) ) ;
#7855 = ORIENTED_EDGE ( 'NONE', *, *, #2660, .F. ) ;
#7856 = ADVANCED_FACE ( 'NONE', ( #2366 ), #8545, .T. ) ;
#7857 = CARTESIAN_POINT ( 'NONE',  ( 28.34543056115545312, 31.63868051302773310, 0.6316590477107352219 ) ) ;
#7858 = B_SPLINE_CURVE_WITH_KNOTS ( 'NONE', 3,
 ( #1776, #2446, #1029, #6475 ),
 .UNSPECIFIED., .F., .F.,
 ( 4, 4 ),
 ( 0.000000000000000000, 2.246401337166768547E-05 ),
 .UNSPECIFIED. ) ;
#7859 = CARTESIAN_POINT ( 'NONE',  ( -28.74045774387835550, -2.000000000000000444, 15.00000000000000000 ) ) ;
#7860 = CARTESIAN_POINT ( 'NONE',  ( -28.92014487765375108, -4.999999999999996447, 0.000000000000000000 ) ) ;
#7861 = LINE ( 'NONE', #7197, #4871 ) ;
#7862 = CARTESIAN_POINT ( 'NONE',  ( 22.38233436754458339, 18.54733478116746070, 4.726461047841669760 ) ) ;
#7863 = CARTESIAN_POINT ( 'NONE',  ( 21.75351753393567478, 20.91449786041297898, 9.951116696887988056 ) ) ;
#7864 = CARTESIAN_POINT ( 'NONE',  ( 27.71400316890549220, 31.61157574680654747, -1.154772719160542138 ) ) ;
#7865 =( BOUNDED_CURVE ( )  B_SPLINE_CURVE ( 2, ( #3682, #6347, #2275, #7055, #856, #314, #1693 ),
 .UNSPECIFIED., .F., .T. ) 
 B_SPLINE_CURVE_WITH_KNOTS ( ( 3, 2, 2, 3 ),
 ( 3.047440627337319980E-16, 0.0009069370561507538809, 0.003392107068879935284, 0.005877277081609120699 ),
 .UNSPECIFIED. ) 
 CURVE ( )  GEOMETRIC_REPRESENTATION_ITEM ( )  RATIONAL_B_SPLINE_CURVE ( ( 0.9647168388458904342, 0.9722206238030393077, 1.000000000000000000, 0.9238795325112867385, 1.000000000000000000, 0.9238795325113460244, 0.9999999999999407141 ) ) 
 REPRESENTATION_ITEM ( '' )  );
#7866 = CARTESIAN_POINT ( 'NONE',  ( 3.535533905932856324, -3.535533905932844778, 0.000000000000000000 ) ) ;
#7867 = CIRCLE ( 'NONE', #6883, 7.799999999999999822 ) ;
#7868 = ORIENTED_EDGE ( 'NONE', *, *, #1200, .T. ) ;
#7869 = DIRECTION ( 'NONE',  ( 1.000000000000000000, 0.000000000000000000, -0.000000000000000000 ) ) ;
#7870 = CARTESIAN_POINT ( 'NONE',  ( 6.667459821652518492, -3.847162317494146944, 59.45625000429725304 ) ) ;
#7871 = CARTESIAN_POINT ( 'NONE',  ( 22.15949775932761767, 18.26192518142714150, 5.993462330669554028 ) ) ;
#7872 = EDGE_LOOP ( 'NONE', ( #2654, #4864 ) ) ;
#7873 = VECTOR ( 'NONE', #7842, 999.9999999999998863 ) ;
#7874 = CARTESIAN_POINT ( 'NONE',  ( 23.11570292903009971, 19.57116153571569228, 5.489514499187342800 ) ) ;
#7875 = CARTESIAN_POINT ( 'NONE',  ( 20.31298136097016283, 23.11216367640684055, 8.933719844165500135 ) ) ;
#7876 = EDGE_LOOP ( 'NONE', ( #8532, #7910, #4891, #5978 ) ) ;
#7877 = TOROIDAL_SURFACE ( 'NONE', #5470, 183.0000000000000000, 3.000000000000000000 ) ;
#7878 = CARTESIAN_POINT ( 'NONE',  ( -3.677029312950160111, 4.039416215760571305, 62.54340955949616898 ) ) ;
#7879 = DIRECTION ( 'NONE',  ( -6.778899719113335399E-17, -2.508129176913471926E-17, -1.000000000000000000 ) ) ;
#7880 = EDGE_CURVE ( 'NONE', #2415, #3988, #3586, .T. ) ;
#7881 = FACE_OUTER_BOUND ( 'NONE', #6591, .T. ) ;
#7882 = CARTESIAN_POINT ( 'NONE',  ( 0.7375624851938314963, 2.463170180408507992, 55.61875000429726157 ) ) ;
#7883 = CARTESIAN_POINT ( 'NONE',  ( -12.35367056493147331, 2.333177383248123959, 56.80625000429730420 ) ) ;
#7884 = ORIENTED_EDGE ( 'NONE', *, *, #4137, .F. ) ;
#7885 = EDGE_CURVE ( 'NONE', #7157, #4819, #740, .T. ) ;
#7886 = CARTESIAN_POINT ( 'NONE',  ( 18.94180619189430459, 22.70146607185429488, 0.07745656560272853874 ) ) ;
#7887 = DIRECTION ( 'NONE',  ( 1.000000000000000000, -0.000000000000000000, -0.000000000000000000 ) ) ;
#7888 = ORIENTED_EDGE ( 'NONE', *, *, #5813, .T. ) ;
#7889 = CARTESIAN_POINT ( 'NONE',  ( -1.999999999999851674, -61.82911022146227253, 0.9999999999998880895 ) ) ;
#7890 = CARTESIAN_POINT ( 'NONE',  ( 27.85213232129683192, 25.04389491617003927, 0.3718842462794233472 ) ) ;
#7891 = CARTESIAN_POINT ( 'NONE',  ( 0.4070634280485816436, 3.854851652235375958, 62.79681423862488998 ) ) ;
#7892 = DIRECTION ( 'NONE',  ( 0.6123724356957942483, 0.6123724356957965798, -0.4999999999999977796 ) ) ;
#7893 = EDGE_CURVE ( 'NONE', #8017, #459, #2790, .T. ) ;
#7894 = CARTESIAN_POINT ( 'NONE',  ( 6.667459821652518492, -3.847162317494146500, 59.45625000429724594 ) ) ;
#7895 = ADVANCED_FACE ( 'NONE', ( #6694 ), #8115, .T. ) ;
#7896 = B_SPLINE_CURVE_WITH_KNOTS ( 'NONE', 3,
 ( #5945, #1159, #1081, #6484 ),
 .UNSPECIFIED., .F., .F.,
 ( 4, 4 ),
 ( 0.000000000000000000, 0.003118655234859903352 ),
 .UNSPECIFIED. ) ;
#7897 = DIRECTION ( 'NONE',  ( 0.6123724356957943593, 0.6123724356957965798, -0.4999999999999980016 ) ) ;
#7898 = VERTEX_POINT ( 'NONE', #4088 ) ;
#7899 = CARTESIAN_POINT ( 'NONE',  ( 27.07196948794555169, 23.17439691004517144, 2.905004054774577238 ) ) ;
#7900 = PLANE ( 'NONE',  #7027 ) ;
#7901 = CARTESIAN_POINT ( 'NONE',  ( 2.030690022762220881, 4.243007580729762473, 56.11875000429726157 ) ) ;
#7902 = CARTESIAN_POINT ( 'NONE',  ( 31.41841521526879433, 27.40237786100099626, 1.714773321549386997 ) ) ;
#7903 = CARTESIAN_POINT ( 'NONE',  ( 26.75045347333577439, 31.17872956040939414, -1.044096505313847567 ) ) ;
#7904 = CARTESIAN_POINT ( 'NONE',  ( 22.90041691064381624, 27.28126888397853378, 2.127508484949884426 ) ) ;
#7905 = EDGE_CURVE ( 'NONE', #571, #2394, #4081, .T. ) ;
#7906 = CARTESIAN_POINT ( 'NONE',  ( 0.7375626091084444003, -10.15749493184066843, 60.29375000429725873 ) ) ;
#7907 = CARTESIAN_POINT ( 'NONE',  ( 28.18857426926178888, 30.27317896907770844, -3.137840904161650624 ) ) ;
#7908 = CARTESIAN_POINT ( 'NONE',  ( 2.121320343559776944, -2.121320343559735200, 15.00000000000000000 ) ) ;
#7909 = CARTESIAN_POINT ( 'NONE',  ( 27.15022678052260474, 24.72044836750053776, -0.5739799922179945613 ) ) ;
#7910 = ORIENTED_EDGE ( 'NONE', *, *, #2408, .F. ) ;
#7911 = CARTESIAN_POINT ( 'NONE',  ( 22.16724017559391058, 23.16247251526961293, 8.527891809991409389 ) ) ;
#7912 = CARTESIAN_POINT ( 'NONE',  ( 18.88309694714006781, 19.72211662066250426, 3.705220996345275797 ) ) ;
#7913 = CARTESIAN_POINT ( 'NONE',  ( 3.952837579268113188, -3.847166101902174784, 57.95618512006078760 ) ) ;
#7914 = CARTESIAN_POINT ( 'NONE',  ( 22.20649318564242236, 21.22191917230961167, 2.111471478282968661 ) ) ;
#7915 = ORIENTED_EDGE ( 'NONE', *, *, #796, .T. ) ;
#7916 = DIRECTION ( 'NONE',  ( 0.6123724356957942483, 0.6123724356957963577, -0.4999999999999978906 ) ) ;
#7917 = CARTESIAN_POINT ( 'NONE',  ( -12.66522187544874178, 1.374321011850236696, 55.09891521464056297 ) ) ;
#7918 = CARTESIAN_POINT ( 'NONE',  ( -29.41208193097757118, -4.094362344389545605, 0.8520599704825855270 ) ) ;
#7919 = ORIENTED_EDGE ( 'NONE', *, *, #4947, .T. ) ;
#7920 = ORIENTED_EDGE ( 'NONE', *, *, #3505, .T. ) ;
#7921 = CARTESIAN_POINT ( 'NONE',  ( 23.23775966856020858, 25.30969308549916974, 5.999739949861805144 ) ) ;
#7922 = CARTESIAN_POINT ( 'NONE',  ( -1.999999999999857891, -2.457601578116998692E-14, 12.00000000000000000 ) ) ;
#7923 = ORIENTED_EDGE ( 'NONE', *, *, #8434, .T. ) ;
#7924 =( BOUNDED_CURVE ( )  B_SPLINE_CURVE ( 2, ( #273, #7630, #1561, #1470, #6382, #4993, #8418, #6210, #810, #3592, #1521 ),
 .UNSPECIFIED., .F., .T. ) 
 B_SPLINE_CURVE_WITH_KNOTS ( ( 3, 2, 2, 2, 2, 3 ),
 ( 0.3496245807529355654, 0.3519892602051998276, 0.3603225935385331313, 0.3686559268718664351, 0.3769892602051998498, 0.3829579140862688913 ),
 .UNSPECIFIED. ) 
 CURVE ( )  GEOMETRIC_REPRESENTATION_ITEM ( )  RATIONAL_B_SPLINE_CURVE ( ( 0.9690584114092966050, 0.9783999393559230651, 1.000000000000000000, 0.9238795325112867385, 1.000000000000000000, 0.9238795325112867385, 1.000000000000000000, 0.9238795325112867385, 1.000000000000000000, 0.9454795931553640065, 0.9690584114092961610 ) ) 
 REPRESENTATION_ITEM ( '' )  );
#7925 = CARTESIAN_POINT ( 'NONE',  ( -3.444397086002511710, 2.957093212997512044, 61.14482504915368111 ) ) ;
#7926 = FACE_BOUND ( 'NONE', #2242, .T. ) ;
#7927 = DIRECTION ( 'NONE',  ( -0.000000000000000000, -0.000000000000000000, -1.000000000000000000 ) ) ;
#7928 = CARTESIAN_POINT ( 'NONE',  ( -7.096359481243010414, 6.152837547367450810, 59.28125000429729852 ) ) ;
#7929 = VERTEX_POINT ( 'NONE', #1915 ) ;
#7930 = CARTESIAN_POINT ( 'NONE',  ( -3.847162420730151577, -3.847162420730698251, 55.00000000000000000 ) ) ;
#7931 = EDGE_CURVE ( 'NONE', #7268, #1414, #4963, .T. ) ;
#7932 = CARTESIAN_POINT ( 'NONE',  ( 30.59007024715159417, 30.59007024715149470, -1.558690528383338547 ) ) ;
#7933 = VERTEX_POINT ( 'NONE', #983 ) ;
#7934 =( BOUNDED_CURVE ( )  B_SPLINE_CURVE ( 2, ( #7205, #5913, #514, #3839, #4628, #1093, #8624 ),
 .UNSPECIFIED., .F., .T. ) 
 B_SPLINE_CURVE_WITH_KNOTS ( ( 3, 2, 2, 3 ),
 ( 0.9200039753243097751, 0.9360031828080097593, 0.9680015914040043246, 0.9815484367622518969 ),
 .UNSPECIFIED. ) 
 CURVE ( )  GEOMETRIC_REPRESENTATION_ITEM ( )  RATIONAL_B_SPLINE_CURVE ( ( 0.9755282581475777093, 0.9755282532748534852, 1.000000000000000000, 0.9510565162951535312, 1.000000000000000000, 0.9792792881228955526, 0.9761032162343608043 ) ) 
 REPRESENTATION_ITEM ( '' )  );
#7935 = CARTESIAN_POINT ( 'NONE',  ( 179.3582965884159535, -74.29263897105803949, 2.999999999999999112 ) ) ;
#7936 = CARTESIAN_POINT ( 'NONE',  ( 28.46247975819900233, 24.91793836488461622, 1.123889499187368024 ) ) ;
#7937 = CARTESIAN_POINT ( 'NONE',  ( 23.35990577599154250, 27.15383487511856586, 4.756690967454189511 ) ) ;
#7938 = CARTESIAN_POINT ( 'NONE',  ( -4.142243594868658008, 4.656979225013236245, 55.00000000000002842 ) ) ;
#7939 = CARTESIAN_POINT ( 'NONE',  ( -3.847162322546356261, -13.84716242073069736, 61.51875000429725304 ) ) ;
#7940 = CARTESIAN_POINT ( 'NONE',  ( -4.214572705423299759, 3.923844380857099523, 62.30289609151711261 ) ) ;
#7941 = VERTEX_POINT ( 'NONE', #1601 ) ;
#7942 = DIRECTION ( 'NONE',  ( -0.7071067811865487940, 0.7071067811865462405, 0.000000000000000000 ) ) ;
#7943 = CARTESIAN_POINT ( 'NONE',  ( -12.35367044356962651, -10.02750239174977054, 57.35625000429725873 ) ) ;
#7944 = EDGE_CURVE ( 'NONE', #6120, #4975, #3971, .T. ) ;
#7945 = CARTESIAN_POINT ( 'NONE',  ( 28.33660790840264809, 27.34137556872671126, -2.928116616758125179 ) ) ;
#7946 = CARTESIAN_POINT ( 'NONE',  ( 28.46185471538820266, 29.45708705506392633, 3.388360559991442145 ) ) ;
#7947 = CARTESIAN_POINT ( 'NONE',  ( 17.64144911235591451, 21.79455847909876098, 6.556204788245408643 ) ) ;
#7948 = EDGE_CURVE ( 'NONE', #2394, #4121, #2939, .T. ) ;
#7949 = CARTESIAN_POINT ( 'NONE',  ( -11.64716242073015096, -3.847162420730698695, 59.33124999992847393 ) ) ;
#7950 = CARTESIAN_POINT ( 'NONE',  ( 26.21514776543272518, 30.11272034333948255, 1.344799472271720919 ) ) ;
#7951 = FACE_OUTER_BOUND ( 'NONE', #2740, .T. ) ;
#7952 = CARTESIAN_POINT ( 'NONE',  ( 21.93351200006351576, 25.38222549422919982, 2.117522528028719098 ) ) ;
#7953 = CARTESIAN_POINT ( 'NONE',  ( 28.70404984470860299, 30.48164491902039686, -3.037377708172805946 ) ) ;
#7954 = CARTESIAN_POINT ( 'NONE',  ( 21.75109673876345795, 16.91058191888355822, 6.949376325544920796 ) ) ;
#7955 = ORIENTED_EDGE ( 'NONE', *, *, #2277, .T. ) ;
#7956 = CARTESIAN_POINT ( 'NONE',  ( 0.7375626091084444003, -10.15749493184066843, 57.54375000429725162 ) ) ;
#7957 = CARTESIAN_POINT ( 'NONE',  ( 21.21324491415425229, 21.93374081962000233, 2.409365189229065951 ) ) ;
#7958 = VERTEX_POINT ( 'NONE', #6343 ) ;
#7959 = FACE_OUTER_BOUND ( 'NONE', #8593, .T. ) ;
#7960 = CARTESIAN_POINT ( 'NONE',  ( 2.030690181626937374, -11.93733230676918566, 61.79375000429725873 ) ) ;
#7961 = CARTESIAN_POINT ( 'NONE',  ( -29.18338599386739673, -3.589903856131967608, 0.4559469879231826672 ) ) ;
#7962 = ORIENTED_EDGE ( 'NONE', *, *, #8751, .T. ) ;
#7963 = CARTESIAN_POINT ( 'NONE',  ( 22.67272104855942061, 20.60078763162021076, 3.350503993371486633 ) ) ;
#7964 = LINE ( 'NONE', #1843, #5723 ) ;
#7965 = CARTESIAN_POINT ( 'NONE',  ( 24.48465698881760488, 20.68193949637332096, 5.676623099233943925 ) ) ;
#7966 = CARTESIAN_POINT ( 'NONE',  ( -30.70038159891783991, 1.430815608132188554, 3.083460450729222924 ) ) ;
#7967 = CARTESIAN_POINT ( 'NONE',  ( 23.87511922407235687, 20.42640572990642411, 7.315881177995015250 ) ) ;
#7968 = CARTESIAN_POINT ( 'NONE',  ( -13.35772755334122408, -6.937332457858510715, 57.21875000429730562 ) ) ;
#7969 = ORIENTED_EDGE ( 'NONE', *, *, #296, .F. ) ;
#7970 = EDGE_CURVE ( 'NONE', #928, #7507, #1764, .T. ) ;
#7971 = CARTESIAN_POINT ( 'NONE',  ( -11.45804872264266550, 2.657021324049324562, 55.00000000000001421 ) ) ;
#7972 = ORIENTED_EDGE ( 'NONE', *, *, #1506, .F. ) ;
#7973 = FACE_OUTER_BOUND ( 'NONE', #7547, .T. ) ;
#7974 =( BOUNDED_CURVE ( )  B_SPLINE_CURVE ( 2, ( #2349, #7129, #5879, #1760, #2568 ),
 .UNSPECIFIED., .F., .T. ) 
 B_SPLINE_CURVE_WITH_KNOTS ( ( 3, 2, 3 ),
 ( 0.02195883631198510683, 0.02499999999999995282, 0.03333333333333314552 ),
 .UNSPECIFIED. ) 
 CURVE ( )  GEOMETRIC_REPRESENTATION_ITEM ( )  RATIONAL_B_SPLINE_CURVE ( ( 0.9647168388458868815, 0.9722206238030328684, 1.000000000000000000, 0.9238795325112884038, 0.9999999999999983347 ) ) 
 REPRESENTATION_ITEM ( '' )  );
#7975 = ORIENTED_EDGE ( 'NONE', *, *, #6700, .F. ) ;
#7976 = CARTESIAN_POINT ( 'NONE',  ( 18.13692482647500270, 22.51777679980949287, 6.016883484949310912 ) ) ;
#7977 = CARTESIAN_POINT ( 'NONE',  ( 29.65419726446219784, 28.92542308336505741, -3.144664240730135507 ) ) ;
#7978 = CARTESIAN_POINT ( 'NONE',  ( -14.36178466311282165, -3.847162523967251335, 54.33125000429726015 ) ) ;
#7979 = CARTESIAN_POINT ( 'NONE',  ( 23.58091577981061349, 27.96176775314512142, 1.571883484949333720 ) ) ;
#7980 = AXIS2_PLACEMENT_3D ( 'NONE', #5213, #1241, #2663 ) ;
#7981 = DIRECTION ( 'NONE',  ( 0.000000000000000000, -0.8660254037844362651, -0.5000000000000039968 ) ) ;
#7982 = DIRECTION ( 'NONE',  ( 0.000000000000000000, 0.000000000000000000, 1.000000000000000000 ) ) ;
#7983 = FACE_OUTER_BOUND ( 'NONE', #1322, .T. ) ;
#7984 = CARTESIAN_POINT ( 'NONE',  ( 31.37718329518078875, 27.40415523132862674, 1.706139064077316192 ) ) ;
#7985 = CIRCLE ( 'NONE', #8550, 1.500000000000001332 ) ;
#7986 = CARTESIAN_POINT ( 'NONE',  ( 31.79087585414822215, 30.95185618062555122, 1.755647946888020394 ) ) ;
#7987 = CARTESIAN_POINT ( 'NONE',  ( 28.77770905457724027, 32.61270864095413913, 0.3375328953916234553 ) ) ;
#7988 = DIRECTION ( 'NONE',  ( -0.000000000000000000, -0.000000000000000000, -1.000000000000000000 ) ) ;
#7989 = AXIS2_PLACEMENT_3D ( 'NONE', #4156, #1453, #6056 ) ;
#7990 = CARTESIAN_POINT ( 'NONE',  ( 3.952837513478120179, -5.082561218495906807, 60.63577535348971281 ) ) ;
#7991 = ADVANCED_FACE ( 'NONE', ( #3637 ), #3678, .T. ) ;
#7992 = VECTOR ( 'NONE', #6086, 1000.000000000000227 ) ;
#7993 = CARTESIAN_POINT ( 'NONE',  ( 28.64566720867806637, 33.62283350029515816, 0.02827306276057678369 ) ) ;
#7994 = CARTESIAN_POINT ( 'NONE',  ( 22.88416858546266042, 18.98659600756137777, 6.677532958034867683 ) ) ;
#7995 = ORIENTED_EDGE ( 'NONE', *, *, #1392, .F. ) ;
#7996 = CARTESIAN_POINT ( 'NONE',  ( 31.67054585570033964, 28.12600446238596774, -1.495485500812621327 ) ) ;
#7997 = DIRECTION ( 'NONE',  ( 0.4999999999999976685, 0.000000000000000000, -0.8660254037844399289 ) ) ;
#7998 = CARTESIAN_POINT ( 'NONE',  ( 27.75680237354174906, 30.15833354985344528, -3.323488131672879931 ) ) ;
#7999 = CIRCLE ( 'NONE', #1069, 11.01313751143150022 ) ;
#8000 = CARTESIAN_POINT ( 'NONE',  ( 20.83662256122185497, 24.73419513912196521, 4.813788817549094823 ) ) ;
#8001 = CARTESIAN_POINT ( 'NONE',  ( 19.63373134259119013, 21.71833604240733351, 3.847159095838171172 ) ) ;
#8002 = ADVANCED_FACE ( 'NONE', ( #3591 ), #7714, .F. ) ;
#8003 = CARTESIAN_POINT ( 'NONE',  ( 2.030690181626937374, -11.93733230676918566, 56.29375000429725873 ) ) ;
#8004 = CARTESIAN_POINT ( 'NONE',  ( 31.34475558245819471, 27.44718300455786064, -0.5837111824508828262 ) ) ;
#8005 = ORIENTED_EDGE ( 'NONE', *, *, #1340, .T. ) ;
#8006 = CARTESIAN_POINT ( 'NONE',  ( 22.47798739932669676, 23.20676158042361692, 7.414908183963425437 ) ) ;
#8007 = DIRECTION ( 'NONE',  ( 0.6123724356957943593, 0.6123724356957965798, -0.4999999999999980016 ) ) ;
#8008 = FACE_BOUND ( 'NONE', #6815, .T. ) ;
#8009 = DIRECTION ( 'NONE',  ( -0.000000000000000000, -1.000000000000000000, -0.000000000000000000 ) ) ;
#8010 = CARTESIAN_POINT ( 'NONE',  ( 29.78932959579087481, 25.89175701789053718, 0.6862888175491184128 ) ) ;
#8011 = ADVANCED_FACE ( 'NONE', ( #6209 ), #137, .T. ) ;
#8012 = ORIENTED_EDGE ( 'NONE', *, *, #3662, .F. ) ;
#8013 = CARTESIAN_POINT ( 'NONE',  ( 2.000000000000150546, -29.20345366842106571, 15.00000000000000000 ) ) ;
#8014 = AXIS2_PLACEMENT_3D ( 'NONE', #7172, #5208, #1847 ) ;
#8015 = CARTESIAN_POINT ( 'NONE',  ( 0.7375624851938314963, 2.463170180408507992, 60.36875000429725446 ) ) ;
#8016 = AXIS2_PLACEMENT_3D ( 'NONE', #6162, #8165, #1294 ) ;
#8017 = VERTEX_POINT ( 'NONE', #8251 ) ;
#8018 = CARTESIAN_POINT ( 'NONE',  ( 32.82869034731328384, 28.44783837397828918, -0.7941395417167583792 ) ) ;
#8019 = CARTESIAN_POINT ( 'NONE',  ( 27.71366357274002823, 30.95633681633646006, -1.128971748733949232 ) ) ;
#8020 = CARTESIAN_POINT ( 'NONE',  ( -3.847162518913948226, 6.152837579269300861, 56.39375000429725304 ) ) ;
#8021 = CARTESIAN_POINT ( 'NONE',  ( 30.80061859564682081, 31.78519260897939702, 1.444397464950324173 ) ) ;
#8022 = AXIS2_PLACEMENT_3D ( 'NONE', #6656, #5138, #3911 ) ;
#8023 = VECTOR ( 'NONE', #7064, 1000.000000000000227 ) ;
#8024 =( BOUNDED_CURVE ( )  B_SPLINE_CURVE ( 3, ( #837, #3578, #7742, #2962 ),
 .UNSPECIFIED., .F., .T. ) 
 B_SPLINE_CURVE_WITH_KNOTS ( ( 4, 4 ),
 ( 2.798248202574878718, 3.141592653589793116 ),
 .UNSPECIFIED. ) 
 CURVE ( )  GEOMETRIC_REPRESENTATION_ITEM ( )  RATIONAL_B_SPLINE_CURVE ( ( 1.000000000000000000, 0.9902003186587148287, 0.9902003186587148287, 1.000000000000000000 ) ) 
 REPRESENTATION_ITEM ( '' )  );
#8025 = DIRECTION ( 'NONE',  ( 1.000000000000000000, 0.000000000000000000, 0.000000000000000000 ) ) ;
#8026 = CARTESIAN_POINT ( 'NONE',  ( -29.45181634958905192, 3.979505129697338273, 14.26269599602008675 ) ) ;
#8027 = ORIENTED_EDGE ( 'NONE', *, *, #3069, .F. ) ;
#8028 = EDGE_CURVE ( 'NONE', #3293, #7484, #2808, .T. ) ;
#8029 = DIRECTION ( 'NONE',  ( -0.4999999999999980016, 0.000000000000000000, 0.8660254037844398178 ) ) ;
#8030 = CARTESIAN_POINT ( 'NONE',  ( 29.14797848481279985, 30.13255249814537251, 2.793772464950307288 ) ) ;
#8031 = CARTESIAN_POINT ( 'NONE',  ( -1.026749095362521791, 3.425063419690423494, 63.23142748068845265 ) ) ;
#8032 = CARTESIAN_POINT ( 'NONE',  ( 21.09935433779195435, 20.37058015669478195, 3.840335759269834615 ) ) ;
#8033 = CARTESIAN_POINT ( 'NONE',  ( -29.40240786209384183, -4.369614819336710809, 13.85042336158019971 ) ) ;
#8034 = CARTESIAN_POINT ( 'NONE',  ( 27.65717696371500622, 31.17302562883174488, -4.216154707852842520 ) ) ;
#8035 = VERTEX_POINT ( 'NONE', #6293 ) ;
#8036 = VERTEX_POINT ( 'NONE', #6924 ) ;
#8037 = CARTESIAN_POINT ( 'NONE',  ( 19.69235081314231550, 24.07320278647681633, 4.746883484949323773 ) ) ;
#8038 = DIRECTION ( 'NONE',  ( -0.7674234614174771929, 0.6123724356957942483, -0.1898979485566349434 ) ) ;
#8039 = CARTESIAN_POINT ( 'NONE',  ( 23.10471685888096971, 26.55343035304674260, 1.161237765238249953 ) ) ;
#8040 = ADVANCED_FACE ( 'NONE', ( #8207 ), #1909, .T. ) ;
#8041 = ORIENTED_EDGE ( 'NONE', *, *, #7294, .F. ) ;
#8042 = CARTESIAN_POINT ( 'NONE',  ( 22.65387341037716240, 25.48335776325126290, 7.045135673094838680 ) ) ;
#8043 = CARTESIAN_POINT ( 'NONE',  ( 23.23295795400326469, 19.39795836762614556, 4.031929797841677932 ) ) ;
#8044 = ORIENTED_EDGE ( 'NONE', *, *, #7756, .F. ) ;
#8045 = CARTESIAN_POINT ( 'NONE',  ( 33.04048080011851596, 30.54112190466500820, 1.603098211538586115 ) ) ;
#8046 = CARTESIAN_POINT ( 'NONE',  ( 31.75263017111165809, 26.96395428829438146, -1.230668147509307975 ) ) ;
#8047 = ORIENTED_EDGE ( 'NONE', *, *, #2572, .F. ) ;
#8048 = CARTESIAN_POINT ( 'NONE',  ( 20.87877331007862480, 20.02413205630040949, 3.614550217110044539 ) ) ;
#8049 = CARTESIAN_POINT ( 'NONE',  ( -10.48223867854489022, -8.667827598125645849, 61.60625000429725873 ) ) ;
#8050 = ADVANCED_FACE ( 'NONE', ( #5628 ), #853, .F. ) ;
#8051 = FACE_OUTER_BOUND ( 'NONE', #6797, .T. ) ;
#8052 = DIRECTION ( 'NONE',  ( 0.000000000000000000, -0.8660254037844363761, -0.5000000000000039968 ) ) ;
#8053 = ORIENTED_EDGE ( 'NONE', *, *, #1745, .F. ) ;
#8054 = CARTESIAN_POINT ( 'NONE',  ( 20.97477212082401721, 23.78300952595056827, 6.597109696953852520 ) ) ;
#8055 = DIRECTION ( 'NONE',  ( 0.000000000000000000, 0.000000000000000000, 1.000000000000000000 ) ) ;
#8056 = ORIENTED_EDGE ( 'NONE', *, *, #5384, .T. ) ;
#8057 = EDGE_CURVE ( 'NONE', #8072, #2493, #3466, .T. ) ;
#8058 = DATE_AND_TIME ( #5386, #7585 ) ;
#8059 = CARTESIAN_POINT ( 'NONE',  ( 28.02062505338894027, 30.50984376266848486, -4.550289229379614220 ) ) ;
#8060 = ADVANCED_FACE ( 'NONE', ( #3174 ), #4584, .F. ) ;
#8061 = CARTESIAN_POINT ( 'NONE',  ( -1.312788866696924517, 3.952837604152769302, 55.75625000429725020 ) ) ;
#8062 = ORIENTED_EDGE ( 'NONE', *, *, #5006, .T. ) ;
#8063 = CARTESIAN_POINT ( 'NONE',  ( 20.94942961694150085, 24.92245768079348878, 2.405354879155997772 ) ) ;
#8064 = CARTESIAN_POINT ( 'NONE',  ( 32.54505170252924273, 27.37776976182400190, -3.098585562017475148 ) ) ;
#8065 = ORIENTED_EDGE ( 'NONE', *, *, #1981, .T. ) ;
#8066 = CARTESIAN_POINT ( 'NONE',  ( 31.78591673696517361, 27.99198763783810051, -2.947072024220782183 ) ) ;
#8067 = CARTESIAN_POINT ( 'NONE',  ( 28.87648427112853966, 28.14771009003139213, -2.509664240730138829 ) ) ;
#8068 = CARTESIAN_POINT ( 'NONE',  ( 1.234207811574118852, 2.102336236908385114, 52.83544413585948973 ) ) ;
#8069 = CARTESIAN_POINT ( 'NONE',  ( -11.12937258330438972, 3.006261187080253805, 55.00000000000002842 ) ) ;
#8070 = FACE_OUTER_BOUND ( 'NONE', #1292, .T. ) ;
#8071 = DIRECTION ( 'NONE',  ( 0.1898979485566308079, 0.5000000000000007772, 0.8449489742783184987 ) ) ;
#8072 = VERTEX_POINT ( 'NONE', #2471 ) ;
#8073 = CARTESIAN_POINT ( 'NONE',  ( 28.15717605622453590, 24.70846256205859603, 3.819596415204582929 ) ) ;
#8074 = CARTESIAN_POINT ( 'NONE',  ( 28.86782428764040986, 31.66700660307711956, 1.948719844165527570 ) ) ;
#8075 = CARTESIAN_POINT ( 'NONE',  ( 30.24831257346793478, 30.08711772479487223, -4.917362828458941237 ) ) ;
#8076 = CARTESIAN_POINT ( 'NONE',  ( 21.46306281819607165, 17.91852142488165711, 6.838889499187342125 ) ) ;
#8077 = CYLINDRICAL_SURFACE ( 'NONE', #5893, 3.174999999999992273 ) ;
#8078 = CARTESIAN_POINT ( 'NONE',  ( 33.05975099781397830, 28.06245730265365168, -4.375642685671434329 ) ) ;
#8079 = EDGE_LOOP ( 'NONE', ( #972, #7215, #1926, #6498, #5951 ) ) ;
#8080 = DIRECTION ( 'NONE',  ( 0.6123724356957943593, 0.6123724356957964687, -0.4999999999999978351 ) ) ;
#8081 = DIRECTION ( 'NONE',  ( 0.6123724356957943593, 0.6123724356957963577, -0.4999999999999978351 ) ) ;
#8082 = DIRECTION ( 'NONE',  ( -0.6123724356957944703, -0.6123724356957964687, 0.4999999999999980016 ) ) ;
#8083 = VERTEX_POINT ( 'NONE', #1229 ) ;
#8084 = CARTESIAN_POINT ( 'NONE',  ( 20.15478823456154345, 24.17082558882910703, 3.011876871683903278 ) ) ;
#8085 = CARTESIAN_POINT ( 'NONE',  ( 20.52874952666650188, 24.95702561374010742, 4.035903494686126081 ) ) ;
#8086 = CARTESIAN_POINT ( 'NONE',  ( 33.01284186205163707, 30.52058918527356468, 1.574319427811217587 ) ) ;
#8087 = CARTESIAN_POINT ( 'NONE',  ( 16.89604817361668410, 23.96711598548199973, 13.00000000000003730 ) ) ;
#8088 = EDGE_LOOP ( 'NONE', ( #4377, #2215, #8193 ) ) ;
#8089 = CARTESIAN_POINT ( 'NONE',  ( 23.27766045094838887, 19.38008787305096448, 6.356248195255423283 ) ) ;
#8090 = CARTESIAN_POINT ( 'NONE',  ( 23.97647708684067425, 28.76515296966275059, 2.564037090737959268 ) ) ;
#8091 = CYLINDRICAL_SURFACE ( 'NONE', #5180, 5.099999999999998757 ) ;
#8092 = CARTESIAN_POINT ( 'NONE',  ( 26.28061351455746575, 30.17818609245759021, 0.3687888175491251253 ) ) ;
#8093 = ORIENTED_EDGE ( 'NONE', *, *, #3023, .T. ) ;
#8094 = VERTEX_POINT ( 'NONE', #5344 ) ;
#8095 = CARTESIAN_POINT ( 'NONE',  ( 26.34861164189484484, 28.42054505883382021, 3.459739949861809549 ) ) ;
#8096 = CARTESIAN_POINT ( 'NONE',  ( 20.33036510104983563, 24.22793767894705397, 4.873942518038876237 ) ) ;
#8097 = COORDINATED_UNIVERSAL_TIME_OFFSET ( 6, 0, .BEHIND. ) ;
#8098 = CARTESIAN_POINT ( 'NONE',  ( 29.84494901498381836, 29.12445310951784094, 2.737788516794690263 ) ) ;
#8099 = CARTESIAN_POINT ( 'NONE',  ( 16.54313657022615303, 23.61420438209146866, 2.993486559999659402 ) ) ;
#8100 = ORIENTED_EDGE ( 'NONE', *, *, #4989, .T. ) ;
#8101 = CARTESIAN_POINT ( 'NONE',  ( 23.84764512114873369, 21.04846280571179662, 1.845274099067762963 ) ) ;
#8102 = EDGE_CURVE ( 'NONE', #8241, #5727, #61, .T. ) ;
#8103 = CARTESIAN_POINT ( 'NONE',  ( 32.49460562165216970, 29.92692496056076124, 0.6425305791478728157 ) ) ;
#8104 = ADVANCED_FACE ( 'NONE', ( #5248, #4631, #7382 ), #1174, .F. ) ;
#8105 = VERTEX_POINT ( 'NONE', #519 ) ;
#8106 = PLANE ( 'NONE',  #3915 ) ;
#8107 = CARTESIAN_POINT ( 'NONE',  ( 29.57492386439564314, 27.50299044745645816, -2.285121006628493934 ) ) ;
#8108 = CARTESIAN_POINT ( 'NONE',  ( -0.5979655565848825960, 6.152837611171149135, 56.25625000429725020 ) ) ;
#8109 = DIRECTION ( 'NONE',  ( 0.6123724356957943593, 0.6123724356957965798, -0.4999999999999980016 ) ) ;
#8110 = CYLINDRICAL_SURFACE ( 'NONE', #5430, 3.174999999999992273 ) ;
#8111 = CARTESIAN_POINT ( 'NONE',  ( -2.204961456545627030, 3.778243087572616510, 61.94971643143576046 ) ) ;
#8112 = ORIENTED_EDGE ( 'NONE', *, *, #5933, .F. ) ;
#8113 = EDGE_CURVE ( 'NONE', #7657, #6909, #2066, .T. ) ;
#8114 = DIRECTION ( 'NONE',  ( 0.000000000000000000, 0.8660254037844362651, 0.5000000000000042188 ) ) ;
#8115 = CYLINDRICAL_SURFACE ( 'NONE', #7718, 3.000000000000000000 ) ;
#8116 = CARTESIAN_POINT ( 'NONE',  ( -1.493193315401865728, 3.593265363078929298, 62.99913955244626607 ) ) ;
#8117 = CARTESIAN_POINT ( 'NONE',  ( 30.93652311591234394, 28.10703876303801252, -3.965516729861533918 ) ) ;
#8118 = CARTESIAN_POINT ( 'NONE',  ( 4.209887160169225595, -29.48081491318177072, 0.9711089878162828537 ) ) ;
#8119 = VECTOR ( 'NONE', #3807, 1000.000000000000114 ) ;
#8120 = CARTESIAN_POINT ( 'NONE',  ( 26.77555702147768457, 25.79098300814489875, -1.619153521717000999 ) ) ;
#8121 = ADVANCED_FACE ( 'NONE', ( #6672 ), #4497, .T. ) ;
#8122 = ORIENTED_EDGE ( 'NONE', *, *, #296, .T. ) ;
#8123 = VECTOR ( 'NONE', #2548, 1000.000000000000114 ) ;
#8124 = CIRCLE ( 'NONE', #1328, 2.756000000000000227 ) ;
#8125 = CARTESIAN_POINT ( 'NONE',  ( 18.04494703339522133, 21.49366052756089829, 5.292522528028706041 ) ) ;
#8126 = CARTESIAN_POINT ( 'NONE',  ( 23.26166181385437426, 20.83188340083255596, 2.601020007782138155 ) ) ;
#8127 = CARTESIAN_POINT ( 'NONE',  ( 23.72280963791586572, 26.15258805093781547, 5.872314172661146081 ) ) ;
#8128 = VERTEX_POINT ( 'NONE', #2653 ) ;
#8129 = CARTESIAN_POINT ( 'NONE',  ( 22.20448277095610123, 24.63201128485111369, 1.165814559014592744 ) ) ;
#8130 = CARTESIAN_POINT ( 'NONE',  ( 24.57328974871991178, 25.56852208839561769, 6.563360559991425092 ) ) ;
#8131 = CARTESIAN_POINT ( 'NONE',  ( 25.50290052122380757, 29.40047309912393558, 1.003788817549122525 ) ) ;
#8132 = CARTESIAN_POINT ( 'NONE',  ( 18.58925880642949480, 22.83189949353515047, 0.1681342116056830371 ) ) ;
#8133 = VECTOR ( 'NONE', #7295, 1000.000000000000114 ) ;
#8134 = CIRCLE ( 'NONE', #781, 11.01313751143150022 ) ;
#8135 = CARTESIAN_POINT ( 'NONE',  ( 28.63508879177394206, 33.80237073247899104, -0.01879549474920194641 ) ) ;
#8136 = CARTESIAN_POINT ( 'NONE',  ( 0.06569592719894579158, -12.02415511457889963, 54.99999999999999289 ) ) ;
#8137 = CYLINDRICAL_SURFACE ( 'NONE', #2802, 180.0000000000000000 ) ;
#8138 = CARTESIAN_POINT ( 'NONE',  ( -4.074801908668199246, -37.09937395895251910, 14.16684033555453048 ) ) ;
#8139 = ORIENTED_EDGE ( 'NONE', *, *, #7592, .T. ) ;
#8140 = EDGE_CURVE ( 'NONE', #6909, #2569, #1276, .T. ) ;
#8141 = CARTESIAN_POINT ( 'NONE',  ( 25.08513342862695339, 24.35635924752978809, 0.5859607592698518053 ) ) ;
#8142 = CARTESIAN_POINT ( 'NONE',  ( 26.08746631948693206, 29.89018381193098506, -0.1325943932101980582 ) ) ;
#8143 = CIRCLE ( 'NONE', #5005, 3.253008291094206417 ) ;
#8144 = CARTESIAN_POINT ( 'NONE',  ( 27.17422570233810220, 30.46747565421009796, 1.587943810501014408 ) ) ;
#8145 = CARTESIAN_POINT ( 'NONE',  ( -54.94909290488215703, 1.430815608132185002, -10.91653954927072334 ) ) ;
#8146 = CIRCLE ( 'NONE', #3039, 78.00000000000000000 ) ;
#8147 = ORIENTED_EDGE ( 'NONE', *, *, #707, .T. ) ;
#8148 = DIRECTION ( 'NONE',  ( 0.000000000000000000, 1.000000000000000000, -0.000000000000000000 ) ) ;
#8149 = AXIS2_PLACEMENT_3D ( 'NONE', #2927, #4904, #930 ) ;
#8150 = CARTESIAN_POINT ( 'NONE',  ( 31.60841798334800856, 28.03615613319355404, -3.159229074405544679 ) ) ;
#8151 = ADVANCED_FACE ( 'NONE', ( #3977 ), #7435, .T. ) ;
#8152 = VERTEX_POINT ( 'NONE', #8668 ) ;
#8153 = DIRECTION ( 'NONE',  ( -0.000000000000000000, -0.000000000000000000, -1.000000000000000000 ) ) ;
#8154 = CARTESIAN_POINT ( 'NONE',  ( 31.13034985106296304, 29.05841643412378161, -3.555121006628483737 ) ) ;
#8155 = CARTESIAN_POINT ( 'NONE',  ( -14.36178466311282165, -3.847162523967251335, 57.08125000429726015 ) ) ;
#8156 = LOCAL_TIME ( 1, 31, 28.00000000000000000, #704 ) ;
#8157 = FACE_OUTER_BOUND ( 'NONE', #8508, .T. ) ;
#8158 = EDGE_CURVE ( 'NONE', #4248, #7846, #3733, .T. ) ;
#8159 =( BOUNDED_CURVE ( )  B_SPLINE_CURVE ( 2, ( #6489, #418, #7159, #7290, #5952, #2596, #7998, #7373, #734 ),
 .UNSPECIFIED., .F., .T. ) 
 B_SPLINE_CURVE_WITH_KNOTS ( ( 3, 2, 2, 2, 3 ),
 ( 0.2446221605492535645, 0.2471092765648414402, 0.2495963925804293160, 0.2520835085960172472, 0.2545706246116051230 ),
 .UNSPECIFIED. ) 
 CURVE ( )  GEOMETRIC_REPRESENTATION_ITEM ( )  RATIONAL_B_SPLINE_CURVE ( ( 0.9999999999999837907, 0.9238795325113029477, 1.000000000000000000, 0.9238795325112867385, 1.000000000000000000, 0.9238795325112867385, 1.000000000000000000, 0.9238795325112948431, 0.9999999999999918954 ) ) 
 REPRESENTATION_ITEM ( '' )  );
#8160 = DIRECTION ( 'NONE',  ( -0.7071067811865487940, 0.7071067811865462405, 0.000000000000000000 ) ) ;
#8161 = CARTESIAN_POINT ( 'NONE',  ( 2.000000000000150546, -29.20345366842106571, 15.00000000000000000 ) ) ;
#8162 = ORIENTED_EDGE ( 'NONE', *, *, #2428, .T. ) ;
#8163 = DIRECTION ( 'NONE',  ( 1.000000000000000000, 0.000000000000000000, 0.000000000000000000 ) ) ;
#8164 = CARTESIAN_POINT ( 'NONE',  ( 28.09011129430674458, 30.88929360974345784, 2.583719844165526691 ) ) ;
#8165 = DIRECTION ( 'NONE',  ( -0.000000000000000000, -0.000000000000000000, -1.000000000000000000 ) ) ;
#8166 = CARTESIAN_POINT ( 'NONE',  ( 32.63907864543467952, 27.79856382555481886, -1.940623674455039582 ) ) ;
#8167 = DIRECTION ( 'NONE',  ( 0.5672908290500290329, 0.7865660924854929181, 0.2439157588755467565 ) ) ;
#8168 = CIRCLE ( 'NONE', #7169, 3.251797457478082798 ) ;
#8169 = EDGE_CURVE ( 'NONE', #4882, #5914, #4452, .T. ) ;
#8170 = EDGE_CURVE ( 'NONE', #3951, #557, #7964, .T. ) ;
#8171 = LINE ( 'NONE', #815, #6990 ) ;
#8172 = CARTESIAN_POINT ( 'NONE',  ( 29.46139144378232544, 29.31926735160956810, -4.243443433122822128 ) ) ;
#8173 = CARTESIAN_POINT ( 'NONE',  ( 21.60673677963811556, 22.32723268510387271, 2.088080426438608583 ) ) ;
#8174 = CARTESIAN_POINT ( 'NONE',  ( 18.53248613351133756, 23.32116201632676322, 7.009037090744135057 ) ) ;
#8175 = VERTEX_POINT ( 'NONE', #8627 ) ;
#8176 = CARTESIAN_POINT ( 'NONE',  ( 21.53460262585507223, 26.37511744573471617, 4.543992617688349611 ) ) ;
#8177 = CARTESIAN_POINT ( 'NONE',  ( 21.00057912124065496, 24.83557870761752540, 6.687532895391597343 ) ) ;
#8178 = ORIENTED_EDGE ( 'NONE', *, *, #539, .F. ) ;
#8179 = CARTESIAN_POINT ( 'NONE',  ( 24.13803864286028400, 22.05343394304432181, 7.249334847394841574 ) ) ;
#8180 = EDGE_CURVE ( 'NONE', #7507, #4073, #5788, .T. ) ;
#8181 = DIRECTION ( 'NONE',  ( 0.6123724356957943593, 0.6123724356957964687, -0.4999999999999978351 ) ) ;
#8182 = EDGE_LOOP ( 'NONE', ( #2960, #3212, #1709, #3985 ) ) ;
#8183 = ORIENTED_EDGE ( 'NONE', *, *, #3164, .T. ) ;
#8184 = CARTESIAN_POINT ( 'NONE',  ( -4.999999999999841904, -54.90090699118668738, -11.00000000000011369 ) ) ;
#8185 = CARTESIAN_POINT ( 'NONE',  ( 29.14125843934084870, 25.16823037550389586, 3.531764064083596555 ) ) ;
#8186 = DIRECTION ( 'NONE',  ( 0.6123724356957943593, 0.6123724356957964687, -0.4999999999999978351 ) ) ;
#8187 = DIRECTION ( 'NONE',  ( 0.000000000000000000, 0.9258200997725508641, -0.3779644730092288074 ) ) ;
#8188 = ORIENTED_EDGE ( 'NONE', *, *, #3489, .F. ) ;
#8189 = CARTESIAN_POINT ( 'NONE',  ( 25.86284642196061512, 25.13407224086345337, -0.04903924073014487295 ) ) ;
#8190 = CARTESIAN_POINT ( 'NONE',  ( 26.01126888397829262, 30.39212085731281121, -0.4124915150506560657 ) ) ;
#8191 = CARTESIAN_POINT ( 'NONE',  ( 28.00456408022347787, 30.50392297567678668, -4.610174161407616822 ) ) ;
#8192 = CARTESIAN_POINT ( 'NONE',  ( 27.66061317092346528, 31.25355626747956705, -4.289820320691334565 ) ) ;
#8193 = ORIENTED_EDGE ( 'NONE', *, *, #3826, .F. ) ;
#8194 = CARTESIAN_POINT ( 'NONE',  ( 29.83986734369218041, 36.91093515555753868, 2.517949192431114813 ) ) ;
#8195 = EDGE_LOOP ( 'NONE', ( #2008, #4296, #5475, #2999 ) ) ;
#8196 = CYLINDRICAL_SURFACE ( 'NONE', #335, 2.756000000000000227 ) ;
#8197 = ORIENTED_EDGE ( 'NONE', *, *, #6093, .F. ) ;
#8198 = CARTESIAN_POINT ( 'NONE',  ( 26.37251378718901407, 23.94273537416720643, 0.06102000778214704269 ) ) ;
#8199 = DIRECTION ( 'NONE',  ( 0.6123724356957943593, 0.6123724356957963577, -0.4999999999999978351 ) ) ;
#8200 = CARTESIAN_POINT ( 'NONE',  ( -13.35772755334122408, -6.937332457858510715, 54.46875000429726299 ) ) ;
#8201 = DIRECTION ( 'NONE',  ( -0.7071067811865487940, 0.7071067811865462405, 0.000000000000000000 ) ) ;
#8202 = EDGE_CURVE ( 'NONE', #2776, #2689, #6399, .T. ) ;
#8203 = DIRECTION ( 'NONE',  ( -0.7674234614174771929, 0.6123724356957942483, -0.1898979485566349434 ) ) ;
#8204 = CARTESIAN_POINT ( 'NONE',  ( 29.06723602165016018, 28.34674011618417921, 3.372788516794685165 ) ) ;
#8205 = ORIENTED_EDGE ( 'NONE', *, *, #3335, .F. ) ;
#8206 = CARTESIAN_POINT ( 'NONE',  ( 21.38663821157943801, 19.60904313726741677, 8.974496651406086656 ) ) ;
#8207 = FACE_OUTER_BOUND ( 'NONE', #3925, .T. ) ;
#8208 = CARTESIAN_POINT ( 'NONE',  ( 54.32066644360193663, 49.93981447026727949, -18.34226454171595222 ) ) ;
#8209 = CARTESIAN_POINT ( 'NONE',  ( 22.24077581152973337, 18.69623441821532595, 6.203889499187343226 ) ) ;
#8210 =( BOUNDED_CURVE ( )  B_SPLINE_CURVE ( 2, ( #8551, #6424, #3643, #1606, #7802, #5089, #942, #3767, #2314, #8422, #987 ),
 .UNSPECIFIED., .F., .T. ) 
 B_SPLINE_CURVE_WITH_KNOTS ( ( 3, 2, 2, 2, 2, 3 ),
 ( 0.08295791408626884689, 0.08532259353853310913, 0.09365592687186641285, 0.1019892602051998276, 0.1103225935385331313, 0.1162912474196021728 ),
 .UNSPECIFIED. ) 
 CURVE ( )  GEOMETRIC_REPRESENTATION_ITEM ( )  RATIONAL_B_SPLINE_CURVE ( ( 0.9690584114092961610, 0.9783999393559227320, 1.000000000000000000, 0.9238795325112867385, 1.000000000000000000, 0.9238795325112867385, 1.000000000000000000, 0.9238795325112867385, 1.000000000000000000, 0.9454795931553640065, 0.9690584114092961610 ) ) 
 REPRESENTATION_ITEM ( '' )  );
#8211 = CARTESIAN_POINT ( 'NONE',  ( 14.49757712610898253, 15.73524118451234699, 14.99999999999999822 ) ) ;
#8212 = CARTESIAN_POINT ( 'NONE',  ( 27.70071726615744723, 31.13478676334266382, -4.176272013928499227 ) ) ;
#8213 = ORIENTED_EDGE ( 'NONE', *, *, #1849, .T. ) ;
#8214 = ADVANCED_FACE ( 'NONE', ( #5428 ), #8760, .F. ) ;
#8215 = CARTESIAN_POINT ( 'NONE',  ( 3.509351662045849807, -37.41197001761644003, 14.70827259140623333 ) ) ;
#8216 = CARTESIAN_POINT ( 'NONE',  ( 29.80196420490963405, 34.79925790006976882, -0.1147383710950468372 ) ) ;
#8217 = CARTESIAN_POINT ( 'NONE',  ( 19.47134080932334044, 23.26526990845020393, 7.931690967454088970 ) ) ;
#8218 = EDGE_CURVE ( 'NONE', #4495, #3217, #5591, .T. ) ;
#8219 = CARTESIAN_POINT ( 'NONE',  ( 22.94495316892756520, 23.94018550860327110, 7.892891809991420260 ) ) ;
#8220 = CARTESIAN_POINT ( 'NONE',  ( 26.04733485505820667, 22.03129750079039439, 6.100242071549375922 ) ) ;
#8221 =( BOUNDED_CURVE ( )  B_SPLINE_CURVE ( 3, ( #2912, #7108, #3614, #1622 ),
 .UNSPECIFIED., .F., .T. ) 
 B_SPLINE_CURVE_WITH_KNOTS ( ( 4, 4 ),
 ( 0.8280723156186077238, 1.570796326794896780 ),
 .UNSPECIFIED. ) 
 CURVE ( )  GEOMETRIC_REPRESENTATION_ITEM ( )  RATIONAL_B_SPLINE_CURVE ( ( 1.000000000000000000, 0.9545559725054190148, 0.9545559725054190148, 1.000000000000000000 ) ) 
 REPRESENTATION_ITEM ( '' )  );
#8222 = PLANE ( 'NONE',  #3777 ) ;
#8223 = CARTESIAN_POINT ( 'NONE',  ( 2.787913931746929475, -8.667827467834110067, 56.93125000429726867 ) ) ;
#8224 = DIRECTION ( 'NONE',  ( -0.000000000000000000, -0.000000000000000000, -1.000000000000000000 ) ) ;
#8225 = ORIENTED_EDGE ( 'NONE', *, *, #5384, .F. ) ;
#8226 = EDGE_LOOP ( 'NONE', ( #4770, #6079, #8139 ) ) ;
#8227 = CARTESIAN_POINT ( 'NONE',  ( -1.155176866020135362, 3.400308301558089497, 63.25399676654376435 ) ) ;
#8228 = LINE ( 'NONE', #603, #3730 ) ;
#8229 = CARTESIAN_POINT ( 'NONE',  ( 28.44202727531584429, 31.92104107982756389, -5.305395440375743732 ) ) ;
#8230 = CARTESIAN_POINT ( 'NONE',  ( -53.51693657151911054, 2.000000000000000444, 12.00000000000000000 ) ) ;
#8231 = VERTEX_POINT ( 'NONE', #6189 ) ;
#8232 = CARTESIAN_POINT ( 'NONE',  ( 27.93991907676246456, 27.32553402201736148, 3.750076418065086514 ) ) ;
#8233 = CARTESIAN_POINT ( 'NONE',  ( 26.65723586748986662, 27.37773177295563798, -2.035634810770917902 ) ) ;
#8234 = CARTESIAN_POINT ( 'NONE',  ( 30.66129851879925283, 26.76372594089799506, 0.3275329580348852465 ) ) ;
#8235 = CARTESIAN_POINT ( 'NONE',  ( -36.76202099370651410, 4.678515734253950065, 13.58252785966437237 ) ) ;
#8236 = ORIENTED_EDGE ( 'NONE', *, *, #4790, .F. ) ;
#8237 = CARTESIAN_POINT ( 'NONE',  ( 25.12305163578892575, 21.22547905788857037, 4.496288817549098482 ) ) ;
#8238 = VERTEX_POINT ( 'NONE', #703 ) ;
#8239 = CARTESIAN_POINT ( 'NONE',  ( 31.38102390700338873, 28.10711788895306640, -3.376957256584642408 ) ) ;
#8240 = EDGE_LOOP ( 'NONE', ( #446, #3653 ) ) ;
#8241 = VERTEX_POINT ( 'NONE', #3359 ) ;
#8242 = DIRECTION ( 'NONE',  ( 0.6123724356957943593, 0.6123724356957965798, -0.4999999999999980016 ) ) ;
#8243 = CARTESIAN_POINT ( 'NONE',  ( 19.51038589310780580, 21.69513961450665818, 9.231302208648241248 ) ) ;
#8244 = CARTESIAN_POINT ( 'NONE',  ( -1.312788713530040008, -11.64716239584722857, 60.15625000429724878 ) ) ;
#8245 = CYLINDRICAL_SURFACE ( 'NONE', #4031, 2.756000000000000227 ) ;
#8246 = EDGE_CURVE ( 'NONE', #6325, #3300, #1497, .T. ) ;
#8247 = DIRECTION ( 'NONE',  ( 0.6123724356957931381, 0.6123724356957952475, -0.5000000000000011102 ) ) ;
#8248 = CARTESIAN_POINT ( 'NONE',  ( -4.999999999999852562, -38.64738621360572068, 5.249999999999884537 ) ) ;
#8249 = ORIENTED_EDGE ( 'NONE', *, *, #3338, .F. ) ;
#8250 = DIRECTION ( 'NONE',  ( 0.000000000000000000, -0.8660254037844362651, -0.5000000000000039968 ) ) ;
#8251 = CARTESIAN_POINT ( 'NONE',  ( 25.90076462912258393, 22.00319205122223210, 3.861288817549102248 ) ) ;
#8252 = CARTESIAN_POINT ( 'NONE',  ( 29.87188850981258881, 28.91482859641033443, -4.058571642719390304 ) ) ;
#8253 = CARTESIAN_POINT ( 'NONE',  ( 23.95413998592745841, 23.33975493118234112, 7.004451418065074542 ) ) ;
#8254 = CARTESIAN_POINT ( 'NONE',  ( 21.34499092396950459, 25.72584289729468310, 3.397508484924792516 ) ) ;
#8255 = CARTESIAN_POINT ( 'NONE',  ( -11.26540327149793264, -1.436829937441292504, 55.69375000429725731 ) ) ;
#8256 = CARTESIAN_POINT ( 'NONE',  ( -29.48081491318202296, 4.209887160169018649, 0.9711089878162193489 ) ) ;
#8257 = FACE_OUTER_BOUND ( 'NONE', #7402, .T. ) ;
#8258 = CARTESIAN_POINT ( 'NONE',  ( -7.096359481243011302, 6.152837547367449922, 57.53125000429726299 ) ) ;
#8259 =( BOUNDED_CURVE ( )  B_SPLINE_CURVE ( 2, ( #631, #6829, #760, #96, #5584, #2850, #179, #2892, #8297, #940, #854 ),
 .UNSPECIFIED., .F., .T. ) 
 B_SPLINE_CURVE_WITH_KNOTS ( ( 3, 2, 2, 2, 2, 3 ),
 ( 0.04062026627574510940, 0.04216734992545968785, 0.04432736188200131489, 0.04648737383854294192, 0.04864738579508457589, 0.04926031410191220733 ),
 .UNSPECIFIED. ) 
 CURVE ( )  GEOMETRIC_REPRESENTATION_ITEM ( )  RATIONAL_B_SPLINE_CURVE ( ( 0.9690584114094926704, 0.9454795931551371879, 1.000000000000000000, 0.9238795325112867385, 1.000000000000000000, 0.9238795325112867385, 1.000000000000000000, 0.9238795325112867385, 1.000000000000000000, 0.9783999393561294555, 0.9690584114094751289 ) ) 
 REPRESENTATION_ITEM ( '' )  );
#8260 = CARTESIAN_POINT ( 'NONE',  ( 26.27089933421288137, 22.43589974783576935, 1.551461047841679042 ) ) ;
#8261 = CARTESIAN_POINT ( 'NONE',  ( 23.94065219898106989, 28.78116701886072093, 2.579461367688356876 ) ) ;
#8262 = ORIENTED_EDGE ( 'NONE', *, *, #7658, .F. ) ;
#8263 = CARTESIAN_POINT ( 'NONE',  ( 31.00946648445978227, 28.16257372673218740, -3.039511957573479695 ) ) ;
#8264 = SHAPE_DEFINITION_REPRESENTATION ( #6607, #2728 ) ;
#8265 = CARTESIAN_POINT ( 'NONE',  ( 19.77614008147475388, 18.79156606814194674, 4.095846478282975767 ) ) ;
#8266 = EDGE_CURVE ( 'NONE', #7941, #2376, #8607, .T. ) ;
#8267 = VERTEX_POINT ( 'NONE', #161 ) ;
#8268 = ORIENTED_EDGE ( 'NONE', *, *, #7885, .F. ) ;
#8269 = AXIS2_PLACEMENT_3D ( 'NONE', #3393, #5339, #2114 ) ;
#8270 = CARTESIAN_POINT ( 'NONE',  ( -1.359348979048939032, 4.537717511357153732, 61.87482392515533292 ) ) ;
#8271 = CARTESIAN_POINT ( 'NONE',  ( -1.312788866696924517, 3.952837604152769302, 58.50625000429724309 ) ) ;
#8272 = DIRECTION ( 'NONE',  ( 0.000000000000000000, -0.8660254037844363761, -0.5000000000000039968 ) ) ;
#8273 = CARTESIAN_POINT ( 'NONE',  ( 28.03072062050036450, 30.54069195934602021, -4.709610025342883866 ) ) ;
#8274 = ORIENTED_EDGE ( 'NONE', *, *, #4481, .T. ) ;
#8275 = CARTESIAN_POINT ( 'NONE',  ( 26.05291617158139061, 24.27532109726938359, 5.164496651406107475 ) ) ;
#8276 = DIRECTION ( 'NONE',  ( 0.6123724356957942483, 0.6123724356957963577, -0.4999999999999978906 ) ) ;
#8277 = CIRCLE ( 'NONE', #4437, 5.099999999999998757 ) ;
#8278 = DIRECTION ( 'NONE',  ( 0.000000000000000000, 0.000000000000000000, -1.000000000000000000 ) ) ;
#8279 = AXIS2_PLACEMENT_3D ( 'NONE', #3081, #3701, #967 ) ;
#8280 = ORIENTED_EDGE ( 'NONE', *, *, #531, .T. ) ;
#8281 = CYLINDRICAL_SURFACE ( 'NONE', #6722, 1.999999999999997780 ) ;
#8282 = AXIS2_PLACEMENT_3D ( 'NONE', #893, #178, #2272 ) ;
#8283 = ORIENTED_EDGE ( 'NONE', *, *, #3216, .T. ) ;
#8284 = ORIENTED_EDGE ( 'NONE', *, *, #3038, .T. ) ;
#8285 = FACE_OUTER_BOUND ( 'NONE', #2466, .T. ) ;
#8286 = CARTESIAN_POINT ( 'NONE',  ( -2.385953079411291977, -28.84739185458399646, 15.00000000000000533 ) ) ;
#8287 = CARTESIAN_POINT ( 'NONE',  ( -1.312788713530040008, -11.64716239584722857, 54.65625000429726299 ) ) ;
#8288 = EDGE_CURVE ( 'NONE', #4718, #7702, #4576, .T. ) ;
#8289 = CARTESIAN_POINT ( 'NONE',  ( 22.58219278265799090, 26.37612188178484374, 5.391690967454088934 ) ) ;
#8290 = VECTOR ( 'NONE', #6006, 1000.000000000000000 ) ;
#8291 = CARTESIAN_POINT ( 'NONE',  ( 0.5678694415721836641, 3.770746932082237990, 61.39138159770457293 ) ) ;
#8292 = CARTESIAN_POINT ( 'NONE',  ( -29.58039891549807621, 5.000000000000003553, 12.00000000000000000 ) ) ;
#8293 = ORIENTED_EDGE ( 'NONE', *, *, #1200, .F. ) ;
#8294 = DIRECTION ( 'NONE',  ( 0.6123724356957943593, 0.6123724356957963577, -0.4999999999999978351 ) ) ;
#8295 = CARTESIAN_POINT ( 'NONE',  ( 51.88409695360144980, 51.88409695360142138, -18.94519052838326800 ) ) ;
#8296 = APPROVAL_PERSON_ORGANIZATION ( #8761, #998, #8628 ) ;
#8297 = CARTESIAN_POINT ( 'NONE',  ( 24.10043586096806223, 20.29771836852297540, 5.990338336443762124 ) ) ;
#8298 = CARTESIAN_POINT ( 'NONE',  ( 23.98840996999194175, 26.79664737511851058, 4.136484696953865559 ) ) ;
#8299 = DIRECTION ( 'NONE',  ( 0.6123724356957942483, 0.6123724356957963577, -0.4999999999999978906 ) ) ;
#8300 = ORIENTED_EDGE ( 'NONE', *, *, #5920, .T. ) ;
#8301 = AXIS2_PLACEMENT_3D ( 'NONE', #1396, #2016, #1438 ) ;
#8302 = CYLINDRICAL_SURFACE ( 'NONE', #1051, 2.756000000000000227 ) ;
#8303 = DIRECTION ( 'NONE',  ( 1.000000000000000000, -0.000000000000000000, -0.000000000000000000 ) ) ;
#8304 = CARTESIAN_POINT ( 'NONE',  ( -0.5979655565848825960, 6.152837611171149135, 54.50625000429725731 ) ) ;
#8305 = AXIS2_PLACEMENT_3D ( 'NONE', #7092, #1023, #439 ) ;
#8306 = CARTESIAN_POINT ( 'NONE',  ( 25.42316759252336666, 30.26368241240302126, 1.368992617688362667 ) ) ;
#8307 = CARTESIAN_POINT ( 'NONE',  ( 27.78899116116523160, 25.36146264726999178, 4.850679384218695489 ) ) ;
#8308 = VERTEX_POINT ( 'NONE', #5519 ) ;
#8309 = CARTESIAN_POINT ( 'NONE',  ( 27.10047725674816377, 26.24583600297012964, -1.465449782889656438 ) ) ;
#8310 = CIRCLE ( 'NONE', #2371, 7.799999999999999822 ) ;
#8311 = ORIENTED_EDGE ( 'NONE', *, *, #577, .T. ) ;
#8312 = EDGE_CURVE ( 'NONE', #7416, #6579, #4638, .T. ) ;
#8313 = CARTESIAN_POINT ( 'NONE',  ( -3.191701589228596259, 4.143761681346142645, 62.17214768443828632 ) ) ;
#8314 =( BOUNDED_CURVE ( )  B_SPLINE_CURVE ( 2, ( #8437, #6265, #870, #199, #6228, #8271, #7685, #1620, #829, #4319, #6359, #5062, #155 ),
 .UNSPECIFIED., .F., .T. ) 
 B_SPLINE_CURVE_WITH_KNOTS ( ( 3, 2, 2, 2, 2, 2, 3 ),
 ( 0.6000198444321213076, 0.6160190968480602214, 0.6480175054440552307, 0.6800159140400502400, 0.7120143226360452493, 0.7440127312320402586, 0.7600119350341353330 ),
 .UNSPECIFIED. ) 
 CURVE ( )  GEOMETRIC_REPRESENTATION_ITEM ( )  RATIONAL_B_SPLINE_CURVE ( ( 0.9755282581477980886, 0.9755281845483014802, 1.000000000000000000, 0.9510565162951535312, 1.000000000000000000, 0.9510565162951535312, 1.000000000000000000, 0.9510565162951535312, 1.000000000000000000, 0.9510565162951535312, 1.000000000000000000, 0.9755282589060891851, 0.9755282581475768211 ) ) 
 REPRESENTATION_ITEM ( '' )  );
#8315 = CARTESIAN_POINT ( 'NONE',  ( 31.28919306500815267, 32.06796618205296312, 1.167261113390573257 ) ) ;
#8316 = CARTESIAN_POINT ( 'NONE',  ( 4.189757910979974298, -29.46643245972769876, 0.9461978476963357476 ) ) ;
#8317 = CARTESIAN_POINT ( 'NONE',  ( -28.95417596037082575, -2.685011576637563291, 0.05894356430255389551 ) ) ;
#8318 = EDGE_LOOP ( 'NONE', ( #5485, #438 ) ) ;
#8319 = ORIENTED_EDGE ( 'NONE', *, *, #422, .F. ) ;
#8320 = CARTESIAN_POINT ( 'NONE',  ( 28.04434049309172750, 31.58888188640590045, -0.4255205559540549687 ) ) ;
#8321 = CARTESIAN_POINT ( 'NONE',  ( 23.77102328270675002, 26.17255445901843203, -0.06911313167288352100 ) ) ;
#8322 = EDGE_LOOP ( 'NONE', ( #6902, #4505, #3530, #5903, #2228 ) ) ;
#8323 = CARTESIAN_POINT ( 'NONE',  ( -2.680639309758608313, -28.92944699276312903, 0.07321047033173043450 ) ) ;
#8324 = DIRECTION ( 'NONE',  ( -0.8660254037844399289, -1.255248039901265127E-16, -0.4999999999999980571 ) ) ;
#8325 = ORIENTED_EDGE ( 'NONE', *, *, #361, .F. ) ;
#8326 = CARTESIAN_POINT ( 'NONE',  ( 5.898059818321144121E-14, -2.428612866367529932E-14, 15.00000000000000000 ) ) ;
#8327 = CARTESIAN_POINT ( 'NONE',  ( 21.74456761209195221, 17.84699503419155420, 7.254809471616630034 ) ) ;
#8328 = EDGE_CURVE ( 'NONE', #6053, #8669, #3060, .T. ) ;
#8329 = VERTEX_POINT ( 'NONE', #1674 ) ;
#8330 = EDGE_CURVE ( 'NONE', #6180, #708, #6153, .T. ) ;
#8331 = CARTESIAN_POINT ( 'NONE',  ( -3.799679611900927512, 2.880191353252144815, 61.14701010556787963 ) ) ;
#8332 = CARTESIAN_POINT ( 'NONE',  ( -3.847162420730151577, -3.847162420730698251, 64.25000000000000000 ) ) ;
#8333 = CARTESIAN_POINT ( 'NONE',  ( -1.312788866696924517, 3.952837604152769746, 58.50625000429724309 ) ) ;
#8334 = CARTESIAN_POINT ( 'NONE',  ( 3.952837579269847357, -5.082561016009787380, 59.88577536504075738 ) ) ;
#8335 = CARTESIAN_POINT ( 'NONE',  ( 0.6414586951800468340, 3.785171145005155502, 61.39985455561425454 ) ) ;
#8336 = CARTESIAN_POINT ( 'NONE',  ( 26.83366161125055882, 29.26344002427241264, 3.332314172661023033 ) ) ;
#8337 = CYLINDRICAL_SURFACE ( 'NONE', #3310, 3.250000000000002665 ) ;
#8338 = ORIENTED_EDGE ( 'NONE', *, *, #5010, .T. ) ;
#8339 = CARTESIAN_POINT ( 'NONE',  ( -68.87945218822306970, -68.87945218822343918, 12.00000000000000000 ) ) ;
#8340 = CARTESIAN_POINT ( 'NONE',  ( 18.91463781980865733, 23.29548979314315105, 5.381883484949320895 ) ) ;
#8341 = CARTESIAN_POINT ( 'NONE',  ( 24.84641213556726669, 21.90560704168835926, 6.023291884747138170 ) ) ;
#8342 = CARTESIAN_POINT ( 'NONE',  ( 54.32066644360193663, 49.93981447026727949, -18.34226454171595222 ) ) ;
#8343 = CARTESIAN_POINT ( 'NONE',  ( 4.354242928328329931, -3.847162340206101039, 62.70625000429726015 ) ) ;
#8344 = CARTESIAN_POINT ( 'NONE',  ( 2.782868359995833263, -37.58039891549805134, 15.00000000000000000 ) ) ;
#8345 = CARTESIAN_POINT ( 'NONE',  ( 17.27197008228423414, 24.34303789414954622, 2.514896332508519183 ) ) ;
#8346 = CARTESIAN_POINT ( 'NONE',  ( -12.35367044356962651, -10.02750239174977054, 55.60625000429725873 ) ) ;
#8347 = CARTESIAN_POINT ( 'NONE',  ( 23.75990875762341759, 26.18743727151843714, -0.1041854409854076069 ) ) ;
#8348 = CARTESIAN_POINT ( 'NONE',  ( 28.56670415449888978, 26.13917564060365351, 4.215679384218698367 ) ) ;
#8349 = CARTESIAN_POINT ( 'NONE',  ( 28.67865544448504878, 34.04408143115227148, 0.5845964782830102013 ) ) ;
#8350 = EDGE_LOOP ( 'NONE', ( #2015, #7161, #7789, #2119, #4640, #7141, #7003, #8675, #5353, #5764, #5733, #2062 ) ) ;
#8351 = CARTESIAN_POINT ( 'NONE',  ( -3.867702396209045101, 2.883110610694613385, 63.63816123204158259 ) ) ;
#8352 = CARTESIAN_POINT ( 'NONE',  ( 31.19299623381891351, 32.17757024715147907, 1.124022464950323652 ) ) ;
#8353 = CARTESIAN_POINT ( 'NONE',  ( -9.725014864222524480, -11.93733242219115631, 60.24375000429730420 ) ) ;
#8354 = CARTESIAN_POINT ( 'NONE',  ( 28.62739547460742173, 24.72982289670706280, 1.635004054758613101 ) ) ;
#8355 = EDGE_LOOP ( 'NONE', ( #1999, #3030 ) ) ;
#8356 = CARTESIAN_POINT ( 'NONE',  ( 27.12632463522850657, 29.19825805216747838, 2.824739949861818200 ) ) ;
#8357 = DIRECTION ( 'NONE',  ( -0.000000000000000000, -0.000000000000000000, -1.000000000000000000 ) ) ;
#8358 = EDGE_LOOP ( 'NONE', ( #7179, #6854, #5426, #1079 ) ) ;
#8359 = CARTESIAN_POINT ( 'NONE',  ( 25.13440508597138034, 25.96443937474273866, -1.352956142501785530 ) ) ;
#8360 = DIRECTION ( 'NONE',  ( -0.7674234614174771929, 0.6123724356957942483, -0.1898979485566349434 ) ) ;
#8361 =( BOUNDED_CURVE ( )  B_SPLINE_CURVE ( 2, ( #8037, #3381, #2009, #7410, #2635, #4698, #11, #2722, #1430 ),
 .UNSPECIFIED., .F., .T. ) 
 B_SPLINE_CURVE_WITH_KNOTS ( ( 3, 2, 2, 2, 3 ),
 ( 0.1999999999999997891, 0.2083333333333331761, 0.2166666666666665630, 0.2249999999999999778, 0.2333333333333333648 ),
 .UNSPECIFIED. ) 
 CURVE ( )  GEOMETRIC_REPRESENTATION_ITEM ( )  RATIONAL_B_SPLINE_CURVE ( ( 1.000000000000001998, 0.9238795325112847401, 1.000000000000000000, 0.9238795325112867385, 1.000000000000000000, 0.9238795325112867385, 1.000000000000000000, 0.9238795325112865164, 1.000000000000000222 ) ) 
 REPRESENTATION_ITEM ( '' )  );
#8362 = ORIENTED_EDGE ( 'NONE', *, *, #7509, .T. ) ;
#8363 = CARTESIAN_POINT ( 'NONE',  ( 29.18157950085154084, 33.56119434038588167, 0.6091179361135106163 ) ) ;
#8364 = ORIENTED_EDGE ( 'NONE', *, *, #4873, .T. ) ;
#8365 = CARTESIAN_POINT ( 'NONE',  ( 32.92519369913329541, 28.46627506968839327, -1.180158548745852798 ) ) ;
#8366 = ORIENTED_EDGE ( 'NONE', *, *, #1508, .T. ) ;
#8367 = ORIENTED_EDGE ( 'NONE', *, *, #1849, .F. ) ;
#8368 = CARTESIAN_POINT ( 'NONE',  ( 25.13634176647792984, 29.51719373981244487, 0.3018834849493404193 ) ) ;
#8369 = CARTESIAN_POINT ( 'NONE',  ( -3.847162344146708435, -11.64716242073069630, 54.51875000429725304 ) ) ;
#8370 = CARTESIAN_POINT ( 'NONE',  ( -3.847162420730151577, -3.847162420730698251, 55.00000000000000000 ) ) ;
#8371 = EDGE_CURVE ( 'NONE', #5755, #2569, #7072, .T. ) ;
#8372 = CARTESIAN_POINT ( 'NONE',  ( 31.88445484473007596, 27.42263772933226207, -3.706590299972084779 ) ) ;
#8373 = ORIENTED_EDGE ( 'NONE', *, *, #2845, .F. ) ;
#8374 = DIRECTION ( 'NONE',  ( -0.8660254037844399289, -1.255248039901265127E-16, -0.4999999999999980571 ) ) ;
#8375 = DIRECTION ( 'NONE',  ( -1.000000000000000000, -1.449435587473489784E-16, 0.000000000000000000 ) ) ;
#8376 = ORIENTED_EDGE ( 'NONE', *, *, #1243, .F. ) ;
#8377 = ORIENTED_EDGE ( 'NONE', *, *, #7541, .F. ) ;
#8378 = CARTESIAN_POINT ( 'NONE',  ( 28.65590324341551920, 27.80126198963750994, -2.735449782889611825 ) ) ;
#8379 = CARTESIAN_POINT ( 'NONE',  ( 30.51229894781823049, 30.51229894781813101, -1.495190528383337547 ) ) ;
#8380 = CARTESIAN_POINT ( 'NONE',  ( 22.65478032445927070, 21.92600614336209830, 2.570335759269841258 ) ) ;
#8381 = DIRECTION ( 'NONE',  ( -0.7674234614174770819, 0.6123724356957943593, -0.1898979485566345826 ) ) ;
#8382 = CARTESIAN_POINT ( 'NONE',  ( 2.787913931746929475, -8.667827467834110067, 62.43125000429725446 ) ) ;
#8383 = EDGE_CURVE ( 'NONE', #6342, #2434, #5492, .T. ) ;
#8384 = CARTESIAN_POINT ( 'NONE',  ( 26.31728070865055713, 25.48724641987897854, 6.178825085735077494 ) ) ;
#8385 = CARTESIAN_POINT ( 'NONE',  ( 28.93895455301117181, 34.14620895493018793, -0.1379998605637634268 ) ) ;
#8386 = CARTESIAN_POINT ( 'NONE',  ( 6.667459821652518492, -3.847162317494146500, 56.70625000429724594 ) ) ;
#8387 = CARTESIAN_POINT ( 'NONE',  ( 23.09002861252238858, 27.93054343240203607, 3.273992617688351814 ) ) ;
#8388 = CARTESIAN_POINT ( 'NONE',  ( 27.12152292067155912, 23.28652333429445065, 0.8569297978416947625 ) ) ;
#8389 = CARTESIAN_POINT ( 'NONE',  ( -22.19190196756928657, -23.42956602597374172, 14.99999999999999822 ) ) ;
#8390 = EDGE_CURVE ( 'NONE', #3109, #6135, #5767, .T. ) ;
#8391 = ORIENTED_EDGE ( 'NONE', *, *, #3507, .F. ) ;
#8392 = CARTESIAN_POINT ( 'NONE',  ( -3.185128419932350852, 3.013943616290896355, 63.55867996128812791 ) ) ;
#8393 = CARTESIAN_POINT ( 'NONE',  ( 25.13634176647792984, 29.51719373981244487, 0.3018834849493404193 ) ) ;
#8394 = CARTESIAN_POINT ( 'NONE',  ( 26.78898187730741043, 31.16983385063569401, -1.047491515067006995 ) ) ;
#8395 = CARTESIAN_POINT ( 'NONE',  ( -4.999999999999849898, -28.92014487765356989, 4.226589661244805131E-15 ) ) ;
#8396 = ORIENTED_EDGE ( 'NONE', *, *, #5113, .T. ) ;
#8397 = CARTESIAN_POINT ( 'NONE',  ( 28.75190205416060252, 31.56013945928717845, 0.2471096969538857935 ) ) ;
#8398 = FACE_OUTER_BOUND ( 'NONE', #1393, .T. ) ;
#8399 = CARTESIAN_POINT ( 'NONE',  ( -4.999999999999849898, -28.92014487765356989, 4.226589661244805131E-15 ) ) ;
#8400 = CARTESIAN_POINT ( 'NONE',  ( 33.89275523250433508, 31.02985877192957886, 1.196425703519289563 ) ) ;
#8401 = CIRCLE ( 'NONE', #7980, 3.250000000000001332 ) ;
#8402 = ORIENTED_EDGE ( 'NONE', *, *, #1454, .F. ) ;
#8403 = DIRECTION ( 'NONE',  ( 0.000000000000000000, -0.8660254037844363761, -0.5000000000000039968 ) ) ;
#8404 = ADVANCED_FACE ( 'NONE', ( #8398 ), #292, .T. ) ;
#8405 = CARTESIAN_POINT ( 'NONE',  ( 28.84291125647840559, 24.46205928314367029, 2.460235458283964505 ) ) ;
#8406 = CONICAL_SURFACE ( 'NONE', #7273, 4.041115254481123742, 0.1745329251994329756 ) ;
#8407 = TOROIDAL_SURFACE ( 'NONE', #4574, 78.00000000000000000, 3.000000000000000000 ) ;
#8408 = ORIENTED_EDGE ( 'NONE', *, *, #37, .T. ) ;
#8409 = CARTESIAN_POINT ( 'NONE',  ( -3.483396534444909154, 4.081047265128265877, 62.54408927850363398 ) ) ;
#8410 = CARTESIAN_POINT ( 'NONE',  ( 31.84302985412650600, 27.46341501459197332, -3.599508349393415241 ) ) ;
#8411 = CIRCLE ( 'NONE', #3599, 3.250000000000002220 ) ;
#8412 = CARTESIAN_POINT ( 'NONE',  ( -60.20780435620823567, 1.755754489027101739, -1.808184133229646884 ) ) ;
#8413 = AXIS2_PLACEMENT_3D ( 'NONE', #5372, #8082, #7461 ) ;
#8414 = ADVANCED_FACE ( 'NONE', ( #7650 ), #2378, .F. ) ;
#8415 = CARTESIAN_POINT ( 'NONE',  ( 26.73409704164918210, 26.01360113618319403, 5.277788516794682749 ) ) ;
#8416 = ADVANCED_FACE ( 'NONE', ( #1706 ), #7033, .F. ) ;
#8417 = ORIENTED_EDGE ( 'NONE', *, *, #8478, .T. ) ;
#8418 = CARTESIAN_POINT ( 'NONE',  ( 27.36484638704166628, 28.21948764081946592, 3.830693726122918363 ) ) ;
#8419 = CARTESIAN_POINT ( 'NONE',  ( 24.71016346354898729, 21.46749021995233164, 5.161090691967240573 ) ) ;
#8420 = LINE ( 'NONE', #8342, #6608 ) ;
#8421 = AXIS2_PLACEMENT_3D ( 'NONE', #1890, #470, #3265 ) ;
#8422 = CARTESIAN_POINT ( 'NONE',  ( 28.15479487995839847, 32.05236745785612129, -0.2389157649296302921 ) ) ;
#8423 = CARTESIAN_POINT ( 'NONE',  ( -8.431887326654132764, -10.15749502186990405, 61.74375000429725446 ) ) ;
#8424 = EDGE_CURVE ( 'NONE', #8308, #7436, #1648, .T. ) ;
#8425 = APPROVAL_PERSON_ORGANIZATION ( #2346, #2191, #4379 ) ;
#8426 = B_SPLINE_CURVE_WITH_KNOTS ( 'NONE', 3,
 ( #6181, #4625, #4667, #7340 ),
 .UNSPECIFIED., .F., .F.,
 ( 4, 4 ),
 ( 0.000000000000000000, 0.0008287803093260218178 ),
 .UNSPECIFIED. ) ;
#8427 = CARTESIAN_POINT ( 'NONE',  ( 179.3582965884159535, -74.29263897105803949, 12.00000000000000000 ) ) ;
#8428 = CARTESIAN_POINT ( 'NONE',  ( 29.18243064050485458, 32.41335458884611853, 0.05409001317459499053 ) ) ;
#8429 = CARTESIAN_POINT ( 'NONE',  ( -12.35367056493147331, 2.333177383248123071, 57.80625000429724736 ) ) ;
#8430 = EDGE_CURVE ( 'NONE', #78, #3840, #222, .T. ) ;
#8431 = CARTESIAN_POINT ( 'NONE',  ( 26.97504755611902993, 24.14556320324468430, -0.7309854798615511573 ) ) ;
#8432 = CARTESIAN_POINT ( 'NONE',  ( 26.12871573538722814, 27.12394807506294114, 5.293360559991431735 ) ) ;
#8433 = CARTESIAN_POINT ( 'NONE',  ( 16.49704135722186038, 9.977213610076701045, 55.00000000000000711 ) ) ;
#8434 = EDGE_CURVE ( 'NONE', #6362, #377, #1772, .T. ) ;
#8435 = EDGE_LOOP ( 'NONE', ( #4419, #6410, #1373, #7777 ) ) ;
#8436 = AXIS2_PLACEMENT_3D ( 'NONE', #8762, #2699, #705 ) ;
#8437 = CARTESIAN_POINT ( 'NONE',  ( 3.952837579268113188, -3.847166101902174784, 57.95618512006078760 ) ) ;
#8438 = DIRECTION ( 'NONE',  ( 0.000000000000000000, 0.000000000000000000, -1.000000000000000000 ) ) ;
#8439 = ORIENTED_EDGE ( 'NONE', *, *, #4155, .T. ) ;
#8440 = EDGE_CURVE ( 'NONE', #6368, #1768, #250, .T. ) ;
#8441 = CARTESIAN_POINT ( 'NONE',  ( 30.89283286236668147, 27.34829146905230601, -0.8604855008126225391 ) ) ;
#8442 = CARTESIAN_POINT ( 'NONE',  ( 23.58091577981061349, 27.96176775314512142, 1.571883484949333720 ) ) ;
#8443 = ORIENTED_EDGE ( 'NONE', *, *, #5711, .T. ) ;
#8444 = CIRCLE ( 'NONE', #6895, 3.251797457478082798 ) ;
#8445 = CARTESIAN_POINT ( 'NONE',  ( 22.00782742003941550, 25.90539999793953285, 3.857504054758720269 ) ) ;
#8446 = VECTOR ( 'NONE', #3500, 1000.000000000000000 ) ;
#8447 = CARTESIAN_POINT ( 'NONE',  ( 21.70726566515762457, 25.50119476428447385, 6.106065967454076038 ) ) ;
#8448 = ORIENTED_EDGE ( 'NONE', *, *, #4636, .F. ) ;
#8449 = PLANE ( 'NONE',  #1762 ) ;
#8450 = CARTESIAN_POINT ( 'NONE',  ( 33.02663973715208812, 28.64578776381734926, -0.9557645417160240964 ) ) ;
#8451 = ORIENTED_EDGE ( 'NONE', *, *, #283, .F. ) ;
#8452 = CARTESIAN_POINT ( 'NONE',  ( 19.64114247529134261, 18.91236829419415955, 5.030960759269835769 ) ) ;
#8453 = ORIENTED_EDGE ( 'NONE', *, *, #1157, .F. ) ;
#8454 = LINE ( 'NONE', #1715, #5041 ) ;
#8455 = CYLINDRICAL_SURFACE ( 'NONE', #4874, 0.1270000000000038876 ) ;
#8456 = CARTESIAN_POINT ( 'NONE',  ( 25.50028523198272978, 22.70110291654566481, 0.4958990990677054622 ) ) ;
#8457 = CARTESIAN_POINT ( 'NONE',  ( 16.66970199510423001, 23.74076980696953854, 13.22813072748471264 ) ) ;
#8458 = ORIENTED_EDGE ( 'NONE', *, *, #6464, .T. ) ;
#8459 = CARTESIAN_POINT ( 'NONE',  ( 28.68301489380042213, 27.96251898833435590, 3.686503754004602840 ) ) ;
#8460 = CARTESIAN_POINT ( 'NONE',  ( 27.76368419074065130, 24.31497069657473276, 4.140881177995024309 ) ) ;
#8461 = EDGE_LOOP ( 'NONE', ( #5081, #4768, #5927, #309, #7655 ) ) ;
#8462 = ORIENTED_EDGE ( 'NONE', *, *, #7743, .F. ) ;
#8463 = CARTESIAN_POINT ( 'NONE',  ( -3.996879743199998281, -29.29753148341771407, 0.7471921335327887936 ) ) ;
#8464 = CARTESIAN_POINT ( 'NONE',  ( 23.94055776053994578, 25.71815283485171832, 0.8519972918271806472 ) ) ;
#8465 = CARTESIAN_POINT ( 'NONE',  ( 27.51181003498284383, 26.79131412951685576, 4.642788516794682963 ) ) ;
#8466 = CARTESIAN_POINT ( 'NONE',  ( 20.66017130937211732, 23.06170248568378867, 2.470886868327103247 ) ) ;
#8467 = B_SPLINE_CURVE_WITH_KNOTS ( 'NONE', 3,
 ( #8031, #4002, #8116, #4822 ),
 .UNSPECIFIED., .F., .F.,
 ( 4, 4 ),
 ( 0.000000000000000000, 0.2999834756470256547 ),
 .UNSPECIFIED. ) ;
#8468 = CARTESIAN_POINT ( 'NONE',  ( -10.48223867854489022, -8.667827598125645849, 61.60625000429725873 ) ) ;
#8469 = ORIENTED_EDGE ( 'NONE', *, *, #4241, .F. ) ;
#8470 = DIRECTION ( 'NONE',  ( 1.000000000000000000, 0.000000000000000000, 0.000000000000000000 ) ) ;
#8471 = CARTESIAN_POINT ( 'NONE',  ( 29.49116568724443255, 32.37299890323134832, 0.3400580908174113404 ) ) ;
#8472 = CARTESIAN_POINT ( 'NONE',  ( -3.847162322546356261, -13.84716242073069736, 57.76875000429726015 ) ) ;
#8473 = CARTESIAN_POINT ( 'NONE',  ( 26.37649218123081951, 30.39252953549840086, -2.068123128316079917 ) ) ;
#8474 = CARTESIAN_POINT ( 'NONE',  ( 31.86378644727323817, 31.02476677375057434, 1.696116696888024800 ) ) ;
#8475 = CARTESIAN_POINT ( 'NONE',  ( 2.000000000000150546, -53.51693657151913186, 2.999999999999999112 ) ) ;
#8476 = CARTESIAN_POINT ( 'NONE',  ( 31.87756579430450188, 28.07484830185991953, -0.3596616635563759656 ) ) ;
#8477 = ADVANCED_FACE ( 'NONE', ( #4972 ), #7690, .T. ) ;
#8478 = EDGE_CURVE ( 'NONE', #7289, #3109, #4916, .T. ) ;
#8479 = CARTESIAN_POINT ( 'NONE',  ( 30.18282146127475940, 26.28524888337438981, 0.3650040547586626549 ) ) ;
#8480 = CARTESIAN_POINT ( 'NONE',  ( 31.19295950325323830, 28.11983045344898713, -2.753718522408180824 ) ) ;
#8481 = VERTEX_POINT ( 'NONE', #458 ) ;
#8482 = ORIENTED_EDGE ( 'NONE', *, *, #2906, .F. ) ;
#8483 = CARTESIAN_POINT ( 'NONE',  ( 31.49690712491700495, 29.71931205060501568, 0.7194966514061235108 ) ) ;
#8484 = CARTESIAN_POINT ( 'NONE',  ( -1.999999999999852118, -37.58039891549805134, 15.00000000000000000 ) ) ;
#8485 = CARTESIAN_POINT ( 'NONE',  ( 31.09856181384555640, 27.20098923594763463, -1.305252906542491598 ) ) ;
#8486 =( BOUNDED_CURVE ( )  B_SPLINE_CURVE ( 2, ( #3440, #2788, #5479, #2208, #5562, #8359, #6273, #3535, #4370 ),
 .UNSPECIFIED., .F., .T. ) 
 B_SPLINE_CURVE_WITH_KNOTS ( ( 3, 2, 2, 2, 3 ),
 ( 0.1650394545555000647, 0.1675265993096592410, 0.1700137440638183894, 0.1725008888179775102, 0.1749880335721366587 ),
 .UNSPECIFIED. ) 
 CURVE ( )  GEOMETRIC_REPRESENTATION_ITEM ( )  RATIONAL_B_SPLINE_CURVE ( ( 1.000000000000683453, 0.9238795325106032852, 1.000000000000000000, 0.9238795325112868495, 1.000000000000000000, 0.9238795325112868495, 1.000000000000000000, 0.9238795325113741130, 0.9999999999999127365 ) ) 
 REPRESENTATION_ITEM ( '' )  );
#8487 = CARTESIAN_POINT ( 'NONE',  ( 28.24086306692284509, 32.73355579789329539, -1.595078982156113101 ) ) ;
#8488 = VERTEX_POINT ( 'NONE', #5285 ) ;
#8489 = CARTESIAN_POINT ( 'NONE',  ( -1.731175654463915636, 3.660341240721201927, 62.89996694561088475 ) ) ;
#8490 = CYLINDRICAL_SURFACE ( 'NONE', #2322, 3.250000000000001332 ) ;
#8491 = FACE_OUTER_BOUND ( 'NONE', #1084, .T. ) ;
#8492 = ORIENTED_EDGE ( 'NONE', *, *, #7780, .T. ) ;
#8493 = CARTESIAN_POINT ( 'NONE',  ( -3.241216900278686364, 3.000600451789975143, 61.14549745269076908 ) ) ;
#8494 = CARTESIAN_POINT ( 'NONE',  ( 33.02022493448554741, 29.09028776381736137, -0.1652219430492221641 ) ) ;
#8495 = CARTESIAN_POINT ( 'NONE',  ( 5.000000000000138556, -29.58039891549805489, 15.00000000000000000 ) ) ;
#8496 = CARTESIAN_POINT ( 'NONE',  ( 20.65106719897512022, 19.66649318564230953, 3.381471478282974452 ) ) ;
#8497 = CARTESIAN_POINT ( 'NONE',  ( 15.86623943712986495, 20.10888012424896942, 15.00000000000000000 ) ) ;
#8498 = ORIENTED_EDGE ( 'NONE', *, *, #5706, .F. ) ;
#8499 = CARTESIAN_POINT ( 'NONE',  ( 3.979433448131938889, -29.45180733044367116, 14.26275931192762769 ) ) ;
#8500 = DIRECTION ( 'NONE',  ( 0.6123724356957942483, 0.6123724356957963577, -0.4999999999999978906 ) ) ;
#8501 = DIRECTION ( 'NONE',  ( 0.4999999999999980016, 0.000000000000000000, -0.8660254037844398178 ) ) ;
#8502 = CARTESIAN_POINT ( 'NONE',  ( 27.02911051106179485, 29.10104392800077378, 2.904114949861812622 ) ) ;
#8503 = ADVANCED_FACE ( 'NONE', ( #8658 ), #6571, .T. ) ;
#8504 = CARTESIAN_POINT ( 'NONE',  ( 28.37322195548589931, 24.57050446304162605, 2.501623099233956538 ) ) ;
#8505 = FACE_OUTER_BOUND ( 'NONE', #4135, .T. ) ;
#8506 = CARTESIAN_POINT ( 'NONE',  ( -10.48223867854489022, -8.667827598125645849, 58.85625000429724452 ) ) ;
#8507 = ORIENTED_EDGE ( 'NONE', *, *, #5883, .F. ) ;
#8508 = EDGE_LOOP ( 'NONE', ( #8632, #2864, #1959, #2332 ) ) ;
#8509 = CARTESIAN_POINT ( 'NONE',  ( 24.50052263124969798, 26.93030104427133153, 5.237314172660759048 ) ) ;
#8510 = CARTESIAN_POINT ( 'NONE',  ( 31.91729099570053663, 27.43936826151641029, -3.747883184456006322 ) ) ;
#8511 = CARTESIAN_POINT ( 'NONE',  ( -9.725015023087241417, 4.243007465307788273, 53.91875000429725873 ) ) ;
#8512 = CARTESIAN_POINT ( 'NONE',  ( 27.15420517456447413, 31.17024252883206259, -2.703123128316078816 ) ) ;
#8513 = CARTESIAN_POINT ( 'NONE',  ( 25.49607818564838979, 30.33659300552804794, 1.309461367688366851 ) ) ;
#8514 = CARTESIAN_POINT ( 'NONE',  ( 29.90937296115091115, 28.92479894781813954, -4.177903521716999968 ) ) ;
#8515 = B_SPLINE_CURVE_WITH_KNOTS ( 'NONE', 3,
 ( #3315, #8722, #6059, #7434, #6680, #663, #3443, #4846 ),
 .UNSPECIFIED., .F., .F.,
 ( 4, 2, 2, 4 ),
 ( 0.01045150780627366639, 0.01107642540904902988, 0.01138888421043670815, 0.01170134301182438816 ),
 .UNSPECIFIED. ) ;
#8516 = CARTESIAN_POINT ( 'NONE',  ( -30.65219568522262961, 5.000000000000003553, 2.999999999999985345 ) ) ;
#8517 = CARTESIAN_POINT ( 'NONE',  ( 32.34694047191715072, 29.94540929560525555, 1.084982074906190697 ) ) ;
#8518 = CARTESIAN_POINT ( 'NONE',  ( 22.27001221556988142, 26.16758479347092603, 3.290227280839441271 ) ) ;
#8519 = CARTESIAN_POINT ( 'NONE',  ( 30.52912438196256417, 29.80035020086542374, -3.859039240730131937 ) ) ;
#8520 = CARTESIAN_POINT ( 'NONE',  ( 17.41789755333186918, 21.84617364040546050, 6.575903494686119899 ) ) ;
#8521 = ORIENTED_EDGE ( 'NONE', *, *, #6834, .F. ) ;
#8522 = EDGE_CURVE ( 'NONE', #2624, #7958, #6301, .T. ) ;
#8523 = CARTESIAN_POINT ( 'NONE',  ( 3.952836414448868130, -5.082564600960258083, 57.88577516053342009 ) ) ;
#8524 = CARTESIAN_POINT ( 'NONE',  ( 20.37808601339619941, 23.82679950756187992, 3.387522528028712454 ) ) ;
#8525 = ORIENTED_EDGE ( 'NONE', *, *, #6974, .F. ) ;
#8526 = CYLINDRICAL_SURFACE ( 'NONE', #4037, 1.999999999999999556 ) ;
#8527 = CARTESIAN_POINT ( 'NONE',  ( -13.35772755334122408, -6.937332457858510715, 58.21875000429725588 ) ) ;
#8528 = CARTESIAN_POINT ( 'NONE',  ( -35.84834810792921900, -4.999999999999998224, 12.00000000000000000 ) ) ;
#8529 = EDGE_LOOP ( 'NONE', ( #5651, #6911, #3621, #4938, #3598, #5148 ) ) ;
#8530 = CARTESIAN_POINT ( 'NONE',  ( 19.25603477023648935, 22.49870801383289276, 5.776653251266021805 ) ) ;
#8531 = CARTESIAN_POINT ( 'NONE',  ( 18.43527200934315147, 23.22394789216012967, 7.088412090742659544 ) ) ;
#8532 = ORIENTED_EDGE ( 'NONE', *, *, #5401, .F. ) ;
#8533 =( BOUNDED_SURFACE ( )  B_SPLINE_SURFACE ( 3, 1, ( 
 ( #5598, #2987 ),
 ( #3072, #6394 ),
 ( #2409, #8433 ),
 ( #3652, #6262 ),
 ( #323, #1664 ),
 ( #8389, #4314 ),
 ( #5098, #3691 ) ),
 .UNSPECIFIED., .T., .F., .T. ) 
 B_SPLINE_SURFACE_WITH_KNOTS ( ( 4, 3, 4 ),
 ( 2, 2 ),
 ( 0.000000000000000000, 0.5000000000000000000, 1.000000000000000000 ),
 ( 0.000000000000000000, 1.000000000000000000 ),
 .UNSPECIFIED. ) 
 GEOMETRIC_REPRESENTATION_ITEM ( )  RATIONAL_B_SPLINE_SURFACE ( (
 ( 1.000000000000000000, 1.000000000000000000),
 ( 0.3333333333333333703, 0.3333333333333337034),
 ( 0.3333333333333333703, 0.3333333333333337034),
 ( 1.000000000000000000, 1.000000000000000000),
 ( 0.3333333333333333703, 0.3333333333333333703),
 ( 0.3333333333333333703, 0.3333333333333333703),
 ( 1.000000000000000000, 1.000000000000000000) ) ) 
 REPRESENTATION_ITEM ( '' )  SURFACE ( )  );
#8534 = ADVANCED_FACE ( 'NONE', ( #5905 ), #2553, .T. ) ;
#8535 = CARTESIAN_POINT ( 'NONE',  ( -3.376679214599740408, 2.971630707472508348, 61.14489711758257329 ) ) ;
#8536 = CIRCLE ( 'NONE', #1892, 10.26325873959631352 ) ;
#8537 = PERSON_AND_ORGANIZATION ( #3255, #2214 ) ;
#8538 = PLANE ( 'NONE',  #7593 ) ;
#8539 = CARTESIAN_POINT ( 'NONE',  ( 3.952837641484467035, -2.611763938423929066, 55.27672462837156075 ) ) ;
#8540 = CARTESIAN_POINT ( 'NONE',  ( -7.096359284875417117, -13.84716245263254386, 57.63125000429729283 ) ) ;
#8541 = VERTEX_POINT ( 'NONE', #5972 ) ;
#8542 = FACE_OUTER_BOUND ( 'NONE', #8318, .T. ) ;
#8543 = CARTESIAN_POINT ( 'NONE',  ( -11.64716242073014918, -2.611763825451610455, 61.26077536504075027 ) ) ;
#8544 = ORIENTED_EDGE ( 'NONE', *, *, #2812, .F. ) ;
#8545 =( BOUNDED_SURFACE ( )  B_SPLINE_SURFACE ( 1, 2, ( 
 ( #992, #5004, #5545, #1527, #5717, #8304, #237, #7678, #4877, #279, #7725, #7061, #144, #8346, #4181, #4309, #2239, #2190, #4921, #4269, #6889, #8386, #7543, #3602, #6969, #3688, #1661, #8258, #188, #8429, #1569, #2946, #1611, #7596, #2319, #4355, #6390, #2857, #2280, #3519, #6352, #6220, #4959, #320, #900, #1479, #2900, #7016, #949, #3648, #5133, #8609, #5841, #7850, #496, #5054, #7145, #1031, #1778, #7190, #541, #3104, #7100, #1075, #3776, #3150, #1731 ),
 ( #5800, #1152, #6556, #4559, #5759, #7228, #3860, #3200, #8511, #6514, #1822, #1113, #3728, #4477, #5895, #8560, #7766, #6610, #2541, #3821, #8647, #449, #6432, #1698, #7901, #5183, #366, #5225, #2404, #2448, #6477, #4394, #3908, #7943, #5939, #3067, #8472, #2497, #7807, #5095, #1866, #4519, #7272, #1202, #4430, #3244, #406, #6653, #4042, #6746, #4131, #7447, #5453, #759, #6789, #720, #3415, #46, #2674, #677, #628, #2002, #4780, #5403, #1333, #3376, #5317 ) ),
 .UNSPECIFIED., .F., .F., .F. ) 
 B_SPLINE_SURFACE_WITH_KNOTS ( ( 2, 2 ),
 ( 3, 2, 2, 2, 2, 2, 2, 2, 2, 2, 2, 2, 2, 2, 2, 2, 2, 2, 2, 2, 2, 2, 2, 2, 2, 2, 2, 2, 2, 2, 2, 2, 2, 3 ),
 ( 0.000000000000000000, 1.000000000000000000 ),
 ( 0.2108984002422378268, 0.2187112873685523040, 0.2250000000000000056, 0.2500000000000000000, 0.2750000000000000222, 0.2999999999999999889, 0.3250000000000000111, 0.3499999999999999778, 0.3750000000000000000, 0.4000000000000000222, 0.4249999999999999889, 0.4500000000000000111, 0.4749999999999999778, 0.5000000000000000000, 0.5250000000000000222, 0.5500000000000000444, 0.5749999999999999556, 0.5999999999999999778, 0.6250000000000000000, 0.6500000000000000222, 0.6750000000000000444, 0.6999999999999999556, 0.7249999999999999778, 0.7500000000000000000, 0.7750000000000000222, 0.8000000000000000444, 0.8249999999999999556, 0.8499999999999999778, 0.8750000000000000000, 0.9000000000000000222, 0.9250000000000000444, 0.9499999999999999556, 0.9749999999999999778, 1.000000000000000000 ),
 .UNSPECIFIED. ) 
 GEOMETRIC_REPRESENTATION_ITEM ( )  RATIONAL_B_SPLINE_SURFACE ( (
 ( 0.9815706390889042954, 0.9815706390889042954, 0.9815706390889042954, 0.9876883398319310503, 1.000000000000000000, 0.9510565162951535312, 1.000000000000000000, 0.9510565162951535312, 1.000000000000000000, 0.9510565162951535312, 1.000000000000000000, 0.9510565162951535312, 1.000000000000000000, 0.9510565162951535312, 1.000000000000000000, 0.9510565162951535312, 1.000000000000000000, 0.9510565162951535312, 1.000000000000000000, 0.9510565162951535312, 1.000000000000000000, 0.9510565162951535312, 1.000000000000000000, 0.9510565162951535312, 1.000000000000000000, 0.9510565162951535312, 1.000000000000000000, 0.9510565162951535312, 1.000000000000000000, 0.9510565162951535312, 1.000000000000000000, 0.9510565162951535312, 1.000000000000000000, 0.9510565162951535312, 1.000000000000000000, 0.9510565162951535312, 1.000000000000000000, 0.9510565162951535312, 1.000000000000000000, 0.9510565162951535312, 1.000000000000000000, 0.9510565162951535312, 1.000000000000000000, 0.9510565162951535312, 1.000000000000000000, 0.9510565162951535312, 1.000000000000000000, 0.9510565162951535312, 1.000000000000000000, 0.9510565162951535312, 1.000000000000000000, 0.9510565162951535312, 1.000000000000000000, 0.9510565162951535312, 1.000000000000000000, 0.9510565162951535312, 1.000000000000000000, 0.9510565162951535312, 1.000000000000000000, 0.9510565162951535312, 1.000000000000000000, 0.9510565162951535312, 1.000000000000000000, 0.9510565162951535312, 1.000000000000000000, 0.9510565162951535312, 1.000000000000000000),
 ( 0.9815706390889042954, 0.9815706390889042954, 0.9815706390889042954, 0.9876883398319310503, 1.000000000000000000, 0.9510565162951535312, 1.000000000000000000, 0.9510565162951535312, 1.000000000000000000, 0.9510565162951535312, 1.000000000000000000, 0.9510565162951535312, 1.000000000000000000, 0.9510565162951535312, 1.000000000000000000, 0.9510565162951535312, 1.000000000000000000, 0.9510565162951535312, 1.000000000000000000, 0.9510565162951535312, 1.000000000000000000, 0.9510565162951535312, 1.000000000000000000, 0.9510565162951535312, 1.000000000000000000, 0.9510565162951535312, 1.000000000000000000, 0.9510565162951535312, 1.000000000000000000, 0.9510565162951535312, 1.000000000000000000, 0.9510565162951535312, 1.000000000000000000, 0.9510565162951535312, 1.000000000000000000, 0.9510565162951535312, 1.000000000000000000, 0.9510565162951535312, 1.000000000000000000, 0.9510565162951535312, 1.000000000000000000, 0.9510565162951535312, 1.000000000000000000, 0.9510565162951535312, 1.000000000000000000, 0.9510565162951535312, 1.000000000000000000, 0.9510565162951535312, 1.000000000000000000, 0.9510565162951535312, 1.000000000000000000, 0.9510565162951535312, 1.000000000000000000, 0.9510565162951535312, 1.000000000000000000, 0.9510565162951535312, 1.000000000000000000, 0.9510565162951535312, 1.000000000000000000, 0.9510565162951535312, 1.000000000000000000, 0.9510565162951535312, 1.000000000000000000, 0.9510565162951535312, 1.000000000000000000, 0.9510565162951535312, 1.000000000000000000) ) ) 
 REPRESENTATION_ITEM ( '' )  SURFACE ( )  );
#8546 = ADVANCED_FACE ( 'NONE', ( #752 ), #7317, .F. ) ;
#8547 = DIRECTION ( 'NONE',  ( -1.449435587473489784E-16, 1.000000000000000000, -0.000000000000000000 ) ) ;
#8548 = CARTESIAN_POINT ( 'NONE',  ( 23.59163580988674624, 26.53244090376541919, 1.263202058486153412 ) ) ;
#8549 = CARTESIAN_POINT ( 'NONE',  ( 27.00016364274828717, 24.59863246643627832, 5.450607074906321792 ) ) ;
#8550 = AXIS2_PLACEMENT_3D ( 'NONE', #1784, #4400, #3783 ) ;
#8551 = CARTESIAN_POINT ( 'NONE',  ( 32.12246857579185644, 28.22489599789152237, -1.218711182450880282 ) ) ;
#8552 = AXIS2_PLACEMENT_3D ( 'NONE', #7693, #5689, #8360 ) ;
#8553 = B_SPLINE_CURVE_WITH_KNOTS ( 'NONE', 3,
 ( #6825, #6156, #3457, #6921, #7581, #4169, #6875, #674, #4213, #849, #3548, #6246, #175, #4910, #7626, #6743, #3373, #2, #2712 ),
 .UNSPECIFIED., .F., .F.,
 ( 4, 3, 3, 3, 3, 3, 4 ),
 ( -2.834466948091197168E-06, 0.000000000000000000, 8.160856536616779708E-06, 5.415930209277644753E-05, 9.767513283977114088E-05, 0.0001397573423121521317, 0.0001819338080862527057 ),
 .UNSPECIFIED. ) ;
#8554 = CARTESIAN_POINT ( 'NONE',  ( -3.847162518913948226, 6.152837579269300861, 57.39375000429726015 ) ) ;
#8555 = ORIENTED_EDGE ( 'NONE', *, *, #695, .F. ) ;
#8556 = CARTESIAN_POINT ( 'NONE',  ( -3.980073572956551065, 3.974261696746269834, 62.27575405587110424 ) ) ;
#8557 = ORIENTED_EDGE ( 'NONE', *, *, #636, .F. ) ;
#8558 = CARTESIAN_POINT ( 'NONE',  ( 27.16622541761643461, 23.26865283971838494, 3.181248195253841171 ) ) ;
#8559 = DIRECTION ( 'NONE',  ( 0.6123724356957943593, 0.6123724356957964687, -0.4999999999999978351 ) ) ;
#8560 = CARTESIAN_POINT ( 'NONE',  ( -7.096359284875418005, -13.84716245263254208, 54.88125000429724309 ) ) ;
#8561 = AXIS2_PLACEMENT_3D ( 'NONE', #831, #3395, #1404 ) ;
#8562 = CARTESIAN_POINT ( 'NONE',  ( 28.53047354278634273, 25.70098918991200776, -2.000985479861548733 ) ) ;
#8563 = CARTESIAN_POINT ( 'NONE',  ( 29.23956770872186084, 30.23480004839758806, 2.753360559991445466 ) ) ;
#8564 = CARTESIAN_POINT ( 'NONE',  ( 22.74458331592597204, 24.82918801574201950, 1.307159095838243967 ) ) ;
#8565 = CARTESIAN_POINT ( 'NONE',  ( 19.69235081314231550, 24.07320278647681633, 4.746883484949323773 ) ) ;
#8566 = VECTOR ( 'NONE', #204, 1000.000000000000114 ) ;
#8567 = CARTESIAN_POINT ( 'NONE',  ( 30.32213980763712158, 26.51942231519275239, 0.9103383364435428948 ) ) ;
#8568 = DIRECTION ( 'NONE',  ( -1.449435587473489291E-16, 1.000000000000000000, -0.000000000000000000 ) ) ;
#8569 = CARTESIAN_POINT ( 'NONE',  ( 20.15992467951722489, 17.85885359057369826, 5.328349873074078147 ) ) ;
#8570 = VERTEX_POINT ( 'NONE', #4287 ) ;
#8571 = ORIENTED_EDGE ( 'NONE', *, *, #4105, .F. ) ;
#8572 = CARTESIAN_POINT ( 'NONE',  ( 24.01132512563940935, 19.17081030575951672, 5.103907575544927688 ) ) ;
#8573 = CARTESIAN_POINT ( 'NONE',  ( 24.04040464515860265, 27.83433374428545548, 4.201065967454085559 ) ) ;
#8574 = ORIENTED_EDGE ( 'NONE', *, *, #1872, .T. ) ;
#8575 = DIRECTION ( 'NONE',  ( -0.1898979485566341385, -0.4999999999999980016, -0.8449489742783192758 ) ) ;
#8576 = DIRECTION ( 'NONE',  ( 0.000000000000000000, 1.000000000000000000, -0.000000000000000000 ) ) ;
#8577 = EDGE_CURVE ( 'NONE', #5954, #832, #7078, .T. ) ;
#8578 = VERTEX_POINT ( 'NONE', #8368 ) ;
#8579 = DIRECTION ( 'NONE',  ( 0.7071067811865485719, -0.7071067811865464625, 0.000000000000000000 ) ) ;
#8580 = CARTESIAN_POINT ( 'NONE',  ( -12.35367044356962651, -10.02750239174977054, 61.10625000429725162 ) ) ;
#8581 = CARTESIAN_POINT ( 'NONE',  ( 18.89697544670488583, 22.79454802460498541, 6.397504054758913483 ) ) ;
#8582 = VERTEX_POINT ( 'NONE', #5571 ) ;
#8583 = VERTEX_POINT ( 'NONE', #6333 ) ;
#8584 = VECTOR ( 'NONE', #7431, 1000.000000000000000 ) ;
#8585 = CARTESIAN_POINT ( 'NONE',  ( 24.49749018491407426, 22.71989511060206013, 6.434496651406100831 ) ) ;
#8586 = ORIENTED_EDGE ( 'NONE', *, *, #6213, .F. ) ;
#8587 = VECTOR ( 'NONE', #2759, 1000.000000000000000 ) ;
#8588 = CARTESIAN_POINT ( 'NONE',  ( 2.058919554497101956, 5.272645281182780863, 63.05048714165899071 ) ) ;
#8589 = CARTESIAN_POINT ( 'NONE',  ( -4.999999999999841904, -54.90090699118668738, -11.00000000000011369 ) ) ;
#8590 = CARTESIAN_POINT ( 'NONE',  ( 25.61570757694346412, 29.58873564079543428, -1.404645120844000061 ) ) ;
#8591 = ADVANCED_FACE ( 'NONE', ( #219 ), #6993, .F. ) ;
#8592 = CARTESIAN_POINT ( 'NONE',  ( 6.667459821652518492, -3.847162317494146944, 58.45625000429730989 ) ) ;
#8593 = EDGE_LOOP ( 'NONE', ( #2829, #2381, #5970, #1887, #7572 ) ) ;
#8594 = AXIS2_PLACEMENT_3D ( 'NONE', #4512, #1146, #1193 ) ;
#8595 = CARTESIAN_POINT ( 'NONE',  ( 2.966713505174420895, -29.32456896837634019, 14.84664566245964323 ) ) ;
#8596 = EDGE_CURVE ( 'NONE', #202, #1435, #262, .T. ) ;
#8597 = CARTESIAN_POINT ( 'NONE',  ( 3.571078382706458942, -1.436829791770927400, 60.09375000429725588 ) ) ;
#8598 =( BOUNDED_CURVE ( )  B_SPLINE_CURVE ( 2, ( #935, #2267, #174, #5625, #5699, #3633, #4946, #2225, #2304 ),
 .UNSPECIFIED., .F., .T. ) 
 B_SPLINE_CURVE_WITH_KNOTS ( ( 3, 2, 2, 2, 3 ),
 ( 0.1053539096443524281, 0.1078411498008140235, 0.1103283899572756466, 0.1128156301137372419, 0.1153028702701988512 ),
 .UNSPECIFIED. ) 
 CURVE ( )  GEOMETRIC_REPRESENTATION_ITEM ( )  RATIONAL_B_SPLINE_CURVE ( ( 1.000000000000009104, 0.9238795325112776347, 1.000000000000000000, 0.9238795325112867385, 1.000000000000000000, 0.9238795325112867385, 1.000000000000000000, 0.9238795325112902912, 0.9999999999999964473 ) ) 
 REPRESENTATION_ITEM ( '' )  );
#8599 = ADVANCED_FACE ( 'NONE', ( #2841 ), #7291, .T. ) ;
#8600 = ORIENTED_EDGE ( 'NONE', *, *, #1931, .F. ) ;
#8601 = CARTESIAN_POINT ( 'NONE',  ( -4.342645464957193724, -29.39479392453095841, 1.109316468169665004 ) ) ;
#8602 = CARTESIAN_POINT ( 'NONE',  ( 28.73497710223556467, 25.79417200835666790, 2.848291884747151226 ) ) ;
#8603 = CARTESIAN_POINT ( 'NONE',  ( 2.030690022762220881, 4.243007580729762473, 53.36875000429725446 ) ) ;
#8604 = CARTESIAN_POINT ( 'NONE',  ( -29.48081491318202296, 4.209887160169018649, 0.9711089878162193489 ) ) ;
#8605 = CARTESIAN_POINT ( 'NONE',  ( 2.030690181626937374, -11.93733230676918566, 61.79375000429725873 ) ) ;
#8606 = CARTESIAN_POINT ( 'NONE',  ( -4.012971795973207634, 3.967188578459760251, 62.27967515278466948 ) ) ;
#8607 =( BOUNDED_CURVE ( )  B_SPLINE_CURVE ( 2, ( #4069, #2831, #4890, #7611, #2165, #6723, #2696, #27, #8190 ),
 .UNSPECIFIED., .F., .T. ) 
 B_SPLINE_CURVE_WITH_KNOTS ( ( 3, 2, 2, 2, 3 ),
 ( 0.2048305648079953856, 0.2073178269680035768, 0.2098050891280117403, 0.2122923512880199315, 0.2147796134480281505 ),
 .UNSPECIFIED. ) 
 CURVE ( )  GEOMETRIC_REPRESENTATION_ITEM ( )  RATIONAL_B_SPLINE_CURVE ( ( 0.9999999999999990008, 0.9238795325112877377, 1.000000000000000000, 0.9238795325112867385, 1.000000000000000000, 0.9238795325112867385, 1.000000000000000000, 0.9238795325109622203, 1.000000000000324629 ) ) 
 REPRESENTATION_ITEM ( '' )  );
#8608 = CARTESIAN_POINT ( 'NONE',  ( 49.44752746360097007, 53.82837943693556326, -19.54811651505058379 ) ) ;
#8609 = CARTESIAN_POINT ( 'NONE',  ( -14.36178466311282165, -3.847162523967251335, 60.83125000429726725 ) ) ;
#8610 = CARTESIAN_POINT ( 'NONE',  ( 31.01074206564234359, 26.17022724576247583, -0.6110924244550538509 ) ) ;
#8611 = CARTESIAN_POINT ( 'NONE',  ( 32.06520222691424493, 27.63692613984041913, -0.1426908014528285862 ) ) ;
#8612 = CARTESIAN_POINT ( 'NONE',  ( 28.16241238731148755, 23.78156041397675580, 3.015860458284044476 ) ) ;
#8613 = LINE ( 'NONE', #4612, #8691 ) ;
#8614 = CARTESIAN_POINT ( 'NONE',  ( 12.65034555830273533, 5.579277746437063534, 22.32663764988059896 ) ) ;
#8615 = CARTESIAN_POINT ( 'NONE',  ( 27.76782792934698563, 32.55650381216408107, -0.5315879092573823073 ) ) ;
#8616 = CARTESIAN_POINT ( 'NONE',  ( 23.59613341792969621, 22.74149216415167274, 1.395834979900832273 ) ) ;
#8617 = CARTESIAN_POINT ( 'NONE',  ( 19.09363079762146498, 21.52115931151646322, 3.705814559014579235 ) ) ;
#8618 = CARTESIAN_POINT ( 'NONE',  ( 28.26633132184616315, 24.29330325799396562, 4.246139064077297576 ) ) ;
#8619 = ORIENTED_EDGE ( 'NONE', *, *, #2509, .T. ) ;
#8620 = CARTESIAN_POINT ( 'NONE',  ( -6.381535974763375307, -11.64716244561416225, 57.13125000429724309 ) ) ;
#8621 = CARTESIAN_POINT ( 'NONE',  ( 22.97661434615229226, 26.77933183859633814, 2.407405606789788877 ) ) ;
#8622 = DIRECTION ( 'NONE',  ( 6.778899719113335399E-17, 2.508129176913471926E-17, 1.000000000000000000 ) ) ;
#8623 = CARTESIAN_POINT ( 'NONE',  ( -0.5979655565848825960, 6.152837611171149135, 60.00625000429725020 ) ) ;
#8624 = CARTESIAN_POINT ( 'NONE',  ( -1.079696138442213460, 3.445376943331239339, 61.23461323505313914 ) ) ;
#8625 = EDGE_LOOP ( 'NONE', ( #1280, #7747, #7721, #8205 ) ) ;
#8626 = CARTESIAN_POINT ( 'NONE',  ( 21.04492355308879681, 24.58946494640294489, 5.289479444045927181 ) ) ;
#8627 = CARTESIAN_POINT ( 'NONE',  ( 19.56974739172205702, 22.26325393498177263, 0.000000000000000000 ) ) ;
#8628 = APPROVAL_ROLE ( '' ) ;
#8629 = FACE_OUTER_BOUND ( 'NONE', #6975, .T. ) ;
#8630 = PLANE ( 'NONE',  #6425 ) ;
#8631 = CARTESIAN_POINT ( 'NONE',  ( 5.663402772561845211, -6.937332271101833925, 55.56875000429730704 ) ) ;
#8632 = ORIENTED_EDGE ( 'NONE', *, *, #5756, .F. ) ;
#8633 = PLANE ( 'NONE',  #3173 ) ;
#8634 = ORIENTED_EDGE ( 'NONE', *, *, #2418, .F. ) ;
#8635 = CARTESIAN_POINT ( 'NONE',  ( 27.08732906017165476, 31.87600494299762488, 0.02403709073441520627 ) ) ;
#8636 = EDGE_LOOP ( 'NONE', ( #8458, #6193, #614, #6667, #4847, #794, #8726 ) ) ;
#8637 = CARTESIAN_POINT ( 'NONE',  ( 25.97902192170514013, 23.54924350868334315, 0.3823047705726057566 ) ) ;
#8638 = CARTESIAN_POINT ( 'NONE',  ( 26.32154894999291628, 29.12978635511949221, 2.231484696953875524 ) ) ;
#8639 = CARTESIAN_POINT ( 'NONE',  ( 28.84291125647840559, 24.46205928314367029, 2.460235458283964505 ) ) ;
#8640 = ADVANCED_FACE ( 'NONE', ( #4162 ), #2969, .F. ) ;
#8641 = CARTESIAN_POINT ( 'NONE',  ( -1.700473966634535650, 3.774248009531963710, 54.99999999999998579 ) ) ;
#8642 =( BOUNDED_CURVE ( )  B_SPLINE_CURVE ( 2, ( #165, #2877, #1504, #3622, #922, #6988, #4375, #299, #1009 ),
 .UNSPECIFIED., .F., .F. ) 
 B_SPLINE_CURVE_WITH_KNOTS ( ( 3, 2, 2, 2, 3 ),
 ( 0.1333333333333330262, 0.1416666666666664132, 0.1499999999999998002, 0.1583333333333332149, 0.1666666666666666019 ),
 .UNSPECIFIED. ) 
 CURVE ( )  GEOMETRIC_REPRESENTATION_ITEM ( )  RATIONAL_B_SPLINE_CURVE ( ( 1.000000000000002887, 0.9238795325112839629, 1.000000000000000000, 0.9238795325112867385, 1.000000000000000000, 0.9238795325112867385, 1.000000000000000000, 0.9238795325112872936, 0.9999999999999994449 ) ) 
 REPRESENTATION_ITEM ( '' )  );
#8643 = CARTESIAN_POINT ( 'NONE',  ( 4.659345602109323359, 2.333177550288373148, 62.48125000429726583 ) ) ;
#8644 = CARTESIAN_POINT ( 'NONE',  ( -29.58039891549807621, -2.000000000000000444, 12.00000000000000000 ) ) ;
#8645 = EDGE_LOOP ( 'NONE', ( #5223, #5790, #3549, #2034 ) ) ;
#8646 = PLANE ( 'NONE',  #7597 ) ;
#8647 = CARTESIAN_POINT ( 'NONE',  ( 5.663402772561845211, -6.937332271101833925, 55.56875000429725731 ) ) ;
#8648 = CARTESIAN_POINT ( 'NONE',  ( 29.65329035038009664, 32.48277470325422200, 1.330135673094856363 ) ) ;
#8649 = CARTESIAN_POINT ( 'NONE',  ( 29.18723149486132940, 28.19199915518540323, -3.622647866758116564 ) ) ;
#8650 = CARTESIAN_POINT ( 'NONE',  ( 26.04806272599467221, 22.15049014809522276, 2.818462330667965254 ) ) ;
#8651 = EDGE_CURVE ( 'NONE', #8687, #6053, #4337, .T. ) ;
#8652 = CARTESIAN_POINT ( 'NONE',  ( -1.312788713530040008, -11.64716239584722679, 60.15625000429724878 ) ) ;
#8653 = CARTESIAN_POINT ( 'NONE',  ( 30.26107875385725876, 27.83130034083526638, -3.113979992217945636 ) ) ;
#8654 = CYLINDRICAL_SURFACE ( 'NONE', #1655, 3.174999999999992273 ) ;
#8655 = DIRECTION ( 'NONE',  ( -0.7071067811865482389, 0.7071067811865466846, 0.000000000000000000 ) ) ;
#8656 = ORIENTED_EDGE ( 'NONE', *, *, #7893, .F. ) ;
#8657 = CARTESIAN_POINT ( 'NONE',  ( 21.60462137421092521, 17.76962178783379898, 5.361461047841665994 ) ) ;
#8658 = FACE_OUTER_BOUND ( 'NONE', #3741, .T. ) ;
#8659 = ADVANCED_FACE ( 'NONE', ( #7704 ), #5658, .F. ) ;
#8660 = LINE ( 'NONE', #460, #5468 ) ;
#8661 = CARTESIAN_POINT ( 'NONE',  ( 25.73205928314377289, 21.35120730980902692, 5.000235458283951218 ) ) ;
#8662 = EDGE_LOOP ( 'NONE', ( #1331, #6178, #667, #643, #653 ) ) ;
#8663 = CARTESIAN_POINT ( 'NONE',  ( -51.00379267415695494, -5.000000000000000000, -2.749999999999965805 ) ) ;
#8664 = CARTESIAN_POINT ( 'NONE',  ( -0.5979653602172937399, -13.84716238882884909, 61.65625000429725588 ) ) ;
#8665 = CARTESIAN_POINT ( 'NONE',  ( 29.72332203654420368, 29.15405279856607379, -4.259282200255600337 ) ) ;
#8666 = ORIENTED_EDGE ( 'NONE', *, *, #4816, .T. ) ;
#8667 = CARTESIAN_POINT ( 'NONE',  ( 24.02966459438203728, 20.78699135078537807, 5.716715691967237944 ) ) ;
#8668 = CARTESIAN_POINT ( 'NONE',  ( -5.357844035529657489, 7.061872316788767812, 54.26348434466141413 ) ) ;
#8669 = VERTEX_POINT ( 'NONE', #8243 ) ;
#8670 = CYLINDRICAL_SURFACE ( 'NONE', #2367, 3.174999999999992273 ) ;
#8671 = DIRECTION ( 'NONE',  ( -0.4999999999999979461, 0.000000000000000000, 0.8660254037844397068 ) ) ;
#8672 = CARTESIAN_POINT ( 'NONE',  ( 26.59261694847199919, 27.42265123724336462, -2.543581142501782910 ) ) ;
#8673 = ADVANCED_FACE ( 'NONE', ( #1551 ), #1639, .F. ) ;
#8674 = ORIENTED_EDGE ( 'NONE', *, *, #1157, .T. ) ;
#8675 = ORIENTED_EDGE ( 'NONE', *, *, #1587, .T. ) ;
#8676 = CARTESIAN_POINT ( 'NONE',  ( -13.29051305123644866, -7.171124532548382113, 55.00000000000000711 ) ) ;
#8677 = CARTESIAN_POINT ( 'NONE',  ( 30.98172343376871751, 31.64742706114943971, 1.107790734718381298 ) ) ;
#8678 = ORIENTED_EDGE ( 'NONE', *, *, #149, .F. ) ;
#8679 = CARTESIAN_POINT ( 'NONE',  ( 5.000000000000151879, -36.32743438256615320, 12.82980176888015222 ) ) ;
#8680 = CARTESIAN_POINT ( 'NONE',  ( 30.93561620183023919, 31.66439038292719133, 0.5092831839634548441 ) ) ;
#8681 = CARTESIAN_POINT ( 'NONE',  ( 5.663402772561845211, -6.937332271101833925, 58.31875000429725731 ) ) ;
#8682 = CARTESIAN_POINT ( 'NONE',  ( -4.570200840488223726, 4.724417515990121608, 54.99999999999999289 ) ) ;
#8683 = EDGE_CURVE ( 'NONE', #491, #3849, #1510, .T. ) ;
#8684 = ADVANCED_FACE ( 'NONE', ( #3670 ), #3332, .T. ) ;
#8685 = CARTESIAN_POINT ( 'NONE',  ( -9.725015023087241417, 4.243007465307788273, 60.41875000429725873 ) ) ;
#8686 = DIRECTION ( 'NONE',  ( -0.7071067811865487940, 0.7071067811865462405, 0.000000000000000000 ) ) ;
#8687 = VERTEX_POINT ( 'NONE', #4853 ) ;
#8688 = CARTESIAN_POINT ( 'NONE',  ( 21.42118835948497590, 25.22390585192901824, 3.677405606789781789 ) ) ;
#8689 = VECTOR ( 'NONE', #5166, 1000.000000000000114 ) ;
#8690 = CARTESIAN_POINT ( 'NONE',  ( 31.19299623381891351, 32.17757024715147907, 1.124022464950323652 ) ) ;
#8691 = VECTOR ( 'NONE', #5276, 1000.000000000000000 ) ;
#8692 = CARTESIAN_POINT ( 'NONE',  ( 23.15473747688167094, 19.91206423328500819, 6.431090691967233930 ) ) ;
#8693 = CARTESIAN_POINT ( 'NONE',  ( 22.78554041337304525, 26.68311299127315550, 3.222504054758649428 ) ) ;
#8694 = CONICAL_SURFACE ( 'NONE', #5439, 3.174999999999997602, 0.7853981633974500554 ) ;
#8695 = EDGE_CURVE ( 'NONE', #3665, #6362, #5572, .T. ) ;
#8696 = CARTESIAN_POINT ( 'NONE',  ( 27.64816072843911954, 31.22366729089668880, -4.263645583876277456 ) ) ;
#8697 = VECTOR ( 'NONE', #8148, 1000.000000000000000 ) ;
#8698 = AXIS2_PLACEMENT_3D ( 'NONE', #1446, #5381, #8715 ) ;
#8699 = ADVANCED_FACE ( 'NONE', ( #3710 ), #346, .F. ) ;
#8700 = ORIENTED_EDGE ( 'NONE', *, *, #494, .T. ) ;
#8701 = LINE ( 'NONE', #6703, #5287 ) ;
#8702 = CARTESIAN_POINT ( 'NONE',  ( 30.69668442601386005, 26.72365636216163054, 2.261764064077294911 ) ) ;
#8703 = CARTESIAN_POINT ( 'NONE',  ( 26.82577571933474658, 22.92820314142806382, 2.183462330675808971 ) ) ;
#8704 = ADVANCED_FACE ( 'NONE', ( #7084 ), #8455, .F. ) ;
#8705 = AXIS2_PLACEMENT_3D ( 'NONE', #3855, #487, #3194 ) ;
#8706 = ORIENTED_EDGE ( 'NONE', *, *, #8102, .F. ) ;
#8707 = CARTESIAN_POINT ( 'NONE',  ( 25.49318634087921964, 21.65818675450210762, 2.186461047841682603 ) ) ;
#8708 = CARTESIAN_POINT ( 'NONE',  ( 16.64018455999821100, 21.06846064707179522, 7.210903494686116133 ) ) ;
#8709 = CARTESIAN_POINT ( 'NONE',  ( 33.02164511640293654, 30.52684057747051227, 1.585489706276786315 ) ) ;
#8710 = CARTESIAN_POINT ( 'NONE',  ( 2.000000000000150546, -61.82911022146227253, 0.9999999999998898659 ) ) ;
#8711 = B_SPLINE_CURVE_WITH_KNOTS ( 'NONE', 3,
 ( #591, #1259, #55, #4006 ),
 .UNSPECIFIED., .F., .F.,
 ( 4, 4 ),
 ( 7.999619519625804581E-18, 2.246401337166542897E-05 ),
 .UNSPECIFIED. ) ;
#8712 = CARTESIAN_POINT ( 'NONE',  ( 30.49449167912277048, 28.51264250204604167, -3.966068865896050788 ) ) ;
#8713 = CARTESIAN_POINT ( 'NONE',  ( 3.952837579269847357, -5.082561016009787380, 62.63577536504075027 ) ) ;
#8714 = CARTESIAN_POINT ( 'NONE',  ( -4.999999999999849898, -51.00379267415675599, -2.750000000000082157 ) ) ;
#8715 = DIRECTION ( 'NONE',  ( -0.7071067811865486830, 0.7071067811865463515, 0.000000000000000000 ) ) ;
#8716 = ORIENTED_EDGE ( 'NONE', *, *, #2967, .F. ) ;
#8717 = CARTESIAN_POINT ( 'NONE',  ( 19.72041587535789731, 20.33480093010276235, 4.171417525168203966 ) ) ;
#8718 = ORIENTED_EDGE ( 'NONE', *, *, #1011, .F. ) ;
#8719 = CARTESIAN_POINT ( 'NONE',  ( 18.23413895064166113, 22.61499092397609090, 5.937508484949145959 ) ) ;
#8720 = CARTESIAN_POINT ( 'NONE',  ( 28.00688905189249667, 30.50403313952468309, -4.596030361449246371 ) ) ;
#8721 = EDGE_LOOP ( 'NONE', ( #7301, #4592, #7755, #3707 ) ) ;
#8722 = CARTESIAN_POINT ( 'NONE',  ( 24.08748338645713361, 17.01641557459149112, 12.87868360345076013 ) ) ;
#8723 = CIRCLE ( 'NONE', #517, 3.174999999999995381 ) ;
#8724 = CARTESIAN_POINT ( 'NONE',  ( 30.02290560231316263, 31.00747961564573885, 2.079397464950341945 ) ) ;
#8725 = VECTOR ( 'NONE', #2140, 1000.000000000000227 ) ;
#8726 = ORIENTED_EDGE ( 'NONE', *, *, #2157, .T. ) ;
#8727 = CARTESIAN_POINT ( 'NONE',  ( 26.93629017557183758, 30.83386275347288930, -0.5197727191605399089 ) ) ;
#8728 = CARTESIAN_POINT ( 'NONE',  ( 26.93595057940637005, 30.17862382300279833, -0.4939717487339526092 ) ) ;
#8729 = CARTESIAN_POINT ( 'NONE',  ( -0.5979655565848825960, 6.152837611171149135, 61.75625000429725731 ) ) ;
#8730 = CARTESIAN_POINT ( 'NONE',  ( -8.018959475792645009, 4.541236811540808382, 55.00000000000000711 ) ) ;
#8731 = VECTOR ( 'NONE', #4562, 999.9999999999998863 ) ;
#8732 = VECTOR ( 'NONE', #6675, 1000.000000000000000 ) ;
#8733 = CARTESIAN_POINT ( 'NONE',  ( 27.84968248127385237, 23.95210990337347567, 2.270004054758865575 ) ) ;
#8734 = DIRECTION ( 'NONE',  ( -0.8660254037844399289, -1.255248039901265127E-16, -0.4999999999999980571 ) ) ;
#8735 = ORIENTED_EDGE ( 'NONE', *, *, #3878, .T. ) ;
#8736 = DIRECTION ( 'NONE',  ( -0.8660254037844397068, 0.000000000000000000, -0.4999999999999979461 ) ) ;
#8737 = CARTESIAN_POINT ( 'NONE',  ( 24.25399441370703357, 25.10863566748481901, 6.370693726122905076 ) ) ;
#8738 = CARTESIAN_POINT ( 'NONE',  ( -37.14738621360594095, 5.000000000000000000, 3.750000000000033751 ) ) ;
#8739 = CARTESIAN_POINT ( 'NONE',  ( 23.17642699259380379, 22.56204193784868295, 7.639451418065066335 ) ) ;
#8740 = APPROVAL ( #5549, 'UNSPECIFIED' ) ;
#8741 = CARTESIAN_POINT ( 'NONE',  ( -5.308072077462704819, 7.055394296611596339, 55.00000000000000000 ) ) ;
#8742 = FACE_OUTER_BOUND ( 'NONE', #3525, .T. ) ;
#8743 = CYLINDRICAL_SURFACE ( 'NONE', #6423, 2.756000000000000227 ) ;
#8744 = CARTESIAN_POINT ( 'NONE',  ( 23.39892030314279481, 19.01806832980804174, 6.905235458283940808 ) ) ;
#8745 = CARTESIAN_POINT ( 'NONE',  ( -3.847162420730151577, -3.847162420730698251, 65.00000000000000000 ) ) ;
#8746 = ORIENTED_EDGE ( 'NONE', *, *, #2428, .F. ) ;
#8747 = CARTESIAN_POINT ( 'NONE',  ( 21.87616041704350422, 24.70564476991761182, 7.680135673094837578 ) ) ;
#8748 = CARTESIAN_POINT ( 'NONE',  ( 21.00541182102022475, 25.02144917528779189, 2.317345621683909229 ) ) ;
#8749 = ORIENTED_EDGE ( 'NONE', *, *, #5218, .F. ) ;
#8750 = LINE ( 'NONE', #693, #6886 ) ;
#8751 = EDGE_CURVE ( 'NONE', #8267, #1143, #6852, .T. ) ;
#8752 = CARTESIAN_POINT ( 'NONE',  ( 18.09366758146017062, 23.02947268752123833, 0.3411638484948295580 ) ) ;
#8753 = EDGE_CURVE ( 'NONE', #2414, #1109, #7999, .T. ) ;
#8754 = CARTESIAN_POINT ( 'NONE',  ( 19.79058763448538016, 23.08383758635736172, 7.616659047710544250 ) ) ;
#8755 = CARTESIAN_POINT ( 'NONE',  ( 28.94012538064846041, 24.55927340732045394, 2.380860458303032612 ) ) ;
#8756 = CARTESIAN_POINT ( 'NONE',  ( 21.68359795379744526, 20.96310204833143587, 9.401503754004227886 ) ) ;
#8757 = DIRECTION ( 'NONE',  ( -1.000000000000000000, 0.000000000000000000, 0.000000000000000000 ) ) ;
#8758 = ORIENTED_EDGE ( 'NONE', *, *, #3702, .F. ) ;
#8759 = CARTESIAN_POINT ( 'NONE',  ( 22.48234589803933758, 24.25994097235110303, 2.042622291827174585 ) ) ;
#8760 = CYLINDRICAL_SURFACE ( 'NONE', #6730, 0.1270000000000014173 ) ;
#8761 = PERSON_AND_ORGANIZATION ( #3255, #2214 ) ;
#8762 = CARTESIAN_POINT ( 'NONE',  ( 1.757669868907226762, -60.20863374002504997, -1.806747598319797365 ) ) ;
#8763 = CARTESIAN_POINT ( 'NONE',  ( 32.38018205528488380, 27.40036293975625270, -3.018856651153642545 ) ) ;
#8764 = ADVANCED_FACE ( 'NONE', ( #7793 ), #3088, .F. ) ;
#8765 = EDGE_LOOP ( 'NONE', ( #7972, #2950, #2031, #2519 ) ) ;
#8766 = LINE ( 'NONE', #2081, #8697 ) ;
#8767 = ORIENTED_EDGE ( 'NONE', *, *, #7194, .F. ) ;
#8768 = CARTESIAN_POINT ( 'NONE',  ( 31.69828960479280511, 31.01270044387644020, 1.121959946969552702 ) ) ;
#8769 = B_SPLINE_CURVE_WITH_KNOTS ( 'NONE', 3,
 ( #150, #4881, #867, #1532, #4233, #6936, #2196, #3220, #2514, #6629 ),
 .UNSPECIFIED., .F., .F.,
 ( 4, 2, 2, 2, 4 ),
 ( 0.000000000000000000, 0.0002755380499648089595, 0.0005510760999296179189, 0.0008266141498944268784, 0.001102152199859235838 ),
 .UNSPECIFIED. ) ;
#8770 = ORIENTED_EDGE ( 'NONE', *, *, #2536, .T. ) ;
#8771 = FACE_OUTER_BOUND ( 'NONE', #3221, .T. ) ;
#8772 = CARTESIAN_POINT ( 'NONE',  ( 30.27503387792651424, 29.84794642899375106, -3.830098852441134571 ) ) ;
#8773 = CARTESIAN_POINT ( 'NONE',  ( 4.659345602109323359, 2.333177550288373148, 55.98125000429725873 ) ) ;
#8774 = EDGE_CURVE ( 'NONE', #8267, #5451, #4416, .T. ) ;
#8775 = CARTESIAN_POINT ( 'NONE',  ( 23.52104745847150014, 26.32022977390819563, 6.314344844165522552 ) ) ;
#8776 =( BOUNDED_CURVE ( )  B_SPLINE_CURVE ( 2, ( #1676, #210, #8447, #2919, #1708, #4407, #2254, #5997, #8661 ),
 .UNSPECIFIED., .F., .T. ) 
 B_SPLINE_CURVE_WITH_KNOTS ( ( 3, 2, 2, 2, 3 ),
 ( 0.2666666666666668295, 0.2750000000000001332, 0.2833333333333334370, 0.2916666666666667407, 0.2999999999999999889 ),
 .UNSPECIFIED. ) 
 CURVE ( )  GEOMETRIC_REPRESENTATION_ITEM ( )  RATIONAL_B_SPLINE_CURVE ( ( 0.9999999999999984457, 0.9238795325112882928, 1.000000000000000000, 0.9238795325112867385, 1.000000000000000000, 0.9238795325112867385, 1.000000000000000000, 0.9238795325112867385, 1.000000000000000000 ) ) 
 REPRESENTATION_ITEM ( '' )  );
ENDSEC;
END-ISO-10303-21;
